url_length,hostname_length,num_dots,num_hyphens,num_at,num_subdomains,has_ip,is_https,has_shortener,path_length,num_query_params,has_suspicious_words,special_char_ratio,digit_ratio,has_redirect,tld_risk,entropy,label,url
39,14,1,0,0,0,0,1,0,17,0,0,0.1538,0.0,0,0,3.9359,0,https://healthline.com/profile/settings
28,14,2,0,0,1,0,0,0,7,0,0,0.2143,0.0,0,0,3.9408,0,http://api.github.com/search
49,12,1,0,0,0,0,1,0,0,2,0,0.1837,0.1837,0,0,4.7268,0,https://facebook.com?session_id=983427492&lang=en
41,16,2,0,0,1,0,1,0,17,0,0,0.1707,0.0,0,0,4.1291,0,https://docs.walmart.com/profile/settings
39,14,2,0,0,1,0,1,0,17,0,0,0.1795,0.0,0,0,4.0966,0,https://blog.yahoo.com/profile/settings
46,8,2,0,0,0,0,1,0,30,0,0,0.1739,0.0,0,0,4.0814,0,https://ebay.com/download/latest/installer.exe
56,8,1,0,0,0,0,1,0,1,2,0,0.1964,0.0,0,0,4.2105,0,https://espn.com/?utm_source=newsletter&utm_medium=email
75,14,1,0,0,0,0,1,0,14,2,0,0.16,0.0,0,0,4.3403,0,https://salesforce.com/about/company?utm_source=newsletter&utm_medium=email
33,18,2,0,0,1,0,1,0,7,0,1,0.1818,0.0,0,0,3.8132,0,https://support.paypal.com/search
37,21,2,0,0,1,0,1,0,8,0,0,0.1622,0.0,0,0,4.0672,0,https://www.stackoverflow.com/explore
37,10,1,0,0,0,0,1,0,19,0,0,0.1622,0.0,0,0,3.9492,0,https://paypal.com/pricing/enterprise
74,15,2,0,0,1,0,1,0,6,1,1,0.1622,0.027,0,0,4.5827,0,https://api.harvard.edu/watch?v=dQw4w9WgXcQ?q=cybersecurity+best+practices
46,14,1,0,0,0,0,1,0,24,0,0,0.1522,0.0,0,0,4.0978,0,https://salesforce.com/user/dashboard/overview
53,9,1,0,0,0,0,1,0,1,3,0,0.2075,0.0189,0,0,4.2016,0,https://apple.com/?category=all&page=2&sort=relevance
36,16,2,0,0,1,0,1,0,12,0,1,0.1944,0.0,0,0,4.0169,0,https://api.facebook.com/support/faq
32,12,2,0,0,1,0,1,0,12,0,0,0.25,0.0312,0,0,3.9886,0,https://blog.nih.gov/docs/v2/api
52,14,4,0,0,1,0,1,0,30,0,0,0.1923,0.0,0,0,4.1334,0,https://docs.bbc.co.uk/download/latest/installer.exe
52,12,1,0,0,0,0,1,0,1,1,1,0.1731,0.0,0,0,4.3478,0,https://linkedin.com/?q=cybersecurity+best+practices
49,11,2,0,0,0,0,1,0,30,0,0,0.1633,0.0,0,0,3.9831,0,https://harvard.edu/download/latest/installer.exe
41,9,1,0,0,0,0,1,0,24,0,0,0.1707,0.0,0,0,4.0923,0,https://quora.com/user/dashboard/overview
63,14,2,0,0,1,0,1,0,17,2,0,0.1746,0.0,0,0,4.358,0,https://api.reddit.com/profile/settings?ref=homepage&source=nav
46,9,1,0,0,0,0,1,0,0,2,0,0.1957,0.1957,0,0,4.5862,0,https://twitch.tv?session_id=983427492&lang=en
57,17,2,0,0,1,0,1,0,8,2,0,0.1754,0.0,0,0,4.2912,0,https://api.pinterest.com/explore?ref=homepage&source=nav
83,17,2,0,0,1,0,1,0,19,2,0,0.1566,0.0,0,0,4.2127,0,https://www.pinterest.com/pricing/enterprise?utm_source=newsletter&utm_medium=email
33,13,2,0,0,1,0,1,0,12,0,1,0.2121,0.0,0,0,3.8243,0,https://api.quora.com/support/faq
57,15,2,1,0,1,0,1,0,34,0,1,0.1754,0.1053,0,0,4.4183,0,https://blog.paypal.com/article/2026/03/technology-update
62,13,1,0,0,0,0,1,0,14,2,0,0.1613,0.0,0,0,4.3318,0,https://wikipedia.org/feed/trending?view=compact&filter=active
65,12,1,0,0,0,0,1,0,14,1,1,0.1538,0.0,0,0,4.3688,0,https://linkedin.com/feed/trending?q=cybersecurity+best+practices
73,12,2,0,0,1,0,1,0,24,2,0,0.1781,0.1233,0,0,4.7132,0,https://www.espn.com/user/dashboard/overview?session_id=983427492&lang=en
37,10,1,0,0,0,0,1,0,19,0,0,0.1622,0.0,0,0,3.8846,0,https://medium.com/pricing/enterprise
25,10,1,0,0,0,0,1,0,7,0,0,0.2,0.0,0,0,3.7835,0,https://reddit.com/search
24,9,1,0,0,0,0,1,0,7,0,0,0.2083,0.0,0,0,3.8035,0,https://adobe.com/search
41,13,1,0,0,0,0,1,0,20,0,0,0.1707,0.0,0,0,4.1018,0,https://microsoft.com/category/news/world
42,20,2,0,0,1,0,1,0,14,0,1,0.1667,0.0,0,0,4.1839,0,https://support.facebook.com/feed/trending
49,9,1,0,0,0,0,1,0,8,2,0,0.1837,0.0,0,0,4.3486,0,https://slack.com/explore?ref=homepage&source=nav
27,11,1,0,0,0,0,1,0,8,0,0,0.1852,0.0,0,0,3.9303,0,https://mozilla.org/explore
76,10,1,0,0,0,0,1,0,27,1,1,0.1447,0.0,0,0,4.2803,0,https://github.com/products/electronics/deals?q=cybersecurity+best+practices
64,7,1,1,0,0,0,1,0,22,2,0,0.1719,0.0,0,0,4.3717,0,https://cnn.com/blog/machine-learning?view=compact&filter=active
48,13,2,0,0,1,0,1,0,0,2,0,0.1875,0.0,0,0,4.1429,0,https://api.apple.com?view=compact&filter=active
49,14,2,0,0,1,0,1,0,27,0,0,0.1633,0.0,0,0,3.9851,0,https://docs.yahoo.com/products/electronics/deals
45,15,2,1,0,1,0,1,0,22,0,0,0.1778,0.0,0,0,4.0534,0,https://blog.google.com/blog/machine-learning
35,15,2,0,0,1,0,1,0,12,0,0,0.2286,0.0286,0,0,3.9329,0,https://docs.target.com/docs/v2/api
22,13,2,0,0,1,0,1,0,1,0,0,0.2727,0.0,0,0,3.6069,0,https://api.apple.com/
42,14,2,0,0,1,0,1,0,6,1,0,0.1905,0.0476,0,0,4.4813,0,https://api.office.com/watch?v=dQw4w9WgXcQ
59,13,1,0,0,0,0,1,0,7,1,1,0.1525,0.0,0,0,4.2003,0,https://instagram.com/search?q=cybersecurity+best+practices
52,8,1,0,0,0,0,1,0,1,3,0,0.2115,0.0192,0,0,4.2311,0,https://etsy.com/?category=all&page=2&sort=relevance
72,13,2,0,0,1,0,1,0,27,2,0,0.1667,0.0,0,0,4.3906,0,https://blog.etsy.com/products/electronics/deals?ref=homepage&source=nav
29,7,1,0,0,0,0,1,0,14,0,0,0.2069,0.0,0,0,3.7975,0,https://zoom.us/about/company
26,10,1,0,0,0,0,1,0,8,0,0,0.1923,0.0,0,0,3.9501,0,https://amazon.com/explore
67,9,2,0,0,0,0,1,0,19,1,1,0.1642,0.0,0,0,4.1625,0,https://bbc.co.uk/pricing/enterprise?q=cybersecurity+best+practices
62,13,2,0,0,1,0,1,0,14,2,0,0.1774,0.0,0,0,4.3147,0,https://api.yahoo.com/about/company?view=compact&filter=active
36,14,2,0,0,1,0,1,0,14,0,0,0.1944,0.0,0,0,4.0067,0,https://api.google.com/about/company
59,12,1,0,0,0,0,1,0,8,1,1,0.1525,0.0,0,0,4.3847,0,https://linkedin.com/explore?q=cybersecurity+best+practices
28,8,1,0,0,0,0,1,0,12,0,1,0.2143,0.0,0,0,3.8249,0,https://espn.com/support/faq
23,14,3,0,0,1,0,1,0,1,0,0,0.3043,0.0,0,0,3.6425,0,https://blog.bbc.co.uk/
56,7,1,0,0,0,0,1,0,12,2,1,0.1964,0.1607,0,0,4.7094,0,https://cnn.com/support/faq?session_id=983427492&lang=en
43,13,2,0,0,1,0,1,0,22,0,0,0.1628,0.0,0,0,3.9142,0,https://api.yahoo.com/resources/whitepapers
64,16,2,0,0,1,0,1,0,1,2,0,0.1875,0.0,0,0,4.3079,0,https://api.stanford.edu/?utm_source=newsletter&utm_medium=email
31,9,1,0,0,0,0,1,0,14,0,0,0.1935,0.0,0,0,3.8732,0,https://twitch.tv/about/company
83,17,2,1,0,1,0,1,0,34,2,1,0.1687,0.0723,0,0,4.6677,0,https://www.microsoft.com/article/2026/03/technology-update?ref=homepage&source=nav
68,17,2,0,0,1,0,1,0,12,1,2,0.1765,0.0147,0,0,4.3478,0,https://support.slack.com/docs/v2/api?q=cybersecurity+best+practices
65,13,1,0,0,0,0,1,0,6,2,0,0.1692,0.0308,0,0,4.6623,0,https://instagram.com/watch?v=dQw4w9WgXcQ?ref=homepage&source=nav
59,17,2,1,0,1,0,1,0,34,0,2,0.1695,0.1017,0,0,4.4244,0,https://support.slack.com/article/2026/03/technology-update
50,10,1,0,0,0,0,1,0,1,1,1,0.18,0.0,0,0,4.2011,0,https://github.com/?q=cybersecurity+best+practices
53,11,1,1,0,0,0,1,0,34,0,1,0.1698,0.1132,0,0,4.433,0,https://mozilla.org/article/2026/03/technology-update
46,7,1,0,0,0,0,1,0,7,2,0,0.1957,0.0,0,0,4.249,0,https://zoom.us/search?ref=homepage&source=nav
44,13,1,0,0,0,0,0,0,24,0,0,0.1591,0.0,0,0,4.0792,0,http://pinterest.com/user/dashboard/overview
34,9,2,0,0,0,0,1,0,17,0,0,0.2059,0.0,0,0,4.0653,0,https://bbc.co.uk/profile/settings
85,16,2,0,0,1,0,1,0,22,2,0,0.1529,0.0,0,0,4.3766,0,https://blog.dropbox.com/resources/whitepapers?utm_source=newsletter&utm_medium=email
17,8,1,0,0,0,0,1,0,1,0,0,0.2941,0.0,0,0,3.4104,0,https://etsy.com/
54,19,2,0,0,1,0,1,0,27,0,1,0.1481,0.0,0,0,4.0328,0,https://support.walmart.com/products/electronics/deals
31,11,2,0,0,1,0,1,0,12,0,1,0.2258,0.0,0,0,3.8574,0,https://api.mit.edu/support/faq
48,18,2,0,0,1,0,1,0,22,0,1,0.1458,0.0,0,0,3.8955,0,https://support.medium.com/resources/whitepapers
75,10,1,0,0,0,0,1,0,22,3,0,0.16,0.0133,0,0,4.2301,0,https://target.com/resources/whitepapers?category=all&page=2&sort=relevance
56,18,3,0,0,1,0,1,0,30,0,0,0.1607,0.0,0,0,4.1315,0,https://blog.instagram.com/download/latest/installer.exe
72,20,2,0,0,1,0,1,0,6,2,1,0.1667,0.0278,0,0,4.6802,0,https://support.facebook.com/watch?v=dQw4w9WgXcQ?ref=homepage&source=nav
87,14,1,1,0,0,0,1,0,34,1,2,0.1494,0.069,0,0,4.5293,0,https://healthline.com/article/2026/03/technology-update?q=cybersecurity+best+practices
92,11,1,1,0,0,0,1,0,34,2,1,0.163,0.0652,0,0,4.5921,0,https://netflix.com/article/2026/03/technology-update?utm_source=newsletter&utm_medium=email
88,18,2,0,0,1,0,1,0,27,3,1,0.1591,0.0114,0,0,4.3478,0,https://support.amazon.com/products/electronics/deals?category=all&page=2&sort=relevance
46,11,1,0,0,0,0,1,0,0,2,0,0.1739,0.0,0,0,4.2569,0,https://nytimes.com?view=compact&filter=active
71,14,2,0,0,1,0,1,0,6,2,0,0.1831,0.1549,0,0,4.8779,0,https://www.github.com/watch?v=dQw4w9WgXcQ?session_id=983427492&lang=en
39,9,1,1,0,0,0,1,0,22,0,0,0.1795,0.0,0,0,4.1117,0,https://apple.com/blog/machine-learning
68,13,2,0,0,1,0,1,0,12,3,1,0.1912,0.0147,0,0,4.4004,0,https://api.quora.com/support/faq?category=all&page=2&sort=relevance
76,17,2,1,0,1,0,1,0,22,2,0,0.1711,0.1184,0,0,4.6256,0,https://api.pinterest.com/blog/machine-learning?session_id=983427492&lang=en
80,14,1,1,0,0,0,1,0,34,2,1,0.1625,0.075,0,0,4.5955,0,https://cloudflare.com/article/2026/03/technology-update?ref=homepage&source=nav
38,13,2,0,0,1,0,1,0,17,0,0,0.1842,0.0,0,0,4.1883,0,https://www.quora.com/profile/settings
31,11,1,0,0,0,0,1,0,12,0,1,0.1935,0.0,0,0,4.0023,0,https://nytimes.com/support/faq
29,9,1,0,0,0,0,1,0,12,0,0,0.2414,0.0345,0,0,3.8799,0,https://adobe.com/docs/v2/api
22,13,2,0,0,1,0,1,0,1,0,0,0.2727,0.0,0,0,3.7888,0,https://docs.ebay.com/
46,8,2,0,0,0,0,1,0,30,0,0,0.1739,0.0,0,0,4.0836,0,https://imdb.com/download/latest/installer.exe
86,15,2,0,0,1,0,1,0,24,2,0,0.1628,0.0,0,0,4.3135,0,https://docs.medium.com/user/dashboard/overview?utm_source=newsletter&utm_medium=email
44,14,2,0,0,1,0,1,0,22,0,0,0.1591,0.0,0,0,4.0987,0,https://blog.adobe.com/resources/whitepapers
71,12,2,0,0,1,0,1,0,6,1,1,0.169,0.0282,0,0,4.6244,0,https://docs.mit.edu/watch?v=dQw4w9WgXcQ?q=cybersecurity+best+practices
77,11,2,0,0,0,0,0,0,30,2,0,0.1688,0.1169,0,0,4.5736,0,http://walmart.com/download/latest/installer.exe?session_id=983427492&lang=en
40,12,2,0,0,1,0,1,0,6,1,0,0.2,0.05,0,0,4.3776,0,https://docs.nih.gov/watch?v=dQw4w9WgXcQ
55,17,3,0,0,1,0,1,0,30,0,0,0.1636,0.0,0,0,4.1912,0,https://blog.facebook.com/download/latest/installer.exe
24,9,1,0,0,0,0,1,0,7,0,0,0.2083,0.0,0,0,3.7406,0,https://slack.com/search
83,14,2,1,0,1,0,1,0,34,2,1,0.1687,0.0723,0,0,4.6026,0,https://blog.apple.com/article/2026/03/technology-update?view=compact&filter=active
91,17,2,0,0,1,0,1,0,27,2,0,0.1538,0.0,0,0,4.2774,0,https://www.microsoft.com/products/electronics/deals?utm_source=newsletter&utm_medium=email
47,12,1,0,0,0,0,1,0,27,0,0,0.1489,0.0,0,0,4.0358,0,https://linkedin.com/products/electronics/deals
57,10,1,0,0,0,0,1,0,8,1,1,0.1579,0.0,0,0,4.2434,0,https://paypal.com/explore?q=cybersecurity+best+practices
53,15,3,0,0,1,0,1,0,30,0,0,0.1698,0.0,0,0,4.1997,0,https://blog.github.com/download/latest/installer.exe
60,18,2,1,0,1,0,1,0,34,0,2,0.1667,0.1,0,0,4.4379,0,https://support.amazon.com/article/2026/03/technology-update
20,11,1,0,0,0,0,1,0,1,0,0,0.25,0.0,0,0,3.5842,0,https://harvard.edu/
30,10,1,0,0,0,0,1,0,12,0,1,0.2,0.0,0,0,3.8029,0,https://paypal.com/support/faq
62,8,1,0,0,0,0,1,0,19,2,0,0.1613,0.0,0,0,4.3068,0,https://hulu.com/pricing/enterprise?view=compact&filter=active
71,19,2,0,0,1,0,1,0,20,2,1,0.169,0.0,0,0,4.4842,0,https://support.netflix.com/category/news/world?ref=homepage&source=nav
85,16,2,0,0,1,0,1,0,22,2,0,0.1529,0.0,0,0,4.2369,0,https://docs.walmart.com/resources/whitepapers?utm_source=newsletter&utm_medium=email
67,11,1,0,0,0,0,1,0,17,1,1,0.1493,0.0,0,0,4.2447,0,https://nytimes.com/profile/settings?q=cybersecurity+best+practices
33,13,2,0,0,1,0,1,0,12,0,1,0.2121,0.0,0,0,3.9077,0,https://docs.etsy.com/support/faq
43,18,2,0,0,1,0,1,0,17,0,0,0.1628,0.0,0,0,4.0804,0,https://blog.instagram.com/profile/settings
55,16,2,0,0,1,0,1,0,0,1,1,0.1636,0.0,0,0,4.2724,0,https://api.stanford.edu?q=cybersecurity+best+practices
70,13,2,0,0,1,0,1,0,14,3,0,0.1857,0.0143,0,0,4.4757,0,https://www.slack.com/feed/trending?category=all&page=2&sort=relevance
53,11,1,1,0,0,0,1,0,34,0,1,0.1698,0.1132,0,0,4.3972,0,https://youtube.com/article/2026/03/technology-update
79,12,2,0,0,1,0,1,0,24,3,0,0.1772,0.0127,0,0,4.4429,0,https://docs.mit.edu/user/dashboard/overview?category=all&page=2&sort=relevance
40,10,1,1,0,0,0,1,0,22,0,0,0.175,0.0,0,0,4.0964,0,https://target.com/blog/machine-learning
58,15,2,0,0,1,0,1,0,8,2,0,0.1724,0.0,0,0,4.3745,0,https://blog.reddit.com/explore?view=compact&filter=active
33,11,1,0,0,0,0,1,0,14,0,0,0.1818,0.0,0,0,3.8471,0,https://twitter.com/feed/trending
44,9,1,0,0,0,0,1,0,27,0,0,0.1591,0.0,0,0,4.0249,0,https://quora.com/products/electronics/deals
41,10,1,0,0,0,0,0,0,24,0,0,0.1707,0.0,0,0,4.0739,0,http://medium.com/user/dashboard/overview
64,17,2,0,0,1,0,1,0,12,2,1,0.1875,0.0156,0,0,4.283,0,https://support.apple.com/docs/v2/api?view=compact&filter=active
37,15,2,0,0,1,0,1,0,14,0,0,0.1892,0.0,0,0,3.9591,0,https://docs.google.com/feed/trending
31,9,1,0,0,0,0,1,0,14,0,0,0.1935,0.0,0,0,4.0023,0,https://apple.com/feed/trending
17,8,1,0,0,0,0,1,0,1,0,0,0.2941,0.0,0,0,3.4548,0,https://hulu.com/
52,10,1,1,0,0,0,1,0,34,0,1,0.1731,0.1154,0,0,4.4046,0,https://medium.com/article/2026/03/technology-update
89,12,2,1,0,1,0,1,0,34,3,1,0.1798,0.0787,0,0,4.5257,0,https://api.espn.com/article/2026/03/technology-update?category=all&page=2&sort=relevance
44,14,1,0,0,0,0,1,0,22,0,0,0.1364,0.0,0,0,4.036,0,https://cloudflare.com/resources/whitepapers
70,11,1,0,0,0,0,1,0,27,2,0,0.1571,0.0,0,0,4.305,0,https://weather.com/products/electronics/deals?ref=homepage&source=nav
40,9,1,0,0,0,0,0,0,24,0,0,0.175,0.0,0,0,4.066,0,http://yahoo.com/user/dashboard/overview
41,19,2,0,0,1,0,1,0,14,0,0,0.1707,0.0,0,0,4.1107,0,https://docs.cloudflare.com/about/company
61,22,2,0,0,1,0,1,0,7,2,0,0.1639,0.0,0,0,4.3487,0,https://docs.stackoverflow.com/search?ref=homepage&source=nav
48,18,2,0,0,1,0,1,0,22,0,0,0.1458,0.0,0,0,3.9804,0,https://www.healthline.com/resources/whitepapers
30,15,2,0,0,1,0,1,0,7,0,0,0.2,0.0,0,0,4.0981,0,https://www.netflix.com/search
34,12,2,0,0,1,0,1,0,14,0,0,0.2059,0.0,0,0,3.9032,0,https://api.espn.com/about/company
78,15,2,0,0,1,0,1,0,20,3,0,0.1795,0.0128,0,0,4.4672,0,https://blog.medium.com/category/news/world?category=all&page=2&sort=relevance
41,21,2,0,0,1,0,1,0,12,0,1,0.1707,0.0,0,0,3.7579,0,https://support.microsoft.com/support/faq
52,15,2,0,0,1,0,1,0,0,2,0,0.1923,0.1731,0,0,4.6424,0,https://api.harvard.edu?session_id=983427492&lang=en
36,8,1,0,0,0,0,1,0,6,1,0,0.1944,0.0556,0,0,4.3848,0,https://etsy.com/watch?v=dQw4w9WgXcQ
72,7,1,0,0,0,0,1,0,22,3,0,0.1667,0.0139,0,0,4.2985,0,https://cnn.com/resources/whitepapers?category=all&page=2&sort=relevance
30,10,1,0,0,0,0,1,0,12,0,1,0.2,0.0,0,0,3.8729,0,https://office.com/support/faq
31,9,1,0,0,0,0,1,0,14,0,0,0.1935,0.0,0,0,4.0424,0,https://yahoo.com/feed/trending
25,10,1,0,0,0,0,1,0,7,0,0,0.2,0.0,0,0,3.6537,0,https://target.com/search
39,7,1,0,0,0,0,1,0,24,0,0,0.1795,0.0,0,0,4.0259,0,https://zoom.us/user/dashboard/overview
58,9,1,0,0,0,0,1,0,14,2,0,0.1724,0.0,0,0,4.422,0,https://quora.com/feed/trending?view=compact&filter=active
77,12,2,1,0,1,0,1,0,22,3,0,0.1818,0.013,0,0,4.3737,0,https://blog.cnn.com/blog/machine-learning?category=all&page=2&sort=relevance
45,18,2,0,0,1,0,0,0,6,1,0,0.1778,0.0444,0,0,4.3581,0,http://www.healthline.com/watch?v=dQw4w9WgXcQ
25,9,1,0,0,0,0,1,0,8,0,0,0.2,0.0,0,0,3.8937,0,https://slack.com/explore
65,19,2,0,0,1,0,1,0,14,2,1,0.1692,0.0,0,0,4.4398,0,https://support.netflix.com/about/company?ref=homepage&source=nav
79,14,2,1,0,1,0,1,0,22,3,0,0.1772,0.0127,0,0,4.4987,0,https://www.office.com/blog/machine-learning?category=all&page=2&sort=relevance
27,12,2,0,0,1,0,1,0,7,0,0,0.2222,0.0,0,0,3.7821,0,https://www.espn.com/search
36,9,1,0,0,0,0,0,0,20,0,0,0.1944,0.0,0,0,4.1179,0,http://slack.com/category/news/world
71,14,2,0,0,1,0,1,0,14,3,0,0.1831,0.0141,0,0,4.4413,0,https://api.medium.com/feed/trending?category=all&page=2&sort=relevance
43,11,1,0,0,0,0,1,0,24,0,0,0.1628,0.0,0,0,4.0894,0,https://dropbox.com/user/dashboard/overview
53,15,3,0,0,1,0,1,0,30,0,0,0.1698,0.0,0,0,3.9572,0,https://www.twitter.com/download/latest/installer.exe
62,13,1,0,0,0,0,1,0,14,2,0,0.1613,0.0,0,0,4.2986,0,https://microsoft.com/feed/trending?view=compact&filter=active
34,15,2,0,0,1,0,0,0,12,0,1,0.2353,0.0294,0,0,3.9225,0,http://support.mit.edu/docs/v2/api
69,18,2,0,0,1,0,1,0,8,3,0,0.1739,0.0145,0,0,4.3021,0,https://blog.pinterest.com/explore?category=all&page=2&sort=relevance
31,11,1,0,0,0,0,1,0,12,0,0,0.2258,0.0323,0,0,4.0392,0,https://mozilla.org/docs/v2/api
36,11,1,0,0,0,0,1,0,17,0,0,0.1667,0.0,0,0,3.9512,0,https://netflix.com/profile/settings
54,7,1,0,0,0,0,1,0,12,2,1,0.1852,0.0,0,0,4.3978,0,https://nih.gov/support/faq?view=compact&filter=active
48,16,2,0,0,1,0,1,0,24,0,0,0.1667,0.0,0,0,4.1715,0,https://docs.spotify.com/user/dashboard/overview
96,19,2,1,0,1,0,1,0,34,3,1,0.1667,0.0729,0,0,4.5171,0,https://blog.healthline.com/article/2026/03/technology-update?category=all&page=2&sort=relevance
44,14,1,1,0,0,0,1,0,22,0,0,0.1591,0.0,0,0,4.0443,0,https://healthline.com/blog/machine-learning
20,11,1,0,0,0,0,1,0,1,0,0,0.25,0.0,0,0,3.6464,0,https://youtube.com/
68,11,1,0,0,0,0,1,0,22,2,0,0.1471,0.0,0,0,4.2877,0,https://netflix.com/resources/whitepapers?view=compact&filter=active
82,13,2,0,0,0,0,1,0,30,1,1,0.1463,0.0,0,0,4.3816,0,https://instagram.com/download/latest/installer.exe?q=cybersecurity+best+practices
73,8,1,1,0,0,0,1,0,22,3,0,0.1781,0.0137,0,0,4.4496,0,https://imdb.com/blog/machine-learning?category=all&page=2&sort=relevance
68,15,2,0,0,1,0,1,0,14,1,1,0.1618,0.0,0,0,4.3571,0,https://docs.google.com/about/company?q=cybersecurity+best+practices
81,16,2,0,0,1,0,1,0,22,3,0,0.1605,0.0123,0,0,4.4166,0,https://blog.dropbox.com/resources/whitepapers?category=all&page=2&sort=relevance
32,16,2,0,0,1,0,1,0,8,0,0,0.1875,0.0,0,0,3.8789,0,https://docs.twitter.com/explore
30,8,1,0,0,0,0,1,0,14,0,0,0.2,0.0,0,0,3.8151,0,https://etsy.com/about/company
45,7,1,0,0,0,0,1,0,1,2,0,0.2222,0.2,0,0,4.6058,0,https://zoom.us/?session_id=983427492&lang=en
48,21,2,0,0,1,0,1,0,19,0,0,0.1458,0.0,0,0,4.173,0,https://www.stackoverflow.com/pricing/enterprise
66,17,3,0,0,1,0,1,0,12,2,1,0.2121,0.1515,0,0,4.7164,0,https://support.bbc.co.uk/docs/v2/api?session_id=983427492&lang=en
50,15,2,0,0,1,0,1,0,27,0,0,0.16,0.0,0,0,4.142,0,https://www.spotify.com/products/electronics/deals
43,15,2,0,0,1,0,1,0,6,1,0,0.186,0.0465,0,0,4.4837,0,https://blog.paypal.com/watch?v=dQw4w9WgXcQ
70,15,2,0,0,1,0,1,0,12,3,1,0.1857,0.0143,0,0,4.4542,0,https://blog.office.com/support/faq?category=all&page=2&sort=relevance
80,15,3,0,0,1,0,1,0,30,2,0,0.1625,0.0,0,0,4.3126,0,https://www.netflix.com/download/latest/installer.exe?view=compact&filter=active
73,13,1,0,0,0,0,1,0,17,3,0,0.1644,0.0137,0,0,4.3666,0,https://wikipedia.org/profile/settings?category=all&page=2&sort=relevance
73,11,2,0,0,0,0,1,0,30,2,0,0.1644,0.0,0,0,4.3471,0,https://harvard.edu/download/latest/installer.exe?ref=homepage&source=nav
45,13,2,0,0,1,0,1,0,24,0,0,0.1778,0.0,0,0,4.0724,0,https://api.adobe.com/user/dashboard/overview
61,7,1,1,0,0,0,1,0,22,2,0,0.1803,0.0,0,0,4.4122,0,https://nih.gov/blog/machine-learning?ref=homepage&source=nav
19,10,1,0,0,0,0,1,0,1,0,0,0.2632,0.0,0,0,3.6421,0,https://reddit.com/
42,10,1,0,0,0,0,1,0,24,0,0,0.1667,0.0,0,0,4.1509,0,https://github.com/user/dashboard/overview
47,15,2,0,0,1,0,1,0,24,0,1,0.1702,0.0,0,0,4.0093,0,https://support.mit.edu/user/dashboard/overview
74,19,2,0,0,1,0,1,0,8,2,1,0.1622,0.0,0,0,4.3019,0,https://support.netflix.com/explore?utm_source=newsletter&utm_medium=email
34,7,1,0,0,0,0,1,0,19,0,0,0.1765,0.0,0,0,3.719,0,https://cnn.com/pricing/enterprise
67,11,1,0,0,0,0,1,0,19,2,0,0.1642,0.1343,0,0,4.5206,0,https://nytimes.com/pricing/enterprise?session_id=983427492&lang=en
50,7,1,0,0,0,0,1,0,8,2,0,0.18,0.0,0,0,4.3591,0,https://zoom.us/explore?view=compact&filter=active
15,7,1,0,0,0,0,1,0,0,0,0,0.2667,0.0,0,0,3.4566,0,https://mit.edu
70,16,2,0,0,1,0,1,0,7,2,0,0.1714,0.0,0,0,4.3465,0,https://www.linkedin.com/search?utm_source=newsletter&utm_medium=email
63,16,2,0,0,1,0,1,0,12,2,1,0.1746,0.0,0,0,4.3862,0,https://www.facebook.com/support/faq?view=compact&filter=active
69,10,1,0,0,0,0,1,0,12,2,0,0.1884,0.0145,0,0,4.3961,0,https://google.com/docs/v2/api?utm_source=newsletter&utm_medium=email
21,13,1,0,0,0,0,1,0,0,0,0,0.1905,0.0,0,0,3.7849,0,https://instagram.com
39,11,1,0,0,0,0,1,0,6,1,0,0.1795,0.0513,0,0,4.5094,0,https://nytimes.com/watch?v=dQw4w9WgXcQ
32,17,2,0,0,1,0,1,0,7,0,1,0.1875,0.0,0,0,3.8431,0,https://support.slack.com/search
46,18,2,0,0,1,0,1,0,20,0,0,0.1739,0.0,0,0,4.0729,0,https://docs.pinterest.com/category/news/world
20,12,2,0,0,1,0,1,0,0,0,0,0.25,0.0,0,0,3.6842,0,https://docs.mit.edu
64,7,1,0,0,0,0,1,0,14,3,0,0.1875,0.0156,0,0,4.4471,0,https://zoom.us/feed/trending?category=all&page=2&sort=relevance
33,13,1,0,0,0,0,1,0,12,0,0,0.2121,0.0303,0,0,4.003,0,https://wikipedia.org/docs/v2/api
42,22,2,0,0,1,0,1,0,12,0,1,0.1667,0.0,0,0,4.0237,0,https://support.healthline.com/support/faq
51,21,2,0,0,1,0,1,0,22,0,0,0.1373,0.0,0,0,4.0895,0,https://api.stackoverflow.com/resources/whitepapers
46,11,2,0,0,1,0,1,0,27,0,0,0.1739,0.0,0,0,4.1022,0,https://api.nih.gov/products/electronics/deals
39,9,1,1,0,0,0,1,0,22,0,0,0.1795,0.0,0,0,4.1823,0,https://slack.com/blog/machine-learning
44,19,2,0,0,1,0,1,0,17,0,1,0.1591,0.0,0,0,3.9257,0,https://support.spotify.com/profile/settings
25,10,1,0,0,0,0,1,0,7,0,0,0.2,0.0,0,0,3.7835,0,https://office.com/search
62,14,2,0,0,1,0,1,0,1,2,0,0.1935,0.0,0,0,4.3163,0,https://api.paypal.com/?utm_source=newsletter&utm_medium=email
61,7,1,0,0,0,0,1,0,19,2,0,0.1639,0.0,0,0,4.243,0,https://mit.edu/pricing/enterprise?view=compact&filter=active
35,13,2,0,0,1,0,1,0,14,0,0,0.2,0.0,0,0,3.8973,0,https://api.apple.com/about/company
34,12,1,0,0,0,0,1,0,14,0,0,0.1765,0.0,0,0,4.1019,0,https://facebook.com/feed/trending
62,10,1,0,0,0,0,1,0,17,2,0,0.1613,0.0,0,0,4.2216,0,https://target.com/profile/settings?view=compact&filter=active
46,14,2,0,0,1,0,1,0,24,0,0,0.1739,0.0,0,0,4.1079,0,https://api.target.com/user/dashboard/overview
40,12,1,0,0,0,0,1,0,6,1,0,0.175,0.05,0,0,4.5153,0,https://stanford.edu/watch?v=dQw4w9WgXcQ
75,8,1,0,0,0,0,1,0,6,2,0,0.1733,0.0267,0,0,4.6844,0,https://ebay.com/watch?v=dQw4w9WgXcQ?utm_source=newsletter&utm_medium=email
18,10,1,0,0,0,0,1,0,0,0,0,0.2222,0.0,0,0,3.6144,0,https://amazon.com
47,19,2,0,0,1,0,1,0,6,1,0,0.1702,0.0426,0,0,4.5807,0,https://blog.salesforce.com/watch?v=dQw4w9WgXcQ
28,8,1,0,0,0,0,1,0,12,0,0,0.25,0.0357,0,0,3.8388,0,https://etsy.com/docs/v2/api
76,11,1,1,0,0,0,1,0,22,3,0,0.1711,0.0132,0,0,4.4303,0,https://harvard.edu/blog/machine-learning?category=all&page=2&sort=relevance
37,9,1,0,0,0,0,1,0,20,0,0,0.1892,0.0,0,0,4.1114,0,https://slack.com/category/news/world
66,21,2,0,0,1,0,0,0,14,2,0,0.1667,0.0,0,0,4.4591,0,http://api.stackoverflow.com/feed/trending?ref=homepage&source=nav
15,7,1,0,0,0,0,1,0,0,0,0,0.2667,0.0,0,0,3.3736,0,https://zoom.us
37,17,2,0,0,1,0,1,0,12,0,1,0.1892,0.0,0,0,4.3374,0,https://blog.linkedin.com/support/faq
78,9,2,0,0,0,0,1,0,30,1,1,0.1538,0.0,0,0,4.3266,0,https://twitch.tv/download/latest/installer.exe?q=cybersecurity+best+practices
45,7,2,0,0,0,0,1,0,30,0,0,0.1778,0.0,0,0,3.9587,0,https://mit.edu/download/latest/installer.exe
75,16,2,0,0,1,0,1,0,22,2,0,0.16,0.12,0,0,4.7015,0,https://blog.mozilla.org/resources/whitepapers?session_id=983427492&lang=en
56,17,1,0,0,0,0,1,0,0,1,1,0.1429,0.0,0,0,4.361,0,https://stackoverflow.com?q=cybersecurity+best+practices
46,19,2,0,0,1,0,1,0,19,0,1,0.1522,0.0,0,0,3.916,0,https://support.weather.com/pricing/enterprise
44,16,2,0,0,1,0,1,0,20,0,0,0.1818,0.0,0,0,4.1158,0,https://docs.nytimes.com/category/news/world
36,8,1,0,0,0,0,1,0,6,1,0,0.1944,0.0556,0,0,4.4749,0,https://ebay.com/watch?v=dQw4w9WgXcQ
68,14,2,0,0,1,0,1,0,19,2,0,0.1618,0.0,0,0,4.4036,0,https://blog.quora.com/pricing/enterprise?view=compact&filter=active
31,11,1,0,0,0,0,1,0,12,0,0,0.2258,0.0323,0,0,4.1037,0,https://netflix.com/docs/v2/api
34,19,2,0,0,1,0,1,0,7,0,1,0.1765,0.0,0,0,4.0797,0,https://support.netflix.com/search
81,12,2,1,0,1,0,1,0,22,2,0,0.1728,0.0,0,0,4.4181,0,https://api.hulu.com/blog/machine-learning?utm_source=newsletter&utm_medium=email
31,11,1,0,0,0,0,1,0,12,0,1,0.1935,0.0,0,0,3.8976,0,https://weather.com/support/faq
28,19,2,0,0,1,0,1,0,1,0,0,0.2143,0.0,0,0,4.0836,0,https://blog.cloudflare.com/
38,11,1,0,0,0,0,1,0,19,0,0,0.1579,0.0,0,0,3.9778,0,https://mozilla.org/pricing/enterprise
55,17,3,0,0,1,0,1,0,30,0,0,0.1636,0.0,0,0,4.0391,0,https://api.wikipedia.org/download/latest/installer.exe
52,17,2,0,0,1,0,1,0,27,0,0,0.1538,0.0,0,0,4.0261,0,https://api.microsoft.com/products/electronics/deals
59,16,2,0,0,1,0,1,0,8,2,0,0.1695,0.0,0,0,4.3421,0,https://docs.netflix.com/explore?view=compact&filter=active
26,17,2,0,0,1,0,1,0,1,0,0,0.2308,0.0,0,0,3.7962,0,https://www.wikipedia.org/
46,18,2,0,0,1,0,1,0,6,1,0,0.1739,0.0435,0,0,4.6318,0,https://api.cloudflare.com/watch?v=dQw4w9WgXcQ
57,19,2,0,0,1,0,1,0,1,2,0,0.193,0.1579,0,0,4.679,0,https://blog.salesforce.com/?session_id=983427492&lang=en
31,11,2,0,0,1,0,1,0,12,0,0,0.2581,0.0323,0,0,3.8615,0,https://api.mit.edu/docs/v2/api
54,16,3,0,0,1,0,1,0,30,0,0,0.1667,0.0,0,0,4.139,0,https://blog.netflix.com/download/latest/installer.exe
75,13,2,0,0,0,0,1,0,30,2,0,0.16,0.0,0,0,4.427,0,https://wikipedia.org/download/latest/installer.exe?ref=homepage&source=nav
43,15,2,0,0,1,0,1,0,20,0,1,0.186,0.0,0,0,4.1473,0,https://support.mit.edu/category/news/world
40,13,1,0,0,0,0,1,0,19,0,0,0.15,0.0,0,0,3.6537,0,https://pinterest.com/pricing/enterprise
48,13,2,0,0,1,0,1,0,27,0,0,0.1667,0.0,0,0,4.052,0,https://docs.ebay.com/products/electronics/deals
65,10,1,0,0,0,0,1,0,8,2,0,0.1692,0.0,0,0,4.3157,0,https://amazon.com/explore?utm_source=newsletter&utm_medium=email
68,9,1,0,0,0,0,1,0,12,2,1,0.1765,0.0,0,0,4.3273,0,https://quora.com/support/faq?utm_source=newsletter&utm_medium=email
69,14,1,0,0,0,0,1,0,6,2,0,0.1594,0.029,0,0,4.5534,0,https://salesforce.com/watch?v=dQw4w9WgXcQ?view=compact&filter=active
39,9,1,0,0,0,0,1,0,22,0,0,0.1538,0.0,0,0,3.8746,0,https://yahoo.com/resources/whitepapers
52,22,2,1,0,1,0,1,0,22,0,1,0.1538,0.0,0,0,4.3296,0,https://support.cloudflare.com/blog/machine-learning
80,14,2,0,0,1,0,1,0,19,2,0,0.1625,0.0,0,0,4.3249,0,https://www.office.com/pricing/enterprise?utm_source=newsletter&utm_medium=email
75,16,2,0,0,1,0,1,0,20,1,1,0.16,0.0,0,0,4.445,0,https://docs.mozilla.org/category/news/world?q=cybersecurity+best+practices
33,8,1,0,0,0,0,1,0,17,0,0,0.1818,0.0,0,0,3.8471,0,https://espn.com/profile/settings
62,10,1,0,0,0,0,1,0,20,2,0,0.1774,0.0,0,0,4.3961,0,https://paypal.com/category/news/world?ref=homepage&source=nav
37,9,1,0,0,0,0,1,0,20,0,0,0.1892,0.0,0,0,4.021,0,https://yahoo.com/category/news/world
22,14,2,0,0,1,0,1,0,0,0,0,0.2273,0.0,0,0,3.8797,0,https://blog.adobe.com
24,10,1,0,0,0,0,0,0,7,0,0,0.2083,0.0,0,0,3.7406,0,http://paypal.com/search
68,18,2,0,0,1,0,0,0,12,1,2,0.1618,0.0,0,0,4.2551,0,http://support.github.com/support/faq?q=cybersecurity+best+practices
35,14,2,0,0,1,0,0,0,14,0,0,0.2,0.0,0,0,3.9217,0,http://www.office.com/feed/trending
87,13,1,0,0,0,0,1,0,27,2,0,0.1494,0.0,0,0,4.3258,0,https://wikipedia.org/products/electronics/deals?utm_source=newsletter&utm_medium=email
30,8,1,0,0,0,0,1,0,14,0,0,0.2,0.0,0,0,3.8314,0,https://espn.com/about/company
45,15,2,1,0,1,0,1,0,22,0,0,0.1778,0.0,0,0,4.1803,0,https://api.nytimes.com/blog/machine-learning
65,8,1,0,0,0,0,1,0,20,2,0,0.1846,0.1385,0,0,4.7496,0,https://hulu.com/category/news/world?session_id=983427492&lang=en
36,9,1,0,0,0,0,1,0,19,0,0,0.1667,0.0,0,0,3.6762,0,https://twitch.tv/pricing/enterprise
38,11,2,0,0,1,0,1,0,19,0,0,0.1842,0.0,0,0,3.8173,0,https://api.mit.edu/pricing/enterprise
49,17,2,0,0,1,0,1,0,24,0,0,0.1633,0.0,0,0,4.0996,0,https://api.pinterest.com/user/dashboard/overview
67,18,2,0,0,1,0,1,0,17,2,0,0.1642,0.0,0,0,4.351,0,https://blog.microsoft.com/profile/settings?ref=homepage&source=nav
56,11,1,0,0,0,0,1,0,8,2,0,0.1786,0.1607,0,0,4.7025,0,https://dropbox.com/explore?session_id=983427492&lang=en
44,12,1,0,0,0,0,1,0,24,0,0,0.1591,0.0,0,0,4.2462,0,https://linkedin.com/user/dashboard/overview
68,19,2,0,0,1,0,1,0,14,2,1,0.1618,0.0,0,0,4.3754,0,https://support.harvard.edu/feed/trending?view=compact&filter=active
46,11,1,0,0,0,0,1,0,27,0,0,0.1522,0.0,0,0,4.0915,0,https://mozilla.org/products/electronics/deals
62,13,1,0,0,0,0,1,0,14,2,0,0.1613,0.0,0,0,4.3061,0,https://microsoft.com/about/company?view=compact&filter=active
44,9,2,0,0,0,0,1,0,27,0,0,0.1818,0.0,0,0,4.0338,0,https://bbc.co.uk/products/electronics/deals
39,14,2,0,0,1,0,1,0,17,0,0,0.1795,0.0,0,0,4.0285,0,https://blog.apple.com/profile/settings
67,12,2,0,0,1,0,1,0,12,3,1,0.194,0.0149,0,0,4.451,0,https://docs.zoom.us/support/faq?category=all&page=2&sort=relevance
68,14,2,0,0,1,0,1,0,17,2,0,0.1765,0.1324,0,0,4.6134,0,https://api.paypal.com/profile/settings?session_id=983427492&lang=en
45,13,2,0,0,1,0,1,0,24,0,0,0.1778,0.0,0,0,3.9673,0,https://www.twitch.tv/user/dashboard/overview
81,16,2,1,0,1,0,1,0,22,3,0,0.1728,0.0123,0,0,4.4581,0,https://blog.spotify.com/blog/machine-learning?category=all&page=2&sort=relevance
47,14,1,0,0,0,0,1,0,1,2,0,0.1915,0.0,0,0,4.3497,0,https://cloudflare.com/?ref=homepage&source=nav
18,9,1,0,0,0,0,1,0,1,0,0,0.2778,0.0,0,0,3.1497,0,https://twitch.tv/
77,18,2,0,0,1,0,1,0,6,1,2,0.1558,0.026,0,0,4.6475,0,https://support.paypal.com/watch?v=dQw4w9WgXcQ?q=cybersecurity+best+practices
31,11,1,0,0,0,0,1,0,12,0,0,0.2258,0.0323,0,0,3.8858,0,https://harvard.edu/docs/v2/api
48,10,1,0,0,0,0,1,0,1,2,0,0.2083,0.1875,0,0,4.6471,0,https://paypal.com/?session_id=983427492&lang=en
64,10,1,0,0,0,0,1,0,7,2,0,0.1719,0.0,0,0,4.3055,0,https://paypal.com/search?utm_source=newsletter&utm_medium=email
31,15,2,0,0,1,0,1,0,8,0,0,0.1935,0.0,0,0,3.9937,0,https://www.spotify.com/explore
71,14,1,0,0,0,0,1,0,14,3,0,0.169,0.0141,0,0,4.389,0,https://cloudflare.com/about/company?category=all&page=2&sort=relevance
80,17,2,0,0,1,0,1,0,6,3,0,0.175,0.0375,0,0,4.7279,0,https://docs.linkedin.com/watch?v=dQw4w9WgXcQ?category=all&page=2&sort=relevance
82,16,2,0,0,1,0,1,0,19,2,0,0.1585,0.0,0,0,4.3926,0,https://blog.harvard.edu/pricing/enterprise?utm_source=newsletter&utm_medium=email
85,18,2,0,0,1,0,1,0,6,2,1,0.1647,0.0235,0,0,4.5924,0,https://support.medium.com/watch?v=dQw4w9WgXcQ?utm_source=newsletter&utm_medium=email
37,15,2,0,0,1,0,1,0,14,0,0,0.1892,0.0,0,0,3.8714,0,https://www.twitter.com/feed/trending
34,14,2,0,0,1,0,1,0,12,0,0,0.2353,0.0294,0,0,3.8163,0,https://api.paypal.com/docs/v2/api
64,15,2,0,0,1,0,1,0,14,2,1,0.1719,0.0,0,0,4.4465,0,https://support.zoom.us/feed/trending?view=compact&filter=active
63,8,1,0,0,0,0,1,0,12,3,1,0.1905,0.0159,0,0,4.344,0,https://etsy.com/support/faq?category=all&page=2&sort=relevance
72,9,1,0,0,0,0,1,0,24,1,1,0.1528,0.0,0,0,4.3101,0,https://quora.com/user/dashboard/overview?q=cybersecurity+best+practices
52,12,1,0,0,0,0,1,0,8,2,0,0.1731,0.0,0,0,4.4568,0,https://linkedin.com/explore?ref=homepage&source=nav
81,15,2,0,0,1,0,1,0,19,2,0,0.1605,0.0,0,0,4.3518,0,https://www.spotify.com/pricing/enterprise?utm_source=newsletter&utm_medium=email
45,13,1,0,0,0,0,1,0,24,0,0,0.1556,0.0,0,0,4.0556,0,https://wikipedia.org/user/dashboard/overview
82,15,2,0,0,1,0,1,0,6,2,0,0.1707,0.0244,0,0,4.6057,0,https://api.weather.com/watch?v=dQw4w9WgXcQ?utm_source=newsletter&utm_medium=email
69,11,2,0,0,1,0,0,0,12,2,1,0.1884,0.0,0,0,4.2979,0,http://api.mit.edu/support/faq?utm_source=newsletter&utm_medium=email
63,11,1,0,0,0,0,1,0,17,2,0,0.1587,0.0,0,0,4.38,0,https://youtube.com/profile/settings?view=compact&filter=active
48,16,2,0,0,1,0,1,0,24,0,0,0.1667,0.0,0,0,4.0383,0,https://docs.weather.com/user/dashboard/overview
48,10,2,0,0,0,0,1,0,30,0,0,0.1667,0.0,0,0,4.0779,0,https://office.com/download/latest/installer.exe
39,9,1,0,0,0,0,1,0,22,0,0,0.1538,0.0,0,0,3.8308,0,https://apple.com/resources/whitepapers
55,8,1,0,0,0,0,1,0,12,2,1,0.1818,0.0,0,0,4.3243,0,https://espn.com/support/faq?view=compact&filter=active
34,7,1,0,0,0,0,1,0,19,0,0,0.1765,0.0,0,0,3.8954,0,https://zoom.us/pricing/enterprise
41,11,1,1,0,0,0,1,0,22,0,0,0.1707,0.0,0,0,4.1435,0,https://mozilla.org/blog/machine-learning
33,13,2,0,0,1,0,1,0,12,0,1,0.2121,0.0,0,0,3.8471,0,https://api.yahoo.com/support/faq
40,18,2,0,0,1,0,1,0,14,0,0,0.175,0.0,0,0,4.0226,0,https://blog.pinterest.com/feed/trending
52,17,2,0,0,1,0,1,0,27,0,0,0.1538,0.0,0,0,4.0205,0,https://www.pinterest.com/products/electronics/deals
37,16,2,0,0,1,0,0,0,14,0,1,0.1892,0.0,0,0,4.0672,0,http://support.hulu.com/feed/trending
65,15,2,0,0,1,0,0,0,19,2,0,0.1692,0.0,0,0,4.3681,0,http://blog.github.com/pricing/enterprise?ref=homepage&source=nav
40,13,2,0,0,1,0,1,0,19,0,0,0.175,0.0,0,0,3.9562,0,https://www.apple.com/pricing/enterprise
35,19,2,0,0,1,0,1,0,8,0,0,0.1714,0.0,0,0,4.1147,0,https://blog.cloudflare.com/explore
74,15,2,0,0,1,0,1,0,24,2,0,0.1622,0.0,0,0,4.4614,0,https://blog.paypal.com/user/dashboard/overview?view=compact&filter=active
21,12,2,0,0,1,0,1,0,1,0,0,0.2857,0.0,0,0,3.6538,0,https://api.espn.com/
42,12,2,1,0,1,0,1,0,22,0,0,0.1905,0.0,0,0,4.1955,0,https://api.ebay.com/blog/machine-learning
32,12,1,0,0,0,0,1,0,12,0,1,0.1875,0.0,0,0,4.2028,0,https://linkedin.com/support/faq
71,14,2,0,0,1,0,1,0,20,2,0,0.1831,0.1268,0,0,4.7434,0,https://api.medium.com/category/news/world?session_id=983427492&lang=en
38,16,2,0,0,1,0,1,0,14,0,0,0.1842,0.0,0,0,3.9123,0,https://api.stanford.edu/feed/trending
56,16,2,0,0,1,0,1,0,1,1,2,0.1786,0.0,0,0,4.2182,0,https://support.imdb.com/?q=cybersecurity+best+practices
66,16,2,0,0,1,0,0,0,12,1,1,0.1818,0.0152,0,0,4.3336,0,http://docs.weather.com/docs/v2/api?q=cybersecurity+best+practices
20,12,1,0,0,0,0,1,0,0,0,0,0.2,0.0,0,0,3.7842,0,https://stanford.edu
77,14,2,0,0,1,0,1,0,20,3,0,0.1818,0.013,0,0,4.3481,0,https://docs.slack.com/category/news/world?category=all&page=2&sort=relevance
77,13,2,0,0,1,0,1,0,27,2,0,0.1688,0.1169,0,0,4.5637,0,https://api.apple.com/products/electronics/deals?session_id=983427492&lang=en
42,14,1,0,0,0,0,1,0,6,1,0,0.1667,0.0476,0,0,4.5109,0,https://salesforce.com/watch?v=dQw4w9WgXcQ
67,11,1,0,0,0,0,1,0,17,1,1,0.1493,0.0,0,0,4.3385,0,https://walmart.com/profile/settings?q=cybersecurity+best+practices
62,11,2,0,0,1,0,1,0,14,2,0,0.1935,0.1452,0,0,4.7199,0,https://www.cnn.com/about/company?session_id=983427492&lang=en
49,17,1,0,0,0,0,1,0,24,0,0,0.1429,0.0,0,0,4.1967,0,https://stackoverflow.com/user/dashboard/overview
37,15,2,0,0,1,0,1,0,14,0,0,0.1892,0.0,0,0,4.0237,0,https://www.dropbox.com/about/company
72,13,1,1,0,0,0,1,0,22,2,0,0.1667,0.125,0,0,4.6938,0,https://wikipedia.org/blog/machine-learning?session_id=983427492&lang=en
79,16,2,0,0,1,0,1,0,24,1,1,0.1519,0.0,0,0,4.3654,0,https://blog.twitter.com/user/dashboard/overview?q=cybersecurity+best+practices
56,8,1,0,0,0,0,1,0,1,2,0,0.1964,0.0,0,0,4.2549,0,https://imdb.com/?utm_source=newsletter&utm_medium=email
39,9,1,0,0,0,0,1,0,22,0,0,0.1538,0.0,0,0,3.9359,0,https://adobe.com/resources/whitepapers
74,11,1,0,0,0,0,1,0,24,1,1,0.1486,0.0,0,0,4.235,0,https://harvard.edu/user/dashboard/overview?q=cybersecurity+best+practices
36,14,2,0,0,1,0,1,0,14,0,0,0.1944,0.0,0,0,4.0515,0,https://www.office.com/about/company
76,17,2,0,0,1,0,1,0,24,2,0,0.1579,0.0,0,0,4.3759,0,https://www.wikipedia.org/user/dashboard/overview?view=compact&filter=active
61,17,2,0,0,1,0,1,0,1,3,0,0.1967,0.0164,0,0,4.3772,0,https://www.instagram.com/?category=all&page=2&sort=relevance
27,18,2,0,0,1,0,1,0,1,0,0,0.2222,0.0,0,0,3.9582,0,https://blog.instagram.com/
37,15,2,0,0,1,0,1,0,14,0,0,0.1892,0.0,0,0,3.9999,0,https://blog.github.com/about/company
41,13,2,0,0,1,0,1,0,20,0,0,0.1951,0.0,0,0,4.1203,0,https://www.quora.com/category/news/world
69,10,1,1,0,0,0,1,0,22,2,0,0.1739,0.1304,0,0,4.67,0,https://reddit.com/blog/machine-learning?session_id=983427492&lang=en
47,12,2,0,0,1,0,1,0,27,0,0,0.1702,0.0,0,0,4.1105,0,https://api.ebay.com/products/electronics/deals
31,11,2,0,0,1,0,1,0,12,0,1,0.2258,0.0,0,0,3.7844,0,https://api.zoom.us/support/faq
38,18,2,0,0,1,0,1,0,12,0,1,0.1842,0.0,0,0,4.0304,0,https://docs.instagram.com/support/faq
36,16,2,0,0,1,0,1,0,12,0,1,0.1944,0.0,0,0,4.2181,0,https://blog.nytimes.com/support/faq
37,10,1,0,0,0,0,1,0,19,0,0,0.1622,0.0,0,0,3.8438,0,https://google.com/pricing/enterprise
78,11,2,0,0,0,0,1,0,30,2,0,0.1667,0.1154,0,0,4.5486,0,https://mozilla.org/download/latest/installer.exe?session_id=983427492&lang=en
34,12,1,0,0,0,0,1,0,14,0,0,0.1765,0.0,0,0,4.0431,0,https://stanford.edu/about/company
44,17,2,0,0,1,0,1,0,19,0,0,0.1591,0.0,0,0,3.9734,0,https://docs.linkedin.com/pricing/enterprise
82,18,2,0,0,1,0,1,0,27,2,1,0.1585,0.1098,0,0,4.6001,0,https://support.office.com/products/electronics/deals?session_id=983427492&lang=en
44,17,2,0,0,1,0,1,0,19,0,0,0.1591,0.0,0,0,3.8682,0,https://api.wikipedia.org/pricing/enterprise
79,13,2,0,0,1,0,1,0,27,1,1,0.1519,0.0,0,0,4.2336,0,https://api.apple.com/products/electronics/deals?q=cybersecurity+best+practices
87,17,2,0,0,1,0,1,0,27,3,1,0.1609,0.0115,0,0,4.33,0,https://support.quora.com/products/electronics/deals?category=all&page=2&sort=relevance
43,13,1,1,0,0,0,1,0,22,0,0,0.1628,0.0,0,0,4.1064,0,https://pinterest.com/blog/machine-learning
62,8,1,1,0,0,0,1,0,22,2,0,0.1774,0.0,0,0,4.4552,0,https://etsy.com/blog/machine-learning?ref=homepage&source=nav
54,7,1,0,0,0,0,1,0,0,2,0,0.1852,0.0,0,0,4.2198,0,https://zoom.us?utm_source=newsletter&utm_medium=email
24,9,1,0,0,0,0,1,0,7,0,0,0.2083,0.0,0,0,3.5383,0,https://twitch.tv/search
24,15,2,0,0,1,0,1,0,1,0,0,0.25,0.0,0,0,3.6887,0,https://docs.amazon.com/
50,20,2,0,0,1,0,1,0,22,0,1,0.14,0.0,0,0,4.0771,0,https://support.linkedin.com/resources/whitepapers
57,19,3,0,0,1,0,1,0,30,0,0,0.1579,0.0,0,0,4.088,0,https://docs.cloudflare.com/download/latest/installer.exe
38,11,1,0,0,0,0,1,0,19,0,0,0.1579,0.0,0,0,3.9778,0,https://walmart.com/pricing/enterprise
83,15,2,1,0,1,0,0,0,34,2,2,0.1687,0.0723,0,0,4.6336,0,http://support.zoom.us/article/2026/03/technology-update?view=compact&filter=active
50,18,2,0,0,1,0,1,0,24,0,1,0.16,0.0,0,0,4.0962,0,https://support.medium.com/user/dashboard/overview
36,9,1,0,0,0,0,1,0,19,0,0,0.1667,0.0,0,0,3.9749,0,https://adobe.com/pricing/enterprise
40,10,1,0,0,0,0,1,0,22,0,0,0.15,0.0,0,0,3.8628,0,https://reddit.com/resources/whitepapers
19,10,1,0,0,0,0,1,0,1,0,0,0.2632,0.0,0,0,3.5766,0,https://amazon.com/
18,9,1,0,0,0,0,1,0,1,0,0,0.2778,0.0,0,0,3.5305,0,https://apple.com/
56,12,1,0,0,0,0,1,0,12,2,0,0.1964,0.0179,0,0,4.4102,0,https://facebook.com/docs/v2/api?ref=homepage&source=nav
28,8,1,0,0,0,0,1,0,12,0,1,0.2143,0.0,0,0,3.8249,0,https://etsy.com/support/faq
34,12,2,0,0,1,0,1,0,14,0,0,0.2059,0.0,0,0,4.0064,0,https://docs.mit.edu/about/company
42,12,2,0,0,1,0,1,0,22,0,0,0.1667,0.0,0,0,4.0051,0,https://www.imdb.com/resources/whitepapers
66,11,2,0,0,1,0,1,0,12,3,1,0.197,0.0152,0,0,4.4178,0,https://api.nih.gov/support/faq?category=all&page=2&sort=relevance
83,14,2,1,0,1,0,1,0,22,2,0,0.1687,0.0,0,0,4.4044,0,https://www.medium.com/blog/machine-learning?utm_source=newsletter&utm_medium=email
51,13,3,0,0,1,0,1,0,30,0,0,0.1765,0.0,0,0,4.0579,0,https://www.slack.com/download/latest/installer.exe
37,7,1,1,0,0,0,1,0,22,0,0,0.1892,0.0,0,0,4.1212,0,https://nih.gov/blog/machine-learning
87,11,2,0,0,0,0,0,0,30,2,0,0.1609,0.0,0,0,4.2134,0,http://twitter.com/download/latest/installer.exe?utm_source=newsletter&utm_medium=email
42,10,1,0,0,0,0,1,0,24,0,0,0.1667,0.0,0,0,4.1572,0,https://amazon.com/user/dashboard/overview
16,8,1,0,0,0,0,1,0,0,0,0,0.25,0.0,0,0,3.75,0,https://ebay.com
86,15,2,1,0,1,0,1,0,34,2,1,0.1744,0.1744,0,0,4.765,0,https://docs.reddit.com/article/2026/03/technology-update?session_id=983427492&lang=en
54,16,3,0,0,1,0,1,0,30,0,0,0.1667,0.0,0,0,4.1511,0,https://blog.nytimes.com/download/latest/installer.exe
73,10,1,0,0,0,0,1,0,20,3,0,0.1781,0.0137,0,0,4.4218,0,https://medium.com/category/news/world?category=all&page=2&sort=relevance
50,15,2,0,0,1,0,1,0,27,0,0,0.16,0.0,0,0,4.1322,0,https://blog.office.com/products/electronics/deals
36,16,2,0,0,1,0,1,0,12,0,1,0.2222,0.0278,0,0,3.9376,0,https://support.etsy.com/docs/v2/api
35,13,2,0,0,1,0,1,0,14,0,0,0.2,0.0,0,0,3.9217,0,https://docs.imdb.com/about/company
69,18,2,0,0,1,0,1,0,14,2,0,0.1739,0.1304,0,0,4.6513,0,https://www.salesforce.com/feed/trending?session_id=983427492&lang=en
38,16,2,0,0,1,0,1,0,14,0,1,0.1842,0.0,0,0,4.0831,0,https://support.hulu.com/feed/trending
39,11,1,0,0,0,0,1,0,20,0,0,0.1795,0.0,0,0,4.0385,0,https://walmart.com/category/news/world
31,10,1,0,0,0,0,0,0,14,0,0,0.1935,0.0,0,0,4.0424,0,http://paypal.com/feed/trending
77,10,1,0,0,0,0,1,0,20,2,0,0.1688,0.0,0,0,4.3083,0,https://target.com/category/news/world?utm_source=newsletter&utm_medium=email
80,19,2,0,0,1,0,1,0,22,1,2,0.1375,0.0,0,0,4.1085,0,https://support.youtube.com/resources/whitepapers?q=cybersecurity+best+practices
73,14,2,0,0,1,0,1,0,27,2,0,0.1644,0.0,0,0,4.471,0,https://www.github.com/products/electronics/deals?ref=homepage&source=nav
69,7,1,0,0,0,0,1,0,19,3,0,0.1739,0.0145,0,0,4.2409,0,https://cnn.com/pricing/enterprise?category=all&page=2&sort=relevance
54,12,1,0,0,0,0,1,0,7,2,0,0.1667,0.0,0,0,4.3449,0,https://stanford.edu/search?view=compact&filter=active
51,13,2,0,0,0,0,1,0,30,0,0,0.1569,0.0,0,0,4.0747,0,https://microsoft.com/download/latest/installer.exe
42,14,1,0,0,0,0,1,0,6,1,0,0.1667,0.0476,0,0,4.4813,0,https://healthline.com/watch?v=dQw4w9WgXcQ
27,11,2,0,0,1,0,1,0,8,0,0,0.2222,0.0,0,0,3.9582,0,https://api.nih.gov/explore
42,17,2,0,0,1,0,1,0,17,0,0,0.1667,0.0,0,0,4.0237,0,https://docs.stanford.edu/profile/settings
20,11,2,0,0,1,0,1,0,1,0,0,0.3,0.0,0,0,3.5842,0,https://api.cnn.com/
64,15,2,0,0,1,0,1,0,12,2,0,0.2031,0.1562,0,0,4.7227,0,https://api.youtube.com/docs/v2/api?session_id=983427492&lang=en
79,10,1,1,0,0,0,1,0,34,2,1,0.1646,0.0759,0,0,4.6087,0,https://amazon.com/article/2026/03/technology-update?view=compact&filter=active
60,11,1,0,0,0,0,1,0,12,2,0,0.2,0.1667,0,0,4.6903,0,https://walmart.com/docs/v2/api?session_id=983427492&lang=en
27,18,2,0,0,1,0,1,0,1,0,0,0.2222,0.0,0,0,3.9121,0,https://blog.pinterest.com/
71,10,2,0,0,0,0,0,0,30,2,0,0.169,0.0,0,0,4.3942,0,http://amazon.com/download/latest/installer.exe?ref=homepage&source=nav
34,12,2,0,0,1,0,1,0,14,0,0,0.2059,0.0,0,0,3.881,0,https://docs.cnn.com/feed/trending
60,22,3,0,0,1,0,1,0,30,0,1,0.15,0.0,0,0,4.0798,0,https://support.salesforce.com/download/latest/installer.exe
36,11,1,0,0,0,0,1,0,17,0,0,0.1667,0.0,0,0,3.9166,0,https://nytimes.com/profile/settings
52,14,2,0,0,0,0,1,0,30,0,0,0.1538,0.0,0,0,3.9474,0,https://healthline.com/download/latest/installer.exe
42,15,2,0,0,1,0,1,0,19,0,0,0.1667,0.0,0,0,3.9332,0,https://docs.google.com/pricing/enterprise
48,17,2,0,0,1,0,0,0,24,0,0,0.1667,0.0,0,0,4.1893,0,http://api.instagram.com/user/dashboard/overview
35,15,2,0,0,1,0,1,0,12,0,1,0.2,0.0,0,0,3.976,0,https://api.dropbox.com/support/faq
85,22,2,0,0,1,0,1,0,24,1,2,0.1412,0.0,0,0,4.3204,0,https://support.salesforce.com/user/dashboard/overview?q=cybersecurity+best+practices
33,13,2,0,0,1,0,1,0,12,0,0,0.2424,0.0303,0,0,3.8818,0,https://www.yahoo.com/docs/v2/api
41,11,1,0,0,0,0,1,0,22,0,0,0.1463,0.0,0,0,4.062,0,https://netflix.com/resources/whitepapers
87,10,1,1,0,0,0,1,0,34,3,1,0.1724,0.0805,0,0,4.5388,0,https://amazon.com/article/2026/03/technology-update?category=all&page=2&sort=relevance
37,15,2,0,0,1,0,1,0,14,0,0,0.1892,0.0,0,0,3.9591,0,https://www.twitter.com/about/company
33,11,2,0,0,1,0,1,0,14,0,0,0.2121,0.0,0,0,4.0667,0,https://www.nih.gov/about/company
77,15,3,0,0,1,0,1,0,30,2,0,0.1688,0.0,0,0,4.3645,0,https://www.twitter.com/download/latest/installer.exe?ref=homepage&source=nav
60,18,2,1,0,1,0,1,0,34,0,1,0.1667,0.1,0,0,4.3461,0,https://api.healthline.com/article/2026/03/technology-update
81,7,1,0,0,0,0,1,0,27,2,0,0.1605,0.0,0,0,4.242,0,https://zoom.us/products/electronics/deals?utm_source=newsletter&utm_medium=email
71,10,1,1,0,0,0,1,0,22,1,1,0.1549,0.0,0,0,4.3654,0,https://target.com/blog/machine-learning?q=cybersecurity+best+practices
78,17,1,0,0,0,0,1,0,22,1,1,0.1282,0.0,0,0,4.2727,0,https://stackoverflow.com/resources/whitepapers?q=cybersecurity+best+practices
58,11,1,0,0,0,0,1,0,12,2,0,0.1897,0.0172,0,0,4.3258,0,https://nytimes.com/docs/v2/api?view=compact&filter=active
84,19,3,0,0,1,0,1,0,30,2,0,0.1548,0.0,0,0,4.3292,0,https://docs.cloudflare.com/download/latest/installer.exe?view=compact&filter=active
65,11,1,0,0,0,0,1,0,19,2,0,0.1538,0.0,0,0,4.2278,0,https://walmart.com/pricing/enterprise?view=compact&filter=active
80,14,1,1,0,0,0,1,0,34,2,1,0.1625,0.075,0,0,4.5639,0,https://healthline.com/article/2026/03/technology-update?ref=homepage&source=nav
73,11,2,0,0,0,0,1,0,30,2,0,0.1644,0.0,0,0,4.3409,0,https://weather.com/download/latest/installer.exe?ref=homepage&source=nav
25,9,1,0,0,0,0,1,0,8,0,0,0.2,0.0,0,0,3.7493,0,https://twitch.tv/explore
59,17,2,1,0,1,0,1,0,34,0,2,0.1695,0.1017,0,0,4.4182,0,https://support.quora.com/article/2026/03/technology-update
34,15,2,0,0,1,0,0,0,12,0,0,0.2353,0.0294,0,0,3.8781,0,http://api.harvard.edu/docs/v2/api
25,10,1,0,0,0,0,1,0,7,0,0,0.2,0.0,0,0,3.9133,0,https://github.com/search
31,11,1,0,0,0,0,1,0,12,0,1,0.1935,0.0,0,0,4.0911,0,https://netflix.com/support/faq
26,10,1,0,0,0,0,1,0,8,0,0,0.1923,0.0,0,0,3.8441,0,https://office.com/explore
19,11,1,0,0,0,0,0,0,1,0,0,0.2632,0.0,0,0,3.5369,0,http://spotify.com/
73,16,2,0,0,1,0,1,0,6,2,1,0.1781,0.1507,0,0,4.9855,0,https://support.ebay.com/watch?v=dQw4w9WgXcQ?session_id=983427492&lang=en
50,18,2,0,0,1,0,1,0,24,0,0,0.16,0.0,0,0,4.2615,0,https://blog.instagram.com/user/dashboard/overview
41,11,2,0,0,1,0,1,0,22,0,0,0.1707,0.0,0,0,3.8788,0,https://www.zoom.us/resources/whitepapers
54,16,3,0,0,1,0,1,0,30,0,0,0.1667,0.0,0,0,3.9867,0,https://docs.twitter.com/download/latest/installer.exe
62,7,1,0,0,0,0,1,0,8,2,0,0.1774,0.0,0,0,4.2719,0,https://cnn.com/explore?utm_source=newsletter&utm_medium=email
27,11,1,0,0,0,0,1,0,8,0,0,0.1852,0.0,0,0,3.9023,0,https://spotify.com/explore
91,14,3,0,0,1,0,1,0,30,2,0,0.1648,0.0,0,0,4.3773,0,https://blog.quora.com/download/latest/installer.exe?utm_source=newsletter&utm_medium=email
72,15,2,0,0,1,0,1,0,6,2,0,0.1806,0.1528,0,0,4.9608,0,https://api.dropbox.com/watch?v=dQw4w9WgXcQ?session_id=983427492&lang=en
39,19,2,0,0,1,0,1,0,12,0,1,0.2051,0.0256,0,0,4.0259,0,https://support.weather.com/docs/v2/api
65,10,1,0,0,0,0,1,0,12,3,0,0.2,0.0308,0,0,4.3591,0,https://reddit.com/docs/v2/api?category=all&page=2&sort=relevance
43,11,2,0,0,1,0,1,0,24,0,0,0.186,0.0,0,0,4.0742,0,https://www.nih.gov/user/dashboard/overview
70,13,1,1,0,0,0,1,0,22,2,0,0.1571,0.0,0,0,4.3755,0,https://instagram.com/blog/machine-learning?view=compact&filter=active
91,14,3,0,0,1,0,1,0,30,2,0,0.1648,0.0,0,0,4.3116,0,https://www.google.com/download/latest/installer.exe?utm_source=newsletter&utm_medium=email
44,14,2,1,0,1,0,1,0,22,0,0,0.1818,0.0,0,0,4.2373,0,https://docs.slack.com/blog/machine-learning
37,15,2,0,0,1,0,1,0,14,0,0,0.1892,0.0,0,0,3.9254,0,https://www.youtube.com/about/company
74,17,1,1,0,0,0,1,0,22,2,0,0.1486,0.0,0,0,4.4476,0,https://stackoverflow.com/blog/machine-learning?view=compact&filter=active
30,14,2,0,0,1,0,1,0,8,0,0,0.2,0.0,0,0,3.8981,0,https://api.target.com/explore
75,10,1,1,0,0,0,1,0,22,3,0,0.1733,0.0133,0,0,4.3633,0,https://paypal.com/blog/machine-learning?category=all&page=2&sort=relevance
21,12,2,0,0,1,0,1,0,1,0,0,0.2857,0.0,0,0,3.6897,0,https://blog.nih.gov/
55,13,1,1,0,0,0,1,0,34,0,1,0.1636,0.1091,0,0,4.4471,0,https://wikipedia.org/article/2026/03/technology-update
42,12,1,0,0,0,0,1,0,22,0,0,0.1429,0.0,0,0,3.9167,0,https://stanford.edu/resources/whitepapers
78,12,1,0,0,0,0,1,0,19,2,0,0.1538,0.0,0,0,4.3737,0,https://facebook.com/pricing/enterprise?utm_source=newsletter&utm_medium=email
65,16,2,0,0,1,0,1,0,14,2,0,0.1692,0.0,0,0,4.418,0,https://blog.spotify.com/about/company?view=compact&filter=active
69,15,2,0,0,1,0,1,0,22,2,0,0.1594,0.0,0,0,4.2583,0,https://www.harvard.edu/resources/whitepapers?ref=homepage&source=nav
58,16,2,1,0,1,0,1,0,34,0,1,0.1724,0.1034,0,0,4.5192,0,https://www.linkedin.com/article/2026/03/technology-update
57,19,3,0,0,1,0,1,0,30,0,1,0.1579,0.0,0,0,4.1224,0,https://support.nytimes.com/download/latest/installer.exe
42,12,2,1,0,1,0,1,0,22,0,0,0.1905,0.0,0,0,4.1455,0,https://docs.cnn.com/blog/machine-learning
70,21,2,0,0,1,0,1,0,17,2,1,0.1571,0.0,0,0,4.3762,0,https://support.wikipedia.org/profile/settings?ref=homepage&source=nav
43,8,1,0,0,0,0,1,0,0,2,0,0.186,0.0,0,0,4.284,0,https://hulu.com?view=compact&filter=active
73,19,2,0,0,1,0,1,0,19,2,1,0.1507,0.0,0,0,4.3255,0,https://support.mozilla.org/pricing/enterprise?view=compact&filter=active
38,16,2,0,0,1,0,1,0,14,0,0,0.1842,0.0,0,0,4.1883,0,https://www.facebook.com/feed/trending
63,12,2,0,0,1,0,1,0,14,2,0,0.1905,0.1429,0,0,4.737,0,https://www.ebay.com/feed/trending?session_id=983427492&lang=en
43,13,1,1,0,0,0,1,0,22,0,0,0.1628,0.0,0,0,4.1757,0,https://microsoft.com/blog/machine-learning
69,17,2,0,0,1,0,1,0,6,2,0,0.1739,0.029,0,0,4.8383,0,https://blog.linkedin.com/watch?v=dQw4w9WgXcQ?ref=homepage&source=nav
66,10,1,0,0,0,0,1,0,19,2,0,0.1667,0.1364,0,0,4.5851,0,https://paypal.com/pricing/enterprise?session_id=983427492&lang=en
57,15,2,1,0,1,0,1,0,34,0,2,0.1754,0.1053,0,0,4.4137,0,https://support.zoom.us/article/2026/03/technology-update
32,10,1,0,0,0,0,1,0,14,0,0,0.1875,0.0,0,0,4.0389,0,https://github.com/feed/trending
44,9,1,0,0,0,0,1,0,0,2,0,0.1818,0.0,0,0,4.3088,0,https://quora.com?view=compact&filter=active
29,14,2,0,0,1,0,1,0,7,0,0,0.2069,0.0,0,0,3.7328,0,https://docs.twitch.tv/search
68,10,1,0,0,0,0,1,0,19,1,1,0.1471,0.0,0,0,4.1728,0,https://github.com/pricing/enterprise?q=cybersecurity+best+practices
40,20,2,0,0,1,0,1,0,12,0,1,0.2,0.025,0,0,4.1562,0,https://support.linkedin.com/docs/v2/api
72,16,2,0,0,1,0,1,0,19,2,0,0.1667,0.125,0,0,4.5776,0,https://docs.weather.com/pricing/enterprise?session_id=983427492&lang=en
49,14,2,0,0,1,0,1,0,27,0,0,0.1633,0.0,0,0,3.9638,0,https://docs.slack.com/products/electronics/deals
66,15,2,0,0,1,0,1,0,19,2,0,0.1667,0.0,0,0,4.2714,0,https://docs.reddit.com/pricing/enterprise?ref=homepage&source=nav
26,11,1,0,0,0,0,1,0,7,0,0,0.1923,0.0,0,0,3.8441,0,https://nytimes.com/search
45,8,1,0,0,0,0,1,0,0,2,0,0.2,0.2,0,0,4.5504,0,https://espn.com?session_id=983427492&lang=en
75,16,2,0,0,1,0,1,0,27,2,0,0.16,0.0,0,0,4.3889,0,https://api.facebook.com/products/electronics/deals?ref=homepage&source=nav
53,11,1,1,0,0,0,1,0,34,0,1,0.1698,0.1132,0,0,4.3972,0,https://nytimes.com/article/2026/03/technology-update
67,9,1,0,0,0,0,1,0,19,1,1,0.1493,0.0,0,0,4.1923,0,https://quora.com/pricing/enterprise?q=cybersecurity+best+practices
67,12,2,0,0,1,0,1,0,6,2,0,0.1791,0.0299,0,0,4.5709,0,https://api.etsy.com/watch?v=dQw4w9WgXcQ?view=compact&filter=active
33,8,1,0,0,0,0,1,0,17,0,0,0.1818,0.0,0,0,4.0289,0,https://imdb.com/profile/settings
78,15,2,0,0,1,0,1,0,20,3,1,0.1795,0.0128,0,0,4.3955,0,https://support.zoom.us/category/news/world?category=all&page=2&sort=relevance
37,17,2,0,0,1,0,1,0,12,0,0,0.2162,0.027,0,0,3.9669,0,https://api.wikipedia.org/docs/v2/api
49,17,2,0,0,1,0,1,0,24,0,0,0.1633,0.0,0,0,4.105,0,https://www.pinterest.com/user/dashboard/overview
58,7,1,0,0,0,0,1,0,14,2,0,0.1897,0.1552,0,0,4.7222,0,https://nih.gov/about/company?session_id=983427492&lang=en
36,8,1,0,0,0,0,1,0,6,1,0,0.1944,0.0556,0,0,4.4194,0,https://espn.com/watch?v=dQw4w9WgXcQ
73,12,1,0,0,0,0,1,0,14,2,0,0.1644,0.0,0,0,4.261,0,https://stanford.edu/feed/trending?utm_source=newsletter&utm_medium=email
56,9,2,0,0,0,0,1,0,12,2,0,0.2143,0.0179,0,0,4.4055,0,https://bbc.co.uk/docs/v2/api?view=compact&filter=active
54,10,1,0,0,0,0,1,0,12,2,1,0.1852,0.0,0,0,4.3638,0,https://reddit.com/support/faq?ref=homepage&source=nav
28,13,3,0,0,1,0,1,0,7,0,0,0.25,0.0,0,0,3.8693,0,https://api.bbc.co.uk/search
41,13,2,0,0,1,0,1,0,6,1,0,0.1951,0.0488,0,0,4.4362,0,https://api.apple.com/watch?v=dQw4w9WgXcQ
34,18,2,0,0,1,0,1,0,8,0,1,0.1765,0.0,0,0,3.9842,0,https://support.github.com/explore
55,13,1,1,0,0,0,1,0,34,0,1,0.1636,0.1091,0,0,4.4107,0,https://microsoft.com/article/2026/03/technology-update
49,11,1,0,0,0,0,1,0,1,2,0,0.2041,0.1837,0,0,4.6551,0,https://netflix.com/?session_id=983427492&lang=en
51,9,1,1,0,0,0,1,0,34,0,1,0.1765,0.1176,0,0,4.4148,0,https://slack.com/article/2026/03/technology-update
38,11,2,0,0,1,0,1,0,19,0,0,0.1842,0.0,0,0,3.8,0,https://api.cnn.com/pricing/enterprise
72,9,1,0,0,0,0,1,0,20,3,0,0.1806,0.0139,0,0,4.2835,0,https://apple.com/category/news/world?category=all&page=2&sort=relevance
36,16,2,0,0,1,0,1,0,12,0,1,0.1944,0.0,0,0,4.0515,0,https://blog.mozilla.org/support/faq
63,10,1,0,0,0,0,1,0,14,1,1,0.1587,0.0,0,0,4.255,0,https://paypal.com/about/company?q=cybersecurity+best+practices
75,12,2,0,0,1,0,1,0,24,1,1,0.16,0.0,0,0,4.3653,0,https://www.imdb.com/user/dashboard/overview?q=cybersecurity+best+practices
41,9,1,0,0,0,0,1,0,24,0,0,0.1707,0.0,0,0,4.1715,0,https://slack.com/user/dashboard/overview
77,10,2,0,0,0,0,1,0,30,2,0,0.1688,0.1169,0,0,4.536,0,https://google.com/download/latest/installer.exe?session_id=983427492&lang=en
46,16,2,0,0,1,0,1,0,22,0,0,0.1522,0.0,0,0,4.0316,0,https://www.facebook.com/resources/whitepapers
47,11,1,0,0,0,0,1,0,1,2,0,0.1915,0.0,0,0,4.2724,0,https://netflix.com/?view=compact&filter=active
71,17,2,0,0,1,0,1,0,7,2,0,0.169,0.0,0,0,4.299,0,https://docs.stanford.edu/search?utm_source=newsletter&utm_medium=email
16,7,1,0,0,0,0,1,0,1,0,0,0.3125,0.0,0,0,3.3278,0,https://zoom.us/
66,11,1,0,0,0,0,1,0,12,3,1,0.1818,0.0152,0,0,4.4248,0,https://nytimes.com/support/faq?category=all&page=2&sort=relevance
36,11,1,0,0,0,0,1,0,17,0,0,0.1667,0.0,0,0,3.8956,0,https://spotify.com/profile/settings
32,16,2,0,0,1,0,1,0,8,0,0,0.1875,0.0,0,0,4.0931,0,https://api.linkedin.com/explore
54,11,1,0,0,0,0,1,0,8,2,0,0.1667,0.0,0,0,4.3291,0,https://mozilla.org/explore?view=compact&filter=active
25,10,1,0,0,0,0,1,0,7,0,0,0.2,0.0,0,0,3.8635,0,https://medium.com/search
36,16,2,0,0,1,0,1,0,12,0,1,0.1944,0.0,0,0,3.9404,0,https://www.stanford.edu/support/faq
44,11,1,0,0,0,0,1,0,1,2,0,0.2045,0.0,0,0,4.3714,0,https://dropbox.com/?ref=homepage&source=nav
90,13,2,0,0,0,0,1,0,30,2,0,0.1556,0.0,0,0,4.2809,0,https://instagram.com/download/latest/installer.exe?utm_source=newsletter&utm_medium=email
58,11,1,0,0,0,0,1,0,8,1,1,0.1552,0.0,0,0,4.2476,0,https://nytimes.com/explore?q=cybersecurity+best+practices
33,13,2,0,0,1,0,1,0,12,0,0,0.2424,0.0303,0,0,3.9424,0,https://www.apple.com/docs/v2/api
58,19,2,0,0,1,0,1,0,7,2,1,0.1724,0.0,0,0,4.2089,0,https://support.harvard.edu/search?ref=homepage&source=nav
25,10,1,0,0,0,0,1,0,7,0,0,0.2,0.0,0,0,3.7835,0,https://amazon.com/search
74,9,1,0,0,0,0,1,0,22,3,0,0.1622,0.0135,0,0,4.2402,0,https://apple.com/resources/whitepapers?category=all&page=2&sort=relevance
45,18,2,0,0,1,0,1,0,19,0,0,0.1556,0.0,0,0,4.0389,0,https://www.salesforce.com/pricing/enterprise
59,11,2,0,0,1,0,1,0,1,2,0,0.2034,0.0,0,0,4.2632,0,https://www.cnn.com/?utm_source=newsletter&utm_medium=email
43,21,2,0,0,1,0,1,0,14,0,0,0.1628,0.0,0,0,4.2924,0,https://api.stackoverflow.com/feed/trending
48,20,2,0,0,1,0,1,0,20,0,1,0.1667,0.0,0,0,4.2645,0,https://support.linkedin.com/category/news/world
43,16,2,0,0,1,0,1,0,19,0,0,0.1628,0.0,0,0,4.0827,0,https://docs.walmart.com/pricing/enterprise
51,9,1,1,0,0,0,1,0,34,0,1,0.1765,0.1176,0,0,4.4296,0,https://quora.com/article/2026/03/technology-update
51,11,1,0,0,0,0,1,0,1,1,1,0.1765,0.0,0,0,4.1556,0,https://nytimes.com/?q=cybersecurity+best+practices
44,12,1,0,0,0,0,1,0,0,2,0,0.1818,0.0,0,0,4.2916,0,https://stanford.edu?ref=homepage&source=nav
70,8,1,0,0,0,0,1,0,27,2,0,0.1571,0.0,0,0,4.2787,0,https://etsy.com/products/electronics/deals?view=compact&filter=active
34,12,2,0,0,1,0,1,0,14,0,0,0.2059,0.0,0,0,4.1385,0,https://www.hulu.com/feed/trending
36,8,1,0,0,0,0,1,0,20,0,0,0.1944,0.0,0,0,4.0413,0,https://espn.com/category/news/world
31,11,1,0,0,0,0,1,0,12,0,0,0.2258,0.0323,0,0,3.9747,0,https://weather.com/docs/v2/api
62,11,1,0,0,0,0,1,0,12,1,1,0.1774,0.0161,0,0,4.3025,0,https://spotify.com/docs/v2/api?q=cybersecurity+best+practices
65,9,1,0,0,0,0,1,0,19,2,0,0.1692,0.1385,0,0,4.6269,0,https://quora.com/pricing/enterprise?session_id=983427492&lang=en
30,10,1,0,0,0,0,1,0,12,0,1,0.2,0.0,0,0,3.9484,0,https://github.com/support/faq
34,14,2,0,0,1,0,1,0,12,0,1,0.2059,0.0,0,0,3.881,0,https://docs.twitch.tv/support/faq
43,16,2,0,0,1,0,1,0,19,0,0,0.1628,0.0,0,0,3.9493,0,https://api.stanford.edu/pricing/enterprise
35,13,1,0,0,0,0,1,0,14,0,0,0.1714,0.0,0,0,3.9433,0,https://instagram.com/about/company
26,17,2,0,0,1,0,1,0,1,0,0,0.2308,0.0,0,0,3.8151,0,https://docs.stanford.edu/
58,11,1,0,0,0,0,1,0,8,1,1,0.1552,0.0,0,0,4.2332,0,https://weather.com/explore?q=cybersecurity+best+practices
30,10,1,0,0,0,0,1,0,12,0,1,0.2,0.0,0,0,3.8729,0,https://amazon.com/support/faq
41,21,2,0,0,1,0,1,0,12,0,1,0.1707,0.0,0,0,3.9788,0,https://support.wikipedia.org/support/faq
69,16,2,0,0,1,0,0,0,17,2,0,0.1739,0.1304,0,0,4.6381,0,http://blog.nytimes.com/profile/settings?session_id=983427492&lang=en
82,19,2,0,0,1,0,1,0,6,3,0,0.1707,0.0366,0,0,4.6026,0,https://docs.salesforce.com/watch?v=dQw4w9WgXcQ?category=all&page=2&sort=relevance
72,11,1,0,0,0,0,1,0,14,2,0,0.1667,0.0,0,0,4.3928,0,https://dropbox.com/feed/trending?utm_source=newsletter&utm_medium=email
41,11,1,1,0,0,0,1,0,22,0,0,0.1707,0.0,0,0,4.2595,0,https://harvard.edu/blog/machine-learning
42,17,1,0,0,0,0,1,0,17,0,0,0.1429,0.0,0,0,4.1455,0,https://stackoverflow.com/profile/settings
29,14,1,0,0,0,0,1,0,7,0,0,0.1724,0.0,0,0,3.7454,0,https://salesforce.com/search
27,19,2,0,0,1,0,1,0,0,0,1,0.1852,0.0,0,0,3.764,0,https://support.weather.com
21,12,2,0,0,1,0,1,0,1,0,0,0.2857,0.0,0,0,3.5585,0,https://www.espn.com/
47,15,2,0,0,1,0,1,0,24,0,0,0.1702,0.0,0,0,4.0601,0,https://api.twitter.com/user/dashboard/overview
76,11,2,0,0,0,0,1,0,30,2,0,0.1579,0.0,0,0,4.3206,0,https://nytimes.com/download/latest/installer.exe?view=compact&filter=active
34,18,2,0,0,1,0,1,0,8,0,0,0.1765,0.0,0,0,3.9764,0,https://www.healthline.com/explore
38,22,2,0,0,1,0,1,0,8,0,0,0.1579,0.0,0,0,4.1062,0,https://docs.stackoverflow.com/explore
63,13,2,0,0,1,0,1,0,7,3,0,0.1905,0.0159,0,0,4.3502,0,https://blog.hulu.com/search?category=all&page=2&sort=relevance
44,14,1,1,0,0,0,1,0,22,0,0,0.1591,0.0,0,0,4.1747,0,https://salesforce.com/blog/machine-learning
65,9,2,0,0,0,0,1,0,17,1,1,0.1692,0.0,0,0,4.2849,0,https://bbc.co.uk/profile/settings?q=cybersecurity+best+practices
69,7,1,0,0,0,0,1,0,19,3,0,0.1739,0.0145,0,0,4.3103,0,https://mit.edu/pricing/enterprise?category=all&page=2&sort=relevance
44,8,1,0,0,0,0,1,0,1,2,0,0.2045,0.0,0,0,4.2805,0,https://imdb.com/?view=compact&filter=active
58,16,2,1,0,1,0,1,0,34,0,1,0.1724,0.1034,0,0,4.4351,0,https://docs.walmart.com/article/2026/03/technology-update
37,17,2,0,0,1,0,1,0,12,0,0,0.2162,0.027,0,0,3.8747,0,https://api.microsoft.com/docs/v2/api
82,17,2,0,0,1,0,0,0,27,1,1,0.1463,0.0,0,0,4.3736,0,http://www.instagram.com/products/electronics/deals?q=cybersecurity+best+practices
82,18,2,0,0,1,0,1,0,27,2,0,0.1585,0.1098,0,0,4.5909,0,https://docs.wikipedia.org/products/electronics/deals?session_id=983427492&lang=en
23,8,1,0,0,0,0,1,0,7,0,0,0.2174,0.0,0,0,3.6753,0,https://espn.com/search
61,10,1,0,0,0,0,0,0,17,2,0,0.1639,0.0,0,0,4.2149,0,http://target.com/profile/settings?view=compact&filter=active
46,16,2,0,0,1,0,1,0,22,0,0,0.1522,0.0,0,0,3.9589,0,https://api.stanford.edu/resources/whitepapers
24,8,1,0,0,0,0,1,0,8,0,0,0.2083,0.0,0,0,3.7406,0,https://etsy.com/explore
37,12,2,0,0,1,0,1,0,17,0,0,0.1892,0.0,0,0,3.9591,0,https://www.espn.com/profile/settings
41,14,2,0,0,1,0,1,0,19,0,0,0.1707,0.0,0,0,3.9948,0,https://blog.apple.com/pricing/enterprise
61,10,1,0,0,0,0,1,0,14,2,0,0.1803,0.1475,0,0,4.6089,0,https://medium.com/feed/trending?session_id=983427492&lang=en
63,9,1,1,0,0,0,1,0,22,2,0,0.1746,0.0,0,0,4.4432,0,https://adobe.com/blog/machine-learning?ref=homepage&source=nav
44,9,1,0,0,0,0,1,0,27,0,0,0.1591,0.0,0,0,3.98,0,https://slack.com/products/electronics/deals
79,13,2,0,0,1,0,1,0,19,2,0,0.1646,0.0,0,0,4.3204,0,https://api.slack.com/pricing/enterprise?utm_source=newsletter&utm_medium=email
38,10,1,0,0,0,0,1,0,20,0,0,0.1842,0.0,0,0,4.1132,0,https://amazon.com/category/news/world
37,9,1,0,0,0,0,1,0,6,1,0,0.1892,0.0541,0,0,4.4792,0,https://quora.com/watch?v=dQw4w9WgXcQ
70,11,1,1,0,0,0,1,0,22,2,0,0.1714,0.1286,0,0,4.6813,0,https://twitter.com/blog/machine-learning?session_id=983427492&lang=en
38,11,1,0,0,0,0,1,0,19,0,0,0.1579,0.0,0,0,3.8828,0,https://harvard.edu/pricing/enterprise
42,15,2,0,0,1,0,1,0,19,0,0,0.1667,0.0,0,0,4.0167,0,https://blog.office.com/pricing/enterprise
83,12,2,1,0,1,0,1,0,34,2,1,0.1807,0.1807,0,0,4.8339,0,https://www.etsy.com/article/2026/03/technology-update?session_id=983427492&lang=en
15,7,1,0,0,0,0,1,0,0,0,0,0.2667,0.0,0,0,3.5069,0,https://nih.gov
55,13,1,1,0,0,0,1,0,34,0,1,0.1636,0.1091,0,0,4.4126,0,https://instagram.com/article/2026/03/technology-update
43,18,2,0,0,1,0,1,0,17,0,1,0.1628,0.0,0,0,4.0163,0,https://support.medium.com/profile/settings
45,15,2,1,0,1,0,1,0,22,0,0,0.1778,0.0,0,0,4.3472,0,https://www.dropbox.com/blog/machine-learning
27,11,1,0,0,0,0,1,0,8,0,0,0.1852,0.0,0,0,3.8101,0,https://weather.com/explore
36,14,2,0,0,1,0,1,0,14,0,0,0.1944,0.0,0,0,3.8163,0,https://api.paypal.com/about/company
62,10,1,0,0,0,0,1,0,17,2,0,0.1613,0.0,0,0,4.323,0,https://amazon.com/profile/settings?view=compact&filter=active
37,15,2,0,0,1,0,1,0,14,0,1,0.1892,0.0,0,0,4.0203,0,https://support.nih.gov/about/company
82,15,3,0,0,1,0,1,0,30,2,0,0.1707,0.1098,0,0,4.5738,0,https://api.nytimes.com/download/latest/installer.exe?session_id=983427492&lang=en
76,16,2,0,0,1,0,1,0,17,3,0,0.1711,0.0132,0,0,4.4185,0,https://blog.youtube.com/profile/settings?category=all&page=2&sort=relevance
70,16,2,0,0,1,0,1,0,19,2,0,0.1571,0.0,0,0,4.3285,0,https://docs.harvard.edu/pricing/enterprise?view=compact&filter=active
33,11,2,0,0,1,0,1,0,14,0,0,0.2121,0.0,0,0,4.0518,0,https://www.mit.edu/about/company
65,13,3,0,0,1,0,1,0,6,2,0,0.2,0.0308,0,0,4.7662,0,https://api.bbc.co.uk/watch?v=dQw4w9WgXcQ?ref=homepage&source=nav
31,9,1,0,0,0,0,1,0,14,0,0,0.1935,0.0,0,0,3.8732,0,https://adobe.com/about/company
32,10,1,0,0,0,0,1,0,14,0,0,0.1875,0.0,0,0,3.7653,0,https://paypal.com/about/company
28,13,2,0,0,1,0,1,0,7,0,0,0.2143,0.0,0,0,3.7534,0,https://api.apple.com/search
43,15,2,0,0,1,0,1,0,20,0,0,0.186,0.0,0,0,4.0628,0,https://docs.reddit.com/category/news/world
46,11,1,0,0,0,0,1,0,27,0,0,0.1522,0.0,0,0,4.0729,0,https://netflix.com/products/electronics/deals
74,11,1,0,0,0,0,1,0,6,3,0,0.1757,0.0405,0,0,4.671,0,https://mozilla.org/watch?v=dQw4w9WgXcQ?category=all&page=2&sort=relevance
22,13,1,0,0,0,0,1,0,1,0,0,0.2273,0.0,0,0,3.7544,0,https://instagram.com/
62,13,2,0,0,1,0,1,0,14,2,0,0.1774,0.0,0,0,4.4094,0,https://www.yahoo.com/feed/trending?view=compact&filter=active
54,16,3,0,0,1,0,1,0,30,0,0,0.1667,0.0,0,0,4.0116,0,https://docs.weather.com/download/latest/installer.exe
45,10,1,0,0,0,0,1,0,27,0,0,0.1556,0.0,0,0,3.9813,0,https://google.com/products/electronics/deals
48,9,1,0,0,0,0,1,0,0,1,1,0.1667,0.0,0,0,4.1846,0,https://quora.com?q=cybersecurity+best+practices
27,11,1,0,0,0,0,1,0,8,0,0,0.1852,0.0,0,0,3.8101,0,https://dropbox.com/explore
18,9,1,0,0,0,0,1,0,1,0,0,0.2778,0.0,0,0,3.4194,0,https://yahoo.com/
75,14,2,0,0,1,0,1,0,22,1,1,0.1467,0.0,0,0,4.2643,0,https://blog.quora.com/resources/whitepapers?q=cybersecurity+best+practices
43,8,1,0,0,0,0,1,0,27,0,0,0.1628,0.0,0,0,3.9698,0,https://hulu.com/products/electronics/deals
80,7,1,1,0,0,0,1,0,34,1,2,0.1625,0.075,0,0,4.5962,0,https://zoom.us/article/2026/03/technology-update?q=cybersecurity+best+practices
31,15,2,0,0,1,0,1,0,8,0,0,0.1935,0.0,0,0,3.9937,0,https://www.youtube.com/explore
76,13,1,0,0,0,0,0,0,17,2,0,0.1579,0.0,0,0,4.2674,0,http://microsoft.com/profile/settings?utm_source=newsletter&utm_medium=email
25,17,2,0,0,1,0,1,0,0,0,1,0.2,0.0,0,0,3.6693,0,https://support.apple.com
46,14,1,0,0,0,0,1,0,24,0,0,0.1522,0.0,0,0,4.1785,0,https://cloudflare.com/user/dashboard/overview
28,20,2,0,0,1,0,1,0,0,0,1,0.1786,0.0,0,0,3.8963,0,https://support.facebook.com
35,13,1,0,0,0,0,1,0,14,0,0,0.1714,0.0,0,0,3.9544,0,https://pinterest.com/about/company
68,16,2,0,0,1,0,1,0,20,2,0,0.1765,0.0,0,0,4.4453,0,https://blog.twitter.com/category/news/world?ref=homepage&source=nav
18,10,1,0,0,0,0,1,0,0,0,0,0.2222,0.0,0,0,3.6144,0,https://office.com
40,18,2,0,0,1,0,1,0,14,0,1,0.175,0.0,0,0,3.9439,0,https://support.reddit.com/feed/trending
58,13,1,0,0,0,0,1,0,8,2,0,0.1724,0.1552,0,0,4.5797,0,https://pinterest.com/explore?session_id=983427492&lang=en
26,17,1,0,0,0,0,1,0,1,0,0,0.1923,0.0,0,0,3.998,0,https://stackoverflow.com/
38,18,2,0,0,1,0,1,0,12,0,1,0.1842,0.0,0,0,4.0079,0,https://blog.microsoft.com/support/faq
64,13,1,0,0,0,0,1,0,12,1,1,0.1719,0.0156,0,0,4.2963,0,https://microsoft.com/docs/v2/api?q=cybersecurity+best+practices
34,19,2,0,0,1,0,1,0,7,0,0,0.1765,0.0,0,0,4.1163,0,https://blog.cloudflare.com/search
69,15,2,0,0,1,0,1,0,17,2,0,0.1739,0.1304,0,0,4.5653,0,https://docs.reddit.com/profile/settings?session_id=983427492&lang=en
29,13,2,0,0,1,0,1,0,8,0,0,0.2069,0.0,0,0,3.9783,0,https://www.slack.com/explore
60,9,1,0,0,0,0,1,0,14,2,0,0.1833,0.15,0,0,4.6488,0,https://yahoo.com/feed/trending?session_id=983427492&lang=en
65,11,1,0,0,0,0,1,0,19,2,0,0.1538,0.0,0,0,4.1895,0,https://weather.com/pricing/enterprise?view=compact&filter=active
67,17,2,0,0,1,0,0,0,8,3,0,0.1791,0.0149,0,0,4.4207,0,http://docs.linkedin.com/explore?category=all&page=2&sort=relevance
76,9,2,0,0,0,0,1,0,20,2,0,0.1842,0.0,0,0,4.4586,0,https://bbc.co.uk/category/news/world?utm_source=newsletter&utm_medium=email
66,17,2,0,0,1,0,1,0,12,2,1,0.1818,0.1364,0,0,4.7263,0,https://support.adobe.com/support/faq?session_id=983427492&lang=en
60,18,2,1,0,1,0,1,0,34,0,2,0.1667,0.1,0,0,4.4372,0,https://support.github.com/article/2026/03/technology-update
78,7,1,0,0,0,0,1,0,24,2,0,0.1667,0.0,0,0,4.3994,0,https://nih.gov/user/dashboard/overview?utm_source=newsletter&utm_medium=email
60,11,2,0,0,1,0,1,0,14,2,0,0.1833,0.0,0,0,4.3352,0,https://api.nih.gov/feed/trending?view=compact&filter=active
28,8,1,0,0,0,0,1,0,12,0,1,0.2143,0.0,0,0,3.7979,0,https://hulu.com/support/faq
57,15,2,1,0,1,0,1,0,34,0,1,0.1754,0.1053,0,0,4.3607,0,https://docs.target.com/article/2026/03/technology-update
43,13,2,1,0,1,0,1,0,22,0,0,0.186,0.0,0,0,4.2512,0,https://docs.etsy.com/blog/machine-learning
45,7,2,0,0,0,0,1,0,30,0,0,0.1778,0.0,0,0,4.0199,0,https://nih.gov/download/latest/installer.exe
75,14,2,0,0,1,0,1,0,14,2,0,0.1733,0.0,0,0,4.3908,0,https://api.google.com/about/company?utm_source=newsletter&utm_medium=email
66,12,2,0,0,1,0,1,0,19,2,0,0.1667,0.0,0,0,4.3633,0,https://blog.mit.edu/pricing/enterprise?view=compact&filter=active
57,11,1,0,0,0,0,1,0,14,2,0,0.1754,0.0,0,0,4.4176,0,https://mozilla.org/feed/trending?ref=homepage&source=nav
52,10,1,1,0,0,0,1,0,34,0,1,0.1731,0.1154,0,0,4.3681,0,https://reddit.com/article/2026/03/technology-update
80,19,2,0,0,1,0,1,0,24,2,0,0.1625,0.1125,0,0,4.7139,0,https://blog.healthline.com/user/dashboard/overview?session_id=983427492&lang=en
47,17,2,0,0,1,0,1,0,22,0,1,0.1489,0.0,0,0,3.8613,0,https://support.yahoo.com/resources/whitepapers
49,11,2,0,0,0,0,1,0,30,0,0,0.1633,0.0,0,0,3.9518,0,https://twitter.com/download/latest/installer.exe
41,11,1,0,0,0,0,1,0,22,0,0,0.1463,0.0,0,0,3.7509,0,https://twitter.com/resources/whitepapers
85,16,2,1,0,1,0,1,0,22,2,0,0.1647,0.0,0,0,4.4724,0,https://docs.harvard.edu/blog/machine-learning?utm_source=newsletter&utm_medium=email
52,8,1,0,0,0,0,1,0,1,3,0,0.2115,0.0192,0,0,4.3277,0,https://hulu.com/?category=all&page=2&sort=relevance
73,14,2,0,0,1,0,1,0,6,1,1,0.1644,0.0274,0,0,4.6433,0,https://www.office.com/watch?v=dQw4w9WgXcQ?q=cybersecurity+best+practices
75,12,2,0,0,1,0,1,0,20,3,0,0.1867,0.0133,0,0,4.4445,0,https://blog.mit.edu/category/news/world?category=all&page=2&sort=relevance
79,17,3,0,0,1,0,1,0,30,2,0,0.1646,0.0,0,0,4.3969,0,https://blog.stanford.edu/download/latest/installer.exe?ref=homepage&source=nav
40,12,1,0,0,0,0,1,0,20,0,0,0.175,0.0,0,0,4.2062,0,https://linkedin.com/category/news/world
50,15,2,0,0,1,0,1,0,27,0,0,0.16,0.0,0,0,4.0771,0,https://api.spotify.com/products/electronics/deals
74,25,2,0,0,1,0,1,0,12,2,1,0.1757,0.1351,0,0,4.7595,0,https://support.stackoverflow.com/docs/v2/api?session_id=983427492&lang=en
68,21,2,0,0,1,0,1,0,12,2,1,0.1618,0.0,0,0,4.3429,0,https://support.instagram.com/support/faq?view=compact&filter=active
75,18,2,0,0,1,0,1,0,22,2,1,0.1467,0.0,0,0,4.1939,0,https://support.office.com/resources/whitepapers?view=compact&filter=active
29,13,2,0,0,1,0,1,0,8,0,0,0.2069,0.0,0,0,3.8539,0,https://api.twitch.tv/explore
63,7,1,0,0,0,0,1,0,17,1,1,0.1587,0.0,0,0,4.2705,0,https://mit.edu/profile/settings?q=cybersecurity+best+practices
44,11,1,0,0,0,0,1,0,1,2,0,0.2045,0.0,0,0,4.2522,0,https://harvard.edu/?ref=homepage&source=nav
41,11,1,1,0,0,0,1,0,22,0,0,0.1707,0.0,0,0,4.162,0,https://walmart.com/blog/machine-learning
50,18,2,0,0,1,0,1,0,24,0,1,0.16,0.0,0,0,4.0771,0,https://support.target.com/user/dashboard/overview
56,12,1,0,0,0,0,1,0,1,3,0,0.1964,0.0179,0,0,4.3341,0,https://stanford.edu/?category=all&page=2&sort=relevance
43,11,1,0,0,0,0,1,0,24,0,0,0.1628,0.0,0,0,3.8569,0,https://harvard.edu/user/dashboard/overview
87,16,2,1,0,1,0,1,0,34,2,1,0.1724,0.1724,0,0,4.782,0,https://docs.twitter.com/article/2026/03/technology-update?session_id=983427492&lang=en
80,14,2,0,0,1,0,1,0,27,1,1,0.15,0.0,0,0,4.2525,0,https://api.paypal.com/products/electronics/deals?q=cybersecurity+best+practices
70,13,1,0,0,0,0,1,0,6,2,0,0.1714,0.1571,0,0,4.8486,0,https://instagram.com/watch?v=dQw4w9WgXcQ?session_id=983427492&lang=en
70,14,1,0,0,0,0,1,0,17,1,1,0.1429,0.0,0,0,4.2396,0,https://salesforce.com/profile/settings?q=cybersecurity+best+practices
69,9,2,1,0,0,0,0,0,22,1,1,0.1739,0.0,0,0,4.447,0,http://bbc.co.uk/blog/machine-learning?q=cybersecurity+best+practices
41,19,2,0,0,1,0,1,0,14,0,1,0.1707,0.0,0,0,3.9043,0,https://support.spotify.com/about/company
62,11,1,0,0,0,0,1,0,12,1,2,0.1613,0.0,0,0,4.2977,0,https://dropbox.com/support/faq?q=cybersecurity+best+practices
45,13,1,0,0,0,0,1,0,24,0,0,0.1556,0.0,0,0,4.0702,0,https://pinterest.com/user/dashboard/overview
44,17,2,0,0,1,0,1,0,19,0,0,0.1591,0.0,0,0,4.1464,0,https://blog.facebook.com/pricing/enterprise
23,15,2,0,0,1,0,1,0,0,0,0,0.2174,0.0,0,0,3.7951,0,https://api.weather.com
86,15,2,1,0,1,0,1,0,34,2,1,0.1744,0.1744,0,0,4.7795,0,https://api.nytimes.com/article/2026/03/technology-update?session_id=983427492&lang=en
52,14,2,0,0,0,0,1,0,30,0,0,0.1538,0.0,0,0,4.0091,0,https://salesforce.com/download/latest/installer.exe
79,16,2,0,0,1,0,1,0,20,3,0,0.1772,0.0127,0,0,4.4068,0,https://blog.youtube.com/category/news/world?category=all&page=2&sort=relevance
41,21,2,0,0,1,0,1,0,12,0,1,0.1707,0.0,0,0,4.1012,0,https://www.stackoverflow.com/support/faq
34,19,2,0,0,1,0,1,0,7,0,1,0.1765,0.0,0,0,3.8588,0,https://support.walmart.com/search
33,17,2,0,0,1,0,1,0,8,0,0,0.1818,0.0,0,0,4.0179,0,https://docs.facebook.com/explore
29,9,1,0,0,0,0,1,0,12,0,0,0.2414,0.0345,0,0,3.6435,0,https://twitch.tv/docs/v2/api
22,13,1,0,0,0,0,1,0,1,0,0,0.2273,0.0,0,0,3.5383,0,https://microsoft.com/
39,14,2,0,0,1,0,1,0,17,0,0,0.1795,0.0,0,0,4.1504,0,https://www.amazon.com/profile/settings
83,7,2,0,0,0,0,0,0,30,2,0,0.1687,0.0,0,0,4.2759,0,http://zoom.us/download/latest/installer.exe?utm_source=newsletter&utm_medium=email
20,11,1,0,0,0,0,1,0,1,0,0,0.25,0.0,0,0,3.6464,0,https://weather.com/
59,13,1,0,0,0,0,1,0,14,2,0,0.1695,0.0,0,0,4.3148,0,https://pinterest.com/about/company?ref=homepage&source=nav
22,14,1,0,0,0,0,1,0,0,0,0,0.1818,0.0,0,0,4.0049,0,https://cloudflare.com
69,16,2,0,0,1,0,1,0,14,1,1,0.1594,0.0,0,0,4.3982,0,https://api.linkedin.com/about/company?q=cybersecurity+best+practices
54,7,1,0,0,0,0,1,0,0,2,0,0.1852,0.0,0,0,4.3449,0,https://nih.gov?utm_source=newsletter&utm_medium=email
39,11,1,0,0,0,0,1,0,20,0,0,0.1795,0.0,0,0,4.1385,0,https://dropbox.com/category/news/world
31,15,2,0,0,1,0,1,0,8,0,0,0.1935,0.0,0,0,3.8087,0,https://www.weather.com/explore
43,13,2,1,0,1,0,1,0,22,0,0,0.186,0.0,0,0,4.1002,0,https://api.apple.com/blog/machine-learning
80,10,1,0,0,0,0,1,0,27,3,0,0.1625,0.0125,0,0,4.3359,0,https://amazon.com/products/electronics/deals?category=all&page=2&sort=relevance
53,11,1,1,0,0,0,1,0,34,0,1,0.1698,0.1132,0,0,4.4639,0,https://dropbox.com/article/2026/03/technology-update
41,11,1,1,0,0,0,1,0,22,0,0,0.1707,0.0,0,0,4.1411,0,https://twitter.com/blog/machine-learning
78,16,2,0,0,1,0,1,0,19,3,0,0.1667,0.0128,0,0,4.3292,0,https://api.stanford.edu/pricing/enterprise?category=all&page=2&sort=relevance
82,11,1,1,0,0,0,1,0,34,2,1,0.1707,0.1829,0,0,4.8104,0,https://spotify.com/article/2026/03/technology-update?session_id=983427492&lang=en
65,10,1,0,0,0,0,1,0,12,3,1,0.1846,0.0154,0,0,4.3201,0,https://paypal.com/support/faq?category=all&page=2&sort=relevance
38,10,1,0,0,0,0,1,0,6,1,0,0.1842,0.0526,0,0,4.4644,0,https://medium.com/watch?v=dQw4w9WgXcQ
70,16,2,0,0,1,0,1,0,17,2,0,0.1714,0.1286,0,0,4.6378,0,https://www.linkedin.com/profile/settings?session_id=983427492&lang=en
61,14,2,0,0,1,0,1,0,0,2,0,0.1803,0.0,0,0,4.3088,0,https://api.amazon.com?utm_source=newsletter&utm_medium=email
42,15,2,0,0,1,0,1,0,19,0,0,0.1667,0.0,0,0,4.0051,0,https://www.walmart.com/pricing/enterprise
33,13,2,0,0,1,0,1,0,12,0,0,0.2424,0.0303,0,0,4.003,0,https://blog.imdb.com/docs/v2/api
42,7,1,0,0,0,0,1,0,0,2,0,0.1905,0.0,0,0,4.3297,0,https://zoom.us?view=compact&filter=active
35,15,2,0,0,1,0,1,0,12,0,0,0.2286,0.0286,0,0,3.99,0,https://api.weather.com/docs/v2/api
34,12,2,0,0,1,0,1,0,14,0,0,0.2059,0.0,0,0,4.0064,0,https://www.etsy.com/feed/trending
32,8,1,0,0,0,0,0,0,17,0,0,0.1875,0.0,0,0,4.0,0,http://hulu.com/profile/settings
33,13,1,0,0,0,0,1,0,12,0,1,0.1818,0.0,0,0,3.7865,0,https://microsoft.com/support/faq
86,22,2,0,0,1,0,1,0,17,2,1,0.1512,0.0,0,0,4.2891,0,https://support.healthline.com/profile/settings?utm_source=newsletter&utm_medium=email
57,7,1,0,0,0,0,1,0,7,3,0,0.193,0.0175,0,0,4.2687,0,https://nih.gov/search?category=all&page=2&sort=relevance
41,14,2,0,0,1,0,1,0,19,0,0,0.1707,0.0,0,0,4.0948,0,https://blog.adobe.com/pricing/enterprise
28,8,1,0,0,0,0,1,0,12,0,0,0.25,0.0357,0,0,3.8388,0,https://espn.com/docs/v2/api
37,17,2,0,0,1,0,1,0,12,0,0,0.2162,0.027,0,0,4.0237,0,https://www.pinterest.com/docs/v2/api
70,15,2,0,0,1,0,1,0,12,3,1,0.1857,0.0143,0,0,4.442,0,https://docs.reddit.com/support/faq?category=all&page=2&sort=relevance
72,10,1,0,0,0,0,0,0,6,3,0,0.1806,0.0417,0,0,4.6697,0,http://office.com/watch?v=dQw4w9WgXcQ?category=all&page=2&sort=relevance
41,13,1,0,0,0,0,1,0,6,1,0,0.1707,0.0488,0,0,4.4243,0,https://microsoft.com/watch?v=dQw4w9WgXcQ
48,11,2,0,0,1,0,1,0,0,2,0,0.2083,0.1875,0,0,4.6292,0,https://api.zoom.us?session_id=983427492&lang=en
86,21,2,1,0,1,0,1,0,22,3,0,0.1628,0.0116,0,0,4.5075,0,https://www.stackoverflow.com/blog/machine-learning?category=all&page=2&sort=relevance
66,9,1,0,0,0,0,1,0,22,2,0,0.1515,0.0,0,0,4.2393,0,https://yahoo.com/resources/whitepapers?view=compact&filter=active
42,17,2,0,0,1,0,1,0,17,0,0,0.1667,0.0,0,0,3.9847,0,https://api.instagram.com/profile/settings
66,11,1,0,0,0,0,1,0,20,2,0,0.1667,0.0,0,0,4.4533,0,https://youtube.com/category/news/world?view=compact&filter=active
58,10,1,0,0,0,0,1,0,1,2,0,0.1897,0.0,0,0,4.2969,0,https://github.com/?utm_source=newsletter&utm_medium=email
69,10,1,0,0,0,0,1,0,12,2,0,0.1884,0.0145,0,0,4.3305,0,https://reddit.com/docs/v2/api?utm_source=newsletter&utm_medium=email
44,15,2,0,0,1,0,0,0,22,0,0,0.1591,0.0,0,0,3.8803,0,http://api.harvard.edu/resources/whitepapers
52,14,3,0,0,1,0,1,0,30,0,0,0.1731,0.0,0,0,4.117,0,https://docs.quora.com/download/latest/installer.exe
37,17,2,0,0,1,0,1,0,12,0,0,0.2162,0.027,0,0,3.99,0,https://docs.stanford.edu/docs/v2/api
38,10,1,0,0,0,0,1,0,20,0,0,0.1842,0.0,0,0,3.9984,0,https://google.com/category/news/world
44,17,2,0,0,1,0,1,0,19,0,0,0.1591,0.0,0,0,3.9817,0,https://docs.stanford.edu/pricing/enterprise
40,8,1,0,0,0,0,1,0,24,0,0,0.175,0.0,0,0,4.0873,0,https://imdb.com/user/dashboard/overview
47,12,2,0,0,1,0,1,0,27,0,0,0.1702,0.0,0,0,3.9164,0,https://docs.cnn.com/products/electronics/deals
66,10,1,0,0,0,0,1,0,24,2,0,0.1667,0.0,0,0,4.3512,0,https://office.com/user/dashboard/overview?ref=homepage&source=nav
73,8,2,0,0,0,0,1,0,30,2,0,0.1644,0.0,0,0,4.3082,0,https://etsy.com/download/latest/installer.exe?view=compact&filter=active
43,15,2,0,0,1,0,1,0,6,1,0,0.186,0.0465,0,0,4.4144,0,https://docs.reddit.com/watch?v=dQw4w9WgXcQ
21,12,2,0,0,1,0,1,0,1,0,0,0.2857,0.0,0,0,3.7849,0,https://api.ebay.com/
71,14,2,0,0,1,0,1,0,14,3,0,0.1831,0.0141,0,0,4.3979,0,https://www.google.com/feed/trending?category=all&page=2&sort=relevance
53,9,2,0,0,0,0,1,0,7,2,0,0.2075,0.1698,0,0,4.7349,0,https://bbc.co.uk/search?session_id=983427492&lang=en
72,11,2,0,0,1,0,1,0,14,2,0,0.1806,0.0,0,0,4.3721,0,https://api.zoom.us/about/company?utm_source=newsletter&utm_medium=email
26,18,2,0,0,1,0,1,0,0,0,0,0.1923,0.0,0,0,3.8731,0,https://docs.instagram.com
57,9,1,0,0,0,0,1,0,1,2,0,0.193,0.0,0,0,4.2687,0,https://quora.com/?utm_source=newsletter&utm_medium=email
26,17,2,0,0,1,0,1,0,1,0,1,0.2308,0.0,0,0,3.8151,0,https://support.adobe.com/
58,9,1,0,0,0,0,1,0,17,2,0,0.1724,0.0,0,0,4.3401,0,https://yahoo.com/profile/settings?ref=homepage&source=nav
19,11,2,0,0,1,0,1,0,0,0,0,0.2632,0.0,0,0,3.6163,0,https://api.zoom.us
66,10,1,0,0,0,0,1,0,24,2,0,0.1667,0.0,0,0,4.3194,0,https://target.com/user/dashboard/overview?ref=homepage&source=nav
42,7,1,0,0,0,0,1,0,27,0,0,0.1667,0.0,0,0,3.9284,0,https://cnn.com/products/electronics/deals
79,10,1,0,0,0,0,1,0,22,2,0,0.1519,0.0,0,0,4.2459,0,https://google.com/resources/whitepapers?utm_source=newsletter&utm_medium=email
57,17,1,0,0,0,0,1,0,8,2,0,0.1579,0.0,0,0,4.3646,0,https://stackoverflow.com/explore?ref=homepage&source=nav
77,8,1,1,0,0,0,1,0,22,2,0,0.1688,0.0,0,0,4.4116,0,https://etsy.com/blog/machine-learning?utm_source=newsletter&utm_medium=email
72,16,2,1,0,1,0,0,0,22,2,0,0.1667,0.0,0,0,4.4645,0,http://docs.nytimes.com/blog/machine-learning?view=compact&filter=active
79,10,2,0,0,0,0,1,0,30,1,1,0.1519,0.0,0,0,4.3272,0,https://reddit.com/download/latest/installer.exe?q=cybersecurity+best+practices
41,14,2,0,0,1,0,1,0,19,0,0,0.1707,0.0,0,0,4.0092,0,https://docs.adobe.com/pricing/enterprise
24,9,2,0,0,0,0,1,0,7,0,0,0.25,0.0,0,0,3.7721,0,https://bbc.co.uk/search
43,8,1,0,0,0,0,1,0,27,0,0,0.1628,0.0,0,0,3.9476,0,https://etsy.com/products/electronics/deals
57,15,2,1,0,1,0,1,0,34,0,1,0.1754,0.1053,0,0,4.477,0,https://www.nytimes.com/article/2026/03/technology-update
66,7,1,0,0,0,0,1,0,24,2,0,0.1667,0.0,0,0,4.3262,0,https://mit.edu/user/dashboard/overview?view=compact&filter=active
36,11,1,0,0,0,0,1,0,17,0,0,0.1667,0.0,0,0,3.9931,0,https://weather.com/profile/settings
86,13,1,1,0,0,0,1,0,34,1,2,0.1512,0.0698,0,0,4.4915,0,https://pinterest.com/article/2026/03/technology-update?q=cybersecurity+best+practices
57,13,2,0,0,1,0,1,0,1,3,0,0.2105,0.0175,0,0,4.2996,0,https://api.twitch.tv/?category=all&page=2&sort=relevance
41,13,1,0,0,0,0,1,0,20,0,0,0.1707,0.0,0,0,4.1227,0,https://instagram.com/category/news/world
31,15,2,0,0,1,0,1,0,8,0,0,0.1935,0.0,0,0,3.8213,0,https://docs.google.com/explore
39,11,1,0,0,0,0,1,0,6,1,0,0.1795,0.0513,0,0,4.3555,0,https://weather.com/watch?v=dQw4w9WgXcQ
55,17,3,0,0,1,0,1,0,30,0,0,0.1636,0.0,0,0,4.075,0,https://blog.stanford.edu/download/latest/installer.exe
91,20,2,1,0,1,0,1,0,34,2,2,0.1648,0.1648,0,0,4.803,0,https://support.linkedin.com/article/2026/03/technology-update?session_id=983427492&lang=en
51,16,2,0,0,1,0,1,0,27,0,0,0.1569,0.0,0,0,4.0039,0,https://docs.nytimes.com/products/electronics/deals
39,11,1,0,0,0,0,1,0,6,1,0,0.1795,0.0513,0,0,4.6119,0,https://netflix.com/watch?v=dQw4w9WgXcQ
66,22,2,0,0,1,0,1,0,12,2,1,0.1667,0.0,0,0,4.3324,0,https://support.healthline.com/support/faq?ref=homepage&source=nav
33,17,3,0,0,1,0,1,0,8,0,1,0.2121,0.0,0,0,3.862,0,https://support.bbc.co.uk/explore
66,10,1,0,0,0,0,1,0,24,2,0,0.1667,0.0,0,0,4.4156,0,https://paypal.com/user/dashboard/overview?ref=homepage&source=nav
73,9,1,0,0,0,0,1,0,27,2,0,0.1644,0.1233,0,0,4.5858,0,https://slack.com/products/electronics/deals?session_id=983427492&lang=en
45,18,2,0,0,1,0,1,0,19,0,0,0.1556,0.0,0,0,4.0302,0,https://blog.instagram.com/pricing/enterprise
83,14,2,0,0,1,0,1,0,22,2,0,0.1566,0.0,0,0,4.3612,0,https://blog.yahoo.com/resources/whitepapers?utm_source=newsletter&utm_medium=email
59,21,3,0,0,1,0,1,0,30,0,0,0.1525,0.0,0,0,4.1824,0,https://api.stackoverflow.com/download/latest/installer.exe
44,14,2,1,0,1,0,1,0,22,0,0,0.1818,0.0,0,0,4.1441,0,https://api.paypal.com/blog/machine-learning
82,11,1,1,0,0,0,1,0,34,2,1,0.1707,0.1829,0,0,4.822,0,https://youtube.com/article/2026/03/technology-update?session_id=983427492&lang=en
51,13,2,0,0,0,0,1,0,30,0,0,0.1569,0.0,0,0,4.0431,0,https://wikipedia.org/download/latest/installer.exe
49,11,2,0,0,0,0,1,0,30,0,0,0.1633,0.0,0,0,3.9792,0,https://weather.com/download/latest/installer.exe
71,21,2,0,0,1,0,0,0,12,1,1,0.169,0.0141,0,0,4.4842,0,http://www.stackoverflow.com/docs/v2/api?q=cybersecurity+best+practices
62,7,1,0,0,0,0,1,0,12,3,1,0.1935,0.0161,0,0,4.4437,0,https://mit.edu/support/faq?category=all&page=2&sort=relevance
45,15,2,1,0,1,0,1,0,22,0,0,0.1778,0.0,0,0,4.1722,0,https://api.walmart.com/blog/machine-learning
70,11,1,1,0,0,0,1,0,22,2,0,0.1714,0.1286,0,0,4.6987,0,https://walmart.com/blog/machine-learning?session_id=983427492&lang=en
49,17,2,0,0,1,0,1,0,24,0,1,0.1633,0.0,0,0,4.0046,0,https://support.twitch.tv/user/dashboard/overview
26,11,1,0,0,0,0,1,0,7,0,0,0.1923,0.0,0,0,3.7672,0,https://walmart.com/search
17,9,2,0,0,0,0,1,0,0,0,0,0.2941,0.0,0,0,3.4992,0,https://bbc.co.uk
63,12,1,0,0,0,0,1,0,14,2,0,0.1746,0.1429,0,0,4.5562,0,https://linkedin.com/feed/trending?session_id=983427492&lang=en
79,10,1,0,0,0,0,1,0,22,2,0,0.1519,0.0,0,0,4.2443,0,https://office.com/resources/whitepapers?utm_source=newsletter&utm_medium=email
79,14,2,0,0,1,0,1,0,22,3,0,0.1646,0.0127,0,0,4.306,0,https://www.google.com/resources/whitepapers?category=all&page=2&sort=relevance
86,17,3,0,0,1,0,1,0,30,1,2,0.1512,0.0,0,0,4.3752,0,https://support.yahoo.com/download/latest/installer.exe?q=cybersecurity+best+practices
38,13,2,0,0,1,0,1,0,17,0,0,0.1842,0.0,0,0,3.9016,0,https://api.twitch.tv/profile/settings
35,7,1,0,0,0,0,1,0,6,1,0,0.2,0.0571,0,0,4.3217,0,https://cnn.com/watch?v=dQw4w9WgXcQ
37,16,2,0,0,1,0,0,0,14,0,0,0.1892,0.0,0,0,4.0804,0,http://blog.mozilla.org/feed/trending
61,9,1,0,0,0,0,1,0,6,2,0,0.1803,0.0328,0,0,4.6498,0,https://apple.com/watch?v=dQw4w9WgXcQ?ref=homepage&source=nav
33,18,2,0,0,1,0,1,0,7,0,0,0.1818,0.0,0,0,4.0667,0,https://www.cloudflare.com/search
40,13,2,0,0,1,0,1,0,19,0,0,0.175,0.0,0,0,4.0587,0,https://docs.ebay.com/pricing/enterprise
28,8,1,0,0,0,0,1,0,12,0,0,0.25,0.0357,0,0,3.9642,0,https://ebay.com/docs/v2/api
73,14,2,0,0,1,0,1,0,27,2,0,0.1644,0.0,0,0,4.4279,0,https://www.amazon.com/products/electronics/deals?ref=homepage&source=nav
52,10,1,1,0,0,0,1,0,34,0,1,0.1731,0.1154,0,0,4.3352,0,https://google.com/article/2026/03/technology-update
46,11,1,0,0,0,0,1,0,27,0,0,0.1522,0.0,0,0,4.0109,0,https://nytimes.com/products/electronics/deals
35,13,2,0,0,1,0,1,0,14,0,0,0.2,0.0,0,0,4.2074,0,https://www.quora.com/feed/trending
59,11,1,0,0,0,0,1,0,1,2,0,0.1864,0.0,0,0,4.3075,0,https://spotify.com/?utm_source=newsletter&utm_medium=email
49,14,3,0,0,1,0,1,0,27,0,0,0.1837,0.0,0,0,4.0996,0,https://blog.bbc.co.uk/products/electronics/deals
23,7,1,0,0,0,0,1,0,8,0,0,0.2174,0.0,0,0,3.8164,0,https://mit.edu/explore
70,10,1,0,0,0,0,1,0,17,3,0,0.1714,0.0143,0,0,4.2649,0,https://google.com/profile/settings?category=all&page=2&sort=relevance
67,14,2,0,0,1,0,1,0,14,1,1,0.1642,0.0,0,0,4.4036,0,https://api.google.com/feed/trending?q=cybersecurity+best+practices
35,13,1,0,0,0,0,1,0,14,0,0,0.1714,0.0,0,0,3.9433,0,https://wikipedia.org/feed/trending
70,14,1,0,0,0,0,1,0,19,2,0,0.1571,0.1286,0,0,4.5107,0,https://healthline.com/pricing/enterprise?session_id=983427492&lang=en
52,10,1,1,0,0,0,1,0,34,0,1,0.1731,0.1154,0,0,4.4305,0,https://github.com/article/2026/03/technology-update
47,12,2,0,0,1,0,1,0,27,0,0,0.1702,0.0,0,0,4.0497,0,https://docs.nih.gov/products/electronics/deals
21,12,1,0,0,0,0,1,0,1,0,0,0.2381,0.0,0,0,3.8802,0,https://linkedin.com/
96,22,2,0,0,1,0,1,0,27,2,0,0.1458,0.0,0,0,4.3297,0,https://docs.stackoverflow.com/products/electronics/deals?utm_source=newsletter&utm_medium=email
43,11,1,0,0,0,0,1,0,24,0,0,0.1628,0.0,0,0,4.1734,0,https://mozilla.org/user/dashboard/overview
73,14,1,0,0,0,0,0,0,17,3,0,0.1644,0.0137,0,0,4.3697,0,http://cloudflare.com/profile/settings?category=all&page=2&sort=relevance
89,22,2,0,0,1,0,1,0,6,2,1,0.1573,0.0225,0,0,4.6226,0,https://support.healthline.com/watch?v=dQw4w9WgXcQ?utm_source=newsletter&utm_medium=email
65,11,1,0,0,0,0,1,0,7,2,0,0.1692,0.0,0,0,4.1961,0,https://weather.com/search?utm_source=newsletter&utm_medium=email
48,16,2,0,0,1,0,1,0,24,0,0,0.1667,0.0,0,0,4.0438,0,https://docs.twitter.com/user/dashboard/overview
24,9,1,0,0,0,0,0,0,8,0,0,0.2083,0.0,0,0,3.8868,0,http://slack.com/explore
87,10,2,0,0,0,0,1,0,30,2,0,0.1609,0.0,0,0,4.3446,0,https://github.com/download/latest/installer.exe?utm_source=newsletter&utm_medium=email
35,8,1,0,0,0,0,1,0,19,0,0,0.1714,0.0,0,0,3.9002,0,https://imdb.com/pricing/enterprise
63,14,2,0,0,1,0,1,0,14,2,0,0.1746,0.0,0,0,4.3596,0,https://www.google.com/feed/trending?view=compact&filter=active
81,14,1,0,0,0,0,1,0,24,3,0,0.1605,0.0123,0,0,4.4005,0,https://healthline.com/user/dashboard/overview?category=all&page=2&sort=relevance
42,14,2,0,0,1,0,1,0,20,0,0,0.1905,0.0,0,0,4.1392,0,https://blog.apple.com/category/news/world
45,10,1,0,0,0,0,1,0,27,0,0,0.1556,0.0,0,0,3.9835,0,https://medium.com/products/electronics/deals
79,13,2,0,0,1,0,1,0,27,1,1,0.1519,0.0,0,0,4.3158,0,https://www.adobe.com/products/electronics/deals?q=cybersecurity+best+practices
74,17,2,0,0,1,0,1,0,22,2,0,0.1486,0.0,0,0,4.2598,0,https://api.instagram.com/resources/whitepapers?view=compact&filter=active
80,19,2,0,0,1,0,1,0,22,1,2,0.1375,0.0,0,0,4.1883,0,https://support.dropbox.com/resources/whitepapers?q=cybersecurity+best+practices
82,15,2,0,0,1,0,1,0,6,2,0,0.1707,0.0244,0,0,4.6535,0,https://blog.target.com/watch?v=dQw4w9WgXcQ?utm_source=newsletter&utm_medium=email
70,15,2,0,0,1,0,1,0,12,3,1,0.1857,0.0143,0,0,4.4953,0,https://api.dropbox.com/support/faq?category=all&page=2&sort=relevance
87,14,2,1,0,1,0,1,0,34,1,2,0.1609,0.069,0,0,4.5791,0,https://blog.twitch.tv/article/2026/03/technology-update?q=cybersecurity+best+practices
77,15,2,0,0,1,0,1,0,19,3,0,0.1688,0.013,0,0,4.2659,0,https://blog.target.com/pricing/enterprise?category=all&page=2&sort=relevance
46,15,2,0,0,1,0,0,0,0,2,0,0.1957,0.0,0,0,4.2818,0,http://blog.google.com?ref=homepage&source=nav
29,9,1,0,0,0,0,1,0,12,0,1,0.2069,0.0,0,0,3.9523,0,https://adobe.com/support/faq
83,16,2,0,0,1,0,1,0,20,2,0,0.1687,0.0,0,0,4.404,0,https://api.stanford.edu/category/news/world?utm_source=newsletter&utm_medium=email
37,17,2,0,0,1,0,1,0,12,0,0,0.2162,0.027,0,0,3.9492,0,https://www.microsoft.com/docs/v2/api
33,11,1,0,0,0,0,1,0,14,0,0,0.1818,0.0,0,0,3.9077,0,https://nytimes.com/about/company
71,20,2,0,0,1,0,1,0,12,1,2,0.1549,0.0,0,0,4.2445,0,https://support.facebook.com/support/faq?q=cybersecurity+best+practices
47,14,1,0,0,0,0,1,0,1,2,0,0.1915,0.0,0,0,4.2242,0,https://salesforce.com/?ref=homepage&source=nav
78,9,1,1,0,0,0,1,0,34,2,1,0.1667,0.0769,0,0,4.5166,0,https://twitch.tv/article/2026/03/technology-update?view=compact&filter=active
56,18,3,0,0,1,0,1,0,30,0,1,0.1607,0.0,0,0,4.091,0,https://support.google.com/download/latest/installer.exe
66,15,2,0,0,1,0,1,0,12,1,2,0.1667,0.0,0,0,4.2959,0,https://www.spotify.com/support/faq?q=cybersecurity+best+practices
34,14,2,0,0,1,0,1,0,12,0,0,0.2353,0.0294,0,0,3.8559,0,https://docs.adobe.com/docs/v2/api
50,12,3,0,0,1,0,1,0,30,0,0,0.18,0.0,0,0,4.0391,0,https://api.etsy.com/download/latest/installer.exe
33,13,2,0,0,1,0,1,0,12,0,0,0.2424,0.0303,0,0,3.6741,0,https://www.twitch.tv/docs/v2/api
72,11,2,0,0,1,0,1,0,24,2,0,0.1806,0.125,0,0,4.7219,0,https://www.zoom.us/user/dashboard/overview?session_id=983427492&lang=en
41,11,1,0,0,0,0,1,0,22,0,0,0.1463,0.0,0,0,3.9251,0,https://nytimes.com/resources/whitepapers
43,13,1,0,0,0,0,1,0,22,0,0,0.1395,0.0,0,0,3.9294,0,https://wikipedia.org/resources/whitepapers
50,11,1,0,0,0,0,1,0,0,1,1,0.16,0.0,0,0,4.1689,0,https://spotify.com?q=cybersecurity+best+practices
36,16,2,0,0,1,0,1,0,12,0,0,0.2222,0.0278,0,0,3.9858,0,https://docs.weather.com/docs/v2/api
22,13,1,0,0,0,0,1,0,1,0,0,0.2273,0.0,0,0,3.8454,0,https://wikipedia.org/
24,16,2,0,0,1,0,1,0,0,0,0,0.2083,0.0,0,0,4.0535,0,https://blog.netflix.com
30,10,1,0,0,0,0,1,0,12,0,1,0.2,0.0,0,0,3.9647,0,https://medium.com/support/faq
49,17,2,0,0,1,0,1,0,24,0,0,0.1633,0.0,0,0,4.2649,0,https://blog.facebook.com/user/dashboard/overview
27,19,2,0,0,1,0,1,0,0,0,1,0.1852,0.0,0,0,3.9862,0,https://support.netflix.com
42,12,1,1,0,0,0,1,0,22,0,0,0.1667,0.0,0,0,4.2908,0,https://stanford.edu/blog/machine-learning
34,7,1,0,0,0,0,1,0,19,0,0,0.1765,0.0,0,0,3.7489,0,https://mit.edu/pricing/enterprise
74,7,2,0,0,0,0,1,0,30,2,0,0.1757,0.1216,0,0,4.5322,0,https://nih.gov/download/latest/installer.exe?session_id=983427492&lang=en
47,15,2,0,0,1,0,1,0,24,0,0,0.1702,0.0,0,0,4.1899,0,https://api.spotify.com/user/dashboard/overview
27,19,2,0,0,1,0,1,0,0,0,1,0.1852,0.0,0,0,3.8562,0,https://support.mozilla.org
48,10,2,0,0,0,0,1,0,30,0,0,0.1667,0.0,0,0,4.0724,0,https://medium.com/download/latest/installer.exe
33,11,1,0,0,0,0,1,0,14,0,0,0.1818,0.0,0,0,3.9196,0,https://dropbox.com/about/company
57,13,1,0,0,0,0,1,0,1,3,0,0.193,0.0175,0,0,4.2461,0,https://pinterest.com/?category=all&page=2&sort=relevance
58,16,2,1,0,1,0,1,0,34,0,1,0.1724,0.1034,0,0,4.4288,0,https://blog.youtube.com/article/2026/03/technology-update
74,7,2,0,0,0,0,1,0,30,2,0,0.1757,0.1216,0,0,4.5303,0,https://mit.edu/download/latest/installer.exe?session_id=983427492&lang=en
96,19,2,1,0,1,0,1,0,34,3,1,0.1667,0.0729,0,0,4.506,0,https://docs.healthline.com/article/2026/03/technology-update?category=all&page=2&sort=relevance
40,8,1,0,0,0,0,1,0,24,0,0,0.175,0.0,0,0,4.0939,0,https://espn.com/user/dashboard/overview
32,12,2,0,0,1,0,1,0,12,0,0,0.25,0.0312,0,0,3.9261,0,https://www.imdb.com/docs/v2/api
73,14,2,0,0,1,0,1,0,12,2,0,0.1918,0.0137,0,0,4.4092,0,https://docs.quora.com/docs/v2/api?utm_source=newsletter&utm_medium=email
43,11,1,0,0,0,0,1,0,24,0,0,0.1628,0.0,0,0,4.1734,0,https://spotify.com/user/dashboard/overview
70,16,2,0,0,1,0,1,0,22,2,0,0.1571,0.0,0,0,4.4204,0,https://blog.netflix.com/resources/whitepapers?ref=homepage&source=nav
39,19,2,0,0,1,0,1,0,12,0,0,0.2051,0.0256,0,0,4.1411,0,https://blog.healthline.com/docs/v2/api
79,15,2,0,0,1,0,1,0,17,2,0,0.1646,0.0,0,0,4.36,0,https://api.youtube.com/profile/settings?utm_source=newsletter&utm_medium=email
17,9,1,0,0,0,0,1,0,0,0,0,0.2353,0.0,0,0,3.7345,0,https://adobe.com
56,10,1,0,0,0,0,1,0,14,2,0,0.1786,0.0,0,0,4.2891,0,https://office.com/feed/trending?ref=homepage&source=nav
45,18,2,0,0,1,0,0,0,6,1,0,0.1778,0.0444,0,0,4.447,0,http://www.salesforce.com/watch?v=dQw4w9WgXcQ
88,15,2,1,0,1,0,1,0,34,1,2,0.1591,0.0682,0,0,4.5599,0,https://docs.google.com/article/2026/03/technology-update?q=cybersecurity+best+practices
75,10,1,1,0,0,0,1,0,22,3,0,0.1733,0.0133,0,0,4.3889,0,https://amazon.com/blog/machine-learning?category=all&page=2&sort=relevance
93,16,3,0,0,1,0,1,0,30,2,0,0.1613,0.0,0,0,4.3348,0,https://docs.mozilla.org/download/latest/installer.exe?utm_source=newsletter&utm_medium=email
80,19,2,0,0,1,0,1,0,24,2,0,0.1625,0.1125,0,0,4.6774,0,https://docs.salesforce.com/user/dashboard/overview?session_id=983427492&lang=en
39,9,1,1,0,0,0,1,0,22,0,0,0.1795,0.0,0,0,4.253,0,https://quora.com/blog/machine-learning
64,16,2,0,0,1,0,1,0,1,2,0,0.1875,0.0,0,0,4.2565,0,https://docs.nytimes.com/?utm_source=newsletter&utm_medium=email
44,22,2,0,0,1,0,1,0,14,0,0,0.1591,0.0,0,0,4.209,0,https://docs.stackoverflow.com/about/company
49,19,2,1,0,1,0,1,0,22,0,1,0.1633,0.0,0,0,4.3132,0,https://support.netflix.com/blog/machine-learning
53,21,2,0,0,1,0,1,0,24,0,1,0.1509,0.0,0,0,4.1744,0,https://support.instagram.com/user/dashboard/overview
73,14,1,1,0,0,0,1,0,22,2,0,0.1644,0.1233,0,0,4.7345,0,https://cloudflare.com/blog/machine-learning?session_id=983427492&lang=en
60,11,1,0,0,0,0,1,0,12,2,1,0.1833,0.15,0,0,4.7379,0,https://mozilla.org/support/faq?session_id=983427492&lang=en
40,10,1,1,0,0,0,1,0,22,0,0,0.175,0.0,0,0,4.1964,0,https://reddit.com/blog/machine-learning
46,18,2,0,0,1,0,1,0,6,1,0,0.1739,0.0435,0,0,4.5719,0,https://api.salesforce.com/watch?v=dQw4w9WgXcQ
33,13,2,0,0,1,0,1,0,12,0,0,0.2424,0.0303,0,0,3.7984,0,https://api.yahoo.com/docs/v2/api
44,14,2,1,0,1,0,1,0,22,0,0,0.1818,0.0,0,0,4.1292,0,https://blog.apple.com/blog/machine-learning
37,12,1,0,0,0,0,1,0,17,0,0,0.1622,0.0,0,0,4.0131,0,https://linkedin.com/profile/settings
30,8,1,0,0,0,0,1,0,14,0,0,0.2,0.0,0,0,4.0566,0,https://hulu.com/feed/trending
30,15,2,0,0,1,0,1,0,7,0,0,0.2,0.0,0,0,3.8314,0,https://docs.office.com/search
72,10,1,0,0,0,0,0,0,24,1,1,0.1528,0.0,0,0,4.3033,0,http://target.com/user/dashboard/overview?q=cybersecurity+best+practices
38,11,1,0,0,0,0,1,0,19,0,0,0.1579,0.0,0,0,3.9252,0,https://netflix.com/pricing/enterprise
33,11,2,0,0,1,0,1,0,14,0,0,0.2121,0.0,0,0,3.9683,0,https://api.mit.edu/about/company
81,14,2,0,0,1,0,1,0,6,2,0,0.1728,0.0247,0,0,4.6355,0,https://www.github.com/watch?v=dQw4w9WgXcQ?utm_source=newsletter&utm_medium=email
73,16,2,0,0,1,0,1,0,6,2,0,0.1781,0.1507,0,0,4.8899,0,https://api.stanford.edu/watch?v=dQw4w9WgXcQ?session_id=983427492&lang=en
35,13,1,0,0,0,0,1,0,14,0,0,0.1714,0.0,0,0,3.8973,0,https://microsoft.com/about/company
29,14,2,0,0,1,0,1,0,7,0,0,0.2069,0.0,0,0,3.8664,0,https://api.amazon.com/search
45,17,2,0,0,1,0,1,0,20,0,0,0.1778,0.0,0,0,4.189,0,https://blog.stanford.edu/category/news/world
75,12,1,0,0,0,0,1,0,20,3,0,0.1733,0.0133,0,0,4.3906,0,https://facebook.com/category/news/world?category=all&page=2&sort=relevance
38,16,2,0,0,1,0,1,0,14,0,1,0.1842,0.0,0,0,3.8699,0,https://support.espn.com/about/company
79,13,3,0,0,1,0,1,0,19,2,0,0.1772,0.0,0,0,4.3794,0,https://api.bbc.co.uk/pricing/enterprise?utm_source=newsletter&utm_medium=email
75,14,2,0,0,1,0,1,0,14,2,0,0.1733,0.0,0,0,4.368,0,https://docs.quora.com/feed/trending?utm_source=newsletter&utm_medium=email
33,17,1,0,0,0,0,1,0,8,0,0,0.1515,0.0,0,0,4.0667,0,https://stackoverflow.com/explore
44,14,2,0,0,1,0,1,0,22,0,0,0.1591,0.0,0,0,3.9057,0,https://www.reddit.com/resources/whitepapers
51,14,2,0,0,1,0,1,0,0,2,0,0.1961,0.1765,0,0,4.6868,0,https://www.target.com?session_id=983427492&lang=en
64,10,1,0,0,0,0,0,0,20,2,0,0.1719,0.0,0,0,4.3972,0,http://amazon.com/category/news/world?view=compact&filter=active
88,11,2,0,0,0,0,1,0,30,2,0,0.1591,0.0,0,0,4.283,0,https://harvard.edu/download/latest/installer.exe?utm_source=newsletter&utm_medium=email
68,13,1,0,0,0,0,1,0,12,3,1,0.1765,0.0147,0,0,4.3904,0,https://instagram.com/support/faq?category=all&page=2&sort=relevance
65,18,2,0,0,1,0,1,0,12,2,0,0.1846,0.0154,0,0,4.2429,0,https://docs.microsoft.com/docs/v2/api?view=compact&filter=active
46,13,2,0,0,1,0,1,0,1,2,0,0.2174,0.0,0,0,4.3794,0,https://docs.ebay.com/?ref=homepage&source=nav
52,13,2,0,0,1,0,1,0,7,2,0,0.1923,0.0,0,0,4.3681,0,https://blog.ebay.com/search?ref=homepage&source=nav
87,16,2,0,0,1,0,1,0,24,2,1,0.1609,0.0,0,0,4.3924,0,https://support.ebay.com/user/dashboard/overview?utm_source=newsletter&utm_medium=email
62,18,2,0,0,1,0,1,0,12,2,1,0.1774,0.0,0,0,4.4263,0,https://blog.instagram.com/support/faq?ref=homepage&source=nav
67,13,2,1,0,1,0,1,0,22,2,0,0.1791,0.0,0,0,4.4521,0,https://blog.hulu.com/blog/machine-learning?ref=homepage&source=nav
64,10,1,0,0,0,0,1,0,19,2,0,0.1562,0.0,0,0,4.2747,0,https://medium.com/pricing/enterprise?view=compact&filter=active
66,13,1,0,0,0,0,1,0,14,1,1,0.1515,0.0,0,0,4.3453,0,https://wikipedia.org/feed/trending?q=cybersecurity+best+practices
67,14,2,0,0,1,0,1,0,14,1,1,0.1642,0.0,0,0,4.2894,0,https://api.office.com/about/company?q=cybersecurity+best+practices
33,14,2,0,0,1,0,0,0,12,0,0,0.2424,0.0303,0,0,3.9573,0,http://api.github.com/docs/v2/api
34,18,2,0,0,1,0,1,0,8,0,0,0.1765,0.0,0,0,3.9398,0,https://api.salesforce.com/explore
30,11,1,0,0,0,0,0,0,12,0,1,0.2,0.0,0,0,3.8062,0,http://harvard.edu/support/faq
39,17,2,0,0,1,0,1,0,14,0,1,0.1795,0.0,0,0,3.8721,0,https://support.quora.com/about/company
54,19,2,0,0,1,0,1,0,27,0,0,0.1481,0.0,0,0,4.1032,0,https://blog.healthline.com/products/electronics/deals
35,19,2,0,0,1,0,1,0,8,0,1,0.1714,0.0,0,0,3.8973,0,https://support.spotify.com/explore
73,10,1,0,0,0,0,1,0,24,1,1,0.1507,0.0,0,0,4.2699,0,https://reddit.com/user/dashboard/overview?q=cybersecurity+best+practices
57,10,1,0,0,0,0,1,0,12,2,0,0.193,0.0175,0,0,4.2691,0,https://target.com/docs/v2/api?view=compact&filter=active
57,11,1,0,0,0,0,1,0,14,2,0,0.1754,0.0,0,0,4.355,0,https://nytimes.com/about/company?ref=homepage&source=nav
47,9,2,0,0,0,0,1,0,30,0,0,0.1702,0.0,0,0,3.9652,0,https://apple.com/download/latest/installer.exe
70,16,2,1,0,1,0,1,0,22,2,1,0.1714,0.0,0,0,4.5057,0,https://support.imdb.com/blog/machine-learning?ref=homepage&source=nav
51,19,2,0,0,1,0,1,0,24,0,1,0.1569,0.0,0,0,4.0355,0,https://support.twitter.com/user/dashboard/overview
34,12,2,0,0,1,0,1,0,14,0,0,0.2059,0.0,0,0,3.9398,0,https://docs.nih.gov/feed/trending
38,11,1,0,0,0,0,1,0,19,0,0,0.1579,0.0,0,0,3.85,0,https://weather.com/pricing/enterprise
26,7,1,0,0,0,0,0,0,12,0,1,0.2308,0.0,0,0,3.8253,0,http://mit.edu/support/faq
32,10,1,0,0,0,0,1,0,14,0,0,0.1875,0.0,0,0,3.8903,0,https://office.com/feed/trending
43,15,2,0,0,1,0,1,0,20,0,0,0.186,0.0,0,0,4.1161,0,https://www.dropbox.com/category/news/world
64,10,1,0,0,0,0,1,0,7,2,0,0.1719,0.0,0,0,4.3094,0,https://github.com/search?utm_source=newsletter&utm_medium=email
89,12,2,1,0,1,0,1,0,34,3,1,0.1798,0.0787,0,0,4.6031,0,https://api.imdb.com/article/2026/03/technology-update?category=all&page=2&sort=relevance
73,8,1,0,0,0,0,1,0,22,3,0,0.1644,0.0137,0,0,4.3136,0,https://ebay.com/resources/whitepapers?category=all&page=2&sort=relevance
40,12,2,0,0,1,0,1,0,6,1,0,0.2,0.05,0,0,4.3776,0,https://www.ebay.com/watch?v=dQw4w9WgXcQ
38,8,1,1,0,0,0,1,0,22,0,0,0.1842,0.0,0,0,4.1883,0,https://etsy.com/blog/machine-learning
52,14,2,0,0,0,0,1,0,30,0,0,0.1538,0.0,0,0,4.088,0,https://cloudflare.com/download/latest/installer.exe
33,13,2,0,0,1,0,1,0,12,0,1,0.2121,0.0,0,0,3.9077,0,https://docs.espn.com/support/faq
60,13,1,0,0,0,0,1,0,12,2,0,0.1833,0.0167,0,0,4.3339,0,https://wikipedia.org/docs/v2/api?view=compact&filter=active
38,18,2,0,0,1,0,1,0,12,0,1,0.2105,0.0263,0,0,4.0182,0,https://support.google.com/docs/v2/api
74,15,2,0,0,1,0,1,0,27,2,0,0.1622,0.0,0,0,4.3487,0,https://www.weather.com/products/electronics/deals?ref=homepage&source=nav
65,11,1,0,0,0,0,1,0,22,2,0,0.1538,0.0,0,0,4.2121,0,https://harvard.edu/resources/whitepapers?ref=homepage&source=nav
36,8,1,0,0,0,0,1,0,20,0,0,0.1944,0.0,0,0,4.1944,0,https://imdb.com/category/news/world
64,11,1,0,0,0,0,1,0,14,1,1,0.1562,0.0,0,0,4.3103,0,https://dropbox.com/about/company?q=cybersecurity+best+practices
63,8,1,0,0,0,0,1,0,12,3,1,0.1905,0.0159,0,0,4.5194,0,https://imdb.com/support/faq?category=all&page=2&sort=relevance
39,11,1,0,0,0,0,1,0,6,1,0,0.1795,0.0513,0,0,4.3555,0,https://walmart.com/watch?v=dQw4w9WgXcQ
49,19,2,0,0,1,0,1,0,22,0,0,0.1429,0.0,0,0,4.0375,0,https://blog.salesforce.com/resources/whitepapers
14,7,1,0,0,0,0,0,0,0,0,0,0.2857,0.0,0,0,3.3249,0,http://mit.edu
27,12,2,0,0,1,0,1,0,7,0,0,0.2222,0.0,0,0,3.8562,0,https://www.hulu.com/search
84,19,2,0,0,1,0,1,0,22,3,1,0.1548,0.0119,0,0,4.3215,0,https://support.mozilla.org/resources/whitepapers?category=all&page=2&sort=relevance
42,15,2,0,0,1,0,1,0,19,0,0,0.1667,0.0,0,0,3.9011,0,https://docs.target.com/pricing/enterprise
84,18,2,1,0,1,0,1,0,34,2,2,0.1667,0.0714,0,0,4.5632,0,https://support.google.com/article/2026/03/technology-update?ref=homepage&source=nav
49,11,1,0,0,0,0,1,0,1,2,0,0.2041,0.1837,0,0,4.6959,0,https://walmart.com/?session_id=983427492&lang=en
31,16,2,0,0,1,0,1,0,7,0,1,0.1935,0.0,0,0,3.9536,0,https://support.imdb.com/search
35,7,1,0,0,0,0,1,0,20,0,0,0.2,0.0,0,0,4.0256,0,https://cnn.com/category/news/world
76,22,2,0,0,1,0,1,0,7,2,1,0.1579,0.0,0,0,4.2507,0,https://support.healthline.com/search?utm_source=newsletter&utm_medium=email
82,15,2,0,0,1,0,1,0,24,3,0,0.1707,0.0122,0,0,4.4893,0,https://blog.medium.com/user/dashboard/overview?category=all&page=2&sort=relevance
45,15,2,0,0,1,0,1,0,22,0,0,0.1556,0.0,0,0,4.1001,0,https://blog.office.com/resources/whitepapers
65,17,1,0,0,0,0,1,0,1,2,0,0.1692,0.0,0,0,4.3634,0,https://stackoverflow.com/?utm_source=newsletter&utm_medium=email
69,8,1,0,0,0,0,1,0,14,2,0,0.1739,0.0,0,0,4.2861,0,https://etsy.com/feed/trending?utm_source=newsletter&utm_medium=email
29,21,2,0,0,1,0,1,0,0,0,0,0.1724,0.0,0,0,4.1163,0,https://api.stackoverflow.com
38,13,1,0,0,0,0,1,0,17,0,0,0.1579,0.0,0,0,3.8,0,https://pinterest.com/profile/settings
67,11,2,0,0,1,0,1,0,17,1,1,0.1642,0.0,0,0,4.3604,0,https://www.mit.edu/profile/settings?q=cybersecurity+best+practices
68,14,2,0,0,1,0,1,0,7,2,0,0.1765,0.0,0,0,4.3919,0,https://blog.quora.com/search?utm_source=newsletter&utm_medium=email
54,16,3,0,0,1,0,1,0,30,0,0,0.1667,0.0,0,0,4.0631,0,https://docs.netflix.com/download/latest/installer.exe
41,14,1,0,0,0,0,1,0,19,0,0,0.1463,0.0,0,0,3.8788,0,https://healthline.com/pricing/enterprise
49,11,2,0,0,0,0,1,0,30,0,0,0.1633,0.0,0,0,3.9851,0,https://walmart.com/download/latest/installer.exe
39,9,1,1,0,0,0,1,0,22,0,0,0.1795,0.0,0,0,4.1604,0,https://twitch.tv/blog/machine-learning
54,9,1,0,0,0,0,1,0,8,2,0,0.1852,0.1667,0,0,4.764,0,https://quora.com/explore?session_id=983427492&lang=en
42,17,2,0,0,1,0,1,0,17,0,1,0.1667,0.0,0,0,3.8982,0,https://support.twitch.tv/profile/settings
48,10,2,0,0,0,0,1,0,30,0,0,0.1667,0.0,0,0,4.1811,0,https://github.com/download/latest/installer.exe
79,15,2,0,0,1,0,1,0,27,2,0,0.1646,0.1139,0,0,4.5953,0,https://api.nytimes.com/products/electronics/deals?session_id=983427492&lang=en
48,13,1,0,0,0,0,1,0,0,2,0,0.1667,0.0,0,0,4.2721,0,https://instagram.com?view=compact&filter=active
28,12,2,0,0,1,0,1,0,8,0,0,0.2143,0.0,0,0,3.8424,0,https://www.espn.com/explore
65,8,1,0,0,0,0,1,0,6,2,0,0.1846,0.1692,0,0,4.8278,0,https://espn.com/watch?v=dQw4w9WgXcQ?session_id=983427492&lang=en
71,17,1,1,0,0,0,1,0,22,2,0,0.1549,0.0,0,0,4.4976,0,https://stackoverflow.com/blog/machine-learning?ref=homepage&source=nav
42,17,2,0,0,1,0,1,0,17,0,0,0.1667,0.0,0,0,4.08,0,https://blog.stanford.edu/profile/settings
53,9,1,0,0,0,0,1,0,12,2,1,0.1887,0.0,0,0,4.2678,0,https://apple.com/support/faq?ref=homepage&source=nav
33,11,1,0,0,0,0,1,0,14,0,0,0.1818,0.0,0,0,3.9653,0,https://weather.com/feed/trending
54,9,1,0,0,0,0,1,0,8,2,0,0.1852,0.1667,0,0,4.6831,0,https://twitch.tv/explore?session_id=983427492&lang=en
38,13,1,0,0,0,0,1,0,17,0,0,0.1579,0.0,0,0,3.8699,0,https://microsoft.com/profile/settings
44,11,1,0,0,0,0,1,0,1,2,0,0.2045,0.0,0,0,4.4168,0,https://netflix.com/?ref=homepage&source=nav
47,12,2,0,0,1,0,1,0,0,2,0,0.1915,0.0,0,0,4.2702,0,https://api.ebay.com?view=compact&filter=active
32,17,2,0,0,1,0,1,0,7,0,1,0.1875,0.0,0,0,3.7335,0,https://support.twitch.tv/search
57,17,2,0,0,1,0,1,0,8,2,0,0.1754,0.0,0,0,4.341,0,https://docs.stanford.edu/explore?ref=homepage&source=nav
33,18,2,0,0,1,0,1,0,7,0,1,0.1818,0.0,0,0,3.8997,0,https://support.medium.com/search
62,8,1,1,0,0,0,1,0,22,2,0,0.1774,0.0,0,0,4.4536,0,https://ebay.com/blog/machine-learning?ref=homepage&source=nav
53,18,2,0,0,1,0,1,0,27,0,0,0.1509,0.0,0,0,4.0419,0,https://docs.instagram.com/products/electronics/deals
37,15,2,0,0,1,0,1,0,14,0,0,0.1892,0.0,0,0,4.1416,0,https://blog.github.com/feed/trending
46,11,1,0,0,0,0,1,0,27,0,0,0.1522,0.0,0,0,3.9416,0,https://twitter.com/products/electronics/deals
78,11,1,0,0,0,0,1,0,24,3,0,0.1667,0.0128,0,0,4.452,0,https://nytimes.com/user/dashboard/overview?category=all&page=2&sort=relevance
23,14,1,0,0,0,0,1,0,1,0,0,0.2174,0.0,0,0,3.969,0,https://cloudflare.com/
45,17,2,0,0,1,0,1,0,20,0,0,0.1778,0.0,0,0,4.0898,0,https://www.microsoft.com/category/news/world
53,11,1,1,0,0,0,1,0,34,0,1,0.1698,0.1132,0,0,4.4064,0,https://walmart.com/article/2026/03/technology-update
22,13,2,0,0,1,0,1,0,1,0,0,0.2727,0.0,0,0,3.6069,0,https://docs.hulu.com/
46,10,1,0,0,0,0,1,0,1,2,0,0.1957,0.0,0,0,4.2384,0,https://google.com/?view=compact&filter=active
30,15,2,0,0,1,0,1,0,7,0,0,0.2,0.0,0,0,3.9899,0,https://api.mozilla.org/search
62,12,2,0,0,1,0,1,0,7,3,0,0.1935,0.0161,0,0,4.3124,0,https://www.espn.com/search?category=all&page=2&sort=relevance
44,16,2,0,0,1,0,1,0,6,1,0,0.1818,0.0455,0,0,4.5555,0,https://api.facebook.com/watch?v=dQw4w9WgXcQ
77,15,2,0,0,1,0,1,0,19,3,0,0.1688,0.013,0,0,4.4054,0,https://www.netflix.com/pricing/enterprise?category=all&page=2&sort=relevance
53,8,1,0,0,0,0,1,0,8,2,0,0.1887,0.1698,0,0,4.7276,0,https://imdb.com/explore?session_id=983427492&lang=en
30,9,1,0,0,0,0,0,0,14,0,0,0.2,0.0,0,0,3.9647,0,http://yahoo.com/feed/trending
39,17,2,0,0,1,0,1,0,14,0,0,0.1795,0.0,0,0,4.1698,0,https://api.wikipedia.org/about/company
73,14,2,0,0,1,0,1,0,12,2,0,0.1918,0.0137,0,0,4.4326,0,https://www.office.com/docs/v2/api?utm_source=newsletter&utm_medium=email
53,15,2,0,0,1,0,1,0,1,2,0,0.2075,0.1698,0,0,4.5982,0,https://api.nytimes.com/?session_id=983427492&lang=en
45,18,2,0,0,1,0,1,0,19,0,0,0.1556,0.0,0,0,4.047,0,https://blog.wikipedia.org/pricing/enterprise
78,11,1,0,0,0,0,1,0,20,2,0,0.1667,0.0,0,0,4.2759,0,https://twitter.com/category/news/world?utm_source=newsletter&utm_medium=email
51,16,2,0,0,1,0,1,0,27,0,0,0.1569,0.0,0,0,4.0212,0,https://docs.walmart.com/products/electronics/deals
38,16,2,0,0,1,0,1,0,14,0,0,0.1842,0.0,0,0,4.0503,0,https://docs.netflix.com/feed/trending
40,13,1,0,0,0,0,1,0,19,0,0,0.15,0.0,0,0,3.8276,0,https://microsoft.com/pricing/enterprise
19,11,1,0,0,0,0,1,0,0,0,0,0.2105,0.0,0,0,3.6819,0,https://walmart.com
35,15,2,0,0,1,0,1,0,12,0,1,0.2,0.0,0,0,4.022,0,https://api.nytimes.com/support/faq
56,14,2,1,0,1,0,1,0,34,0,1,0.1786,0.1071,0,0,4.419,0,https://docs.slack.com/article/2026/03/technology-update
83,13,2,0,0,1,0,1,0,27,3,0,0.1687,0.012,0,0,4.3494,0,https://www.apple.com/products/electronics/deals?category=all&page=2&sort=relevance
69,10,1,0,0,0,0,1,0,27,2,0,0.1594,0.0,0,0,4.3395,0,https://paypal.com/products/electronics/deals?ref=homepage&source=nav
35,15,2,0,0,1,0,1,0,12,0,1,0.2,0.0,0,0,4.0716,0,https://www.mozilla.org/support/faq
84,17,2,0,0,1,0,1,0,6,2,1,0.1667,0.0238,0,0,4.6689,0,https://support.yahoo.com/watch?v=dQw4w9WgXcQ?utm_source=newsletter&utm_medium=email
70,17,2,0,0,1,0,1,0,14,1,1,0.1571,0.0,0,0,4.3538,0,https://api.wikipedia.org/feed/trending?q=cybersecurity+best+practices
72,11,1,0,0,0,0,1,0,22,1,1,0.1389,0.0,0,0,4.282,0,https://mozilla.org/resources/whitepapers?q=cybersecurity+best+practices
33,13,2,0,0,1,0,1,0,12,0,0,0.2424,0.0303,0,0,3.689,0,https://api.twitch.tv/docs/v2/api
73,13,1,0,0,0,0,0,0,14,2,0,0.1644,0.0,0,0,4.283,0,http://microsoft.com/feed/trending?utm_source=newsletter&utm_medium=email
25,9,1,0,0,0,0,1,0,8,0,0,0.2,0.0,0,0,3.9435,0,https://quora.com/explore
79,18,2,0,0,1,0,1,0,22,1,2,0.1392,0.0,0,0,4.1127,0,https://support.target.com/resources/whitepapers?q=cybersecurity+best+practices
19,11,1,0,0,0,0,1,0,0,0,0,0.2105,0.0,0,0,3.6819,0,https://nytimes.com
62,19,2,0,0,1,0,1,0,0,3,1,0.1774,0.0161,0,0,4.3425,0,https://support.mozilla.org?category=all&page=2&sort=relevance
63,7,1,0,0,0,0,1,0,19,2,0,0.1746,0.1429,0,0,4.5906,0,https://zoom.us/pricing/enterprise?session_id=983427492&lang=en
58,14,1,0,0,0,0,1,0,12,2,1,0.1724,0.0,0,0,4.3576,0,https://healthline.com/support/faq?ref=homepage&source=nav
74,11,2,0,0,1,0,1,0,24,1,1,0.1622,0.0,0,0,4.3761,0,https://api.cnn.com/user/dashboard/overview?q=cybersecurity+best+practices
56,18,2,0,0,1,0,1,0,1,2,0,0.1964,0.1607,0,0,4.6755,0,https://blog.wikipedia.org/?session_id=983427492&lang=en
35,9,1,0,0,0,0,0,0,19,0,0,0.1714,0.0,0,0,3.8186,0,http://apple.com/pricing/enterprise
81,10,1,0,0,0,0,1,0,24,2,0,0.1605,0.0,0,0,4.4063,0,https://paypal.com/user/dashboard/overview?utm_source=newsletter&utm_medium=email
32,12,1,0,0,0,0,1,0,12,0,1,0.1875,0.0,0,0,3.9528,0,https://facebook.com/support/faq
76,14,2,0,0,1,0,1,0,27,2,0,0.1579,0.0,0,0,4.2703,0,https://api.office.com/products/electronics/deals?view=compact&filter=active
45,15,2,0,0,1,0,1,0,22,0,0,0.1556,0.0,0,0,4.0171,0,https://api.dropbox.com/resources/whitepapers
78,15,2,0,0,1,0,1,0,20,3,0,0.1795,0.0128,0,0,4.4417,0,https://api.dropbox.com/category/news/world?category=all&page=2&sort=relevance
73,16,2,1,0,1,0,1,0,22,2,0,0.1644,0.0,0,0,4.5184,0,https://blog.harvard.edu/blog/machine-learning?view=compact&filter=active
82,12,1,0,0,0,0,1,0,27,3,0,0.1585,0.0122,0,0,4.2915,0,https://stanford.edu/products/electronics/deals?category=all&page=2&sort=relevance
27,12,2,0,0,1,0,1,0,7,0,0,0.2222,0.0,0,0,4.0043,0,https://blog.zoom.us/search
71,12,1,0,0,0,0,1,0,12,2,0,0.1831,0.0141,0,0,4.3925,0,https://stanford.edu/docs/v2/api?utm_source=newsletter&utm_medium=email
78,11,1,0,0,0,0,1,0,24,3,0,0.1667,0.0128,0,0,4.4386,0,https://youtube.com/user/dashboard/overview?category=all&page=2&sort=relevance
35,14,1,0,0,0,0,0,0,14,0,0,0.1714,0.0,0,0,4.036,0,http://cloudflare.com/about/company
33,13,2,0,0,1,0,1,0,12,0,1,0.2121,0.0,0,0,4.0061,0,https://api.adobe.com/support/faq
75,12,2,0,0,1,0,1,0,20,3,0,0.1867,0.0133,0,0,4.374,0,https://docs.nih.gov/category/news/world?category=all&page=2&sort=relevance
32,10,1,0,0,0,0,1,0,14,0,0,0.1875,0.0,0,0,3.9528,0,https://office.com/about/company
73,21,2,0,0,1,0,1,0,6,2,0,0.1644,0.0274,0,0,4.6417,0,https://www.stackoverflow.com/watch?v=dQw4w9WgXcQ?ref=homepage&source=nav
41,21,2,0,0,1,0,1,0,12,0,1,0.1951,0.0244,0,0,4.0132,0,https://support.instagram.com/docs/v2/api
41,16,2,0,0,1,0,1,0,17,0,0,0.1707,0.0,0,0,3.9739,0,https://docs.spotify.com/profile/settings
38,18,2,0,0,1,0,1,0,12,0,0,0.2105,0.0263,0,0,4.051,0,https://blog.microsoft.com/docs/v2/api
17,9,1,0,0,0,0,1,0,0,0,0,0.2353,0.0,0,0,3.4548,0,https://yahoo.com
36,16,2,0,0,1,0,1,0,12,0,0,0.2222,0.0278,0,0,4.2499,0,https://blog.netflix.com/docs/v2/api
42,12,2,1,0,1,0,1,0,22,0,0,0.1905,0.0,0,0,4.2072,0,https://api.etsy.com/blog/machine-learning
45,14,2,0,0,1,0,0,0,24,0,0,0.1778,0.0,0,0,4.1504,0,http://www.office.com/user/dashboard/overview
43,16,2,0,0,1,0,1,0,19,0,0,0.1628,0.0,0,0,3.9698,0,https://docs.weather.com/pricing/enterprise
35,7,1,0,0,0,0,1,0,20,0,0,0.2,0.0,0,0,4.1259,0,https://nih.gov/category/news/world
57,7,1,0,0,0,0,1,0,7,3,0,0.193,0.0175,0,0,4.2319,0,https://cnn.com/search?category=all&page=2&sort=relevance
53,18,2,0,0,1,0,1,0,27,0,0,0.1509,0.0,0,0,4.0915,0,https://docs.wikipedia.org/products/electronics/deals
48,21,2,0,0,1,0,1,0,19,0,1,0.1458,0.0,0,0,3.7309,0,https://support.pinterest.com/pricing/enterprise
29,14,2,0,0,1,0,1,0,7,0,0,0.2069,0.0,0,0,3.9094,0,https://api.medium.com/search
77,14,2,0,0,1,0,1,0,6,3,0,0.1818,0.039,0,0,4.6711,0,https://blog.slack.com/watch?v=dQw4w9WgXcQ?category=all&page=2&sort=relevance
47,9,2,0,0,0,0,1,0,30,0,0,0.1702,0.0,0,0,4.1083,0,https://quora.com/download/latest/installer.exe
68,11,2,1,0,1,0,1,0,22,2,0,0.1765,0.0,0,0,4.3746,0,https://api.cnn.com/blog/machine-learning?view=compact&filter=active
72,15,2,0,0,1,0,1,0,14,3,0,0.1806,0.0139,0,0,4.4767,0,https://blog.medium.com/feed/trending?category=all&page=2&sort=relevance
59,10,1,0,0,0,0,1,0,14,2,0,0.1695,0.0,0,0,4.376,0,https://google.com/about/company?view=compact&filter=active
45,15,2,0,0,1,0,1,0,22,0,0,0.1556,0.0,0,0,4.0892,0,https://blog.reddit.com/resources/whitepapers
58,7,1,0,0,0,0,1,0,8,3,0,0.1897,0.0172,0,0,4.2947,0,https://nih.gov/explore?category=all&page=2&sort=relevance
64,15,2,0,0,1,0,1,0,14,2,0,0.1719,0.0,0,0,4.4605,0,https://blog.amazon.com/feed/trending?view=compact&filter=active
35,19,2,0,0,1,0,1,0,8,0,1,0.1714,0.0,0,0,3.8646,0,https://support.harvard.edu/explore
24,15,2,0,0,1,0,1,0,1,0,0,0.25,0.0,0,0,3.7406,0,https://www.youtube.com/
28,19,2,0,0,1,0,1,0,1,0,0,0.2143,0.0,0,0,3.9138,0,https://blog.healthline.com/
85,18,2,0,0,1,0,1,0,6,2,1,0.1647,0.0235,0,0,4.6707,0,https://support.amazon.com/watch?v=dQw4w9WgXcQ?utm_source=newsletter&utm_medium=email
60,11,1,0,0,0,0,1,0,12,2,1,0.1833,0.15,0,0,4.7757,0,https://walmart.com/support/faq?session_id=983427492&lang=en
42,15,2,0,0,1,0,1,0,19,0,1,0.1667,0.0,0,0,3.8059,0,https://support.cnn.com/pricing/enterprise
39,11,1,0,0,0,0,1,0,20,0,0,0.1795,0.0,0,0,4.2311,0,https://netflix.com/category/news/world
37,9,1,0,0,0,0,1,0,6,1,0,0.1892,0.0541,0,0,4.3915,0,https://slack.com/watch?v=dQw4w9WgXcQ
70,13,2,0,0,1,0,1,0,20,2,0,0.1857,0.1286,0,0,4.7192,0,https://api.adobe.com/category/news/world?session_id=983427492&lang=en
26,10,1,0,0,0,0,1,0,8,0,0,0.1923,0.0,0,0,3.8441,0,https://reddit.com/explore
30,8,1,0,0,0,0,1,0,14,0,0,0.2,0.0,0,0,3.8314,0,https://ebay.com/about/company
53,9,1,0,0,0,0,1,0,12,2,0,0.2075,0.0189,0,0,4.3865,0,https://adobe.com/docs/v2/api?ref=homepage&source=nav
33,17,2,0,0,1,0,1,0,8,0,0,0.1818,0.0,0,0,4.0667,0,https://docs.linkedin.com/explore
24,8,1,0,0,0,0,1,0,8,0,0,0.2083,0.0,0,0,3.9702,0,https://imdb.com/explore
62,7,1,0,0,0,0,1,0,8,2,0,0.1774,0.0,0,0,4.1949,0,https://mit.edu/explore?utm_source=newsletter&utm_medium=email
38,11,1,0,0,0,0,1,0,19,0,0,0.1579,0.0,0,0,3.7146,0,https://twitter.com/pricing/enterprise
39,12,2,0,0,1,0,1,0,19,0,0,0.1795,0.0,0,0,3.9385,0,https://blog.cnn.com/pricing/enterprise
26,11,1,0,0,0,0,1,0,7,0,0,0.1923,0.0,0,0,3.6612,0,https://weather.com/search
84,18,2,0,0,1,0,1,0,27,1,2,0.1429,0.0,0,0,4.2673,0,https://support.google.com/products/electronics/deals?q=cybersecurity+best+practices
66,11,1,0,0,0,0,1,0,8,2,0,0.1667,0.0,0,0,4.2516,0,https://walmart.com/explore?utm_source=newsletter&utm_medium=email
38,10,1,0,0,0,0,1,0,6,1,0,0.1842,0.0526,0,0,4.4515,0,https://office.com/watch?v=dQw4w9WgXcQ
48,18,2,0,0,1,0,1,0,22,0,0,0.1458,0.0,0,0,4.0323,0,https://docs.instagram.com/resources/whitepapers
31,15,2,0,0,1,0,1,0,8,0,0,0.1935,0.0,0,0,4.0181,0,https://blog.reddit.com/explore
38,16,2,0,0,1,0,1,0,14,0,1,0.1842,0.0,0,0,3.8795,0,https://support.hulu.com/about/company
30,8,1,0,0,0,0,1,0,14,0,0,0.2,0.0,0,0,3.8314,0,https://hulu.com/about/company
82,16,2,1,0,1,0,1,0,34,2,1,0.1707,0.0732,0,0,4.6001,0,https://docs.harvard.edu/article/2026/03/technology-update?ref=homepage&source=nav
51,9,1,0,0,0,0,1,0,7,2,0,0.1765,0.0,0,0,4.0915,0,https://twitch.tv/search?view=compact&filter=active
54,11,1,0,0,0,0,1,0,0,3,0,0.1852,0.0185,0,0,4.2708,0,https://harvard.edu?category=all&page=2&sort=relevance
30,15,2,0,0,1,0,1,0,7,0,1,0.2,0.0,0,0,3.7396,0,https://support.zoom.us/search
60,8,1,0,0,0,0,1,0,17,2,0,0.1667,0.0,0,0,4.3421,0,https://hulu.com/profile/settings?view=compact&filter=active
84,7,2,0,0,0,0,1,0,30,2,0,0.1667,0.0,0,0,4.2718,0,https://zoom.us/download/latest/installer.exe?utm_source=newsletter&utm_medium=email
36,11,1,0,0,0,0,1,0,17,0,0,0.1667,0.0,0,0,3.9749,0,https://mozilla.org/profile/settings
56,12,1,0,0,0,0,1,0,1,3,0,0.1964,0.0179,0,0,4.4138,0,https://linkedin.com/?category=all&page=2&sort=relevance
33,13,1,0,0,0,0,1,0,12,0,1,0.1818,0.0,0,0,3.9455,0,https://instagram.com/support/faq
73,18,2,0,0,1,0,1,0,20,2,1,0.1644,0.0,0,0,4.4816,0,https://support.github.com/category/news/world?view=compact&filter=active
50,22,2,0,0,1,0,1,0,20,0,0,0.16,0.0,0,0,4.1762,0,https://docs.stackoverflow.com/category/news/world
41,11,1,0,0,0,0,1,0,22,0,0,0.1463,0.0,0,0,3.9061,0,https://walmart.com/resources/whitepapers
46,16,2,1,0,1,0,1,0,22,0,0,0.1739,0.0,0,0,4.3111,0,https://docs.spotify.com/blog/machine-learning
40,12,2,0,0,1,0,1,0,6,1,0,0.2,0.05,0,0,4.5842,0,https://blog.mit.edu/watch?v=dQw4w9WgXcQ
65,14,1,0,0,0,0,1,0,14,2,0,0.1692,0.1385,0,0,4.5794,0,https://salesforce.com/feed/trending?session_id=983427492&lang=en
42,14,2,0,0,1,0,1,0,20,0,0,0.1905,0.0,0,0,4.1189,0,https://www.office.com/category/news/world
63,12,2,0,0,1,0,1,0,19,2,0,0.1746,0.0,0,0,4.3302,0,https://api.imdb.com/pricing/enterprise?ref=homepage&source=nav
42,15,2,0,0,1,0,1,0,19,0,0,0.1667,0.0,0,0,4.0823,0,https://www.youtube.com/pricing/enterprise
39,19,2,0,0,1,0,1,0,12,0,1,0.1795,0.0,0,0,3.8502,0,https://support.youtube.com/support/faq
23,8,1,0,0,0,0,1,0,7,0,0,0.2174,0.0,0,0,3.882,0,https://imdb.com/search
76,11,1,1,0,0,0,1,0,22,3,0,0.1711,0.0132,0,0,4.4441,0,https://youtube.com/blog/machine-learning?category=all&page=2&sort=relevance
55,9,1,0,0,0,0,1,0,14,2,0,0.1818,0.0,0,0,4.4189,0,https://slack.com/feed/trending?ref=homepage&source=nav
30,14,1,0,0,0,0,1,0,8,0,0,0.1667,0.0,0,0,3.8314,0,https://salesforce.com/explore
69,12,1,0,0,0,0,1,0,20,2,0,0.1739,0.1304,0,0,4.7664,0,https://facebook.com/category/news/world?session_id=983427492&lang=en
41,11,1,0,0,0,0,1,0,22,0,0,0.1463,0.0,0,0,3.7717,0,https://weather.com/resources/whitepapers
48,14,2,0,0,1,0,0,0,27,0,0,0.1667,0.0,0,0,4.0876,0,http://api.amazon.com/products/electronics/deals
66,12,2,0,0,1,0,1,0,7,2,0,0.1818,0.0,0,0,4.2711,0,https://www.etsy.com/search?utm_source=newsletter&utm_medium=email
36,8,1,0,0,0,0,1,0,20,0,0,0.1944,0.0,0,0,4.1179,0,https://ebay.com/category/news/world
78,15,2,0,0,1,0,1,0,20,3,0,0.1795,0.0128,0,0,4.3924,0,https://blog.amazon.com/category/news/world?category=all&page=2&sort=relevance
49,11,2,0,0,0,0,1,0,30,0,0,0.1633,0.0,0,0,4.1071,0,https://spotify.com/download/latest/installer.exe
58,11,2,0,0,1,0,1,0,0,2,0,0.1897,0.0,0,0,4.1695,0,https://www.mit.edu?utm_source=newsletter&utm_medium=email
46,16,2,1,0,1,0,1,0,22,0,1,0.1739,0.0,0,0,4.2676,0,https://support.etsy.com/blog/machine-learning
49,16,2,0,0,1,0,1,0,1,2,0,0.2041,0.0,0,0,4.2924,0,https://docs.weather.com/?ref=homepage&source=nav
68,11,1,0,0,0,0,1,0,14,3,0,0.1765,0.0147,0,0,4.379,0,https://nytimes.com/about/company?category=all&page=2&sort=relevance
69,15,2,0,0,1,0,1,0,17,2,0,0.1739,0.1304,0,0,4.6357,0,https://docs.amazon.com/profile/settings?session_id=983427492&lang=en
58,16,2,1,0,1,0,1,0,34,0,1,0.1724,0.1034,0,0,4.4073,0,https://docs.harvard.edu/article/2026/03/technology-update
46,16,2,1,0,1,0,1,0,22,0,0,0.1739,0.0,0,0,4.1913,0,https://blog.nytimes.com/blog/machine-learning
44,9,1,0,0,0,0,1,0,27,0,0,0.1591,0.0,0,0,3.9591,0,https://twitch.tv/products/electronics/deals
46,14,3,0,0,1,0,1,0,24,0,0,0.1957,0.0,0,0,4.2055,0,https://blog.bbc.co.uk/user/dashboard/overview
23,8,1,0,0,0,0,1,0,7,0,0,0.2174,0.0,0,0,3.7623,0,https://hulu.com/search
42,15,2,0,0,1,0,1,0,19,0,0,0.1667,0.0,0,0,4.0401,0,https://docs.amazon.com/pricing/enterprise
79,12,1,0,0,0,0,1,0,20,2,0,0.1646,0.0,0,0,4.3852,0,https://linkedin.com/category/news/world?utm_source=newsletter&utm_medium=email
37,12,2,0,0,1,0,1,0,17,0,0,0.1892,0.0,0,0,4.0876,0,https://api.imdb.com/profile/settings
95,22,2,1,0,1,0,1,0,34,1,3,0.1474,0.0632,0,0,4.5281,0,https://support.salesforce.com/article/2026/03/technology-update?q=cybersecurity+best+practices
38,13,1,0,0,0,0,1,0,17,0,0,0.1579,0.0,0,0,3.9752,0,https://instagram.com/profile/settings
85,16,2,1,0,1,0,1,0,34,2,1,0.1647,0.0706,0,0,4.5996,0,https://docs.spotify.com/article/2026/03/technology-update?view=compact&filter=active
37,15,2,0,0,1,0,1,0,14,0,0,0.1892,0.0,0,0,3.8918,0,https://blog.paypal.com/about/company
44,8,1,0,0,0,0,1,0,1,2,0,0.2045,0.0,0,0,4.235,0,https://espn.com/?view=compact&filter=active
70,14,3,0,0,1,0,1,0,19,2,0,0.1857,0.1286,0,0,4.6653,0,https://blog.bbc.co.uk/pricing/enterprise?session_id=983427492&lang=en
59,16,2,0,0,1,0,1,0,0,3,0,0.1864,0.0169,0,0,4.3677,0,https://docs.nytimes.com?category=all&page=2&sort=relevance
51,9,2,1,0,0,0,1,0,34,0,1,0.1961,0.1176,0,0,4.4444,0,https://bbc.co.uk/article/2026/03/technology-update
64,17,2,0,0,1,0,1,0,12,2,1,0.1719,0.0,0,0,4.3173,0,https://support.yahoo.com/support/faq?view=compact&filter=active
63,13,1,0,0,0,0,1,0,7,3,0,0.1746,0.0159,0,0,4.2976,0,https://microsoft.com/search?category=all&page=2&sort=relevance
71,14,2,0,0,1,0,1,0,22,2,0,0.1549,0.0,0,0,4.3605,0,https://blog.slack.com/resources/whitepapers?view=compact&filter=active
28,13,2,0,0,1,0,1,0,7,0,0,0.2143,0.0,0,0,3.7709,0,https://api.yahoo.com/search
52,15,2,0,0,1,0,1,0,0,2,0,0.1923,0.1731,0,0,4.6259,0,https://docs.target.com?session_id=983427492&lang=en
42,22,2,0,0,1,0,1,0,12,0,1,0.1905,0.0238,0,0,4.1096,0,https://support.healthline.com/docs/v2/api
65,11,2,0,0,1,0,1,0,22,2,0,0.1692,0.0,0,0,4.2633,0,https://api.nih.gov/resources/whitepapers?ref=homepage&source=nav
63,12,1,0,0,0,0,1,0,12,1,2,0.1587,0.0,0,0,4.4163,0,https://linkedin.com/support/faq?q=cybersecurity+best+practices
87,10,2,0,0,0,0,1,0,30,2,0,0.1609,0.0,0,0,4.3118,0,https://paypal.com/download/latest/installer.exe?utm_source=newsletter&utm_medium=email
96,19,2,1,0,1,0,1,0,34,3,2,0.1667,0.0729,0,0,4.5439,0,https://support.youtube.com/article/2026/03/technology-update?category=all&page=2&sort=relevance
89,12,2,0,0,0,0,1,0,30,2,0,0.1573,0.0,0,0,4.2612,0,https://stanford.edu/download/latest/installer.exe?utm_source=newsletter&utm_medium=email
33,17,2,0,0,1,0,1,0,8,0,0,0.1818,0.0,0,0,3.9832,0,https://www.wikipedia.org/explore
32,16,2,0,0,1,0,1,0,8,0,0,0.1875,0.0,0,0,4.0778,0,https://docs.mozilla.org/explore
29,7,1,0,0,0,0,1,0,14,0,0,0.2069,0.0,0,0,3.8404,0,https://cnn.com/feed/trending
52,17,2,0,0,1,0,1,0,27,0,0,0.1538,0.0,0,0,4.1719,0,https://blog.facebook.com/products/electronics/deals
41,11,1,1,0,0,0,1,0,22,0,0,0.1707,0.0,0,0,4.162,0,https://nytimes.com/blog/machine-learning
80,16,2,0,0,1,0,1,0,27,2,0,0.1625,0.1125,0,0,4.5971,0,https://docs.spotify.com/products/electronics/deals?session_id=983427492&lang=en
24,8,1,0,0,0,0,1,0,8,0,0,0.2083,0.0,0,0,3.7406,0,https://espn.com/explore
25,16,2,0,0,1,0,1,0,1,0,0,0.24,0.0,0,0,3.9435,0,https://blog.nytimes.com/
83,14,2,0,0,0,0,1,0,30,1,1,0.1446,0.0,0,0,4.3278,0,https://salesforce.com/download/latest/installer.exe?q=cybersecurity+best+practices
38,10,1,0,0,0,0,1,0,6,1,0,0.1842,0.0526,0,0,4.3565,0,https://target.com/watch?v=dQw4w9WgXcQ
27,12,2,0,0,1,0,1,0,7,0,0,0.2222,0.0,0,0,3.8842,0,https://www.ebay.com/search
58,12,2,0,0,1,0,1,0,14,2,0,0.1897,0.0,0,0,4.3383,0,https://docs.cnn.com/about/company?ref=homepage&source=nav
42,14,3,0,0,1,0,1,0,6,1,0,0.2143,0.0476,0,0,4.3773,0,https://docs.bbc.co.uk/watch?v=dQw4w9WgXcQ
31,9,1,0,0,0,0,1,0,14,0,0,0.1935,0.0,0,0,4.0023,0,https://adobe.com/feed/trending
31,9,1,0,0,0,0,1,0,14,0,0,0.1935,0.0,0,0,3.7844,0,https://twitch.tv/feed/trending
58,15,2,0,0,1,0,1,0,8,2,0,0.1724,0.0,0,0,4.2969,0,https://docs.target.com/explore?view=compact&filter=active
52,17,2,0,0,1,0,1,0,27,0,0,0.1538,0.0,0,0,3.9581,0,https://api.pinterest.com/products/electronics/deals
23,8,1,0,0,0,0,1,0,7,0,0,0.2174,0.0,0,0,3.6425,0,https://etsy.com/search
61,10,1,0,0,0,0,1,0,14,2,0,0.1803,0.1475,0,0,4.7257,0,https://github.com/about/company?session_id=983427492&lang=en
40,15,2,0,0,1,0,1,0,17,0,1,0.175,0.0,0,0,3.8964,0,https://support.mit.edu/profile/settings
67,18,2,0,0,1,0,1,0,12,2,1,0.1791,0.1343,0,0,4.6903,0,https://docs.microsoft.com/support/faq?session_id=983427492&lang=en
41,8,1,0,0,0,0,1,0,1,2,0,0.2195,0.0,0,0,4.269,0,https://etsy.com/?ref=homepage&source=nav
51,13,3,0,0,1,0,1,0,30,0,0,0.1765,0.0,0,0,3.98,0,https://api.apple.com/download/latest/installer.exe
31,16,2,0,0,1,0,1,0,7,0,0,0.1935,0.0,0,0,3.9134,0,https://docs.nytimes.com/search
39,19,2,0,0,1,0,1,0,12,0,0,0.2051,0.0256,0,0,4.1479,0,https://blog.salesforce.com/docs/v2/api
34,14,2,0,0,1,0,1,0,12,0,0,0.2353,0.0294,0,0,3.934,0,https://blog.twitch.tv/docs/v2/api
80,15,2,1,0,1,0,1,0,22,3,0,0.175,0.0125,0,0,4.4233,0,https://docs.paypal.com/blog/machine-learning?category=all&page=2&sort=relevance
75,13,2,0,0,1,0,1,0,19,3,0,0.1733,0.0133,0,0,4.2889,0,https://docs.espn.com/pricing/enterprise?category=all&page=2&sort=relevance
62,13,1,0,0,0,0,1,0,12,2,1,0.1774,0.1452,0,0,4.7124,0,https://wikipedia.org/support/faq?session_id=983427492&lang=en
83,16,2,0,0,1,0,1,0,20,2,0,0.1687,0.0,0,0,4.3991,0,https://docs.harvard.edu/category/news/world?utm_source=newsletter&utm_medium=email
38,16,2,0,0,1,0,1,0,14,0,0,0.1842,0.0,0,0,4.1658,0,https://docs.mozilla.org/about/company
43,14,2,0,0,1,0,0,0,22,0,0,0.1628,0.0,0,0,3.9522,0,http://api.medium.com/resources/whitepapers
65,14,2,0,0,1,0,1,0,8,3,0,0.1846,0.0154,0,0,4.3427,0,https://api.amazon.com/explore?category=all&page=2&sort=relevance
39,12,2,0,0,1,0,1,0,19,0,0,0.1795,0.0,0,0,4.0159,0,https://blog.mit.edu/pricing/enterprise
61,7,1,0,0,0,0,1,0,22,2,0,0.1639,0.0,0,0,4.2299,0,https://zoom.us/resources/whitepapers?ref=homepage&source=nav
41,16,2,0,0,1,0,1,0,17,0,0,0.1707,0.0,0,0,4.1012,0,https://docs.mozilla.org/profile/settings
67,13,1,0,0,0,0,1,0,7,2,0,0.1642,0.0,0,0,4.2627,0,https://instagram.com/search?utm_source=newsletter&utm_medium=email
32,10,1,0,0,0,0,1,0,14,0,0,0.1875,0.0,0,0,3.9292,0,https://google.com/feed/trending
33,11,2,0,0,1,0,1,0,14,0,0,0.2121,0.0,0,0,3.8471,0,https://api.mit.edu/feed/trending
49,10,1,0,0,0,0,1,0,0,1,1,0.1633,0.0,0,0,4.2609,0,https://google.com?q=cybersecurity+best+practices
58,16,2,1,0,1,0,1,0,34,0,1,0.1724,0.1034,0,0,4.5435,0,https://www.facebook.com/article/2026/03/technology-update
64,11,1,0,0,0,0,1,0,14,1,1,0.1562,0.0,0,0,4.304,0,https://walmart.com/about/company?q=cybersecurity+best+practices
66,11,1,0,0,0,0,1,0,12,3,0,0.197,0.0303,0,0,4.4425,0,https://youtube.com/docs/v2/api?category=all&page=2&sort=relevance
71,10,1,1,0,0,0,1,0,22,1,1,0.1549,0.0,0,0,4.4379,0,https://office.com/blog/machine-learning?q=cybersecurity+best+practices
46,14,2,0,0,1,0,1,0,24,0,0,0.1739,0.0,0,0,4.0073,0,https://docs.twitch.tv/user/dashboard/overview
48,16,2,0,0,1,0,1,0,24,0,0,0.1667,0.0,0,0,4.2309,0,https://blog.youtube.com/user/dashboard/overview
60,9,1,0,0,0,0,1,0,14,2,0,0.1833,0.15,0,0,4.6553,0,https://slack.com/feed/trending?session_id=983427492&lang=en
73,16,2,0,0,1,0,1,0,14,3,0,0.1781,0.0137,0,0,4.4972,0,https://www.stanford.edu/about/company?category=all&page=2&sort=relevance
60,13,2,0,0,1,0,1,0,12,2,1,0.1833,0.0,0,0,4.3614,0,https://api.adobe.com/support/faq?view=compact&filter=active
77,12,3,0,0,1,0,1,0,30,2,0,0.1688,0.0,0,0,4.3981,0,https://blog.mit.edu/download/latest/installer.exe?view=compact&filter=active
64,12,2,0,0,1,0,1,0,6,2,0,0.1875,0.0312,0,0,4.6869,0,https://docs.nih.gov/watch?v=dQw4w9WgXcQ?ref=homepage&source=nav
45,17,2,0,0,1,0,1,0,6,1,0,0.1778,0.0444,0,0,4.3826,0,https://www.wikipedia.org/watch?v=dQw4w9WgXcQ
37,15,2,0,0,1,0,1,0,14,0,0,0.1892,0.0,0,0,3.9999,0,https://docs.github.com/about/company
36,11,1,0,0,0,0,1,0,17,0,0,0.1667,0.0,0,0,4.0623,0,https://youtube.com/profile/settings
28,13,1,0,0,0,0,1,0,7,0,0,0.1786,0.0,0,0,3.7265,0,https://pinterest.com/search
51,9,1,1,0,0,0,1,0,34,0,1,0.1765,0.1176,0,0,4.4052,0,https://adobe.com/article/2026/03/technology-update
67,15,2,0,0,1,0,1,0,17,2,0,0.1642,0.0,0,0,4.3906,0,https://api.dropbox.com/profile/settings?view=compact&filter=active
30,14,2,0,0,1,0,1,0,8,0,0,0.2,0.0,0,0,3.9396,0,https://api.reddit.com/explore
40,13,2,0,0,1,0,1,0,19,0,0,0.175,0.0,0,0,4.0398,0,https://www.yahoo.com/pricing/enterprise
35,19,2,0,0,1,0,1,0,8,0,0,0.1714,0.0,0,0,4.0144,0,https://docs.cloudflare.com/explore
76,15,2,0,0,1,0,1,0,22,1,1,0.1447,0.0,0,0,4.2897,0,https://api.netflix.com/resources/whitepapers?q=cybersecurity+best+practices
66,14,2,0,0,1,0,1,0,20,2,0,0.1818,0.0,0,0,4.4292,0,https://docs.slack.com/category/news/world?ref=homepage&source=nav
61,14,1,0,0,0,0,1,0,0,2,0,0.1639,0.0,0,0,4.2701,0,https://cloudflare.com?utm_source=newsletter&utm_medium=email
82,13,2,0,0,0,0,1,0,30,1,1,0.1463,0.0,0,0,4.3985,0,https://wikipedia.org/download/latest/installer.exe?q=cybersecurity+best+practices
35,15,2,0,0,1,0,1,0,12,0,1,0.2286,0.0286,0,0,3.8617,0,https://support.zoom.us/docs/v2/api
42,12,2,0,0,1,0,1,0,22,0,0,0.1667,0.0,0,0,4.08,0,https://blog.mit.edu/resources/whitepapers
38,18,2,0,0,1,0,1,0,12,0,1,0.1842,0.0,0,0,3.7905,0,https://support.target.com/support/faq
51,13,3,0,0,1,0,1,0,30,0,0,0.1765,0.0,0,0,4.1287,0,https://www.quora.com/download/latest/installer.exe
72,15,2,1,0,1,0,1,0,22,2,0,0.1667,0.0,0,0,4.3795,0,https://api.walmart.com/blog/machine-learning?view=compact&filter=active
38,16,2,0,0,1,0,1,0,14,0,0,0.1842,0.0,0,0,4.1287,0,https://api.linkedin.com/about/company
46,18,2,0,0,1,0,1,0,6,1,1,0.1739,0.0435,0,0,4.5285,0,https://support.medium.com/watch?v=dQw4w9WgXcQ
76,15,2,0,0,1,0,1,0,14,2,0,0.1711,0.0,0,0,4.3353,0,https://www.walmart.com/about/company?utm_source=newsletter&utm_medium=email
41,14,2,0,0,1,0,0,0,20,0,0,0.1951,0.0,0,0,4.1227,0,http://blog.apple.com/category/news/world
34,12,2,0,0,1,0,1,0,14,0,0,0.2059,0.0,0,0,4.0653,0,https://docs.nih.gov/about/company
78,15,2,0,0,1,0,1,0,24,1,1,0.1538,0.0,0,0,4.3557,0,https://api.nytimes.com/user/dashboard/overview?q=cybersecurity+best+practices
84,25,2,0,0,1,0,1,0,12,2,1,0.1667,0.0119,0,0,4.4439,0,https://support.stackoverflow.com/docs/v2/api?utm_source=newsletter&utm_medium=email
69,10,1,0,0,0,0,1,0,27,2,0,0.1594,0.0,0,0,4.388,0,https://github.com/products/electronics/deals?ref=homepage&source=nav
31,16,2,0,0,1,0,1,0,7,0,0,0.1935,0.0,0,0,4.0826,0,https://docs.netflix.com/search
32,17,2,0,0,1,0,1,0,7,0,0,0.1875,0.0,0,0,4.0542,0,https://docs.linkedin.com/search
67,13,2,0,0,1,0,1,0,17,2,0,0.1791,0.1343,0,0,4.633,0,https://docs.imdb.com/profile/settings?session_id=983427492&lang=en
80,19,2,0,0,1,0,1,0,22,1,1,0.1375,0.0,0,0,4.2725,0,https://docs.cloudflare.com/resources/whitepapers?q=cybersecurity+best+practices
40,12,2,0,0,1,0,1,0,20,0,0,0.2,0.0,0,0,4.1037,0,https://www.hulu.com/category/news/world
71,19,2,0,0,1,0,1,0,6,2,1,0.169,0.0282,0,0,4.7569,0,https://support.mozilla.org/watch?v=dQw4w9WgXcQ?ref=homepage&source=nav
31,15,2,0,0,1,0,1,0,8,0,0,0.1935,0.0,0,0,3.8647,0,https://docs.reddit.com/explore
75,21,2,0,0,1,0,0,0,12,3,0,0.1867,0.0267,0,0,4.4638,0,http://www.stackoverflow.com/docs/v2/api?category=all&page=2&sort=relevance
76,14,2,0,0,1,0,0,0,6,3,0,0.1842,0.0395,0,0,4.6903,0,http://www.medium.com/watch?v=dQw4w9WgXcQ?category=all&page=2&sort=relevance
19,10,1,0,0,0,0,1,0,1,0,0,0.2632,0.0,0,0,3.5766,0,https://target.com/
51,13,3,0,0,1,0,1,0,30,0,0,0.1765,0.0,0,0,4.1068,0,https://blog.etsy.com/download/latest/installer.exe
63,8,1,0,0,0,0,1,0,12,3,0,0.2063,0.0317,0,0,4.3425,0,https://espn.com/docs/v2/api?category=all&page=2&sort=relevance
35,15,2,0,0,1,0,1,0,12,0,1,0.2,0.0,0,0,3.7942,0,https://support.mit.edu/support/faq
52,15,3,0,0,1,0,0,0,30,0,0,0.1731,0.0,0,0,3.9745,0,http://www.weather.com/download/latest/installer.exe
67,15,2,0,0,1,0,1,0,17,2,1,0.1642,0.0,0,0,4.3135,0,https://support.mit.edu/profile/settings?view=compact&filter=active
41,19,2,0,0,1,0,1,0,14,0,1,0.1707,0.0,0,0,3.8644,0,https://support.youtube.com/about/company
31,9,1,0,0,0,0,1,0,14,0,0,0.1935,0.0,0,0,4.1313,0,https://quora.com/feed/trending
31,12,2,0,0,1,0,0,0,12,0,1,0.2258,0.0,0,0,3.9621,0,http://api.imdb.com/support/faq
39,11,1,0,0,0,0,1,0,6,1,0,0.1795,0.0513,0,0,4.5094,0,https://youtube.com/watch?v=dQw4w9WgXcQ
26,11,1,0,0,0,0,1,0,7,0,0,0.1923,0.0,0,0,3.8441,0,https://spotify.com/search
37,9,1,0,0,0,0,1,0,6,1,0,0.1892,0.0541,0,0,4.3303,0,https://yahoo.com/watch?v=dQw4w9WgXcQ
41,16,2,0,0,1,0,1,0,17,0,0,0.1707,0.0,0,0,4.0555,0,https://blog.netflix.com/profile/settings
91,10,1,1,0,0,0,1,0,34,2,1,0.1648,0.0659,0,0,4.5234,0,https://reddit.com/article/2026/03/technology-update?utm_source=newsletter&utm_medium=email
34,18,2,0,0,1,0,1,0,8,0,0,0.1765,0.0,0,0,3.881,0,https://docs.pinterest.com/explore
23,15,2,0,0,1,0,1,0,0,0,0,0.2174,0.0,0,0,3.741,0,https://docs.target.com
27,11,1,0,0,0,0,1,0,8,0,0,0.1852,0.0,0,0,3.9023,0,https://youtube.com/explore
42,12,1,0,0,0,0,1,0,22,0,0,0.1429,0.0,0,0,4.0916,0,https://linkedin.com/resources/whitepapers
33,13,1,0,0,0,0,1,0,12,0,0,0.2121,0.0303,0,0,3.9196,0,https://pinterest.com/docs/v2/api
47,16,2,0,0,1,0,0,0,24,0,0,0.1702,0.0,0,0,4.1956,0,http://docs.nytimes.com/user/dashboard/overview
67,15,2,0,0,1,0,0,0,14,1,1,0.1642,0.0,0,0,4.4095,0,http://api.mozilla.org/about/company?q=cybersecurity+best+practices
70,10,1,0,0,0,0,1,0,17,3,0,0.1714,0.0143,0,0,4.3165,0,https://office.com/profile/settings?category=all&page=2&sort=relevance
42,14,1,0,0,0,0,1,0,20,0,0,0.1667,0.0,0,0,4.1096,0,https://healthline.com/category/news/world
31,16,2,0,0,1,0,1,0,7,0,0,0.1935,0.0,0,0,3.9779,0,https://blog.walmart.com/search
47,17,2,0,0,1,0,1,0,22,0,0,0.1489,0.0,0,0,4.2485,0,https://blog.linkedin.com/resources/whitepapers
70,16,2,0,0,1,0,1,0,17,2,0,0.1714,0.1286,0,0,4.6329,0,https://blog.spotify.com/profile/settings?session_id=983427492&lang=en
46,18,2,0,0,1,0,1,0,6,1,1,0.1739,0.0435,0,0,4.485,0,https://support.google.com/watch?v=dQw4w9WgXcQ
56,12,2,0,0,1,0,1,0,7,2,0,0.1964,0.1607,0,0,4.6977,0,https://api.hulu.com/search?session_id=983427492&lang=en
65,11,1,1,0,0,0,1,0,22,2,0,0.1692,0.0,0,0,4.4409,0,https://walmart.com/blog/machine-learning?ref=homepage&source=nav
57,19,3,0,0,1,0,1,0,30,0,0,0.1579,0.0,0,0,4.1099,0,https://blog.salesforce.com/download/latest/installer.exe
47,10,1,0,0,0,0,1,0,0,2,0,0.1915,0.1915,0,0,4.5702,0,https://google.com?session_id=983427492&lang=en
33,8,1,0,0,0,0,1,0,17,0,0,0.1818,0.0,0,0,3.9912,0,https://hulu.com/profile/settings
72,8,1,0,0,0,0,1,0,27,2,0,0.1667,0.125,0,0,4.5345,0,https://espn.com/products/electronics/deals?session_id=983427492&lang=en
69,12,2,0,0,1,0,1,0,6,2,0,0.1884,0.1594,0,0,4.7916,0,https://docs.cnn.com/watch?v=dQw4w9WgXcQ?session_id=983427492&lang=en
43,15,2,0,0,1,0,1,0,6,1,0,0.186,0.0465,0,0,4.4083,0,https://api.harvard.edu/watch?v=dQw4w9WgXcQ
81,10,1,1,0,0,0,1,0,34,2,1,0.1728,0.1852,0,0,4.8112,0,https://amazon.com/article/2026/03/technology-update?session_id=983427492&lang=en
72,11,1,0,0,0,0,1,0,24,2,0,0.1667,0.125,0,0,4.6907,0,https://twitter.com/user/dashboard/overview?session_id=983427492&lang=en
70,11,1,0,0,0,0,1,0,22,2,0,0.1571,0.1286,0,0,4.6588,0,https://mozilla.org/resources/whitepapers?session_id=983427492&lang=en
47,8,1,0,0,0,0,0,0,1,1,1,0.1915,0.0,0,0,4.2304,0,http://hulu.com/?q=cybersecurity+best+practices
22,14,2,0,0,1,0,1,0,0,0,0,0.2273,0.0,0,0,3.8231,0,https://blog.slack.com
93,16,2,1,0,1,0,1,0,34,3,2,0.172,0.0753,0,0,4.5064,0,https://support.etsy.com/article/2026/03/technology-update?category=all&page=2&sort=relevance
79,10,1,0,0,0,0,1,0,22,2,0,0.1519,0.0,0,0,4.2737,0,https://github.com/resources/whitepapers?utm_source=newsletter&utm_medium=email
28,12,2,0,0,1,0,1,0,8,0,0,0.2143,0.0,0,0,4.0122,0,https://www.ebay.com/explore
82,13,2,1,0,1,0,1,0,34,2,1,0.1707,0.0732,0,0,4.5368,0,https://api.apple.com/article/2026/03/technology-update?view=compact&filter=active
28,13,1,0,0,0,0,1,0,7,0,0,0.1786,0.0,0,0,3.744,0,https://microsoft.com/search
48,10,2,0,0,0,0,1,0,30,0,0,0.1667,0.0,0,0,3.9937,0,https://target.com/download/latest/installer.exe
17,9,1,0,0,0,0,1,0,0,0,0,0.2353,0.0,0,0,3.6169,0,https://slack.com
50,16,2,0,0,1,0,0,0,27,0,0,0.16,0.0,0,0,4.142,0,http://blog.youtube.com/products/electronics/deals
58,14,2,0,0,1,0,1,0,12,2,0,0.2069,0.0172,0,0,4.4683,0,https://www.amazon.com/docs/v2/api?ref=homepage&source=nav
43,15,2,0,0,1,0,1,0,6,1,0,0.186,0.0465,0,0,4.4349,0,https://docs.office.com/watch?v=dQw4w9WgXcQ
68,9,1,0,0,0,0,1,0,22,2,0,0.1618,0.1324,0,0,4.5957,0,https://apple.com/resources/whitepapers?session_id=983427492&lang=en
34,14,2,0,0,1,0,1,0,12,0,0,0.2353,0.0294,0,0,3.9147,0,https://api.medium.com/docs/v2/api
45,8,1,0,0,0,0,1,0,0,2,0,0.2,0.2,0,0,4.7027,0,https://ebay.com?session_id=983427492&lang=en
76,9,1,0,0,0,0,1,0,24,3,0,0.1711,0.0132,0,0,4.3904,0,https://apple.com/user/dashboard/overview?category=all&page=2&sort=relevance
30,15,2,0,0,1,0,1,0,7,0,0,0.2,0.0,0,0,3.6947,0,https://www.twitter.com/search
76,17,2,0,0,1,0,1,0,12,2,1,0.1711,0.0,0,0,4.3559,0,https://docs.stanford.edu/support/faq?utm_source=newsletter&utm_medium=email
90,13,1,1,0,0,0,1,0,34,3,1,0.1667,0.0778,0,0,4.5455,0,https://microsoft.com/article/2026/03/technology-update?category=all&page=2&sort=relevance
25,10,1,0,0,0,0,1,0,7,0,0,0.2,0.0,0,0,3.7835,0,https://google.com/search
73,11,1,0,0,0,0,1,0,27,2,0,0.1507,0.0,0,0,4.316,0,https://netflix.com/products/electronics/deals?view=compact&filter=active
33,11,1,0,0,0,0,1,0,14,0,0,0.1818,0.0,0,0,3.8094,0,https://youtube.com/about/company
45,13,1,0,0,0,0,1,0,24,0,0,0.1556,0.0,0,0,4.1613,0,https://instagram.com/user/dashboard/overview
52,13,1,0,0,0,0,1,0,0,1,1,0.1538,0.0,0,0,4.2343,0,https://instagram.com?q=cybersecurity+best+practices
45,10,1,0,0,0,0,1,0,27,0,0,0.1556,0.0,0,0,3.9201,0,https://reddit.com/products/electronics/deals
44,14,2,0,0,1,0,1,0,22,0,0,0.1591,0.0,0,0,3.9363,0,https://api.paypal.com/resources/whitepapers
48,16,2,0,0,1,0,1,0,24,0,0,0.1667,0.0,0,0,4.2645,0,https://www.linkedin.com/user/dashboard/overview
85,16,2,1,0,1,0,1,0,34,2,2,0.1647,0.0706,0,0,4.5908,0,https://support.espn.com/article/2026/03/technology-update?view=compact&filter=active
36,16,2,0,0,1,0,1,0,12,0,0,0.2222,0.0278,0,0,4.1151,0,https://blog.twitter.com/docs/v2/api
33,11,2,0,0,1,0,1,0,14,0,0,0.2121,0.0,0,0,3.9683,0,https://api.cnn.com/feed/trending
29,14,2,0,0,1,0,1,0,7,0,0,0.2069,0.0,0,0,3.8404,0,https://api.office.com/search
65,12,2,0,0,1,0,1,0,14,1,1,0.1692,0.0,0,0,4.4312,0,https://blog.nih.gov/feed/trending?q=cybersecurity+best+practices
37,15,2,0,0,1,0,1,0,14,0,0,0.1892,0.0,0,0,4.1549,0,https://docs.paypal.com/feed/trending
27,18,2,0,0,1,0,1,0,1,0,0,0.2222,0.0,0,0,3.7821,0,https://api.healthline.com/
54,19,2,0,0,1,0,1,0,27,0,0,0.1481,0.0,0,0,3.9939,0,https://docs.cloudflare.com/products/electronics/deals
35,8,1,0,0,0,0,1,0,19,0,0,0.1714,0.0,0,0,3.7859,0,https://etsy.com/pricing/enterprise
41,13,1,0,0,0,0,1,0,20,0,0,0.1707,0.0,0,0,4.1347,0,https://wikipedia.org/category/news/world
46,16,2,0,0,1,0,1,0,22,0,0,0.1522,0.0,0,0,4.1265,0,https://blog.mozilla.org/resources/whitepapers
40,15,2,0,0,1,0,1,0,17,0,0,0.175,0.0,0,0,4.1153,0,https://blog.paypal.com/profile/settings
67,21,2,0,0,1,0,1,0,7,1,2,0.1493,0.0,0,0,4.1043,0,https://support.pinterest.com/search?q=cybersecurity+best+practices
33,8,1,0,0,0,0,1,0,17,0,0,0.1818,0.0,0,0,4.0896,0,https://ebay.com/profile/settings
52,20,2,0,0,1,0,1,0,24,0,1,0.1538,0.0,0,0,4.2653,0,https://support.linkedin.com/user/dashboard/overview
87,22,3,0,0,1,0,1,0,30,2,0,0.1494,0.0,0,0,4.3314,0,https://docs.stackoverflow.com/download/latest/installer.exe?view=compact&filter=active
52,14,3,0,0,1,0,1,0,30,0,0,0.1731,0.0,0,0,4.1025,0,https://www.office.com/download/latest/installer.exe
77,16,2,0,0,1,0,1,0,24,2,0,0.1688,0.1169,0,0,4.7861,0,https://api.facebook.com/user/dashboard/overview?session_id=983427492&lang=en
48,13,2,0,0,1,0,1,0,27,0,0,0.1667,0.0,0,0,4.1607,0,https://blog.ebay.com/products/electronics/deals
21,13,2,0,0,1,0,1,0,0,0,0,0.2381,0.0,0,0,3.7849,0,https://blog.etsy.com
41,11,1,0,0,0,0,1,0,22,0,0,0.1463,0.0,0,0,3.9733,0,https://dropbox.com/resources/whitepapers
25,17,2,0,0,1,0,1,0,0,0,0,0.2,0.0,0,0,4.0537,0,https://blog.stanford.edu
85,16,3,0,0,1,0,1,0,30,1,1,0.1529,0.0,0,0,4.4381,0,https://blog.netflix.com/download/latest/installer.exe?q=cybersecurity+best+practices
36,14,2,0,0,1,0,1,0,14,0,0,0.1944,0.0,0,0,4.1416,0,https://www.amazon.com/feed/trending
35,13,1,0,0,0,0,1,0,14,0,0,0.1714,0.0,0,0,4.0004,0,https://instagram.com/feed/trending
56,14,1,1,0,0,0,1,0,34,0,1,0.1607,0.1071,0,0,4.3968,0,https://salesforce.com/article/2026/03/technology-update
39,11,1,0,0,0,0,1,0,20,0,0,0.1795,0.0,0,0,4.1604,0,https://mozilla.org/category/news/world
45,10,1,0,0,0,0,1,0,27,0,0,0.1556,0.0,0,0,4.0448,0,https://amazon.com/products/electronics/deals
39,17,2,0,0,1,0,1,0,14,0,1,0.1795,0.0,0,0,3.9736,0,https://support.twitch.tv/feed/trending
43,14,2,1,0,1,0,0,0,22,0,0,0.186,0.0,0,0,4.1643,0,http://api.medium.com/blog/machine-learning
97,16,2,1,0,1,0,1,0,34,2,1,0.1649,0.0619,0,0,4.6111,0,https://docs.netflix.com/article/2026/03/technology-update?utm_source=newsletter&utm_medium=email
26,11,1,0,0,0,0,1,0,7,0,0,0.1923,0.0,0,0,3.9791,0,https://mozilla.org/search
33,11,1,0,0,0,0,1,0,14,0,0,0.1818,0.0,0,0,4.0896,0,https://mozilla.org/about/company
47,17,2,0,0,1,0,1,0,22,0,0,0.1489,0.0,0,0,3.9989,0,https://www.instagram.com/resources/whitepapers
51,13,2,0,0,0,0,1,0,30,0,0,0.1569,0.0,0,0,4.0599,0,https://instagram.com/download/latest/installer.exe
41,9,1,0,0,0,0,1,0,24,0,0,0.1707,0.0,0,0,4.065,0,https://yahoo.com/user/dashboard/overview
38,16,2,0,0,1,0,1,0,14,0,0,0.1842,0.0,0,0,3.945,0,https://www.stanford.edu/feed/trending
53,10,1,0,0,0,0,1,0,8,2,0,0.1698,0.0,0,0,4.2555,0,https://reddit.com/explore?view=compact&filter=active
83,14,1,0,0,0,0,0,0,27,3,0,0.1566,0.012,0,0,4.3058,0,http://cloudflare.com/products/electronics/deals?category=all&page=2&sort=relevance
52,22,2,1,0,1,0,1,0,22,0,1,0.1538,0.0,0,0,4.1808,0,https://support.healthline.com/blog/machine-learning
19,11,1,0,0,0,0,1,0,0,0,0,0.2105,0.0,0,0,3.5316,0,https://twitter.com
42,12,1,1,0,0,0,1,0,22,0,0,0.1667,0.0,0,0,4.1752,0,https://linkedin.com/blog/machine-learning
48,18,2,1,0,1,0,1,0,22,0,1,0.1667,0.0,0,0,4.1913,0,https://support.target.com/blog/machine-learning
48,9,1,0,0,0,0,1,0,0,1,1,0.1667,0.0,0,0,4.179,0,https://yahoo.com?q=cybersecurity+best+practices
30,15,2,0,0,1,0,1,0,7,0,0,0.2,0.0,0,0,3.7647,0,https://www.walmart.com/search
79,15,2,0,0,1,0,1,0,27,2,0,0.1646,0.1139,0,0,4.6899,0,https://www.netflix.com/products/electronics/deals?session_id=983427492&lang=en
79,22,2,0,0,1,0,1,0,20,2,1,0.1646,0.1139,0,0,4.7435,0,https://support.cloudflare.com/category/news/world?session_id=983427492&lang=en
32,10,1,0,0,0,0,1,0,14,0,0,0.1875,0.0,0,0,3.9139,0,https://github.com/about/company
55,13,2,1,0,1,0,1,0,34,0,1,0.1818,0.1091,0,0,4.4197,0,https://www.apple.com/article/2026/03/technology-update
45,13,1,0,0,0,0,1,0,0,2,0,0.1778,0.0,0,0,4.4389,0,https://wikipedia.org?ref=homepage&source=nav
58,15,2,0,0,1,0,1,0,8,2,0,0.1724,0.0,0,0,4.3598,0,https://www.harvard.edu/explore?view=compact&filter=active
84,14,2,0,0,1,0,1,0,27,3,0,0.1667,0.0119,0,0,4.2834,0,https://api.target.com/products/electronics/deals?category=all&page=2&sort=relevance
45,7,2,0,0,0,0,1,0,30,0,0,0.1778,0.0,0,0,4.0258,0,https://zoom.us/download/latest/installer.exe
42,15,2,0,0,1,0,1,0,19,0,1,0.1667,0.0,0,0,3.8215,0,https://support.mit.edu/pricing/enterprise
31,9,1,0,0,0,0,1,0,14,0,0,0.1935,0.0,0,0,4.1313,0,https://slack.com/feed/trending
53,8,1,0,0,0,0,1,0,8,2,0,0.1887,0.1698,0,0,4.6668,0,https://etsy.com/explore?session_id=983427492&lang=en
39,19,2,0,0,1,0,1,0,12,0,1,0.2051,0.0256,0,0,3.9166,0,https://support.harvard.edu/docs/v2/api
33,12,1,0,0,0,0,0,0,14,0,0,0.1818,0.0,0,0,3.8094,0,http://stanford.edu/feed/trending
83,12,2,1,0,1,0,1,0,34,2,1,0.1807,0.1807,0,0,4.8406,0,https://api.imdb.com/article/2026/03/technology-update?session_id=983427492&lang=en
25,9,1,0,0,0,0,1,0,8,0,0,0.2,0.0,0,0,3.9133,0,https://adobe.com/explore
31,11,1,0,0,0,0,1,0,12,0,0,0.2258,0.0323,0,0,3.9503,0,https://nytimes.com/docs/v2/api
20,11,1,0,0,0,0,1,0,1,0,0,0.25,0.0,0,0,3.8464,0,https://netflix.com/
39,19,2,0,0,1,0,1,0,12,0,0,0.2051,0.0256,0,0,4.2311,0,https://blog.cloudflare.com/docs/v2/api
71,18,2,0,0,1,0,1,0,14,1,1,0.1549,0.0,0,0,4.2737,0,https://docs.microsoft.com/about/company?q=cybersecurity+best+practices
72,8,1,0,0,0,0,1,0,27,2,0,0.1667,0.125,0,0,4.6451,0,https://ebay.com/products/electronics/deals?session_id=983427492&lang=en
84,15,3,0,0,1,0,1,0,30,1,1,0.1548,0.0,0,0,4.3902,0,https://www.harvard.edu/download/latest/installer.exe?q=cybersecurity+best+practices
38,18,2,0,0,1,0,1,0,12,0,0,0.2105,0.0263,0,0,4.0933,0,https://www.healthline.com/docs/v2/api
27,12,1,0,0,0,0,1,0,7,0,0,0.1852,0.0,0,0,3.8562,0,https://facebook.com/search
43,13,2,0,0,1,0,1,0,22,0,0,0.1628,0.0,0,0,3.9142,0,https://www.yahoo.com/resources/whitepapers
60,25,2,0,0,1,0,1,0,27,0,1,0.1333,0.0,0,0,4.1318,0,https://support.stackoverflow.com/products/electronics/deals
56,18,3,0,0,1,0,1,0,30,0,0,0.1607,0.0,0,0,4.1162,0,https://blog.wikipedia.org/download/latest/installer.exe
74,17,2,0,0,1,0,1,0,22,2,1,0.1486,0.0,0,0,4.1474,0,https://support.twitch.tv/resources/whitepapers?view=compact&filter=active
70,14,2,0,0,1,0,1,0,24,2,0,0.1714,0.0,0,0,4.3886,0,https://www.medium.com/user/dashboard/overview?ref=homepage&source=nav
47,15,2,0,0,1,0,1,0,24,0,0,0.1702,0.0,0,0,4.084,0,https://docs.medium.com/user/dashboard/overview
45,10,1,0,0,0,0,1,0,27,0,0,0.1556,0.0,0,0,3.9981,0,https://office.com/products/electronics/deals
77,15,3,0,0,1,0,1,0,30,2,0,0.1688,0.0,0,0,4.4048,0,https://docs.paypal.com/download/latest/installer.exe?ref=homepage&source=nav
28,14,2,0,0,1,0,0,0,7,0,0,0.2143,0.0,0,0,3.8963,0,http://api.medium.com/search
38,10,1,0,0,0,0,1,0,6,1,0,0.1842,0.0526,0,0,4.4316,0,https://reddit.com/watch?v=dQw4w9WgXcQ
79,17,3,0,0,1,0,1,0,19,3,1,0.1772,0.0127,0,0,4.3695,0,https://support.bbc.co.uk/pricing/enterprise?category=all&page=2&sort=relevance
85,18,3,0,0,1,0,1,0,30,2,1,0.1647,0.1059,0,0,4.6165,0,https://support.paypal.com/download/latest/installer.exe?session_id=983427492&lang=en
65,10,1,0,0,0,0,0,0,19,2,0,0.1692,0.1385,0,0,4.57,0,http://office.com/pricing/enterprise?session_id=983427492&lang=en
73,12,2,1,0,1,0,1,0,22,1,1,0.1644,0.0,0,0,4.472,0,https://blog.mit.edu/blog/machine-learning?q=cybersecurity+best+practices
44,16,2,0,0,1,0,1,0,6,1,1,0.1818,0.0455,0,0,4.4817,0,https://support.espn.com/watch?v=dQw4w9WgXcQ
50,12,3,0,0,1,0,1,0,30,0,0,0.18,0.0,0,0,4.0791,0,https://docs.nih.gov/download/latest/installer.exe
45,15,2,0,0,1,0,1,0,22,0,0,0.1556,0.0,0,0,3.77,0,https://www.twitter.com/resources/whitepapers
65,16,2,0,0,1,0,1,0,14,2,0,0.1692,0.0,0,0,4.3832,0,https://docs.walmart.com/about/company?view=compact&filter=active
64,13,1,0,0,0,0,1,0,19,2,0,0.1562,0.0,0,0,4.2944,0,https://wikipedia.org/pricing/enterprise?ref=homepage&source=nav
35,7,1,0,0,0,0,1,0,6,1,0,0.2,0.0571,0,0,4.436,0,https://zoom.us/watch?v=dQw4w9WgXcQ
70,17,2,0,0,1,0,1,0,14,1,1,0.1571,0.0,0,0,4.3285,0,https://docs.stanford.edu/about/company?q=cybersecurity+best+practices
39,17,2,0,0,1,0,1,0,14,0,0,0.1795,0.0,0,0,4.0991,0,https://www.instagram.com/feed/trending
46,18,2,0,0,1,0,1,0,6,1,0,0.1739,0.0435,0,0,4.5014,0,https://www.cloudflare.com/watch?v=dQw4w9WgXcQ
29,14,2,0,0,1,0,1,0,7,0,0,0.2069,0.0,0,0,3.9952,0,https://www.github.com/search
50,7,1,0,0,0,0,1,0,0,3,0,0.2,0.02,0,0,4.2562,0,https://cnn.com?category=all&page=2&sort=relevance
35,10,1,0,0,0,0,1,0,17,0,0,0.1714,0.0,0,0,4.0116,0,https://github.com/profile/settings
76,13,1,0,0,0,0,1,0,20,3,0,0.1711,0.0132,0,0,4.3708,0,https://microsoft.com/category/news/world?category=all&page=2&sort=relevance
56,12,2,0,0,1,0,1,0,12,2,1,0.1964,0.0,0,0,4.3318,0,https://docs.cnn.com/support/faq?ref=homepage&source=nav
74,12,2,0,0,1,0,1,0,19,3,0,0.1757,0.0135,0,0,4.3811,0,https://www.ebay.com/pricing/enterprise?category=all&page=2&sort=relevance
19,11,1,0,0,0,0,1,0,0,0,0,0.2105,0.0,0,0,3.6819,0,https://dropbox.com
62,11,1,0,0,0,0,1,0,14,2,0,0.1774,0.1452,0,0,4.577,0,https://nytimes.com/feed/trending?session_id=983427492&lang=en
53,19,2,0,0,1,0,0,0,0,2,0,0.1698,0.0,0,0,4.2678,0,http://blog.healthline.com?view=compact&filter=active
37,15,2,0,0,1,0,1,0,14,0,0,0.1892,0.0,0,0,4.0876,0,https://www.spotify.com/feed/trending
77,15,2,0,0,1,0,1,0,27,2,0,0.1558,0.0,0,0,4.4193,0,https://blog.github.com/products/electronics/deals?view=compact&filter=active
44,16,2,0,0,1,0,1,0,20,0,1,0.1818,0.0,0,0,4.0621,0,https://support.etsy.com/category/news/world
80,13,1,0,0,0,0,1,0,24,3,0,0.1625,0.0125,0,0,4.4272,0,https://wikipedia.org/user/dashboard/overview?category=all&page=2&sort=relevance
51,19,2,0,0,1,0,1,0,24,0,0,0.1569,0.0,0,0,4.1679,0,https://docs.cloudflare.com/user/dashboard/overview
37,7,1,0,0,0,0,1,0,22,0,0,0.1622,0.0,0,0,3.8278,0,https://mit.edu/resources/whitepapers
87,16,2,1,0,1,0,1,0,34,2,1,0.1724,0.1724,0,0,4.8479,0,https://blog.spotify.com/article/2026/03/technology-update?session_id=983427492&lang=en
56,7,1,0,0,0,0,1,0,12,2,0,0.2143,0.1786,0,0,4.611,0,https://mit.edu/docs/v2/api?session_id=983427492&lang=en
87,18,2,1,0,1,0,1,0,34,2,1,0.1609,0.069,0,0,4.6596,0,https://blog.wikipedia.org/article/2026/03/technology-update?view=compact&filter=active
80,15,3,0,0,1,0,1,0,30,2,0,0.1625,0.0,0,0,4.3387,0,https://docs.amazon.com/download/latest/installer.exe?view=compact&filter=active
38,13,2,0,0,1,0,1,0,17,0,0,0.1842,0.0,0,0,3.8489,0,https://www.twitch.tv/profile/settings
48,13,1,0,0,0,0,1,0,27,0,0,0.1458,0.0,0,0,4.0978,0,https://wikipedia.org/products/electronics/deals
25,17,2,0,0,1,0,1,0,0,0,0,0.2,0.0,0,0,3.9239,0,https://docs.linkedin.com
63,16,2,0,0,1,0,1,0,12,2,1,0.1746,0.0,0,0,4.2883,0,https://docs.twitter.com/support/faq?view=compact&filter=active
57,16,2,1,0,1,0,0,0,34,0,1,0.1754,0.1053,0,0,4.4005,0,http://api.linkedin.com/article/2026/03/technology-update
68,11,1,0,0,0,0,1,0,14,3,0,0.1765,0.0147,0,0,4.3961,0,https://mozilla.org/about/company?category=all&page=2&sort=relevance
48,15,2,0,0,1,0,1,0,1,2,0,0.2083,0.0,0,0,4.4885,0,https://www.netflix.com/?ref=homepage&source=nav
65,12,1,0,0,0,0,1,0,14,1,1,0.1538,0.0,0,0,4.2627,0,https://stanford.edu/feed/trending?q=cybersecurity+best+practices
34,14,1,0,0,0,0,1,0,12,0,1,0.1765,0.0,0,0,3.9032,0,https://salesforce.com/support/faq
66,9,1,0,0,0,0,1,0,6,2,0,0.1818,0.1667,0,0,4.8768,0,https://adobe.com/watch?v=dQw4w9WgXcQ?session_id=983427492&lang=en
43,11,2,0,0,1,0,1,0,0,2,0,0.2093,0.0,0,0,4.4235,0,https://www.mit.edu?ref=homepage&source=nav
53,15,3,0,0,1,0,1,0,30,0,0,0.1698,0.0,0,0,4.0778,0,https://docs.office.com/download/latest/installer.exe
53,21,2,0,0,1,0,1,0,24,0,0,0.1509,0.0,0,0,4.1979,0,https://www.stackoverflow.com/user/dashboard/overview
30,8,1,0,0,0,0,1,0,14,0,0,0.2,0.0,0,0,3.8981,0,https://imdb.com/about/company
70,17,2,0,0,1,0,1,0,14,1,1,0.1571,0.0,0,0,4.402,0,https://docs.linkedin.com/about/company?q=cybersecurity+best+practices
77,11,1,0,0,0,0,1,0,19,2,0,0.1558,0.0,0,0,4.1729,0,https://twitter.com/pricing/enterprise?utm_source=newsletter&utm_medium=email
72,11,1,0,0,0,0,1,0,22,1,1,0.1389,0.0,0,0,4.2692,0,https://netflix.com/resources/whitepapers?q=cybersecurity+best+practices
76,17,2,0,0,1,0,1,0,22,2,0,0.1579,0.1184,0,0,4.5329,0,https://api.pinterest.com/resources/whitepapers?session_id=983427492&lang=en
81,16,3,0,0,1,0,1,0,30,2,1,0.1605,0.0,0,0,4.3343,0,https://support.espn.com/download/latest/installer.exe?view=compact&filter=active
59,21,3,0,0,1,0,1,0,30,0,1,0.1525,0.0,0,0,4.1031,0,https://support.wikipedia.org/download/latest/installer.exe
26,10,1,0,0,0,0,1,0,8,0,0,0.1923,0.0,0,0,3.8253,0,https://paypal.com/explore
44,16,2,0,0,1,0,1,0,6,1,0,0.1818,0.0455,0,0,4.5726,0,https://api.stanford.edu/watch?v=dQw4w9WgXcQ
36,16,2,0,0,1,0,1,0,12,0,0,0.2222,0.0278,0,0,4.0204,0,https://api.stanford.edu/docs/v2/api
72,13,2,0,0,1,0,1,0,24,2,0,0.1667,0.0,0,0,4.3841,0,https://api.quora.com/user/dashboard/overview?view=compact&filter=active
69,12,1,0,0,0,0,1,0,6,2,0,0.1739,0.1594,0,0,4.9376,0,https://facebook.com/watch?v=dQw4w9WgXcQ?session_id=983427492&lang=en
31,15,2,0,0,1,0,1,0,8,0,0,0.1935,0.0,0,0,3.9134,0,https://blog.target.com/explore
39,7,1,0,0,0,0,1,0,24,0,0,0.1795,0.0,0,0,4.0511,0,https://nih.gov/user/dashboard/overview
24,17,2,0,0,1,0,0,0,0,0,1,0.2083,0.0,0,0,3.4906,0,http://support.twitch.tv
46,14,2,0,0,1,0,1,0,24,0,0,0.1739,0.0,0,0,4.2304,0,https://blog.quora.com/user/dashboard/overview
78,12,1,0,0,0,0,1,0,19,2,0,0.1538,0.0,0,0,4.2767,0,https://stanford.edu/pricing/enterprise?utm_source=newsletter&utm_medium=email
48,16,2,0,0,1,0,1,0,24,0,0,0.1667,0.0,0,0,4.1948,0,https://api.facebook.com/user/dashboard/overview
56,17,2,0,0,1,0,1,0,7,2,0,0.1786,0.0,0,0,4.4273,0,https://docs.linkedin.com/search?ref=homepage&source=nav
63,9,1,0,0,0,0,1,0,17,2,0,0.1746,0.1429,0,0,4.6262,0,https://yahoo.com/profile/settings?session_id=983427492&lang=en
66,12,1,0,0,0,0,1,0,17,2,0,0.1667,0.1364,0,0,4.6697,0,https://facebook.com/profile/settings?session_id=983427492&lang=en
81,18,2,0,0,1,0,1,0,20,3,1,0.1728,0.0123,0,0,4.3297,0,https://support.paypal.com/category/news/world?category=all&page=2&sort=relevance
54,16,3,0,0,1,0,1,0,30,0,0,0.1667,0.0,0,0,4.1141,0,https://docs.spotify.com/download/latest/installer.exe
49,7,1,1,0,0,0,1,0,34,0,1,0.1837,0.1224,0,0,4.362,0,https://cnn.com/article/2026/03/technology-update
60,15,2,0,0,1,0,1,0,8,2,0,0.1833,0.15,0,0,4.6903,0,https://docs.medium.com/explore?session_id=983427492&lang=en
68,21,2,0,0,1,0,1,0,8,1,1,0.1471,0.0,0,0,4.4087,0,https://api.stackoverflow.com/explore?q=cybersecurity+best+practices
73,14,1,0,0,0,0,1,0,24,2,0,0.1507,0.0,0,0,4.3094,0,https://salesforce.com/user/dashboard/overview?view=compact&filter=active
45,8,1,0,0,0,0,1,0,0,2,0,0.2,0.2,0,0,4.6583,0,https://imdb.com?session_id=983427492&lang=en
75,14,2,0,0,1,0,1,0,22,1,1,0.1467,0.0,0,0,4.2128,0,https://www.paypal.com/resources/whitepapers?q=cybersecurity+best+practices
37,15,2,0,0,1,0,1,0,14,0,0,0.1892,0.0,0,0,3.99,0,https://api.dropbox.com/about/company
59,9,1,0,0,0,0,1,0,7,3,0,0.1864,0.0169,0,0,4.2864,0,https://adobe.com/search?category=all&page=2&sort=relevance
86,13,1,1,0,0,0,1,0,34,1,2,0.1512,0.0698,0,0,4.5931,0,https://wikipedia.org/article/2026/03/technology-update?q=cybersecurity+best+practices
39,17,2,0,0,1,0,1,0,14,0,0,0.1795,0.0,0,0,3.9553,0,https://api.wikipedia.org/feed/trending
37,17,2,0,0,1,0,1,0,12,0,1,0.2162,0.027,0,0,3.8074,0,https://support.twitch.tv/docs/v2/api
81,18,2,0,0,1,0,1,0,24,1,2,0.1481,0.0,0,0,4.3823,0,https://support.google.com/user/dashboard/overview?q=cybersecurity+best+practices
51,11,2,0,0,1,0,1,0,1,1,1,0.1961,0.0,0,0,4.1551,0,https://api.mit.edu/?q=cybersecurity+best+practices
28,13,2,0,0,1,0,1,0,7,0,0,0.2143,0.0,0,0,3.8963,0,https://www.quora.com/search
38,16,2,0,0,1,0,1,0,14,0,0,0.1842,0.0,0,0,4.0503,0,https://docs.dropbox.com/feed/trending
79,10,1,1,0,0,0,1,0,34,2,1,0.1646,0.0759,0,0,4.5591,0,https://reddit.com/article/2026/03/technology-update?view=compact&filter=active
32,10,1,0,0,0,0,1,0,14,0,0,0.1875,0.0,0,0,3.8125,0,https://reddit.com/feed/trending
69,18,2,0,0,1,0,1,0,14,2,0,0.1739,0.1304,0,0,4.7371,0,https://www.healthline.com/about/company?session_id=983427492&lang=en
38,17,2,0,0,1,0,0,0,14,0,0,0.1842,0.0,0,0,4.0304,0,http://api.microsoft.com/feed/trending
29,13,1,0,0,0,0,1,0,8,0,0,0.1724,0.0,0,0,4.0473,0,https://instagram.com/explore
43,13,2,0,0,1,0,1,0,22,0,0,0.1628,0.0,0,0,3.9317,0,https://www.quora.com/resources/whitepapers
58,16,2,1,0,1,0,1,0,34,0,1,0.1724,0.1034,0,0,4.517,0,https://blog.netflix.com/article/2026/03/technology-update
46,14,2,0,0,1,0,1,0,24,0,0,0.1739,0.0,0,0,4.1891,0,https://www.paypal.com/user/dashboard/overview
31,11,2,0,0,1,0,1,0,12,0,0,0.2581,0.0323,0,0,3.9503,0,https://www.mit.edu/docs/v2/api
54,19,2,0,0,1,0,1,0,27,0,1,0.1481,0.0,0,0,4.0242,0,https://support.dropbox.com/products/electronics/deals
31,15,2,0,0,1,0,1,0,8,0,0,0.1935,0.0,0,0,4.0023,0,https://blog.office.com/explore
83,16,3,0,0,1,0,1,0,30,2,0,0.1687,0.1084,0,0,4.6054,0,https://blog.harvard.edu/download/latest/installer.exe?session_id=983427492&lang=en
61,14,1,0,0,0,0,1,0,8,1,1,0.1475,0.0,0,0,4.2176,0,https://salesforce.com/explore?q=cybersecurity+best+practices
55,13,1,1,0,0,0,1,0,34,0,1,0.1636,0.1091,0,0,4.3443,0,https://pinterest.com/article/2026/03/technology-update
25,17,2,0,0,1,0,1,0,0,0,1,0.2,0.0,0,0,3.5133,0,https://support.twitch.tv
38,8,1,0,0,0,0,1,0,22,0,0,0.1579,0.0,0,0,3.8854,0,https://hulu.com/resources/whitepapers
65,13,1,0,0,0,0,1,0,17,2,0,0.1538,0.0,0,0,4.1885,0,https://pinterest.com/profile/settings?view=compact&filter=active
42,14,2,0,0,1,0,1,0,6,1,0,0.1905,0.0476,0,0,4.4633,0,https://api.github.com/watch?v=dQw4w9WgXcQ
33,18,2,0,0,1,0,0,0,8,0,0,0.1818,0.0,0,0,3.8997,0,http://www.healthline.com/explore
24,16,2,0,0,1,0,1,0,0,0,0,0.2083,0.0,0,0,3.6846,0,https://docs.twitter.com
61,19,2,1,0,1,0,1,0,34,0,1,0.1639,0.0984,0,0,4.4578,0,https://blog.salesforce.com/article/2026/03/technology-update
26,17,2,0,0,1,0,1,0,1,0,1,0.2308,0.0,0,0,3.6574,0,https://support.apple.com/
45,15,2,0,0,1,0,1,0,22,0,1,0.1556,0.0,0,0,3.8757,0,https://support.cnn.com/resources/whitepapers
46,13,1,0,0,0,0,1,0,1,2,0,0.1957,0.0,0,0,4.2947,0,https://instagram.com/?ref=homepage&source=nav
35,15,2,0,0,1,0,1,0,12,0,1,0.2,0.0,0,0,3.9357,0,https://www.harvard.edu/support/faq
86,13,2,1,0,1,0,1,0,34,1,2,0.1628,0.0698,0,0,4.6143,0,https://blog.imdb.com/article/2026/03/technology-update?q=cybersecurity+best+practices
41,11,2,1,0,1,0,1,0,22,0,0,0.1951,0.0,0,0,4.2107,0,https://www.nih.gov/blog/machine-learning
64,11,1,0,0,0,0,1,0,14,1,1,0.1562,0.0,0,0,4.3101,0,https://weather.com/feed/trending?q=cybersecurity+best+practices
45,15,2,1,0,1,0,1,0,22,0,0,0.1778,0.0,0,0,4.1191,0,https://blog.target.com/blog/machine-learning
73,14,2,0,0,1,0,1,0,20,1,1,0.1644,0.0,0,0,4.4469,0,https://api.amazon.com/category/news/world?q=cybersecurity+best+practices
26,17,2,0,0,1,0,1,0,1,0,0,0.2308,0.0,0,0,4.027,0,https://blog.stanford.edu/
50,12,2,0,0,0,0,1,0,30,0,0,0.16,0.0,0,0,3.9591,0,https://stanford.edu/download/latest/installer.exe
82,17,2,1,0,1,0,1,0,22,3,0,0.1707,0.0122,0,0,4.4289,0,https://www.pinterest.com/blog/machine-learning?category=all&page=2&sort=relevance
54,19,2,0,0,1,0,1,0,27,0,0,0.1481,0.0,0,0,4.0752,0,https://blog.salesforce.com/products/electronics/deals
40,12,1,0,0,0,0,1,0,20,0,0,0.175,0.0,0,0,4.1848,0,https://facebook.com/category/news/world
42,10,1,0,0,0,0,0,0,1,2,0,0.2143,0.0,0,0,4.3297,0,http://reddit.com/?ref=homepage&source=nav
39,19,2,0,0,1,0,1,0,12,0,1,0.1795,0.0,0,0,4.1823,0,https://blog.healthline.com/support/faq
30,10,1,0,0,0,0,1,0,12,0,0,0.2333,0.0333,0,0,3.9199,0,https://target.com/docs/v2/api
58,19,2,0,0,1,0,1,0,0,1,2,0.1552,0.0,0,0,4.1572,0,https://support.spotify.com?q=cybersecurity+best+practices
42,7,1,0,0,0,0,1,0,0,2,0,0.1905,0.0,0,0,4.2321,0,https://cnn.com?view=compact&filter=active
70,8,2,0,0,0,0,1,0,30,2,0,0.1714,0.0,0,0,4.4513,0,https://imdb.com/download/latest/installer.exe?ref=homepage&source=nav
48,18,2,1,0,1,0,1,0,22,0,0,0.1667,0.0,0,0,4.1471,0,https://www.healthline.com/blog/machine-learning
33,13,2,0,0,1,0,1,0,12,0,0,0.2424,0.0303,0,0,3.8132,0,https://docs.imdb.com/docs/v2/api
81,17,2,0,0,1,0,1,0,27,2,0,0.1605,0.1111,0,0,4.6428,0,https://www.instagram.com/products/electronics/deals?session_id=983427492&lang=en
72,17,1,0,0,0,0,1,0,6,2,0,0.1528,0.0278,0,0,4.5702,0,https://stackoverflow.com/watch?v=dQw4w9WgXcQ?view=compact&filter=active
53,15,3,0,0,1,0,1,0,30,0,0,0.1698,0.0,0,0,4.0258,0,https://docs.google.com/download/latest/installer.exe
77,11,2,1,0,1,0,1,0,34,2,1,0.1818,0.0779,0,0,4.6965,0,https://www.nih.gov/article/2026/03/technology-update?ref=homepage&source=nav
57,14,1,0,0,0,0,1,0,8,2,0,0.1579,0.0,0,0,4.2375,0,https://healthline.com/explore?view=compact&filter=active
70,13,1,0,0,0,0,1,0,14,3,0,0.1714,0.0143,0,0,4.388,0,https://wikipedia.org/feed/trending?category=all&page=2&sort=relevance
30,10,1,0,0,0,0,1,0,12,0,0,0.2333,0.0333,0,0,3.8947,0,https://medium.com/docs/v2/api
15,7,1,0,0,0,0,1,0,0,0,0,0.2667,0.0,0,0,3.3736,0,https://cnn.com
35,15,2,0,0,1,0,1,0,12,0,0,0.2286,0.0286,0,0,3.9684,0,https://docs.github.com/docs/v2/api
71,13,2,0,0,1,0,1,0,19,1,1,0.1549,0.0,0,0,4.301,0,https://www.adobe.com/pricing/enterprise?q=cybersecurity+best+practices
27,11,1,0,0,0,0,1,0,8,0,0,0.1852,0.0,0,0,3.8562,0,https://harvard.edu/explore
64,10,1,0,0,0,0,1,0,7,2,0,0.1719,0.0,0,0,4.2159,0,https://reddit.com/search?utm_source=newsletter&utm_medium=email
72,13,2,0,0,1,0,1,0,6,1,1,0.1667,0.0278,0,0,4.5039,0,https://api.twitch.tv/watch?v=dQw4w9WgXcQ?q=cybersecurity+best+practices
33,11,1,0,0,0,0,1,0,14,0,0,0.1818,0.0,0,0,4.0518,0,https://harvard.edu/about/company
55,13,2,0,0,1,0,1,0,7,2,0,0.1818,0.0,0,0,4.4041,0,https://blog.hulu.com/search?view=compact&filter=active
35,15,2,0,0,1,0,1,0,12,0,1,0.2,0.0,0,0,4.1719,0,https://www.netflix.com/support/faq
64,10,1,0,0,0,0,1,0,22,2,0,0.1562,0.0,0,0,4.2128,0,https://office.com/resources/whitepapers?ref=homepage&source=nav
53,15,3,0,0,1,0,1,0,30,0,0,0.1698,0.0,0,0,4.1311,0,https://www.spotify.com/download/latest/installer.exe
35,15,2,0,0,1,0,1,0,12,0,1,0.2,0.0,0,0,3.9357,0,https://docs.office.com/support/faq
43,11,1,0,0,0,0,1,0,24,0,0,0.1628,0.0,0,0,4.1734,0,https://nytimes.com/user/dashboard/overview
53,15,3,0,0,1,0,1,0,30,0,0,0.1698,0.0,0,0,3.9881,0,https://www.walmart.com/download/latest/installer.exe
90,17,2,1,0,1,0,1,0,34,1,3,0.1556,0.0667,0,0,4.5453,0,https://support.quora.com/article/2026/03/technology-update?q=cybersecurity+best+practices
70,12,1,0,0,0,0,1,0,19,1,1,0.1429,0.0,0,0,4.2521,0,https://facebook.com/pricing/enterprise?q=cybersecurity+best+practices
34,14,2,0,0,1,0,1,0,12,0,0,0.2353,0.0294,0,0,4.0179,0,https://blog.apple.com/docs/v2/api
31,12,1,0,0,0,0,0,0,12,0,0,0.2258,0.0323,0,0,4.0392,0,http://linkedin.com/docs/v2/api
40,10,1,0,0,0,0,1,0,22,0,0,0.15,0.0,0,0,3.9776,0,https://amazon.com/resources/whitepapers
42,20,2,0,0,1,0,1,0,14,0,1,0.1667,0.0,0,0,4.1839,0,https://support.linkedin.com/about/company
30,22,2,0,0,1,0,1,0,0,0,1,0.1667,0.0,0,0,3.9647,0,https://support.cloudflare.com
35,7,1,0,0,0,0,1,0,6,1,0,0.2,0.0571,0,0,4.3573,0,https://nih.gov/watch?v=dQw4w9WgXcQ
70,14,2,0,0,1,0,1,0,24,2,0,0.1714,0.0,0,0,4.3691,0,https://docs.twitch.tv/user/dashboard/overview?ref=homepage&source=nav
52,17,2,0,0,1,0,1,0,27,0,0,0.1538,0.0,0,0,4.1354,0,https://www.wikipedia.org/products/electronics/deals
88,19,3,0,0,1,0,1,0,30,1,2,0.1477,0.0,0,0,4.4278,0,https://support.mozilla.org/download/latest/installer.exe?q=cybersecurity+best+practices
39,14,2,0,0,1,0,1,0,17,0,0,0.1795,0.0,0,0,4.1185,0,https://www.paypal.com/profile/settings
21,13,2,0,0,1,0,1,0,0,0,0,0.2381,0.0,0,0,3.8209,0,https://blog.espn.com
42,10,1,0,0,0,0,1,0,0,2,0,0.1905,0.0,0,0,4.386,0,https://github.com?ref=homepage&source=nav
53,11,1,1,0,0,0,1,0,34,0,1,0.1698,0.1132,0,0,4.3502,0,https://twitter.com/article/2026/03/technology-update
30,8,1,0,0,0,0,1,0,14,0,0,0.2,0.0,0,0,3.9069,0,https://etsy.com/feed/trending
72,10,1,0,0,0,0,1,0,19,3,0,0.1667,0.0139,0,0,4.3514,0,https://medium.com/pricing/enterprise?category=all&page=2&sort=relevance
75,19,2,0,0,1,0,1,0,19,2,1,0.16,0.12,0,0,4.5822,0,https://support.spotify.com/pricing/enterprise?session_id=983427492&lang=en
44,16,2,0,0,1,0,1,0,20,0,1,0.1818,0.0,0,0,4.1724,0,https://support.ebay.com/category/news/world
49,11,2,0,0,0,0,1,0,30,0,0,0.1633,0.0,0,0,4.036,0,https://netflix.com/download/latest/installer.exe
33,13,1,0,0,0,0,1,0,12,0,0,0.2121,0.0303,0,0,3.8361,0,https://microsoft.com/docs/v2/api
81,17,2,0,0,1,0,1,0,27,2,0,0.1605,0.1111,0,0,4.6355,0,https://www.wikipedia.org/products/electronics/deals?session_id=983427492&lang=en
80,13,2,0,0,1,0,1,0,20,2,0,0.175,0.0,0,0,4.4057,0,https://api.yahoo.com/category/news/world?utm_source=newsletter&utm_medium=email
32,12,2,0,0,1,0,1,0,12,0,1,0.2188,0.0,0,0,4.0542,0,https://www.ebay.com/support/faq
47,9,2,0,0,0,0,1,0,30,0,0,0.1702,0.0,0,0,3.9563,0,https://twitch.tv/download/latest/installer.exe
38,18,2,0,0,1,0,1,0,12,0,1,0.1842,0.0,0,0,4.1158,0,https://docs.wikipedia.org/support/faq
37,10,1,0,0,0,0,1,0,19,0,0,0.1622,0.0,0,0,3.9519,0,https://amazon.com/pricing/enterprise
60,11,1,0,0,0,0,1,0,14,2,0,0.1667,0.0,0,0,4.4002,0,https://mozilla.org/feed/trending?view=compact&filter=active
29,7,1,0,0,0,0,1,0,14,0,0,0.2069,0.0,0,0,3.8144,0,https://nih.gov/feed/trending
31,11,2,0,0,1,0,1,0,12,0,0,0.2581,0.0323,0,0,3.8615,0,https://api.zoom.us/docs/v2/api
70,16,2,0,0,1,0,1,0,7,2,0,0.1714,0.0,0,0,4.3261,0,https://blog.weather.com/search?utm_source=newsletter&utm_medium=email
51,11,1,0,0,0,0,1,0,1,1,1,0.1765,0.0,0,0,4.1756,0,https://harvard.edu/?q=cybersecurity+best+practices
26,10,1,0,0,0,0,1,0,8,0,0,0.1923,0.0,0,0,3.7962,0,https://target.com/explore
78,11,3,0,0,1,0,1,0,30,2,0,0.1795,0.1154,0,0,4.5998,0,https://www.zoom.us/download/latest/installer.exe?session_id=983427492&lang=en
45,15,2,1,0,1,0,1,0,22,0,0,0.1778,0.0,0,0,4.1526,0,https://api.mozilla.org/blog/machine-learning
45,15,2,0,0,1,0,1,0,22,0,0,0.1556,0.0,0,0,4.0389,0,https://docs.github.com/resources/whitepapers
33,11,1,0,0,0,0,1,0,14,0,0,0.1818,0.0,0,0,3.9912,0,https://spotify.com/feed/trending
54,10,1,0,0,0,0,1,0,1,3,0,0.2037,0.0185,0,0,4.3309,0,https://reddit.com/?category=all&page=2&sort=relevance
48,12,1,0,0,0,0,1,0,1,2,0,0.1875,0.0,0,0,4.2624,0,https://facebook.com/?view=compact&filter=active
50,15,2,0,0,1,0,1,0,27,0,0,0.16,0.0,0,0,4.0069,0,https://docs.paypal.com/products/electronics/deals
44,16,2,0,0,1,0,1,0,6,1,0,0.1818,0.0455,0,0,4.5383,0,https://blog.harvard.edu/watch?v=dQw4w9WgXcQ
76,7,1,1,0,0,0,1,0,22,2,0,0.1711,0.0,0,0,4.4284,0,https://zoom.us/blog/machine-learning?utm_source=newsletter&utm_medium=email
18,9,2,0,0,0,0,1,0,1,0,0,0.3333,0.0,0,0,3.4613,0,https://bbc.co.uk/
41,13,2,0,0,1,0,1,0,6,1,0,0.1951,0.0488,0,0,4.5522,0,https://blog.ebay.com/watch?v=dQw4w9WgXcQ
81,18,2,0,0,1,0,1,0,6,3,1,0.1728,0.037,0,0,4.7161,0,https://support.office.com/watch?v=dQw4w9WgXcQ?category=all&page=2&sort=relevance
83,12,1,0,0,0,0,1,0,24,2,0,0.1566,0.0,0,0,4.3391,0,https://stanford.edu/user/dashboard/overview?utm_source=newsletter&utm_medium=email
58,11,2,0,0,1,0,1,0,12,2,1,0.1897,0.0,0,0,4.3552,0,https://www.mit.edu/support/faq?view=compact&filter=active
76,11,1,1,0,0,0,1,0,22,3,0,0.1711,0.0132,0,0,4.4452,0,https://spotify.com/blog/machine-learning?category=all&page=2&sort=relevance
48,18,2,0,0,1,0,1,0,22,0,1,0.1458,0.0,0,0,3.8599,0,https://support.reddit.com/resources/whitepapers
87,18,2,1,0,1,0,1,0,22,2,0,0.1609,0.0,0,0,4.4709,0,https://www.cloudflare.com/blog/machine-learning?utm_source=newsletter&utm_medium=email
73,16,2,0,0,1,0,1,0,22,2,0,0.1507,0.0,0,0,4.2961,0,https://www.facebook.com/resources/whitepapers?view=compact&filter=active
78,14,1,0,0,0,0,1,0,27,2,0,0.1538,0.1154,0,0,4.5414,0,https://salesforce.com/products/electronics/deals?session_id=983427492&lang=en
70,13,1,0,0,0,0,1,0,14,3,0,0.1714,0.0143,0,0,4.3041,0,https://pinterest.com/feed/trending?category=all&page=2&sort=relevance
44,14,2,0,0,1,0,1,0,22,0,0,0.1591,0.0,0,0,3.8691,0,https://api.target.com/resources/whitepapers
69,20,2,0,0,1,0,1,0,14,2,1,0.1594,0.0,0,0,4.4296,0,https://support.stanford.edu/about/company?view=compact&filter=active
67,13,1,0,0,0,0,1,0,7,2,0,0.1642,0.0,0,0,4.361,0,https://wikipedia.org/search?utm_source=newsletter&utm_medium=email
46,14,2,0,0,1,0,1,0,24,0,0,0.1739,0.0,0,0,4.1834,0,https://api.github.com/user/dashboard/overview
69,16,2,0,0,1,0,1,0,14,1,2,0.1594,0.0,0,0,4.2802,0,https://support.imdb.com/about/company?q=cybersecurity+best+practices
57,19,3,0,0,1,0,1,0,30,0,1,0.1579,0.0,0,0,4.1048,0,https://support.mozilla.org/download/latest/installer.exe
39,14,2,0,0,1,0,1,0,17,0,0,0.1795,0.0,0,0,4.1185,0,https://blog.adobe.com/profile/settings
38,9,1,0,0,0,0,0,0,22,0,0,0.1579,0.0,0,0,3.9579,0,http://slack.com/resources/whitepapers
34,14,2,0,0,1,0,1,0,12,0,1,0.2059,0.0,0,0,3.8444,0,https://api.paypal.com/support/faq
43,13,2,0,0,1,0,1,0,22,0,0,0.1628,0.0,0,0,3.8592,0,https://api.apple.com/resources/whitepapers
46,18,2,0,0,1,0,1,0,20,0,0,0.1739,0.0,0,0,4.2055,0,https://blog.instagram.com/category/news/world
87,20,3,0,0,1,0,1,0,30,2,1,0.1609,0.1034,0,0,4.6003,0,https://support.linkedin.com/download/latest/installer.exe?session_id=983427492&lang=en
30,10,1,0,0,0,0,1,0,12,0,1,0.2,0.0,0,0,3.8281,0,https://target.com/support/faq
62,13,1,0,0,0,0,1,0,12,2,0,0.1935,0.1613,0,0,4.6314,0,https://wikipedia.org/docs/v2/api?session_id=983427492&lang=en
65,16,2,0,0,1,0,1,0,17,2,0,0.1692,0.0,0,0,4.3776,0,https://docs.nytimes.com/profile/settings?ref=homepage&source=nav
35,19,2,0,0,1,0,1,0,8,0,1,0.1714,0.0,0,0,3.9789,0,https://support.netflix.com/explore
32,10,1,0,0,0,0,1,0,14,0,0,0.1875,0.0,0,0,4.0389,0,https://reddit.com/about/company
50,15,2,0,0,1,0,1,0,27,0,0,0.16,0.0,0,0,4.1742,0,https://blog.amazon.com/products/electronics/deals
31,16,2,0,0,1,0,1,0,7,0,0,0.1935,0.0,0,0,3.9292,0,https://docs.youtube.com/search
43,16,2,0,0,1,0,0,0,6,1,0,0.186,0.0465,0,0,4.4434,0,http://docs.spotify.com/watch?v=dQw4w9WgXcQ
30,21,2,0,0,1,0,1,0,1,0,1,0.2,0.0,0,0,3.8314,0,https://support.instagram.com/
47,15,2,0,0,1,0,1,0,24,0,0,0.1702,0.0,0,0,4.1292,0,https://api.dropbox.com/user/dashboard/overview
60,13,3,0,0,1,0,1,0,0,2,0,0.2,0.0,0,0,4.3652,0,https://www.bbc.co.uk?utm_source=newsletter&utm_medium=email
57,11,1,0,0,0,0,1,0,7,1,1,0.1579,0.0,0,0,4.1634,0,https://spotify.com/search?q=cybersecurity+best+practices
87,22,2,0,0,1,0,1,0,22,3,0,0.1494,0.0115,0,0,4.3802,0,https://docs.stackoverflow.com/resources/whitepapers?category=all&page=2&sort=relevance
78,8,1,0,0,0,0,1,0,27,3,0,0.1667,0.0128,0,0,4.3759,0,https://imdb.com/products/electronics/deals?category=all&page=2&sort=relevance
86,22,2,0,0,1,0,1,0,17,2,1,0.1512,0.0,0,0,4.3196,0,https://support.cloudflare.com/profile/settings?utm_source=newsletter&utm_medium=email
45,18,2,0,0,1,0,1,0,19,0,0,0.1556,0.0,0,0,3.9559,0,https://api.salesforce.com/pricing/enterprise
43,16,2,0,0,1,0,0,0,20,0,1,0.186,0.0,0,0,4.0804,0,http://support.espn.com/category/news/world
46,18,2,0,0,1,0,1,0,6,1,0,0.1739,0.0435,0,0,4.4579,0,https://docs.instagram.com/watch?v=dQw4w9WgXcQ
26,7,1,0,0,0,0,0,0,12,0,0,0.2692,0.0385,0,0,3.8403,0,http://mit.edu/docs/v2/api
32,12,1,0,0,0,0,1,0,12,0,1,0.1875,0.0,0,0,3.8278,0,https://stanford.edu/support/faq
30,15,2,0,0,1,0,1,0,7,0,0,0.2,0.0,0,0,3.8729,0,https://api.spotify.com/search
72,7,1,0,0,0,0,1,0,22,3,0,0.1667,0.0139,0,0,4.33,0,https://mit.edu/resources/whitepapers?category=all&page=2&sort=relevance
54,11,1,0,0,0,0,0,0,1,3,0,0.2037,0.0185,0,0,4.3521,0,http://spotify.com/?category=all&page=2&sort=relevance
37,7,1,1,0,0,0,1,0,22,0,0,0.1892,0.0,0,0,4.0645,0,https://cnn.com/blog/machine-learning
22,14,1,0,0,0,0,1,0,0,0,0,0.1818,0.0,0,0,3.7888,0,https://salesforce.com
35,13,2,0,0,1,0,1,0,14,0,0,0.2,0.0,0,0,3.8861,0,https://docs.etsy.com/about/company
25,17,2,0,0,1,0,0,0,1,0,0,0.24,0.0,0,0,3.6733,0,http://api.microsoft.com/
34,15,2,0,0,1,0,0,0,12,0,1,0.2059,0.0,0,0,3.9591,0,http://api.dropbox.com/support/faq
37,15,2,0,0,1,0,1,0,14,0,0,0.1892,0.0,0,0,3.9795,0,https://docs.medium.com/feed/trending
52,11,1,1,0,0,0,0,0,34,0,1,0.1731,0.1154,0,0,4.3226,0,http://weather.com/article/2026/03/technology-update
48,18,2,0,0,1,0,1,0,22,0,1,0.1458,0.0,0,0,3.9372,0,https://support.github.com/resources/whitepapers
49,14,2,0,0,1,0,1,0,0,2,0,0.1837,0.0,0,0,4.1946,0,https://api.paypal.com?view=compact&filter=active
72,16,2,0,0,1,0,1,0,17,1,1,0.1528,0.0,0,0,4.3327,0,https://docs.weather.com/profile/settings?q=cybersecurity+best+practices
57,10,1,0,0,0,0,1,0,12,2,0,0.193,0.0175,0,0,4.252,0,https://reddit.com/docs/v2/api?view=compact&filter=active
64,17,2,0,0,1,0,1,0,8,1,2,0.1562,0.0,0,0,4.2692,0,https://support.slack.com/explore?q=cybersecurity+best+practices
67,12,2,0,0,1,0,1,0,12,3,1,0.194,0.0149,0,0,4.5005,0,https://blog.mit.edu/support/faq?category=all&page=2&sort=relevance
32,17,3,0,0,1,0,1,0,7,0,1,0.2188,0.0,0,0,3.796,0,https://support.bbc.co.uk/search
54,19,2,0,0,1,0,1,0,27,0,1,0.1481,0.0,0,0,4.0256,0,https://support.nytimes.com/products/electronics/deals
44,9,1,0,0,0,0,1,0,27,0,0,0.1591,0.0,0,0,3.934,0,https://apple.com/products/electronics/deals
70,8,1,0,0,0,0,1,0,27,2,0,0.1571,0.0,0,0,4.3087,0,https://hulu.com/products/electronics/deals?view=compact&filter=active
73,16,2,1,0,1,0,1,0,22,2,0,0.1644,0.0,0,0,4.4793,0,https://blog.spotify.com/blog/machine-learning?view=compact&filter=active
39,12,1,0,0,0,0,1,0,19,0,0,0.1538,0.0,0,0,3.904,0,https://linkedin.com/pricing/enterprise
51,16,2,0,0,1,0,1,0,27,0,0,0.1569,0.0,0,0,3.9948,0,https://docs.weather.com/products/electronics/deals
39,10,1,1,0,0,0,0,0,22,0,0,0.1795,0.0,0,0,4.1311,0,http://reddit.com/blog/machine-learning
37,12,2,0,0,1,0,1,0,17,0,0,0.1892,0.0,0,0,4.0237,0,https://blog.mit.edu/profile/settings
92,15,3,0,0,1,0,1,0,30,2,0,0.163,0.0,0,0,4.3565,0,https://www.dropbox.com/download/latest/installer.exe?utm_source=newsletter&utm_medium=email
30,14,1,0,0,0,0,1,0,8,0,0,0.1667,0.0,0,0,4.0062,0,https://cloudflare.com/explore
42,13,2,0,0,1,0,0,0,22,0,0,0.1667,0.0,0,0,3.9395,0,http://api.quora.com/resources/whitepapers
30,15,2,0,0,1,0,0,0,8,0,0,0.2,0.0,0,0,4.0062,0,http://www.nytimes.com/explore
39,7,1,0,0,0,0,1,0,24,0,0,0.1795,0.0,0,0,4.1411,0,https://cnn.com/user/dashboard/overview
47,12,1,0,0,0,0,1,0,27,0,0,0.1489,0.0,0,0,3.9569,0,https://stanford.edu/products/electronics/deals
36,14,1,0,0,0,0,1,0,14,0,0,0.1667,0.0,0,0,3.9959,0,https://healthline.com/about/company
71,20,2,0,0,1,0,1,0,14,2,1,0.169,0.1268,0,0,4.7046,0,https://support.stanford.edu/about/company?session_id=983427492&lang=en
43,15,2,0,0,1,0,1,0,6,1,0,0.186,0.0465,0,0,4.3793,0,https://www.spotify.com/watch?v=dQw4w9WgXcQ
35,15,2,0,0,1,0,1,0,12,0,1,0.2,0.0,0,0,3.99,0,https://docs.google.com/support/faq
53,10,1,0,0,0,0,1,0,0,3,0,0.1887,0.0189,0,0,4.2913,0,https://amazon.com?category=all&page=2&sort=relevance
28,13,2,0,0,1,0,0,0,8,0,0,0.2143,0.0,0,0,3.8963,0,http://docs.hulu.com/explore
70,15,2,0,0,1,0,1,0,20,2,0,0.1714,0.0,0,0,4.4096,0,https://www.harvard.edu/category/news/world?view=compact&filter=active
33,11,1,0,0,0,0,1,0,14,0,0,0.1818,0.0,0,0,4.1124,0,https://walmart.com/feed/trending
58,11,1,0,0,0,0,1,0,12,2,1,0.1724,0.0,0,0,4.414,0,https://dropbox.com/support/faq?view=compact&filter=active
41,13,2,0,0,1,0,1,0,20,0,0,0.1951,0.0,0,0,4.1411,0,https://blog.espn.com/category/news/world
36,17,2,0,0,1,0,0,0,12,0,1,0.2222,0.0278,0,0,3.9858,0,http://support.slack.com/docs/v2/api
40,13,2,0,0,1,0,1,0,19,0,0,0.175,0.0,0,0,3.8964,0,https://docs.etsy.com/pricing/enterprise
86,19,2,0,0,1,0,1,0,24,3,0,0.1628,0.0116,0,0,4.4127,0,https://blog.salesforce.com/user/dashboard/overview?category=all&page=2&sort=relevance
71,9,1,0,0,0,0,1,0,19,3,0,0.169,0.0141,0,0,4.3272,0,https://quora.com/pricing/enterprise?category=all&page=2&sort=relevance
45,7,1,0,0,0,0,1,0,1,2,0,0.2222,0.2,0,0,4.5504,0,https://cnn.com/?session_id=983427492&lang=en
68,11,1,1,0,0,0,1,0,22,2,0,0.1618,0.0,0,0,4.3739,0,https://weather.com/blog/machine-learning?view=compact&filter=active
25,17,1,0,0,0,0,1,0,0,0,0,0.16,0.0,0,0,4.0235,0,https://stackoverflow.com
66,15,2,0,0,1,0,1,0,14,2,0,0.1818,0.1364,0,0,4.7492,0,https://api.mozilla.org/about/company?session_id=983427492&lang=en
29,8,1,0,0,0,0,0,0,14,0,0,0.2069,0.0,0,0,3.7454,0,http://hulu.com/about/company
25,17,1,0,0,0,0,0,0,1,0,0,0.2,0.0,0,0,3.9933,0,http://stackoverflow.com/
20,11,1,0,0,0,0,1,0,1,0,0,0.25,0.0,0,0,3.6464,0,https://dropbox.com/
53,21,2,0,0,1,0,1,0,24,0,0,0.1509,0.0,0,0,4.2425,0,https://api.stackoverflow.com/user/dashboard/overview
70,17,1,0,0,0,0,1,0,14,1,1,0.1429,0.0,0,0,4.4737,0,https://stackoverflow.com/feed/trending?q=cybersecurity+best+practices
68,14,2,0,0,1,0,1,0,22,2,0,0.1618,0.0,0,0,4.3004,0,https://www.medium.com/resources/whitepapers?ref=homepage&source=nav
41,16,2,0,0,1,0,1,0,17,0,0,0.1707,0.0,0,0,4.1132,0,https://www.linkedin.com/profile/settings
61,10,1,0,0,0,0,1,0,14,2,0,0.1803,0.1475,0,0,4.7009,0,https://medium.com/about/company?session_id=983427492&lang=en
43,13,1,0,0,0,0,1,0,22,0,0,0.1395,0.0,0,0,3.9584,0,https://instagram.com/resources/whitepapers
39,12,1,0,0,0,0,1,0,19,0,0,0.1538,0.0,0,0,3.9259,0,https://stanford.edu/pricing/enterprise
22,14,2,0,0,1,0,1,0,0,0,0,0.2273,0.0,0,0,3.6635,0,https://docs.slack.com
53,9,1,0,0,0,0,1,0,12,2,0,0.2075,0.0189,0,0,4.438,0,https://slack.com/docs/v2/api?ref=homepage&source=nav
68,12,2,0,0,1,0,1,0,24,2,0,0.1765,0.0,0,0,4.4183,0,https://www.imdb.com/user/dashboard/overview?ref=homepage&source=nav
24,9,1,0,0,0,0,1,0,7,0,0,0.2083,0.0,0,0,3.8035,0,https://quora.com/search
62,7,1,0,0,0,0,1,0,8,2,0,0.1774,0.0,0,0,4.3792,0,https://nih.gov/explore?utm_source=newsletter&utm_medium=email
41,19,2,0,0,1,0,1,0,14,0,0,0.1707,0.0,0,0,4.0828,0,https://blog.healthline.com/about/company
48,14,2,0,0,1,0,0,0,27,0,0,0.1667,0.0,0,0,4.0383,0,http://www.reddit.com/products/electronics/deals
29,13,1,0,0,0,0,1,0,8,0,0,0.1724,0.0,0,0,3.7714,0,https://pinterest.com/explore
71,17,2,0,0,1,0,1,0,17,2,0,0.169,0.1268,0,0,4.5632,0,https://api.instagram.com/profile/settings?session_id=983427492&lang=en
63,12,2,0,0,1,0,1,0,12,1,1,0.1905,0.0159,0,0,4.2945,0,https://docs.mit.edu/docs/v2/api?q=cybersecurity+best+practices
74,7,1,0,0,0,0,1,0,20,2,0,0.1757,0.0,0,0,4.3036,0,https://mit.edu/category/news/world?utm_source=newsletter&utm_medium=email
61,10,1,0,0,0,0,1,0,8,3,0,0.1803,0.0164,0,0,4.3262,0,https://office.com/explore?category=all&page=2&sort=relevance
23,7,1,0,0,0,0,1,0,8,0,0,0.2174,0.0,0,0,3.7951,0,https://cnn.com/explore
41,11,1,1,0,0,0,1,0,22,0,0,0.1707,0.0,0,0,4.2107,0,https://netflix.com/blog/machine-learning
38,8,1,1,0,0,0,1,0,22,0,0,0.1842,0.0,0,0,4.1883,0,https://imdb.com/blog/machine-learning
50,20,2,1,0,1,0,1,0,22,0,1,0.16,0.0,0,0,4.2962,0,https://support.linkedin.com/blog/machine-learning
50,15,2,0,0,1,0,1,0,27,0,0,0.16,0.0,0,0,4.0942,0,https://api.dropbox.com/products/electronics/deals
38,18,2,0,0,1,0,1,0,12,0,0,0.2105,0.0263,0,0,4.0933,0,https://www.salesforce.com/docs/v2/api
66,12,2,0,0,1,0,1,0,17,2,0,0.1818,0.1364,0,0,4.7318,0,https://www.ebay.com/profile/settings?session_id=983427492&lang=en
29,7,1,0,0,0,0,1,0,14,0,0,0.2069,0.0,0,0,3.9783,0,https://zoom.us/feed/trending
66,12,1,0,0,0,0,1,0,19,2,0,0.1515,0.0,0,0,4.3067,0,https://stanford.edu/pricing/enterprise?view=compact&filter=active
60,13,2,0,0,1,0,1,0,12,2,1,0.1833,0.0,0,0,4.392,0,https://docs.hulu.com/support/faq?view=compact&filter=active
74,11,1,0,0,0,0,1,0,6,3,0,0.1757,0.0405,0,0,4.6754,0,https://nytimes.com/watch?v=dQw4w9WgXcQ?category=all&page=2&sort=relevance
34,9,1,0,0,0,0,1,0,17,0,0,0.1765,0.0,0,0,4.0286,0,https://slack.com/profile/settings
47,15,2,0,0,1,0,1,0,0,2,0,0.1915,0.0,0,0,4.3979,0,https://blog.amazon.com?ref=homepage&source=nav
88,18,2,0,0,1,0,1,0,27,3,0,0.1591,0.0114,0,0,4.39,0,https://www.cloudflare.com/products/electronics/deals?category=all&page=2&sort=relevance
48,11,1,0,0,0,0,1,0,0,2,0,0.1875,0.1875,0,0,4.6292,0,https://twitter.com?session_id=983427492&lang=en
79,13,1,0,0,0,0,1,0,19,2,0,0.1519,0.0,0,0,4.2491,0,https://microsoft.com/pricing/enterprise?utm_source=newsletter&utm_medium=email
39,12,2,0,0,1,0,1,0,19,0,0,0.1795,0.0,0,0,3.8621,0,https://api.etsy.com/pricing/enterprise
74,17,2,0,0,1,0,1,0,22,2,0,0.1486,0.0,0,0,4.3595,0,https://docs.linkedin.com/resources/whitepapers?view=compact&filter=active
41,9,1,0,0,0,0,1,0,24,0,0,0.1707,0.0,0,0,4.0251,0,https://adobe.com/user/dashboard/overview
60,22,3,0,0,1,0,1,0,30,0,0,0.15,0.0,0,0,4.2318,0,https://blog.stackoverflow.com/download/latest/installer.exe
68,9,1,0,0,0,0,1,0,24,2,0,0.1618,0.0,0,0,4.3616,0,https://yahoo.com/user/dashboard/overview?view=compact&filter=active
25,16,2,0,0,1,0,1,0,1,0,0,0.24,0.0,0,0,3.7835,0,https://docs.weather.com/
29,9,2,0,0,0,0,1,0,12,0,1,0.2414,0.0,0,0,3.8404,0,https://bbc.co.uk/support/faq
65,9,1,0,0,0,0,1,0,24,2,0,0.1692,0.0,0,0,4.3616,0,https://apple.com/user/dashboard/overview?ref=homepage&source=nav
49,7,1,1,0,0,0,1,0,34,0,1,0.1837,0.1224,0,0,4.3694,0,https://mit.edu/article/2026/03/technology-update
25,16,2,0,0,1,0,1,0,1,0,1,0.24,0.0,0,0,3.5933,0,https://support.etsy.com/
63,13,2,0,0,1,0,1,0,7,3,0,0.1905,0.0159,0,0,4.2981,0,https://api.slack.com/search?category=all&page=2&sort=relevance
16,7,1,0,0,0,0,1,0,1,0,0,0.3125,0.0,0,0,3.3278,0,https://cnn.com/
58,16,2,1,0,1,0,1,0,34,0,1,0.1724,0.1034,0,0,4.4847,0,https://blog.dropbox.com/article/2026/03/technology-update
49,19,2,0,0,1,0,1,0,22,0,0,0.1429,0.0,0,0,3.9275,0,https://docs.salesforce.com/resources/whitepapers
43,16,2,0,0,1,0,1,0,19,0,0,0.1628,0.0,0,0,4.0514,0,https://blog.weather.com/pricing/enterprise
55,9,1,0,0,0,0,1,0,7,1,1,0.1636,0.0,0,0,4.1496,0,https://apple.com/search?q=cybersecurity+best+practices
53,15,3,0,0,1,0,1,0,30,0,0,0.1698,0.0,0,0,4.0723,0,https://www.nytimes.com/download/latest/installer.exe
69,15,2,1,0,1,0,1,0,22,2,0,0.1739,0.0,0,0,4.5788,0,https://www.dropbox.com/blog/machine-learning?ref=homepage&source=nav
73,21,2,0,0,1,0,1,0,20,2,0,0.1644,0.0,0,0,4.4086,0,https://www.stackoverflow.com/category/news/world?ref=homepage&source=nav
69,13,1,0,0,0,0,1,0,19,2,0,0.1594,0.1304,0,0,4.4304,0,https://pinterest.com/pricing/enterprise?session_id=983427492&lang=en
82,11,1,1,0,0,0,1,0,34,2,1,0.1707,0.1829,0,0,4.8253,0,https://netflix.com/article/2026/03/technology-update?session_id=983427492&lang=en
19,10,1,0,0,0,0,1,0,1,0,0,0.2632,0.0,0,0,3.6421,0,https://medium.com/
45,8,2,0,0,0,0,0,0,30,0,0,0.1778,0.0,0,0,4.0621,0,http://hulu.com/download/latest/installer.exe
71,12,1,0,0,0,0,1,0,22,2,0,0.1549,0.1268,0,0,4.7104,0,https://facebook.com/resources/whitepapers?session_id=983427492&lang=en
55,11,1,0,0,0,0,1,0,12,2,1,0.1818,0.0,0,0,4.3428,0,https://walmart.com/support/faq?ref=homepage&source=nav
16,8,1,0,0,0,0,1,0,0,0,0,0.25,0.0,0,0,3.625,0,https://imdb.com
65,17,2,0,0,1,0,1,0,1,2,1,0.1846,0.0,0,0,4.2536,0,https://support.twitch.tv/?utm_source=newsletter&utm_medium=email
76,13,2,0,0,1,0,1,0,6,3,0,0.1842,0.0395,0,0,4.6524,0,https://blog.etsy.com/watch?v=dQw4w9WgXcQ?category=all&page=2&sort=relevance
73,7,1,1,0,0,0,1,0,34,2,1,0.1781,0.0822,0,0,4.5973,0,https://cnn.com/article/2026/03/technology-update?ref=homepage&source=nav
32,7,1,0,0,0,0,1,0,17,0,0,0.1875,0.0,0,0,3.9139,0,https://zoom.us/profile/settings
19,11,2,0,0,1,0,1,0,0,0,0,0.2632,0.0,0,0,3.6163,0,https://api.nih.gov
45,15,2,1,0,1,0,1,0,22,0,0,0.1778,0.0,0,0,4.3413,0,https://www.spotify.com/blog/machine-learning
31,16,2,0,0,1,0,1,0,7,0,0,0.1935,0.0,0,0,3.9536,0,https://api.facebook.com/search
44,16,2,0,0,1,0,1,0,6,1,0,0.1818,0.0455,0,0,4.4363,0,https://docs.spotify.com/watch?v=dQw4w9WgXcQ
86,13,3,1,0,1,0,1,0,34,1,2,0.1744,0.0698,0,0,4.6216,0,https://www.bbc.co.uk/article/2026/03/technology-update?q=cybersecurity+best+practices
54,7,1,0,0,0,0,1,0,8,1,1,0.1667,0.0,0,0,4.3589,0,https://nih.gov/explore?q=cybersecurity+best+practices
36,9,2,0,0,0,0,1,0,19,0,0,0.1944,0.0,0,0,3.933,0,https://bbc.co.uk/pricing/enterprise
64,10,1,0,0,0,0,1,0,22,2,0,0.1562,0.0,0,0,4.2718,0,https://paypal.com/resources/whitepapers?ref=homepage&source=nav
82,8,1,0,0,0,0,1,0,27,2,0,0.1585,0.0,0,0,4.2537,0,https://imdb.com/products/electronics/deals?utm_source=newsletter&utm_medium=email
83,21,2,0,0,1,0,1,0,19,3,1,0.1566,0.012,0,0,4.2215,0,https://support.pinterest.com/pricing/enterprise?category=all&page=2&sort=relevance
84,17,3,0,0,1,0,1,0,30,2,0,0.1667,0.1071,0,0,4.6242,0,https://www.microsoft.com/download/latest/installer.exe?session_id=983427492&lang=en
71,14,2,0,0,1,0,1,0,20,2,0,0.1831,0.1268,0,0,4.7018,0,https://www.amazon.com/category/news/world?session_id=983427492&lang=en
76,9,1,0,0,0,0,1,0,20,2,0,0.1711,0.0,0,0,4.3809,0,https://slack.com/category/news/world?utm_source=newsletter&utm_medium=email
39,14,2,0,0,1,0,1,0,17,0,0,0.1795,0.0,0,0,4.1891,0,https://blog.quora.com/profile/settings
38,11,1,0,0,0,0,1,0,19,0,0,0.1579,0.0,0,0,3.8,0,https://nytimes.com/pricing/enterprise
45,15,2,0,0,1,0,1,0,22,0,0,0.1556,0.0,0,0,3.8865,0,https://docs.reddit.com/resources/whitepapers
79,13,1,0,0,0,0,1,0,19,2,0,0.1519,0.0,0,0,4.1585,0,https://pinterest.com/pricing/enterprise?utm_source=newsletter&utm_medium=email
60,9,1,0,0,0,0,1,0,12,1,1,0.1833,0.0167,0,0,4.3502,0,https://slack.com/docs/v2/api?q=cybersecurity+best+practices
64,17,2,0,0,1,0,1,0,12,2,1,0.1875,0.0156,0,0,4.3477,0,https://support.slack.com/docs/v2/api?view=compact&filter=active
41,11,1,0,0,0,0,1,0,22,0,0,0.1463,0.0,0,0,3.9156,0,https://spotify.com/resources/whitepapers
40,12,2,0,0,1,0,1,0,6,1,0,0.2,0.05,0,0,4.2964,0,https://www.etsy.com/watch?v=dQw4w9WgXcQ
76,9,1,0,0,0,0,1,0,24,3,0,0.1711,0.0132,0,0,4.4387,0,https://slack.com/user/dashboard/overview?category=all&page=2&sort=relevance
41,14,2,0,0,1,0,1,0,19,0,0,0.1707,0.0,0,0,4.0579,0,https://docs.quora.com/pricing/enterprise
55,11,1,0,0,0,0,1,0,12,2,1,0.1818,0.0,0,0,4.3655,0,https://nytimes.com/support/faq?ref=homepage&source=nav
87,22,2,1,0,1,0,1,0,22,3,1,0.1609,0.0115,0,0,4.4768,0,https://support.cloudflare.com/blog/machine-learning?category=all&page=2&sort=relevance
85,18,2,0,0,1,0,1,0,6,2,1,0.1647,0.0235,0,0,4.6664,0,https://support.office.com/watch?v=dQw4w9WgXcQ?utm_source=newsletter&utm_medium=email
45,13,1,0,0,0,0,1,0,0,2,0,0.1778,0.0,0,0,4.2356,0,https://pinterest.com?ref=homepage&source=nav
75,12,2,0,0,1,0,1,0,20,3,0,0.1867,0.0133,0,0,4.3506,0,https://api.etsy.com/category/news/world?category=all&page=2&sort=relevance
37,17,2,0,0,1,0,1,0,12,0,1,0.1892,0.0,0,0,4.0981,0,https://blog.facebook.com/support/faq
67,22,2,0,0,1,0,1,0,8,2,0,0.1642,0.1343,0,0,4.8274,0,https://blog.stackoverflow.com/explore?session_id=983427492&lang=en
38,10,1,0,0,0,0,1,0,20,0,0,0.1842,0.0,0,0,4.2383,0,https://github.com/category/news/world
49,17,2,0,0,1,0,1,0,24,0,0,0.1633,0.0,0,0,4.1404,0,https://api.microsoft.com/user/dashboard/overview
72,11,1,0,0,0,0,1,0,14,2,0,0.1667,0.0,0,0,4.2973,0,https://youtube.com/about/company?utm_source=newsletter&utm_medium=email
70,19,2,0,0,1,0,1,0,14,2,0,0.1714,0.1286,0,0,4.7559,0,https://docs.cloudflare.com/about/company?session_id=983427492&lang=en
37,15,2,0,0,1,0,1,0,14,0,0,0.1892,0.0,0,0,3.8687,0,https://docs.reddit.com/feed/trending
63,7,1,0,0,0,0,1,0,19,2,0,0.1746,0.1429,0,0,4.4932,0,https://cnn.com/pricing/enterprise?session_id=983427492&lang=en
33,13,1,0,0,0,0,1,0,12,0,1,0.1818,0.0,0,0,3.8818,0,https://pinterest.com/support/faq
69,9,1,0,0,0,0,0,0,24,2,0,0.1739,0.1304,0,0,4.765,0,http://quora.com/user/dashboard/overview?session_id=983427492&lang=en
65,18,2,0,0,1,0,1,0,12,2,0,0.1846,0.0154,0,0,4.3343,0,https://www.healthline.com/docs/v2/api?view=compact&filter=active
33,11,1,0,0,0,0,1,0,14,0,0,0.1818,0.0,0,0,3.8471,0,https://harvard.edu/feed/trending
67,13,1,0,0,0,0,1,0,17,2,0,0.1642,0.1343,0,0,4.5624,0,https://instagram.com/profile/settings?session_id=983427492&lang=en
73,14,1,0,0,0,0,1,0,20,1,1,0.1507,0.0,0,0,4.3745,0,https://healthline.com/category/news/world?q=cybersecurity+best+practices
39,17,2,0,0,1,0,1,0,14,0,1,0.1795,0.0,0,0,4.0991,0,https://support.adobe.com/feed/trending
30,8,1,0,0,0,0,1,0,14,0,0,0.2,0.0,0,0,3.8566,0,https://espn.com/feed/trending
42,22,2,0,0,1,0,1,0,12,0,1,0.1667,0.0,0,0,4.1276,0,https://docs.stackoverflow.com/support/faq
34,18,2,0,0,1,0,1,0,8,0,0,0.1765,0.0,0,0,4.1385,0,https://blog.instagram.com/explore
68,17,2,0,0,1,0,1,0,14,2,0,0.1765,0.1324,0,0,4.5654,0,https://docs.linkedin.com/feed/trending?session_id=983427492&lang=en
79,17,1,0,0,0,0,1,0,27,2,0,0.1392,0.0,0,0,4.3052,0,https://stackoverflow.com/products/electronics/deals?view=compact&filter=active
35,15,2,0,0,1,0,1,0,12,0,1,0.2,0.0,0,0,4.0116,0,https://blog.target.com/support/faq
72,17,2,0,0,1,0,1,0,8,2,1,0.1667,0.0,0,0,4.3117,0,https://support.yahoo.com/explore?utm_source=newsletter&utm_medium=email
20,12,1,0,0,0,0,1,0,0,0,0,0.2,0.0,0,0,3.9219,0,https://linkedin.com
66,12,2,0,0,1,0,1,0,7,2,0,0.1818,0.0,0,0,4.3468,0,https://api.ebay.com/search?utm_source=newsletter&utm_medium=email
74,11,1,0,0,0,0,1,0,6,3,0,0.1757,0.0405,0,0,4.5791,0,https://walmart.com/watch?v=dQw4w9WgXcQ?category=all&page=2&sort=relevance
61,9,1,0,0,0,0,1,0,6,2,0,0.1803,0.0328,0,0,4.6621,0,https://adobe.com/watch?v=dQw4w9WgXcQ?ref=homepage&source=nav
46,10,1,0,0,0,0,1,0,1,2,0,0.1957,0.0,0,0,4.1776,0,https://target.com/?view=compact&filter=active
24,15,2,0,0,1,0,1,0,1,0,0,0.25,0.0,0,0,3.7721,0,https://docs.github.com/
59,17,2,1,0,1,0,1,0,34,0,2,0.1695,0.1017,0,0,4.4227,0,https://support.adobe.com/article/2026/03/technology-update
43,18,2,0,0,1,0,1,0,17,0,0,0.1628,0.0,0,0,4.0514,0,https://www.salesforce.com/profile/settings
72,9,1,0,0,0,0,1,0,24,1,1,0.1528,0.0,0,0,4.3671,0,https://slack.com/user/dashboard/overview?q=cybersecurity+best+practices
69,12,2,0,0,1,0,1,0,14,3,0,0.1884,0.0145,0,0,4.5307,0,https://www.imdb.com/about/company?category=all&page=2&sort=relevance
41,11,1,1,0,0,0,1,0,22,0,0,0.1707,0.0,0,0,4.2595,0,https://youtube.com/blog/machine-learning
75,14,2,0,0,1,0,1,0,14,2,0,0.1733,0.0,0,0,4.3887,0,https://docs.slack.com/about/company?utm_source=newsletter&utm_medium=email
60,14,1,0,0,0,0,1,0,14,2,0,0.1667,0.0,0,0,4.3018,0,https://salesforce.com/feed/trending?ref=homepage&source=nav
22,14,2,0,0,1,0,1,0,0,0,0,0.2273,0.0,0,0,3.7888,0,https://api.github.com
41,13,1,0,0,0,0,1,0,6,1,0,0.1707,0.0488,0,0,4.473,0,https://wikipedia.org/watch?v=dQw4w9WgXcQ
28,8,1,0,0,0,0,1,0,12,0,0,0.25,0.0357,0,0,3.8213,0,https://imdb.com/docs/v2/api
55,13,2,1,0,1,0,1,0,34,0,1,0.1818,0.1091,0,0,4.4471,0,https://api.quora.com/article/2026/03/technology-update
29,9,1,0,0,0,0,1,0,12,0,1,0.2069,0.0,0,0,3.8833,0,https://slack.com/support/faq
60,8,1,0,0,0,0,1,0,17,2,0,0.1667,0.0,0,0,4.2631,0,https://etsy.com/profile/settings?view=compact&filter=active
55,13,2,1,0,1,0,1,0,34,0,1,0.1818,0.1091,0,0,4.4334,0,https://blog.hulu.com/article/2026/03/technology-update
71,21,2,0,0,1,0,1,0,7,3,1,0.169,0.0141,0,0,4.2588,0,https://support.pinterest.com/search?category=all&page=2&sort=relevance
25,9,1,0,0,0,0,1,0,8,0,0,0.2,0.0,0,0,3.8137,0,https://yahoo.com/explore
35,13,2,0,0,1,0,1,0,14,0,0,0.2,0.0,0,0,4.0931,0,https://api.yahoo.com/feed/trending
31,9,1,0,0,0,0,1,0,14,0,0,0.1935,0.0,0,0,3.889,0,https://slack.com/about/company
55,11,1,0,0,0,0,1,0,12,2,1,0.1818,0.0,0,0,4.2795,0,https://harvard.edu/support/faq?ref=homepage&source=nav
64,9,1,0,0,0,0,1,0,20,2,0,0.1719,0.0,0,0,4.3732,0,https://yahoo.com/category/news/world?view=compact&filter=active
37,15,2,0,0,1,0,1,0,14,0,0,0.1892,0.0,0,0,4.2293,0,https://blog.paypal.com/feed/trending
34,12,1,0,0,0,0,1,0,14,0,0,0.1765,0.0,0,0,3.962,0,https://linkedin.com/feed/trending
64,11,1,0,0,0,0,1,0,14,1,1,0.1562,0.0,0,0,4.3741,0,https://netflix.com/about/company?q=cybersecurity+best+practices
59,11,1,0,0,0,0,1,0,1,2,0,0.1864,0.0,0,0,4.2117,0,https://walmart.com/?utm_source=newsletter&utm_medium=email
73,15,2,0,0,1,0,1,0,19,1,1,0.1507,0.0,0,0,4.3348,0,https://www.dropbox.com/pricing/enterprise?q=cybersecurity+best+practices
76,14,2,0,0,1,0,1,0,19,3,0,0.1711,0.0132,0,0,4.3199,0,https://blog.twitch.tv/pricing/enterprise?category=all&page=2&sort=relevance
53,18,2,0,0,1,0,1,0,27,0,1,0.1509,0.0,0,0,3.9756,0,https://support.target.com/products/electronics/deals
68,12,1,0,0,0,0,1,0,17,1,1,0.1471,0.0,0,0,4.3252,0,https://facebook.com/profile/settings?q=cybersecurity+best+practices
60,13,2,0,0,1,0,1,0,12,2,1,0.1833,0.0,0,0,4.4046,0,https://docs.imdb.com/support/faq?view=compact&filter=active
36,15,2,0,0,1,0,0,0,14,0,1,0.1944,0.0,0,0,3.9613,0,http://support.cnn.com/feed/trending
19,10,1,0,0,0,0,1,0,1,0,0,0.2632,0.0,0,0,3.5369,0,https://google.com/
36,14,2,0,0,1,0,1,0,14,0,0,0.1944,0.0,0,0,4.0515,0,https://blog.twitch.tv/about/company
69,7,2,0,0,0,0,1,0,30,2,0,0.1739,0.0,0,0,4.4062,0,https://zoom.us/download/latest/installer.exe?ref=homepage&source=nav
51,9,1,0,0,0,0,1,0,7,2,0,0.1765,0.0,0,0,4.2952,0,https://quora.com/search?view=compact&filter=active
73,14,2,0,0,1,0,1,0,12,2,0,0.1918,0.0137,0,0,4.5094,0,https://blog.yahoo.com/docs/v2/api?utm_source=newsletter&utm_medium=email
71,20,2,0,0,1,0,1,0,8,3,1,0.169,0.0141,0,0,4.3278,0,https://support.stanford.edu/explore?category=all&page=2&sort=relevance
67,13,1,0,0,0,0,1,0,19,2,0,0.1493,0.0,0,0,4.2109,0,https://instagram.com/pricing/enterprise?view=compact&filter=active
72,9,1,0,0,0,0,1,0,24,1,1,0.1528,0.0,0,0,4.2406,0,https://twitch.tv/user/dashboard/overview?q=cybersecurity+best+practices
48,13,1,0,0,0,0,1,0,27,0,0,0.1458,0.0,0,0,4.0465,0,https://instagram.com/products/electronics/deals
55,15,2,0,0,1,0,1,0,8,2,0,0.1818,0.0,0,0,4.2846,0,https://blog.google.com/explore?ref=homepage&source=nav
69,10,1,0,0,0,0,0,0,17,3,0,0.1739,0.0145,0,0,4.2642,0,http://google.com/profile/settings?category=all&page=2&sort=relevance
52,17,2,0,0,1,0,0,0,1,2,0,0.1923,0.0,0,0,4.4834,0,http://blog.stanford.edu/?view=compact&filter=active
48,18,2,1,0,1,0,1,0,22,0,1,0.1667,0.0,0,0,4.2823,0,https://support.office.com/blog/machine-learning
16,7,1,0,0,0,0,1,0,1,0,0,0.3125,0.0,0,0,3.4528,0,https://nih.gov/
35,15,2,0,0,1,0,1,0,12,0,0,0.2286,0.0286,0,0,4.183,0,https://www.netflix.com/docs/v2/api
19,11,2,0,0,1,0,1,0,0,0,0,0.2632,0.0,0,0,3.4714,0,https://www.cnn.com
71,15,2,0,0,1,0,1,0,19,2,0,0.169,0.1268,0,0,4.6497,0,https://www.spotify.com/pricing/enterprise?session_id=983427492&lang=en
81,7,1,0,0,0,0,1,0,27,2,0,0.1605,0.0,0,0,4.1838,0,https://mit.edu/products/electronics/deals?utm_source=newsletter&utm_medium=email
24,16,2,0,0,1,0,1,0,0,0,0,0.2083,0.0,0,0,3.8554,0,https://www.stanford.edu
60,10,1,0,0,0,0,1,0,7,3,0,0.1833,0.0167,0,0,4.3026,0,https://reddit.com/search?category=all&page=2&sort=relevance
28,13,1,0,0,0,0,1,0,7,0,0,0.1786,0.0,0,0,3.9677,0,https://wikipedia.org/search
81,11,1,0,0,0,0,1,0,27,3,0,0.1605,0.0123,0,0,4.3459,0,https://youtube.com/products/electronics/deals?category=all&page=2&sort=relevance
75,11,1,0,0,0,0,1,0,27,2,0,0.16,0.12,0,0,4.5775,0,https://nytimes.com/products/electronics/deals?session_id=983427492&lang=en
31,9,1,0,0,0,0,1,0,14,0,0,0.1935,0.0,0,0,3.8489,0,https://apple.com/about/company
71,15,2,0,0,1,0,1,0,17,1,1,0.1549,0.0,0,0,4.3378,0,https://www.spotify.com/profile/settings?q=cybersecurity+best+practices
29,14,3,0,0,1,0,1,0,7,0,0,0.2414,0.0,0,0,3.9263,0,https://blog.bbc.co.uk/search
74,15,2,1,0,1,0,1,0,22,2,0,0.1757,0.1216,0,0,4.7366,0,https://api.dropbox.com/blog/machine-learning?session_id=983427492&lang=en
55,17,3,0,0,1,0,1,0,30,0,0,0.1636,0.0,0,0,4.1043,0,https://api.microsoft.com/download/latest/installer.exe
42,20,2,0,0,1,0,1,0,14,0,1,0.1667,0.0,0,0,4.0144,0,https://support.stanford.edu/about/company
46,21,2,0,0,1,0,1,0,17,0,1,0.1522,0.0,0,0,3.8467,0,https://support.pinterest.com/profile/settings
32,12,2,0,0,1,0,1,0,12,0,0,0.25,0.0312,0,0,3.8789,0,https://docs.mit.edu/docs/v2/api
39,11,1,0,0,0,0,1,0,6,1,0,0.1795,0.0513,0,0,4.4707,0,https://dropbox.com/watch?v=dQw4w9WgXcQ
38,11,2,0,0,1,0,1,0,19,0,0,0.1842,0.0,0,0,3.8656,0,https://www.nih.gov/pricing/enterprise
77,18,2,1,0,1,0,1,0,22,2,0,0.1688,0.1169,0,0,4.6382,0,https://docs.instagram.com/blog/machine-learning?session_id=983427492&lang=en
75,11,2,0,0,1,0,1,0,17,2,0,0.1733,0.0,0,0,4.3336,0,https://www.zoom.us/profile/settings?utm_source=newsletter&utm_medium=email
92,11,1,1,0,0,0,1,0,34,2,1,0.163,0.0652,0,0,4.5739,0,https://harvard.edu/article/2026/03/technology-update?utm_source=newsletter&utm_medium=email
82,13,3,0,0,1,0,1,0,30,1,1,0.1585,0.0,0,0,4.3391,0,https://api.twitch.tv/download/latest/installer.exe?q=cybersecurity+best+practices
46,18,2,0,0,1,0,1,0,20,0,1,0.1739,0.0,0,0,4.1891,0,https://support.medium.com/category/news/world
41,14,2,0,0,1,0,1,0,19,0,0,0.1707,0.0,0,0,3.9972,0,https://www.medium.com/pricing/enterprise
42,14,2,0,0,1,0,1,0,6,1,0,0.1905,0.0476,0,0,4.3141,0,https://www.google.com/watch?v=dQw4w9WgXcQ
62,16,2,0,0,1,0,1,0,7,1,1,0.1613,0.0,0,0,4.2028,0,https://docs.nytimes.com/search?q=cybersecurity+best+practices
38,10,1,0,0,0,0,1,0,6,1,0,0.1842,0.0526,0,0,4.3919,0,https://paypal.com/watch?v=dQw4w9WgXcQ
75,11,1,0,0,0,0,1,0,27,2,0,0.16,0.12,0,0,4.5835,0,https://harvard.edu/products/electronics/deals?session_id=983427492&lang=en
49,11,2,0,0,0,0,1,0,30,0,0,0.1633,0.0,0,0,4.0334,0,https://mozilla.org/download/latest/installer.exe
59,12,1,0,0,0,0,1,0,12,2,1,0.1695,0.0,0,0,4.4482,0,https://linkedin.com/support/faq?view=compact&filter=active
28,13,2,0,0,1,0,1,0,7,0,0,0.2143,0.0,0,0,3.6245,0,https://api.twitch.tv/search
60,8,1,0,0,0,0,1,0,6,2,0,0.1833,0.0333,0,0,4.7396,0,https://imdb.com/watch?v=dQw4w9WgXcQ?ref=homepage&source=nav
84,17,3,0,0,1,0,1,0,30,2,0,0.1667,0.1071,0,0,4.5171,0,https://api.pinterest.com/download/latest/installer.exe?session_id=983427492&lang=en
39,19,2,0,0,1,0,1,0,12,0,0,0.2051,0.0256,0,0,3.9721,0,https://docs.salesforce.com/docs/v2/api
40,10,1,0,0,0,0,1,0,22,0,0,0.15,0.0,0,0,3.8873,0,https://office.com/resources/whitepapers
29,14,2,0,0,1,0,1,0,7,0,0,0.2069,0.0,0,0,3.8573,0,https://docs.quora.com/search
34,9,1,0,0,0,0,1,0,17,0,0,0.1765,0.0,0,0,3.9254,0,https://apple.com/profile/settings
63,19,2,0,0,1,0,1,0,12,2,1,0.1746,0.0,0,0,4.368,0,https://docs.cloudflare.com/support/faq?ref=homepage&source=nav
55,17,3,0,0,1,0,1,0,30,0,0,0.1636,0.0,0,0,4.0787,0,https://api.instagram.com/download/latest/installer.exe
41,16,2,0,0,1,0,1,0,17,0,1,0.1707,0.0,0,0,4.1107,0,https://support.ebay.com/profile/settings
28,9,1,0,0,0,0,0,0,12,0,1,0.2143,0.0,0,0,3.8963,0,http://slack.com/support/faq
72,17,2,0,0,1,0,1,0,12,3,0,0.1944,0.0278,0,0,4.4421,0,https://www.wikipedia.org/docs/v2/api?category=all&page=2&sort=relevance
88,19,2,1,0,1,0,1,0,34,2,2,0.1591,0.0682,0,0,4.6529,0,https://support.dropbox.com/article/2026/03/technology-update?view=compact&filter=active
23,9,1,0,0,0,0,0,0,7,0,0,0.2174,0.0,0,0,3.7951,0,http://quora.com/search
32,16,2,0,0,1,0,1,0,8,0,1,0.1875,0.0,0,0,3.7692,0,https://support.espn.com/explore
34,13,1,0,0,0,0,0,0,14,0,0,0.1765,0.0,0,0,4.1529,0,http://wikipedia.org/about/company
67,17,3,0,0,1,0,1,0,7,3,1,0.194,0.0149,0,0,4.3502,0,https://support.bbc.co.uk/search?category=all&page=2&sort=relevance
71,16,2,0,0,1,0,1,0,20,2,0,0.169,0.0,0,0,4.3698,0,https://blog.twitter.com/category/news/world?view=compact&filter=active
36,11,2,0,0,1,0,1,0,17,0,0,0.1944,0.0,0,0,3.9959,0,https://www.cnn.com/profile/settings
25,18,2,0,0,1,0,0,0,0,0,0,0.2,0.0,0,0,3.9737,0,http://blog.instagram.com
39,14,2,0,0,1,0,1,0,17,0,0,0.1795,0.0,0,0,4.1185,0,https://blog.slack.com/profile/settings
56,14,1,1,0,0,0,1,0,34,0,1,0.1607,0.1071,0,0,4.3271,0,https://healthline.com/article/2026/03/technology-update
70,9,1,0,0,0,0,1,0,14,2,0,0.1714,0.0,0,0,4.3338,0,https://adobe.com/about/company?utm_source=newsletter&utm_medium=email
67,12,2,0,0,1,0,1,0,12,3,1,0.194,0.0149,0,0,4.5234,0,https://api.imdb.com/support/faq?category=all&page=2&sort=relevance
30,10,1,0,0,0,0,1,0,12,0,1,0.2,0.0,0,0,3.9232,0,https://google.com/support/faq
82,16,2,0,0,1,0,1,0,27,1,1,0.1463,0.0,0,0,4.3295,0,https://docs.mozilla.org/products/electronics/deals?q=cybersecurity+best+practices
71,17,3,0,0,1,0,1,0,7,2,1,0.1831,0.0,0,0,4.3603,0,https://support.bbc.co.uk/search?utm_source=newsletter&utm_medium=email
24,16,2,0,0,1,0,1,0,0,0,0,0.2083,0.0,0,0,3.6573,0,https://docs.spotify.com
64,22,2,1,0,1,0,1,0,34,0,1,0.1562,0.0938,0,0,4.5249,0,https://docs.stackoverflow.com/article/2026/03/technology-update
71,14,2,0,0,1,0,1,0,6,2,0,0.1831,0.1549,0,0,4.8322,0,https://www.reddit.com/watch?v=dQw4w9WgXcQ?session_id=983427492&lang=en
68,14,2,0,0,1,0,1,0,22,2,0,0.1618,0.0,0,0,4.2232,0,https://www.target.com/resources/whitepapers?ref=homepage&source=nav
77,18,2,0,0,1,0,1,0,12,2,1,0.1688,0.0,0,0,4.3376,0,https://support.paypal.com/support/faq?utm_source=newsletter&utm_medium=email
69,12,2,0,0,1,0,1,0,14,3,0,0.1884,0.0145,0,0,4.4361,0,https://docs.zoom.us/about/company?category=all&page=2&sort=relevance
72,13,1,0,0,0,0,1,0,24,2,0,0.1528,0.0,0,0,4.3906,0,https://instagram.com/user/dashboard/overview?view=compact&filter=active
86,13,2,0,0,0,0,1,0,30,3,0,0.1628,0.0116,0,0,4.3168,0,https://instagram.com/download/latest/installer.exe?category=all&page=2&sort=relevance
48,9,1,0,0,0,0,1,0,0,1,1,0.1667,0.0,0,0,4.2207,0,https://slack.com?q=cybersecurity+best+practices
71,17,2,0,0,1,0,1,0,22,2,0,0.1549,0.0,0,0,4.1832,0,https://api.pinterest.com/resources/whitepapers?ref=homepage&source=nav
29,14,2,0,0,1,0,1,0,7,0,0,0.2069,0.0,0,0,3.7194,0,https://docs.yahoo.com/search
62,7,1,0,0,0,0,1,0,20,2,0,0.1774,0.0,0,0,4.4099,0,https://nih.gov/category/news/world?view=compact&filter=active
32,11,1,0,0,0,0,0,0,14,0,0,0.1875,0.0,0,0,3.8667,0,http://twitter.com/about/company
69,12,2,1,0,1,0,1,0,22,2,0,0.1739,0.0,0,0,4.4671,0,https://www.etsy.com/blog/machine-learning?view=compact&filter=active
62,11,1,0,0,0,0,1,0,12,1,2,0.1613,0.0,0,0,4.3898,0,https://mozilla.org/support/faq?q=cybersecurity+best+practices
54,10,1,0,0,0,0,1,0,1,3,0,0.2037,0.0185,0,0,4.2939,0,https://amazon.com/?category=all&page=2&sort=relevance
69,10,1,0,0,0,0,1,0,22,2,0,0.1594,0.1304,0,0,4.6436,0,https://office.com/resources/whitepapers?session_id=983427492&lang=en
20,12,2,0,0,1,0,1,0,0,0,0,0.25,0.0,0,0,3.6842,0,https://api.espn.com
76,9,2,0,0,0,0,1,0,30,2,0,0.1711,0.1184,0,0,4.5456,0,https://apple.com/download/latest/installer.exe?session_id=983427492&lang=en
73,10,1,0,0,0,0,1,0,20,3,0,0.1781,0.0137,0,0,4.2943,0,https://paypal.com/category/news/world?category=all&page=2&sort=relevance
74,10,1,0,0,0,0,1,0,17,2,0,0.1622,0.0,0,0,4.2628,0,https://reddit.com/profile/settings?utm_source=newsletter&utm_medium=email
76,15,2,0,0,1,0,1,0,22,1,1,0.1447,0.0,0,0,4.2676,0,https://blog.reddit.com/resources/whitepapers?q=cybersecurity+best+practices
82,16,2,1,0,1,0,1,0,34,2,1,0.1707,0.0732,0,0,4.6618,0,https://docs.mozilla.org/article/2026/03/technology-update?ref=homepage&source=nav
83,14,1,1,0,0,0,1,0,22,2,0,0.1566,0.0,0,0,4.4285,0,https://cloudflare.com/blog/machine-learning?utm_source=newsletter&utm_medium=email
40,18,2,0,0,1,0,1,0,14,0,1,0.175,0.0,0,0,3.8342,0,https://support.paypal.com/about/company
74,13,2,1,0,1,0,1,0,22,1,1,0.1622,0.0,0,0,4.4244,0,https://docs.etsy.com/blog/machine-learning?q=cybersecurity+best+practices
58,12,1,0,0,0,0,1,0,14,2,0,0.1724,0.0,0,0,4.3648,0,https://stanford.edu/about/company?ref=homepage&source=nav
36,15,2,0,0,1,0,0,0,14,0,0,0.1944,0.0,0,0,3.8292,0,http://api.youtube.com/about/company
46,18,2,0,0,1,0,1,0,20,0,1,0.1739,0.0,0,0,4.1,0,https://support.paypal.com/category/news/world
76,17,2,0,0,1,0,1,0,12,2,1,0.1842,0.0132,0,0,4.4054,0,https://support.yahoo.com/docs/v2/api?utm_source=newsletter&utm_medium=email
59,10,1,0,0,0,0,1,0,14,2,0,0.1695,0.0,0,0,4.3738,0,https://paypal.com/feed/trending?view=compact&filter=active
37,15,2,0,0,1,0,1,0,14,0,0,0.1892,0.0,0,0,4.0203,0,https://blog.reddit.com/feed/trending
80,14,2,1,0,1,0,1,0,34,2,1,0.175,0.075,0,0,4.5889,0,https://api.google.com/article/2026/03/technology-update?ref=homepage&source=nav
40,12,2,0,0,1,0,1,0,20,0,0,0.2,0.0,0,0,4.2037,0,https://blog.zoom.us/category/news/world
30,15,2,0,0,1,0,1,0,7,0,0,0.2,0.0,0,0,3.8566,0,https://api.walmart.com/search
65,9,1,0,0,0,0,1,0,17,1,1,0.1538,0.0,0,0,4.3085,0,https://quora.com/profile/settings?q=cybersecurity+best+practices
36,14,1,0,0,0,0,1,0,14,0,0,0.1667,0.0,0,0,3.9722,0,https://healthline.com/feed/trending
70,11,1,0,0,0,0,1,0,27,2,0,0.1571,0.0,0,0,4.312,0,https://twitter.com/products/electronics/deals?ref=homepage&source=nav
69,8,1,1,0,0,0,1,0,22,1,1,0.1594,0.0,0,0,4.4491,0,https://imdb.com/blog/machine-learning?q=cybersecurity+best+practices
27,19,2,0,0,1,0,1,0,0,0,0,0.1852,0.0,0,0,3.8842,0,https://docs.healthline.com
70,11,2,0,0,1,0,1,0,12,2,1,0.1857,0.0,0,0,4.3856,0,https://www.cnn.com/support/faq?utm_source=newsletter&utm_medium=email
40,18,2,0,0,1,0,1,0,14,0,1,0.175,0.0,0,0,3.8628,0,https://support.amazon.com/about/company
40,12,2,0,0,1,0,1,0,6,1,0,0.2,0.05,0,0,4.5276,0,https://api.ebay.com/watch?v=dQw4w9WgXcQ
37,9,1,0,0,0,0,1,0,20,0,0,0.1892,0.0,0,0,4.0981,0,https://adobe.com/category/news/world
63,10,1,0,0,0,0,1,0,14,1,1,0.1587,0.0,0,0,4.2741,0,https://office.com/about/company?q=cybersecurity+best+practices
68,13,2,0,0,1,0,1,0,12,3,1,0.1912,0.0147,0,0,4.4402,0,https://www.yahoo.com/support/faq?category=all&page=2&sort=relevance
91,14,2,1,0,1,0,1,0,34,3,1,0.1758,0.0769,0,0,4.5682,0,https://blog.slack.com/article/2026/03/technology-update?category=all&page=2&sort=relevance
32,10,1,0,0,0,0,1,0,14,0,0,0.1875,0.0,0,0,3.9528,0,https://medium.com/about/company
37,7,1,0,0,0,0,1,0,22,0,0,0.1622,0.0,0,0,3.8411,0,https://zoom.us/resources/whitepapers
37,17,1,0,0,0,0,1,0,12,0,1,0.1622,0.0,0,0,4.0876,0,https://stackoverflow.com/support/faq
84,14,2,0,0,1,0,1,0,27,3,0,0.1667,0.0119,0,0,4.3385,0,https://www.target.com/products/electronics/deals?category=all&page=2&sort=relevance
38,10,1,0,0,0,0,1,0,6,1,0,0.1842,0.0526,0,0,4.4316,0,https://github.com/watch?v=dQw4w9WgXcQ
75,8,2,0,0,0,0,1,0,30,2,0,0.1733,0.12,0,0,4.6094,0,https://imdb.com/download/latest/installer.exe?session_id=983427492&lang=en
49,11,3,0,0,1,0,1,0,30,0,0,0.1837,0.0,0,0,4.0334,0,https://api.cnn.com/download/latest/installer.exe
35,8,1,0,0,0,0,1,0,19,0,0,0.1714,0.0,0,0,3.9573,0,https://ebay.com/pricing/enterprise
74,13,2,0,0,1,0,1,0,14,2,0,0.1757,0.0,0,0,4.4098,0,https://www.slack.com/about/company?utm_source=newsletter&utm_medium=email
67,11,1,0,0,0,0,1,0,24,2,0,0.1642,0.0,0,0,4.4025,0,https://nytimes.com/user/dashboard/overview?ref=homepage&source=nav
65,21,2,0,0,1,0,1,0,7,2,0,0.1692,0.1385,0,0,4.7718,0,https://www.stackoverflow.com/search?session_id=983427492&lang=en
77,16,2,1,0,1,0,1,0,22,1,1,0.1558,0.0,0,0,4.471,0,https://blog.spotify.com/blog/machine-learning?q=cybersecurity+best+practices
58,9,1,0,0,0,0,1,0,14,2,0,0.1724,0.0,0,0,4.2303,0,https://twitch.tv/feed/trending?view=compact&filter=active
82,13,1,0,0,0,0,1,0,22,2,0,0.1463,0.0,0,0,4.1461,0,https://pinterest.com/resources/whitepapers?utm_source=newsletter&utm_medium=email
67,16,2,0,0,1,0,1,0,14,2,0,0.1791,0.1343,0,0,4.6924,0,https://docs.spotify.com/about/company?session_id=983427492&lang=en
57,14,2,0,0,1,0,1,0,8,2,0,0.1754,0.0,0,0,4.3182,0,https://api.amazon.com/explore?view=compact&filter=active
80,18,2,0,0,1,0,1,0,27,2,0,0.15,0.0,0,0,4.3446,0,https://docs.wikipedia.org/products/electronics/deals?view=compact&filter=active
35,15,2,0,0,1,0,1,0,12,0,1,0.2286,0.0286,0,0,3.9113,0,https://support.cnn.com/docs/v2/api
65,8,1,0,0,0,0,1,0,20,2,0,0.1846,0.1385,0,0,4.6573,0,https://etsy.com/category/news/world?session_id=983427492&lang=en
36,14,2,0,0,1,0,1,0,14,0,0,0.1944,0.0,0,0,3.9749,0,https://docs.twitch.tv/about/company
31,11,1,0,0,0,0,1,0,12,0,1,0.1935,0.0,0,0,3.9134,0,https://youtube.com/support/faq
46,14,2,0,0,1,0,1,0,24,0,0,0.1739,0.0,0,0,4.1541,0,https://blog.adobe.com/user/dashboard/overview
44,10,1,0,0,0,0,0,0,0,2,0,0.1818,0.0,0,0,4.1956,0,http://medium.com?view=compact&filter=active
72,11,1,0,0,0,0,1,0,22,1,1,0.1389,0.0,0,0,4.0606,0,https://twitter.com/resources/whitepapers?q=cybersecurity+best+practices
67,12,1,0,0,0,0,1,0,12,3,0,0.194,0.0299,0,0,4.4314,0,https://facebook.com/docs/v2/api?category=all&page=2&sort=relevance
49,14,1,0,0,0,0,1,0,27,0,0,0.1429,0.0,0,0,3.9443,0,https://salesforce.com/products/electronics/deals
45,17,2,0,0,1,0,1,0,20,0,0,0.1778,0.0,0,0,4.1613,0,https://api.instagram.com/category/news/world
69,18,2,0,0,1,0,1,0,19,2,1,0.1594,0.0,0,0,4.2494,0,https://support.reddit.com/pricing/enterprise?ref=homepage&source=nav
43,16,2,0,0,1,0,1,0,19,0,0,0.1628,0.0,0,0,4.0537,0,https://api.facebook.com/pricing/enterprise
84,11,2,0,0,0,0,1,0,30,3,0,0.1667,0.0119,0,0,4.3244,0,https://mozilla.org/download/latest/installer.exe?category=all&page=2&sort=relevance
67,10,1,0,0,0,0,1,0,14,3,0,0.1791,0.0149,0,0,4.4241,0,https://github.com/about/company?category=all&page=2&sort=relevance
49,7,1,0,0,0,0,1,0,7,2,0,0.1837,0.0,0,0,4.2957,0,https://nih.gov/search?view=compact&filter=active
58,10,1,0,0,0,0,0,0,17,2,0,0.1724,0.0,0,0,4.2884,0,http://office.com/profile/settings?ref=homepage&source=nav
52,12,1,0,0,0,0,1,0,1,1,1,0.1731,0.0,0,0,4.2488,0,https://stanford.edu/?q=cybersecurity+best+practices
45,17,2,0,0,1,0,1,0,6,1,1,0.1778,0.0444,0,0,4.4746,0,https://support.quora.com/watch?v=dQw4w9WgXcQ
44,9,1,0,0,0,0,1,0,27,0,0,0.1591,0.0,0,0,4.0055,0,https://yahoo.com/products/electronics/deals
47,17,2,0,0,1,0,1,0,22,0,0,0.1489,0.0,0,0,3.9138,0,https://www.microsoft.com/resources/whitepapers
40,12,2,0,0,1,0,1,0,6,1,0,0.2,0.05,0,0,4.3276,0,https://www.espn.com/watch?v=dQw4w9WgXcQ
43,13,2,1,0,1,0,1,0,22,0,0,0.186,0.0,0,0,4.1933,0,https://api.slack.com/blog/machine-learning
53,18,2,0,0,1,0,1,0,27,0,1,0.1509,0.0,0,0,4.0865,0,https://support.github.com/products/electronics/deals
55,11,1,0,0,0,0,1,0,7,2,0,0.1818,0.1636,0,0,4.6927,0,https://netflix.com/search?session_id=983427492&lang=en
53,11,1,1,0,0,0,1,0,34,0,1,0.1698,0.1132,0,0,4.3761,0,https://weather.com/article/2026/03/technology-update
79,10,1,1,0,0,0,1,0,22,2,0,0.1646,0.0,0,0,4.36,0,https://medium.com/blog/machine-learning?utm_source=newsletter&utm_medium=email
31,11,2,0,0,1,0,1,0,12,0,1,0.2258,0.0,0,0,3.9134,0,https://www.cnn.com/support/faq
73,8,2,0,0,0,0,1,0,30,2,0,0.1644,0.0,0,0,4.3493,0,https://imdb.com/download/latest/installer.exe?view=compact&filter=active
53,13,1,0,0,0,0,1,0,1,1,1,0.1698,0.0,0,0,4.2375,0,https://instagram.com/?q=cybersecurity+best+practices
56,18,3,0,0,1,0,1,0,30,0,0,0.1607,0.0,0,0,3.981,0,https://api.healthline.com/download/latest/installer.exe
41,11,1,1,0,0,0,1,0,22,0,0,0.1707,0.0,0,0,4.162,0,https://weather.com/blog/machine-learning
46,18,2,0,0,1,0,1,0,6,1,0,0.1739,0.0435,0,0,4.6133,0,https://blog.pinterest.com/watch?v=dQw4w9WgXcQ
53,13,2,0,0,1,0,1,0,8,2,0,0.1887,0.0,0,0,4.3618,0,https://docs.hulu.com/explore?ref=homepage&source=nav
35,9,2,0,0,0,0,0,0,19,0,0,0.2,0.0,0,0,3.9142,0,http://bbc.co.uk/pricing/enterprise
80,11,1,1,0,0,0,1,0,34,2,1,0.1625,0.075,0,0,4.5615,0,https://walmart.com/article/2026/03/technology-update?view=compact&filter=active
41,14,2,0,0,1,0,1,0,19,0,0,0.1707,0.0,0,0,3.8972,0,https://www.target.com/pricing/enterprise
45,17,2,0,0,1,0,1,0,6,1,0,0.1778,0.0444,0,0,4.447,0,https://api.wikipedia.org/watch?v=dQw4w9WgXcQ
70,15,2,0,0,1,0,1,0,20,2,0,0.1714,0.0,0,0,4.449,0,https://www.dropbox.com/category/news/world?view=compact&filter=active
80,11,1,1,0,0,0,1,0,34,2,1,0.1625,0.075,0,0,4.5868,0,https://harvard.edu/article/2026/03/technology-update?view=compact&filter=active
68,15,2,0,0,1,0,0,0,22,2,0,0.1618,0.0,0,0,4.2802,0,http://api.walmart.com/resources/whitepapers?ref=homepage&source=nav
70,7,1,0,0,0,0,1,0,20,3,0,0.1857,0.0143,0,0,4.3884,0,https://zoom.us/category/news/world?category=all&page=2&sort=relevance
25,17,2,0,0,1,0,1,0,0,0,0,0.2,0.0,0,0,4.0839,0,https://blog.linkedin.com
22,7,1,0,0,0,0,1,0,7,0,0,0.2273,0.0,0,0,3.7544,0,https://mit.edu/search
57,15,2,1,0,1,0,1,0,34,0,1,0.1754,0.1053,0,0,4.534,0,https://www.netflix.com/article/2026/03/technology-update
34,14,2,0,0,1,0,1,0,12,0,0,0.2353,0.0294,0,0,4.0401,0,https://blog.adobe.com/docs/v2/api
47,12,2,0,0,1,0,1,0,27,0,0,0.1702,0.0,0,0,4.1369,0,https://www.imdb.com/products/electronics/deals
66,11,1,0,0,0,0,1,0,8,2,0,0.1667,0.0,0,0,4.3332,0,https://spotify.com/explore?utm_source=newsletter&utm_medium=email
39,9,2,1,0,0,0,1,0,22,0,0,0.2051,0.0,0,0,4.253,0,https://bbc.co.uk/blog/machine-learning
39,17,2,0,0,1,0,1,0,14,0,0,0.1795,0.0,0,0,4.0478,0,https://docs.stanford.edu/about/company
84,13,2,1,0,1,0,1,0,34,2,1,0.1786,0.1786,0,0,4.8062,0,https://blog.espn.com/article/2026/03/technology-update?session_id=983427492&lang=en
53,17,2,0,0,1,0,1,0,1,2,0,0.1887,0.0,0,0,4.3687,0,https://docs.stanford.edu/?view=compact&filter=active
43,15,2,0,0,1,0,1,0,20,0,1,0.186,0.0,0,0,4.0918,0,https://support.cnn.com/category/news/world
45,15,2,0,0,1,0,1,0,22,0,0,0.1556,0.0,0,0,3.9645,0,https://www.nytimes.com/resources/whitepapers
77,12,3,0,0,1,0,1,0,30,2,0,0.1688,0.0,0,0,4.3687,0,https://api.hulu.com/download/latest/installer.exe?view=compact&filter=active
57,14,1,0,0,0,0,1,0,8,2,0,0.1579,0.0,0,0,4.2161,0,https://salesforce.com/explore?view=compact&filter=active
22,13,2,0,0,1,0,1,0,1,0,0,0.2727,0.0,0,0,3.5726,0,https://docs.espn.com/
51,15,2,0,0,1,0,1,0,1,2,0,0.1961,0.0,0,0,4.3048,0,https://api.mozilla.org/?view=compact&filter=active
67,8,1,0,0,0,0,1,0,22,2,0,0.1642,0.1343,0,0,4.6842,0,https://ebay.com/resources/whitepapers?session_id=983427492&lang=en
27,7,1,0,0,0,0,1,0,12,0,1,0.2222,0.0,0,0,3.8101,0,https://cnn.com/support/faq
75,13,3,0,0,1,0,1,0,27,2,0,0.1733,0.0,0,0,4.4082,0,https://www.bbc.co.uk/products/electronics/deals?view=compact&filter=active
71,16,2,0,0,1,0,1,0,6,2,0,0.169,0.0282,0,0,4.6611,0,https://blog.spotify.com/watch?v=dQw4w9WgXcQ?view=compact&filter=active
61,19,2,1,0,1,0,1,0,34,0,2,0.1639,0.0984,0,0,4.4487,0,https://support.dropbox.com/article/2026/03/technology-update
67,18,2,0,0,1,0,1,0,14,2,0,0.1642,0.0,0,0,4.4229,0,https://blog.wikipedia.org/feed/trending?view=compact&filter=active
41,14,3,0,0,1,0,1,0,19,0,0,0.1951,0.0,0,0,4.0092,0,https://docs.bbc.co.uk/pricing/enterprise
34,14,2,0,0,1,0,1,0,12,0,1,0.2059,0.0,0,0,3.9147,0,https://www.paypal.com/support/faq
28,13,1,0,0,0,0,1,0,7,0,0,0.1786,0.0,0,0,3.8424,0,https://instagram.com/search
85,16,3,0,0,1,0,1,0,30,1,2,0.1529,0.0,0,0,4.3416,0,https://support.espn.com/download/latest/installer.exe?q=cybersecurity+best+practices
31,11,1,0,0,0,0,1,0,12,0,0,0.2258,0.0323,0,0,3.9503,0,https://walmart.com/docs/v2/api
72,17,1,0,0,0,0,1,0,12,3,1,0.1667,0.0139,0,0,4.4143,0,https://stackoverflow.com/support/faq?category=all&page=2&sort=relevance
44,19,2,0,0,1,0,1,0,17,0,1,0.1591,0.0,0,0,3.9734,0,https://support.nytimes.com/profile/settings
58,16,2,1,0,1,0,1,0,34,0,1,0.1724,0.1034,0,0,4.478,0,https://www.stanford.edu/article/2026/03/technology-update
80,11,1,1,0,0,0,1,0,34,2,1,0.1625,0.075,0,0,4.6024,0,https://netflix.com/article/2026/03/technology-update?view=compact&filter=active
53,18,2,0,0,1,0,1,0,27,0,0,0.1509,0.0,0,0,4.063,0,https://api.cloudflare.com/products/electronics/deals
45,15,2,0,0,1,0,1,0,22,0,0,0.1556,0.0,0,0,4.1001,0,https://blog.paypal.com/resources/whitepapers
100,19,2,1,0,1,0,1,0,34,2,2,0.16,0.06,0,0,4.5779,0,https://support.spotify.com/article/2026/03/technology-update?utm_source=newsletter&utm_medium=email
37,17,2,0,0,1,0,1,0,12,0,1,0.1892,0.0,0,0,3.9129,0,https://api.pinterest.com/support/faq
80,17,2,0,0,1,0,1,0,24,1,2,0.15,0.0,0,0,4.2981,0,https://support.adobe.com/user/dashboard/overview?q=cybersecurity+best+practices
39,9,1,1,0,0,0,1,0,22,0,0,0.1795,0.0,0,0,4.1504,0,https://yahoo.com/blog/machine-learning
29,14,2,0,0,1,0,1,0,7,0,0,0.2069,0.0,0,0,3.8833,0,https://www.office.com/search
58,15,2,0,0,1,0,1,0,0,3,1,0.1897,0.0172,0,0,4.3021,0,https://support.cnn.com?category=all&page=2&sort=relevance
46,16,2,1,0,1,0,1,0,22,0,0,0.1739,0.0,0,0,4.2654,0,https://www.linkedin.com/blog/machine-learning
69,10,1,0,0,0,0,1,0,20,1,1,0.1594,0.0,0,0,4.3909,0,https://medium.com/category/news/world?q=cybersecurity+best+practices
73,14,2,0,0,1,0,1,0,22,2,0,0.1644,0.1233,0,0,4.6517,0,https://api.amazon.com/resources/whitepapers?session_id=983427492&lang=en
65,10,1,0,0,0,0,1,0,8,2,0,0.1692,0.0,0,0,4.2344,0,https://reddit.com/explore?utm_source=newsletter&utm_medium=email
41,11,1,0,0,0,0,1,0,22,0,0,0.1463,0.0,0,0,3.8395,0,https://harvard.edu/resources/whitepapers
38,13,3,0,0,1,0,1,0,17,0,0,0.2105,0.0,0,0,4.1357,0,https://www.bbc.co.uk/profile/settings
81,12,2,1,0,1,0,1,0,22,2,0,0.1728,0.0,0,0,4.4773,0,https://blog.nih.gov/blog/machine-learning?utm_source=newsletter&utm_medium=email
68,10,1,0,0,0,0,1,0,19,1,1,0.1471,0.0,0,0,4.1992,0,https://medium.com/pricing/enterprise?q=cybersecurity+best+practices
50,15,2,0,0,1,0,1,0,27,0,0,0.16,0.0,0,0,4.0469,0,https://api.weather.com/products/electronics/deals
72,15,2,0,0,1,0,1,0,6,2,0,0.1806,0.1528,0,0,4.9194,0,https://api.netflix.com/watch?v=dQw4w9WgXcQ?session_id=983427492&lang=en
65,18,2,0,0,1,0,1,0,0,2,0,0.1692,0.0,0,0,4.2963,0,https://docs.instagram.com?utm_source=newsletter&utm_medium=email
37,15,2,0,0,1,0,1,0,14,0,0,0.1892,0.0,0,0,4.1824,0,https://blog.reddit.com/about/company
30,8,1,0,0,0,0,1,0,14,0,0,0.2,0.0,0,0,3.9647,0,https://imdb.com/feed/trending
75,16,2,0,0,1,0,1,0,24,2,0,0.16,0.0,0,0,4.3112,0,https://docs.weather.com/user/dashboard/overview?view=compact&filter=active
30,10,1,0,0,0,0,1,0,12,0,1,0.2,0.0,0,0,3.9484,0,https://reddit.com/support/faq
46,8,2,0,0,0,0,1,0,30,0,0,0.1739,0.0,0,0,4.065,0,https://hulu.com/download/latest/installer.exe
34,18,2,0,0,1,0,1,0,8,0,1,0.1765,0.0,0,0,3.9032,0,https://support.office.com/explore
74,15,2,0,0,1,0,1,0,24,2,0,0.1622,0.0,0,0,4.3803,0,https://api.spotify.com/user/dashboard/overview?view=compact&filter=active
31,11,1,0,0,0,0,1,0,12,0,0,0.2258,0.0323,0,0,3.8826,0,https://twitter.com/docs/v2/api
56,19,3,0,0,1,0,0,0,30,0,0,0.1607,0.0,0,0,3.9875,0,http://docs.healthline.com/download/latest/installer.exe
56,10,1,0,0,0,0,1,0,14,2,0,0.1786,0.0,0,0,4.389,0,https://github.com/feed/trending?ref=homepage&source=nav
34,25,2,0,0,1,0,1,0,1,0,1,0.1765,0.0,0,0,4.0209,0,https://support.stackoverflow.com/
80,11,1,0,0,0,0,1,0,22,2,0,0.15,0.0,0,0,4.1966,0,https://walmart.com/resources/whitepapers?utm_source=newsletter&utm_medium=email
22,13,1,0,0,0,0,1,0,1,0,0,0.2273,0.0,0,0,3.6069,0,https://pinterest.com/
41,21,2,0,0,1,0,1,0,12,0,1,0.1707,0.0,0,0,3.9067,0,https://support.instagram.com/support/faq
24,16,2,0,0,1,0,1,0,0,0,0,0.2083,0.0,0,0,3.8868,0,https://api.facebook.com
55,13,2,1,0,1,0,1,0,34,0,1,0.1818,0.1091,0,0,4.4382,0,https://docs.ebay.com/article/2026/03/technology-update
79,13,1,1,0,0,0,1,0,34,2,1,0.1646,0.0759,0,0,4.5955,0,https://microsoft.com/article/2026/03/technology-update?ref=homepage&source=nav
39,17,2,0,0,1,0,1,0,14,0,1,0.1795,0.0,0,0,3.9416,0,https://support.twitch.tv/about/company
70,16,2,0,0,1,0,1,0,17,2,0,0.1714,0.1286,0,0,4.579,0,https://docs.twitter.com/profile/settings?session_id=983427492&lang=en
69,18,2,0,0,1,0,1,0,12,1,1,0.1739,0.0145,0,0,4.295,0,https://docs.microsoft.com/docs/v2/api?q=cybersecurity+best+practices
52,14,3,0,0,1,0,1,0,30,0,0,0.1731,0.0,0,0,4.1264,0,https://blog.yahoo.com/download/latest/installer.exe
37,15,2,0,0,1,0,1,0,14,0,0,0.1892,0.0,0,0,3.9591,0,https://api.twitter.com/feed/trending
29,13,1,0,0,0,0,1,0,8,0,0,0.1724,0.0,0,0,3.8404,0,https://microsoft.com/explore
67,19,2,0,0,1,0,1,0,1,2,0,0.1791,0.0,0,0,4.2968,0,https://docs.cloudflare.com/?utm_source=newsletter&utm_medium=email
38,19,2,0,0,1,0,0,0,12,0,1,0.1842,0.0,0,0,3.8066,0,http://support.twitter.com/support/faq
60,11,1,0,0,0,0,1,0,17,2,0,0.1667,0.0,0,0,4.3563,0,https://netflix.com/profile/settings?ref=homepage&source=nav
77,11,1,1,0,0,0,1,0,34,2,1,0.1688,0.0779,0,0,4.6201,0,https://youtube.com/article/2026/03/technology-update?ref=homepage&source=nav
25,16,2,0,0,1,0,1,0,1,0,0,0.24,0.0,0,0,4.0235,0,https://blog.netflix.com/
65,13,2,0,0,1,0,1,0,6,2,0,0.1846,0.0308,0,0,4.7163,0,https://api.quora.com/watch?v=dQw4w9WgXcQ?ref=homepage&source=nav
60,19,2,1,0,1,0,0,0,34,0,2,0.1667,0.1,0,0,4.4624,0,http://support.netflix.com/article/2026/03/technology-update
56,13,2,0,0,1,0,1,0,8,2,0,0.1786,0.0,0,0,4.1843,0,https://api.apple.com/explore?view=compact&filter=active
59,8,1,0,0,0,0,1,0,14,2,0,0.1864,0.1525,0,0,4.5905,0,https://etsy.com/feed/trending?session_id=983427492&lang=en
97,16,2,1,0,1,0,1,0,34,2,1,0.1649,0.0619,0,0,4.5925,0,https://docs.harvard.edu/article/2026/03/technology-update?utm_source=newsletter&utm_medium=email
72,18,2,1,0,1,0,1,0,22,2,0,0.1667,0.0,0,0,4.4461,0,https://www.healthline.com/blog/machine-learning?ref=homepage&source=nav
90,21,3,0,0,1,0,1,0,30,1,1,0.1444,0.0,0,0,4.4542,0,https://www.stackoverflow.com/download/latest/installer.exe?q=cybersecurity+best+practices
36,16,2,0,0,1,0,1,0,12,0,0,0.2222,0.0278,0,0,4.1598,0,https://blog.youtube.com/docs/v2/api
60,16,2,0,0,1,0,1,0,12,2,0,0.2,0.0167,0,0,4.4427,0,https://docs.walmart.com/docs/v2/api?ref=homepage&source=nav
77,12,2,1,0,1,0,1,0,22,3,0,0.1818,0.013,0,0,4.5131,0,https://docs.zoom.us/blog/machine-learning?category=all&page=2&sort=relevance
74,12,1,0,0,0,0,1,0,27,2,0,0.1486,0.0,0,0,4.3353,0,https://facebook.com/products/electronics/deals?view=compact&filter=active
52,14,3,0,0,1,0,1,0,30,0,0,0.1731,0.0,0,0,4.057,0,https://www.paypal.com/download/latest/installer.exe
41,11,2,0,0,1,0,1,0,22,0,0,0.1707,0.0,0,0,3.9668,0,https://api.nih.gov/resources/whitepapers
91,18,3,0,0,1,0,1,0,30,3,1,0.1648,0.011,0,0,4.3089,0,https://support.target.com/download/latest/installer.exe?category=all&page=2&sort=relevance
49,14,1,0,0,0,0,1,0,27,0,0,0.1429,0.0,0,0,4.008,0,https://cloudflare.com/products/electronics/deals
74,15,2,0,0,1,0,1,0,12,2,1,0.1892,0.0135,0,0,4.3748,0,https://support.cnn.com/docs/v2/api?utm_source=newsletter&utm_medium=email
31,11,1,0,0,0,0,1,0,12,0,1,0.1935,0.0,0,0,3.8489,0,https://twitter.com/support/faq
64,17,2,0,0,1,0,1,0,12,2,1,0.1719,0.0,0,0,4.465,0,https://docs.linkedin.com/support/faq?view=compact&filter=active
37,22,2,0,0,1,0,0,0,8,0,1,0.1622,0.0,0,0,3.9387,0,http://support.healthline.com/explore
24,9,1,0,0,0,0,1,0,7,0,0,0.2083,0.0,0,0,3.6887,0,https://apple.com/search
61,15,2,0,0,1,0,1,0,14,2,0,0.1803,0.0,0,0,4.3939,0,https://www.twitter.com/about/company?ref=homepage&source=nav
38,16,2,0,0,1,0,1,0,14,0,0,0.1842,0.0,0,0,4.0106,0,https://docs.spotify.com/feed/trending
42,10,1,0,0,0,0,1,0,24,0,0,0.1667,0.0,0,0,4.0736,0,https://medium.com/user/dashboard/overview
86,15,2,1,0,1,0,1,0,34,2,1,0.1744,0.1744,0,0,4.849,0,https://blog.office.com/article/2026/03/technology-update?session_id=983427492&lang=en
80,14,1,0,0,0,0,1,0,19,2,0,0.15,0.0,0,0,4.2611,0,https://salesforce.com/pricing/enterprise?utm_source=newsletter&utm_medium=email
46,19,2,0,0,1,0,1,0,19,0,0,0.1522,0.0,0,0,4.1372,0,https://docs.cloudflare.com/pricing/enterprise
63,10,1,0,0,0,0,1,0,14,1,1,0.1587,0.0,0,0,4.2883,0,https://amazon.com/about/company?q=cybersecurity+best+practices
27,7,1,0,0,0,0,1,0,12,0,1,0.2222,0.0,0,0,3.838,0,https://mit.edu/support/faq
29,7,1,0,0,0,0,1,0,14,0,0,0.2069,0.0,0,0,3.9783,0,https://nih.gov/about/company
24,16,2,0,0,1,0,1,0,0,0,0,0.2083,0.0,0,0,3.9702,0,https://api.linkedin.com
63,14,2,0,0,1,0,1,0,12,2,0,0.2063,0.1587,0,0,4.6583,0,https://blog.twitch.tv/docs/v2/api?session_id=983427492&lang=en
60,16,2,0,0,1,0,1,0,7,2,0,0.1833,0.15,0,0,4.7029,0,https://blog.twitter.com/search?session_id=983427492&lang=en
27,11,2,0,0,1,0,1,0,8,0,0,0.2222,0.0,0,0,3.9023,0,https://api.mit.edu/explore
48,11,1,0,0,0,0,1,0,0,2,0,0.1875,0.1875,0,0,4.5876,0,https://nytimes.com?session_id=983427492&lang=en
65,11,1,1,0,0,0,1,0,22,2,0,0.1692,0.0,0,0,4.4127,0,https://weather.com/blog/machine-learning?ref=homepage&source=nav
30,10,1,0,0,0,0,1,0,12,0,0,0.2333,0.0333,0,0,3.9614,0,https://github.com/docs/v2/api
68,15,2,0,0,1,0,1,0,14,1,1,0.1618,0.0,0,0,4.297,0,https://www.twitter.com/feed/trending?q=cybersecurity+best+practices
40,11,1,1,0,0,0,0,0,22,0,0,0.175,0.0,0,0,4.1964,0,http://harvard.edu/blog/machine-learning
77,18,2,0,0,1,0,1,0,12,2,0,0.1818,0.013,0,0,4.4707,0,https://blog.instagram.com/docs/v2/api?utm_source=newsletter&utm_medium=email
27,12,1,0,0,0,0,1,0,7,0,0,0.1852,0.0,0,0,3.8562,0,https://stanford.edu/search
88,17,2,1,0,1,0,1,0,34,2,1,0.1705,0.1705,0,0,4.8709,0,https://blog.facebook.com/article/2026/03/technology-update?session_id=983427492&lang=en
39,11,1,0,0,0,0,1,0,6,1,0,0.1795,0.0513,0,0,4.3488,0,https://harvard.edu/watch?v=dQw4w9WgXcQ
29,14,1,0,0,0,0,1,0,7,0,0,0.1724,0.0,0,0,3.9783,0,https://cloudflare.com/search
58,14,2,0,0,1,0,1,0,7,2,0,0.1897,0.1552,0,0,4.647,0,https://api.paypal.com/search?session_id=983427492&lang=en
36,14,1,0,0,0,0,1,0,14,0,0,0.1667,0.0,0,0,4.128,0,https://cloudflare.com/feed/trending
66,12,1,1,0,0,0,1,0,22,2,0,0.1667,0.0,0,0,4.4703,0,https://stanford.edu/blog/machine-learning?ref=homepage&source=nav
42,12,2,1,0,1,0,1,0,22,0,0,0.1905,0.0,0,0,4.3088,0,https://docs.zoom.us/blog/machine-learning
69,14,1,0,0,0,0,1,0,12,3,0,0.1884,0.029,0,0,4.3243,0,https://salesforce.com/docs/v2/api?category=all&page=2&sort=relevance
38,11,2,0,0,1,0,0,0,6,1,0,0.2105,0.0526,0,0,4.241,0,http://www.mit.edu/watch?v=dQw4w9WgXcQ
74,13,2,0,0,1,0,1,0,22,1,1,0.1486,0.0,0,0,4.171,0,https://docs.espn.com/resources/whitepapers?q=cybersecurity+best+practices
91,14,2,1,0,1,0,1,0,34,3,1,0.1758,0.0769,0,0,4.622,0,https://www.office.com/article/2026/03/technology-update?category=all&page=2&sort=relevance
42,14,2,0,0,1,0,1,0,6,1,0,0.1905,0.0476,0,0,4.4813,0,https://blog.slack.com/watch?v=dQw4w9WgXcQ
55,11,1,0,0,0,0,1,0,12,2,0,0.2,0.0182,0,0,4.3696,0,https://weather.com/docs/v2/api?ref=homepage&source=nav
39,17,2,0,0,1,0,1,0,14,0,0,0.1795,0.0,0,0,4.0353,0,https://blog.stanford.edu/feed/trending
56,9,1,0,0,0,0,1,0,12,2,1,0.1786,0.0,0,0,4.3406,0,https://slack.com/support/faq?view=compact&filter=active
83,19,2,0,0,1,0,1,0,17,2,0,0.1566,0.0,0,0,4.3147,0,https://docs.healthline.com/profile/settings?utm_source=newsletter&utm_medium=email
59,12,1,0,0,0,0,1,0,12,2,0,0.1864,0.0169,0,0,4.376,0,https://stanford.edu/docs/v2/api?view=compact&filter=active
86,13,2,1,0,1,0,1,0,34,1,2,0.1628,0.0698,0,0,4.5625,0,https://api.adobe.com/article/2026/03/technology-update?q=cybersecurity+best+practices
78,15,2,0,0,1,0,1,0,20,3,0,0.1795,0.0128,0,0,4.4287,0,https://blog.office.com/category/news/world?category=all&page=2&sort=relevance
39,11,1,0,0,0,0,1,0,20,0,0,0.1795,0.0,0,0,4.0066,0,https://weather.com/category/news/world
72,7,2,0,0,0,0,1,0,30,2,0,0.1667,0.0,0,0,4.2971,0,https://cnn.com/download/latest/installer.exe?view=compact&filter=active
59,10,1,0,0,0,0,1,0,14,2,0,0.1695,0.0,0,0,4.3247,0,https://google.com/feed/trending?view=compact&filter=active
48,16,2,0,0,1,0,1,0,24,0,0,0.1667,0.0,0,0,4.304,0,https://blog.spotify.com/user/dashboard/overview
31,15,2,0,0,1,0,1,0,8,0,0,0.1935,0.0,0,0,3.8615,0,https://api.twitter.com/explore
37,15,2,0,0,1,0,1,0,14,0,0,0.1892,0.0,0,0,3.9723,0,https://api.twitter.com/about/company
41,11,1,0,0,0,0,1,0,22,0,0,0.1463,0.0,0,0,3.9276,0,https://youtube.com/resources/whitepapers
48,16,2,0,0,1,0,1,0,24,0,0,0.1667,0.0,0,0,4.2959,0,https://docs.netflix.com/user/dashboard/overview
31,12,2,0,0,1,0,0,0,12,0,0,0.2581,0.0323,0,0,3.9503,0,http://www.espn.com/docs/v2/api
35,13,2,0,0,1,0,1,0,14,0,0,0.2,0.0,0,0,4.022,0,https://api.apple.com/feed/trending
87,22,2,0,0,1,0,1,0,22,3,1,0.1494,0.0115,0,0,4.2538,0,https://support.salesforce.com/resources/whitepapers?category=all&page=2&sort=relevance
33,11,1,0,0,0,0,1,0,14,0,0,0.1818,0.0,0,0,3.9683,0,https://weather.com/about/company
38,18,2,0,0,1,0,1,0,12,0,1,0.1842,0.0,0,0,4.1883,0,https://blog.wikipedia.org/support/faq
52,14,2,0,0,1,0,1,0,1,2,0,0.2115,0.1731,0,0,4.6184,0,https://api.amazon.com/?session_id=983427492&lang=en
62,12,1,0,0,0,0,1,0,7,3,0,0.1774,0.0161,0,0,4.3065,0,https://stanford.edu/search?category=all&page=2&sort=relevance
56,9,2,0,0,0,0,0,0,1,2,0,0.2143,0.0,0,0,4.3476,0,http://bbc.co.uk/?utm_source=newsletter&utm_medium=email
33,11,2,0,0,1,0,1,0,14,0,0,0.2121,0.0,0,0,3.9226,0,https://www.nih.gov/feed/trending
41,13,2,0,0,1,0,1,0,20,0,0,0.1951,0.0,0,0,4.0715,0,https://www.adobe.com/category/news/world
76,14,1,0,0,0,0,0,0,20,3,0,0.1711,0.0132,0,0,4.3149,0,http://healthline.com/category/news/world?category=all&page=2&sort=relevance
20,12,1,0,0,0,0,0,0,1,0,0,0.25,0.0,0,0,3.7464,0,http://stanford.edu/
75,9,1,0,0,0,0,1,0,19,2,0,0.16,0.0,0,0,4.3006,0,https://adobe.com/pricing/enterprise?utm_source=newsletter&utm_medium=email
55,17,3,0,0,1,0,1,0,30,0,0,0.1636,0.0,0,0,4.0034,0,https://www.pinterest.com/download/latest/installer.exe
83,19,2,0,0,1,0,1,0,17,2,0,0.1566,0.0,0,0,4.3479,0,https://blog.healthline.com/profile/settings?utm_source=newsletter&utm_medium=email
36,16,2,0,0,1,0,1,0,12,0,1,0.1944,0.0,0,0,4.086,0,https://blog.twitter.com/support/faq
46,12,2,0,0,1,0,0,0,27,0,0,0.1739,0.0,0,0,4.0644,0,http://docs.nih.gov/products/electronics/deals
78,14,2,0,0,1,0,1,0,27,2,0,0.1667,0.1154,0,0,4.7117,0,https://www.github.com/products/electronics/deals?session_id=983427492&lang=en
38,16,2,0,0,1,0,1,0,14,0,0,0.1842,0.0,0,0,4.1029,0,https://api.stanford.edu/about/company
38,14,1,0,0,0,0,0,0,17,0,0,0.1579,0.0,0,0,3.9354,0,http://healthline.com/profile/settings
69,10,1,0,0,0,0,1,0,6,1,1,0.1594,0.029,0,0,4.6803,0,https://google.com/watch?v=dQw4w9WgXcQ?q=cybersecurity+best+practices
88,19,3,0,0,1,0,1,0,30,1,1,0.1477,0.0,0,0,4.3263,0,https://docs.salesforce.com/download/latest/installer.exe?q=cybersecurity+best+practices
57,15,2,1,0,1,0,1,0,34,0,1,0.1754,0.1053,0,0,4.4735,0,https://blog.office.com/article/2026/03/technology-update
47,14,2,0,0,1,0,1,0,1,2,0,0.2128,0.0,0,0,4.3155,0,https://api.google.com/?ref=homepage&source=nav
61,7,1,0,0,0,0,1,0,22,2,0,0.1639,0.0,0,0,4.2467,0,https://nih.gov/resources/whitepapers?ref=homepage&source=nav
47,14,2,0,0,1,0,1,0,1,2,0,0.2128,0.0,0,0,4.4265,0,https://blog.slack.com/?ref=homepage&source=nav
60,15,2,0,0,1,0,1,0,8,2,0,0.1833,0.15,0,0,4.7232,0,https://www.mozilla.org/explore?session_id=983427492&lang=en
44,16,2,0,0,1,0,1,0,6,1,0,0.1818,0.0455,0,0,4.4989,0,https://docs.youtube.com/watch?v=dQw4w9WgXcQ
46,15,2,0,0,1,0,0,0,24,0,0,0.1739,0.0,0,0,4.2162,0,http://api.nytimes.com/user/dashboard/overview
36,14,1,0,0,0,0,1,0,14,0,0,0.1667,0.0,0,0,4.0277,0,https://salesforce.com/feed/trending
53,17,2,0,0,1,0,1,0,1,2,0,0.1887,0.0,0,0,4.261,0,https://api.instagram.com/?view=compact&filter=active
46,21,2,0,0,1,0,1,0,17,0,0,0.1522,0.0,0,0,4.1678,0,https://www.stackoverflow.com/profile/settings
69,11,1,1,0,0,0,0,0,22,2,0,0.1739,0.1304,0,0,4.6866,0,http://twitter.com/blog/machine-learning?session_id=983427492&lang=en
80,13,2,0,0,1,0,1,0,24,3,0,0.175,0.0125,0,0,4.4118,0,https://docs.etsy.com/user/dashboard/overview?category=all&page=2&sort=relevance
59,9,1,0,0,0,0,1,0,7,3,0,0.1864,0.0169,0,0,4.1847,0,https://apple.com/search?category=all&page=2&sort=relevance
77,11,1,0,0,0,0,1,0,19,2,0,0.1558,0.0,0,0,4.2528,0,https://walmart.com/pricing/enterprise?utm_source=newsletter&utm_medium=email
66,14,1,0,0,0,0,1,0,6,2,0,0.1667,0.0303,0,0,4.6787,0,https://healthline.com/watch?v=dQw4w9WgXcQ?ref=homepage&source=nav
72,15,2,0,0,1,0,1,0,14,3,0,0.1806,0.0139,0,0,4.519,0,https://www.dropbox.com/feed/trending?category=all&page=2&sort=relevance
58,9,1,0,0,0,0,1,0,17,2,0,0.1724,0.0,0,0,4.3246,0,https://twitch.tv/profile/settings?ref=homepage&source=nav
63,11,2,0,0,1,0,1,0,6,2,0,0.1905,0.0317,0,0,4.6948,0,https://api.nih.gov/watch?v=dQw4w9WgXcQ?ref=homepage&source=nav
61,14,1,0,0,0,0,1,0,12,2,1,0.1639,0.0,0,0,4.332,0,https://healthline.com/support/faq?view=compact&filter=active
78,8,1,0,0,0,0,1,0,27,3,0,0.1667,0.0128,0,0,4.2757,0,https://etsy.com/products/electronics/deals?category=all&page=2&sort=relevance
45,13,2,0,0,1,0,1,0,24,0,0,0.1778,0.0,0,0,4.2058,0,https://api.slack.com/user/dashboard/overview
73,10,1,0,0,0,0,1,0,24,1,1,0.1507,0.0,0,0,4.3854,0,https://google.com/user/dashboard/overview?q=cybersecurity+best+practices
38,16,2,0,0,1,0,1,0,14,0,0,0.1842,0.0,0,0,4.1029,0,https://blog.harvard.edu/feed/trending
78,15,2,0,0,1,0,1,0,20,3,0,0.1795,0.0128,0,0,4.3223,0,https://docs.paypal.com/category/news/world?category=all&page=2&sort=relevance
35,19,2,0,0,1,0,1,0,8,0,1,0.1714,0.0,0,0,3.8297,0,https://support.dropbox.com/explore
62,15,2,0,0,1,0,1,0,0,2,0,0.1774,0.0,0,0,4.3239,0,https://www.netflix.com?utm_source=newsletter&utm_medium=email
47,8,1,0,0,0,0,1,0,7,2,0,0.1915,0.0,0,0,4.259,0,https://hulu.com/search?ref=homepage&source=nav
42,7,1,0,0,0,0,1,0,27,0,0,0.1667,0.0,0,0,3.994,0,https://zoom.us/products/electronics/deals
36,11,1,0,0,0,0,1,0,17,0,0,0.1667,0.0,0,0,4.0515,0,https://harvard.edu/profile/settings
74,14,2,0,0,1,0,0,0,14,2,0,0.1757,0.0,0,0,4.2689,0,http://api.medium.com/feed/trending?utm_source=newsletter&utm_medium=email
33,13,2,0,0,1,0,1,0,12,0,1,0.2121,0.0,0,0,3.8997,0,https://docs.hulu.com/support/faq
82,15,2,0,0,1,0,1,0,24,3,0,0.1707,0.0122,0,0,4.4667,0,https://docs.office.com/user/dashboard/overview?category=all&page=2&sort=relevance
75,19,2,0,0,1,0,0,0,14,3,1,0.1733,0.0133,0,0,4.392,0,http://support.weather.com/feed/trending?category=all&page=2&sort=relevance
35,19,2,0,0,1,0,1,0,8,0,1,0.1714,0.0,0,0,3.9573,0,https://support.nytimes.com/explore
25,16,2,0,0,1,0,1,0,1,0,0,0.24,0.0,0,0,3.7533,0,https://docs.nytimes.com/
88,11,2,0,0,0,0,1,0,30,2,0,0.1591,0.0,0,0,4.3094,0,https://mozilla.org/download/latest/installer.exe?utm_source=newsletter&utm_medium=email
60,9,1,0,0,0,0,1,0,8,3,0,0.1833,0.0167,0,0,4.1887,0,https://apple.com/explore?category=all&page=2&sort=relevance
42,14,1,0,0,0,0,1,0,6,1,0,0.1667,0.0476,0,0,4.5765,0,https://cloudflare.com/watch?v=dQw4w9WgXcQ
73,8,2,0,0,0,0,1,0,30,2,0,0.1644,0.0,0,0,4.3661,0,https://hulu.com/download/latest/installer.exe?view=compact&filter=active
85,16,2,1,0,1,0,1,0,34,2,1,0.1647,0.0706,0,0,4.607,0,https://docs.harvard.edu/article/2026/03/technology-update?view=compact&filter=active
30,10,1,0,0,0,0,1,0,12,0,0,0.2333,0.0333,0,0,3.8696,0,https://reddit.com/docs/v2/api
35,13,2,0,0,1,0,1,0,14,0,0,0.2,0.0,0,0,3.9002,0,https://docs.espn.com/feed/trending
46,19,2,0,0,1,0,1,0,19,0,1,0.1522,0.0,0,0,3.9532,0,https://support.youtube.com/pricing/enterprise
45,13,1,0,0,0,0,1,0,24,0,0,0.1556,0.0,0,0,4.0979,0,https://microsoft.com/user/dashboard/overview
44,17,3,0,0,1,0,1,0,19,0,1,0.1818,0.0,0,0,3.928,0,https://support.bbc.co.uk/pricing/enterprise
31,15,2,0,0,1,0,1,0,8,0,0,0.1935,0.0,0,0,4.0181,0,https://www.nytimes.com/explore
50,18,2,0,0,1,0,1,0,24,0,0,0.16,0.0,0,0,4.1742,0,https://docs.instagram.com/user/dashboard/overview
46,18,2,0,0,1,0,1,0,6,1,1,0.1739,0.0435,0,0,4.5121,0,https://support.amazon.com/watch?v=dQw4w9WgXcQ
60,7,1,0,0,0,0,1,0,14,1,1,0.1667,0.0,0,0,4.2328,0,https://cnn.com/about/company?q=cybersecurity+best+practices
85,15,2,0,0,1,0,1,0,27,3,0,0.1647,0.0118,0,0,4.4062,0,https://www.nytimes.com/products/electronics/deals?category=all&page=2&sort=relevance
81,10,1,0,0,0,0,1,0,24,2,0,0.1605,0.0,0,0,4.3856,0,https://github.com/user/dashboard/overview?utm_source=newsletter&utm_medium=email
61,10,1,0,0,0,0,1,0,12,1,1,0.1803,0.0164,0,0,4.4003,0,https://amazon.com/docs/v2/api?q=cybersecurity+best+practices
38,10,1,0,0,0,0,1,0,6,1,0,0.1842,0.0526,0,0,4.4118,0,https://amazon.com/watch?v=dQw4w9WgXcQ
91,14,1,1,0,0,0,1,0,34,3,1,0.1648,0.0769,0,0,4.4745,0,https://healthline.com/article/2026/03/technology-update?category=all&page=2&sort=relevance
29,9,1,0,0,0,0,1,0,12,0,1,0.2069,0.0,0,0,3.7454,0,https://twitch.tv/support/faq
83,10,1,1,0,0,0,1,0,34,1,2,0.1566,0.0723,0,0,4.5401,0,https://paypal.com/article/2026/03/technology-update?q=cybersecurity+best+practices
49,21,2,0,0,1,0,1,0,6,1,1,0.1633,0.0408,0,0,4.5019,0,https://support.pinterest.com/watch?v=dQw4w9WgXcQ
21,13,2,0,0,1,0,1,0,0,0,0,0.2381,0.0,0,0,3.6304,0,https://docs.hulu.com
73,12,2,0,0,1,0,1,0,14,2,0,0.1781,0.0,0,0,4.4958,0,https://blog.nih.gov/about/company?utm_source=newsletter&utm_medium=email
43,15,2,0,0,1,0,1,0,20,0,0,0.186,0.0,0,0,4.1672,0,https://docs.medium.com/category/news/world
40,12,2,0,0,1,0,1,0,20,0,0,0.2,0.0,0,0,4.2439,0,https://api.hulu.com/category/news/world
40,12,2,0,0,1,0,1,0,20,0,0,0.2,0.0,0,0,4.1251,0,https://blog.cnn.com/category/news/world
38,13,2,0,0,1,0,1,0,17,0,0,0.1842,0.0,0,0,4.1556,0,https://docs.ebay.com/profile/settings
82,19,2,0,0,1,0,1,0,24,1,2,0.1463,0.0,0,0,4.2516,0,https://support.harvard.edu/user/dashboard/overview?q=cybersecurity+best+practices
61,8,1,0,0,0,0,1,0,14,1,1,0.1639,0.0,0,0,4.2864,0,https://imdb.com/about/company?q=cybersecurity+best+practices
40,18,2,0,0,1,0,1,0,14,0,0,0.175,0.0,0,0,4.0751,0,https://www.healthline.com/feed/trending
44,12,2,0,0,1,0,1,0,24,0,0,0.1818,0.0,0,0,4.127,0,https://docs.cnn.com/user/dashboard/overview
82,10,2,0,0,0,0,0,0,30,3,0,0.1707,0.0122,0,0,4.3363,0,http://amazon.com/download/latest/installer.exe?category=all&page=2&sort=relevance
38,16,2,0,0,1,0,1,0,14,0,0,0.1842,0.0,0,0,4.0503,0,https://blog.twitter.com/feed/trending
42,12,2,0,0,1,0,1,0,22,0,0,0.1667,0.0,0,0,4.0051,0,https://api.imdb.com/resources/whitepapers
30,14,2,0,0,1,0,1,0,8,0,0,0.2,0.0,0,0,3.8947,0,https://docs.twitch.tv/explore
52,7,1,0,0,0,0,1,0,8,2,0,0.1923,0.1731,0,0,4.6405,0,https://cnn.com/explore?session_id=983427492&lang=en
26,17,2,0,0,1,0,1,0,1,0,0,0.2308,0.0,0,0,3.6903,0,https://api.microsoft.com/
46,16,2,0,0,1,0,1,0,22,0,0,0.1522,0.0,0,0,4.0067,0,https://blog.weather.com/resources/whitepapers
45,13,2,0,0,1,0,1,0,24,0,0,0.1778,0.0,0,0,4.2393,0,https://blog.espn.com/user/dashboard/overview
38,16,2,0,0,1,0,1,0,14,0,0,0.1842,0.0,0,0,4.1529,0,https://blog.weather.com/feed/trending
70,9,1,1,0,0,0,1,0,22,1,1,0.1571,0.0,0,0,4.4344,0,https://slack.com/blog/machine-learning?q=cybersecurity+best+practices
84,7,1,1,0,0,0,1,0,34,3,1,0.1786,0.0833,0,0,4.5064,0,https://cnn.com/article/2026/03/technology-update?category=all&page=2&sort=relevance
48,13,2,0,0,1,0,1,0,27,0,0,0.1667,0.0,0,0,3.9133,0,https://docs.espn.com/products/electronics/deals
69,14,2,0,0,1,0,1,0,12,3,0,0.2029,0.029,0,0,4.3734,0,https://docs.slack.com/docs/v2/api?category=all&page=2&sort=relevance
39,14,1,0,0,0,0,1,0,17,0,0,0.1538,0.0,0,0,3.9427,0,https://salesforce.com/profile/settings
33,13,2,0,0,1,0,1,0,12,0,1,0.2121,0.0,0,0,3.7865,0,https://api.twitch.tv/support/faq
56,18,3,0,0,1,0,1,0,30,0,1,0.1607,0.0,0,0,4.118,0,https://support.amazon.com/download/latest/installer.exe
50,12,2,0,0,0,0,1,0,30,0,0,0.16,0.0,0,0,4.14,0,https://facebook.com/download/latest/installer.exe
60,9,1,0,0,0,0,1,0,14,2,0,0.1833,0.15,0,0,4.6172,0,https://adobe.com/feed/trending?session_id=983427492&lang=en
34,9,1,0,0,0,0,1,0,17,0,0,0.1765,0.0,0,0,3.818,0,https://twitch.tv/profile/settings
84,13,3,1,0,1,0,1,0,34,2,1,0.1905,0.1786,0,0,4.9101,0,https://www.bbc.co.uk/article/2026/03/technology-update?session_id=983427492&lang=en
71,17,2,0,0,1,0,1,0,7,2,0,0.169,0.0,0,0,4.3772,0,https://www.wikipedia.org/search?utm_source=newsletter&utm_medium=email
48,18,2,1,0,1,0,1,0,22,0,0,0.1667,0.0,0,0,4.2645,0,https://blog.wikipedia.org/blog/machine-learning
37,9,1,0,0,0,0,1,0,6,1,0,0.1892,0.0541,0,0,4.0804,0,https://twitch.tv/watch?v=dQw4w9WgXcQ
63,9,1,0,0,0,0,1,0,7,2,0,0.1746,0.0,0,0,4.2741,0,https://quora.com/search?utm_source=newsletter&utm_medium=email
66,13,1,0,0,0,0,1,0,14,1,1,0.1515,0.0,0,0,4.3226,0,https://instagram.com/feed/trending?q=cybersecurity+best+practices
50,11,1,0,0,0,0,1,0,7,2,0,0.18,0.0,0,0,4.2509,0,https://twitter.com/search?ref=homepage&source=nav
79,18,2,0,0,1,0,1,0,24,2,0,0.1646,0.1139,0,0,4.6937,0,https://docs.instagram.com/user/dashboard/overview?session_id=983427492&lang=en
23,15,2,0,0,1,0,1,0,0,0,0,0.2174,0.0,0,0,3.6212,0,https://www.walmart.com
60,9,1,0,0,0,0,1,0,12,1,1,0.1833,0.0167,0,0,4.305,0,https://yahoo.com/docs/v2/api?q=cybersecurity+best+practices
45,15,2,1,0,1,0,1,0,22,0,0,0.1778,0.0,0,0,4.1803,0,https://blog.paypal.com/blog/machine-learning
23,14,2,0,0,1,0,1,0,1,0,0,0.2609,0.0,0,0,3.7294,0,https://www.reddit.com/
67,10,1,0,0,0,0,1,0,20,2,0,0.1791,0.1343,0,0,4.6355,0,https://google.com/category/news/world?session_id=983427492&lang=en
43,15,2,0,0,1,0,1,0,20,0,0,0.186,0.0,0,0,4.0254,0,https://docs.target.com/category/news/world
86,9,2,0,0,0,0,1,0,30,2,0,0.1628,0.0,0,0,4.2974,0,https://quora.com/download/latest/installer.exe?utm_source=newsletter&utm_medium=email
65,14,2,0,0,1,0,1,0,12,1,1,0.1846,0.0154,0,0,4.3029,0,https://docs.yahoo.com/docs/v2/api?q=cybersecurity+best+practices
40,10,1,0,0,0,0,1,0,22,0,0,0.15,0.0,0,0,3.9251,0,https://paypal.com/resources/whitepapers
77,11,1,0,0,0,0,1,0,27,1,1,0.1429,0.0,0,0,4.2163,0,https://youtube.com/products/electronics/deals?q=cybersecurity+best+practices
63,19,2,0,0,1,0,1,0,12,2,0,0.1905,0.0159,0,0,4.4179,0,https://docs.healthline.com/docs/v2/api?ref=homepage&source=nav
77,11,1,1,0,0,0,1,0,34,2,1,0.1688,0.0779,0,0,4.6512,0,https://netflix.com/article/2026/03/technology-update?ref=homepage&source=nav
51,16,2,0,0,1,0,1,0,27,0,0,0.1569,0.0,0,0,4.1608,0,https://blog.mozilla.org/products/electronics/deals
29,9,1,0,0,0,0,1,0,12,0,0,0.2414,0.0345,0,0,3.837,0,https://apple.com/docs/v2/api
74,9,2,0,0,0,0,1,0,30,2,0,0.1622,0.0,0,0,4.2718,0,https://apple.com/download/latest/installer.exe?view=compact&filter=active
46,16,2,1,0,1,0,1,0,22,0,0,0.1739,0.0,0,0,4.2512,0,https://blog.youtube.com/blog/machine-learning
80,9,1,0,0,0,0,1,0,24,2,0,0.1625,0.0,0,0,4.3265,0,https://twitch.tv/user/dashboard/overview?utm_source=newsletter&utm_medium=email
71,16,2,0,0,1,0,1,0,12,3,1,0.1831,0.0141,0,0,4.5019,0,https://docs.netflix.com/support/faq?category=all&page=2&sort=relevance
65,14,1,0,0,0,0,1,0,12,1,1,0.1692,0.0154,0,0,4.3798,0,https://healthline.com/docs/v2/api?q=cybersecurity+best+practices
70,15,2,0,0,1,0,0,0,17,1,1,0.1571,0.0,0,0,4.3524,0,http://api.netflix.com/profile/settings?q=cybersecurity+best+practices
73,10,1,0,0,0,0,1,0,6,3,0,0.1781,0.0411,0,0,4.6521,0,https://amazon.com/watch?v=dQw4w9WgXcQ?category=all&page=2&sort=relevance
63,12,2,0,0,1,0,1,0,19,2,0,0.1746,0.0,0,0,4.38,0,https://blog.mit.edu/pricing/enterprise?ref=homepage&source=nav
62,18,2,0,0,1,0,1,0,12,2,1,0.1774,0.0,0,0,4.2025,0,https://support.target.com/support/faq?ref=homepage&source=nav
70,15,2,0,0,1,0,1,0,20,2,1,0.1714,0.0,0,0,4.4238,0,https://support.mit.edu/category/news/world?view=compact&filter=active
51,13,2,0,0,0,0,1,0,30,0,0,0.1569,0.0,0,0,3.9658,0,https://pinterest.com/download/latest/installer.exe
70,15,2,0,0,1,0,1,0,8,2,0,0.1714,0.0,0,0,4.3063,0,https://www.nytimes.com/explore?utm_source=newsletter&utm_medium=email
34,12,2,0,0,1,0,1,0,14,0,0,0.2059,0.0,0,0,3.9591,0,https://blog.zoom.us/about/company
33,18,2,0,0,1,0,1,0,7,0,1,0.1818,0.0,0,0,3.8768,0,https://support.office.com/search
55,9,1,0,0,0,0,1,0,14,2,0,0.1818,0.0,0,0,4.3373,0,https://twitch.tv/feed/trending?ref=homepage&source=nav
67,10,1,0,0,0,0,1,0,14,3,0,0.1791,0.0149,0,0,4.3321,0,https://reddit.com/feed/trending?category=all&page=2&sort=relevance
66,12,2,0,0,1,0,1,0,22,2,0,0.1667,0.0,0,0,4.2786,0,https://docs.zoom.us/resources/whitepapers?ref=homepage&source=nav
56,9,1,0,0,0,0,1,0,12,2,1,0.1786,0.0,0,0,4.3318,0,https://yahoo.com/support/faq?view=compact&filter=active
21,13,1,0,0,0,0,1,0,0,0,0,0.1905,0.0,0,0,3.8802,0,https://wikipedia.org
41,21,2,0,0,1,0,1,0,12,0,1,0.1951,0.0244,0,0,4.0531,0,https://support.wikipedia.org/docs/v2/api
67,13,1,0,0,0,0,1,0,19,2,0,0.1493,0.0,0,0,4.1938,0,https://microsoft.com/pricing/enterprise?view=compact&filter=active
59,7,1,0,0,0,0,1,0,6,2,0,0.1864,0.0339,0,0,4.6938,0,https://mit.edu/watch?v=dQw4w9WgXcQ?ref=homepage&source=nav
30,14,2,0,0,1,0,1,0,8,0,0,0.2,0.0,0,0,3.8947,0,https://docs.yahoo.com/explore
31,9,1,0,0,0,0,1,0,14,0,0,0.1935,0.0,0,0,3.8732,0,https://quora.com/about/company
37,9,2,0,0,0,0,1,0,20,0,0,0.2162,0.0,0,0,4.1858,0,https://bbc.co.uk/category/news/world
79,12,2,0,0,0,0,1,0,30,2,0,0.1646,0.1139,0,0,4.5124,0,https://stanford.edu/download/latest/installer.exe?session_id=983427492&lang=en
43,15,2,0,0,1,0,1,0,20,0,0,0.186,0.0,0,0,4.229,0,https://blog.office.com/category/news/world
64,11,2,0,0,1,0,1,0,14,1,1,0.1719,0.0,0,0,4.3748,0,https://www.zoom.us/about/company?q=cybersecurity+best+practices
26,11,1,0,0,0,0,1,0,7,0,0,0.1923,0.0,0,0,4.027,0,https://netflix.com/search
74,25,2,0,0,1,0,1,0,12,2,1,0.1622,0.1216,0,0,4.7851,0,https://support.stackoverflow.com/support/faq?session_id=983427492&lang=en
65,9,1,0,0,0,0,1,0,24,2,0,0.1692,0.0,0,0,4.4229,0,https://slack.com/user/dashboard/overview?ref=homepage&source=nav
29,20,2,0,0,1,0,1,0,1,0,1,0.2069,0.0,0,0,3.8833,0,https://support.facebook.com/
47,11,1,0,0,0,0,1,0,1,2,0,0.1915,0.0,0,0,4.3497,0,https://dropbox.com/?view=compact&filter=active
83,18,3,0,0,1,0,1,0,30,2,0,0.1566,0.0,0,0,4.3357,0,https://docs.instagram.com/download/latest/installer.exe?view=compact&filter=active
77,20,2,0,0,1,0,1,0,22,2,1,0.1429,0.0,0,0,4.3414,0,https://support.linkedin.com/resources/whitepapers?view=compact&filter=active
75,12,1,0,0,0,0,1,0,6,3,0,0.1733,0.04,0,0,4.658,0,https://stanford.edu/watch?v=dQw4w9WgXcQ?category=all&page=2&sort=relevance
43,15,2,0,0,1,0,1,0,6,1,1,0.186,0.0465,0,0,4.4434,0,https://support.cnn.com/watch?v=dQw4w9WgXcQ
49,14,2,0,0,1,0,1,0,27,0,0,0.1633,0.0,0,0,4.1404,0,https://api.github.com/products/electronics/deals
48,13,2,0,0,1,0,1,0,27,0,0,0.1667,0.0,0,0,4.0719,0,https://api.quora.com/products/electronics/deals
53,21,2,0,0,1,0,1,0,24,0,1,0.1509,0.0,0,0,4.1081,0,https://support.microsoft.com/user/dashboard/overview
31,11,1,0,0,0,0,1,0,12,0,1,0.1935,0.0,0,0,3.9779,0,https://mozilla.org/support/faq
84,15,2,1,0,1,0,1,0,22,2,0,0.1667,0.0,0,0,4.4507,0,https://docs.amazon.com/blog/machine-learning?utm_source=newsletter&utm_medium=email
45,21,2,0,0,1,0,0,0,17,0,1,0.1556,0.0,0,0,3.9223,0,http://support.microsoft.com/profile/settings
38,9,1,1,0,0,0,0,0,22,0,0,0.1842,0.0,0,0,4.1158,0,http://adobe.com/blog/machine-learning
85,14,2,0,0,1,0,1,0,24,2,0,0.1647,0.0,0,0,4.4264,0,https://blog.apple.com/user/dashboard/overview?utm_source=newsletter&utm_medium=email
70,19,2,0,0,1,0,1,0,14,2,1,0.1714,0.1286,0,0,4.6973,0,https://support.youtube.com/about/company?session_id=983427492&lang=en
79,16,2,0,0,1,0,1,0,24,1,1,0.1519,0.0,0,0,4.3397,0,https://docs.nytimes.com/user/dashboard/overview?q=cybersecurity+best+practices
59,10,1,0,0,0,0,1,0,12,2,0,0.2034,0.1695,0,0,4.6244,0,https://office.com/docs/v2/api?session_id=983427492&lang=en
32,7,1,0,0,0,0,1,0,17,0,0,0.1875,0.0,0,0,3.8789,0,https://mit.edu/profile/settings
57,17,2,0,0,1,0,1,0,8,2,0,0.1754,0.0,0,0,4.3754,0,https://blog.facebook.com/explore?ref=homepage&source=nav
57,11,1,0,0,0,0,1,0,14,2,0,0.1754,0.0,0,0,4.3958,0,https://walmart.com/feed/trending?ref=homepage&source=nav
44,16,2,0,0,1,0,1,0,6,1,0,0.1818,0.0455,0,0,4.5272,0,https://blog.dropbox.com/watch?v=dQw4w9WgXcQ
59,13,3,0,0,1,0,1,0,7,1,1,0.1864,0.0,0,0,4.1495,0,https://api.bbc.co.uk/search?q=cybersecurity+best+practices
49,17,2,0,0,1,0,1,0,24,0,1,0.1633,0.0,0,0,4.0863,0,https://support.yahoo.com/user/dashboard/overview
50,15,2,0,0,1,0,1,0,27,0,0,0.16,0.0,0,0,4.0849,0,https://docs.github.com/products/electronics/deals
62,18,2,0,0,1,0,1,0,7,2,1,0.1774,0.1452,0,0,4.6955,0,https://support.office.com/search?session_id=983427492&lang=en
19,10,1,0,0,0,0,1,0,1,0,0,0.2632,0.0,0,0,3.5369,0,https://paypal.com/
70,8,1,0,0,0,0,1,0,19,3,0,0.1714,0.0143,0,0,4.2425,0,https://etsy.com/pricing/enterprise?category=all&page=2&sort=relevance
30,15,2,0,0,1,0,1,0,7,0,0,0.2,0.0,0,0,3.8314,0,https://docs.google.com/search
29,9,1,0,0,0,0,1,0,12,0,0,0.2414,0.0345,0,0,3.9489,0,https://quora.com/docs/v2/api
71,14,1,0,0,0,0,1,0,14,3,0,0.169,0.0141,0,0,4.3497,0,https://healthline.com/about/company?category=all&page=2&sort=relevance
63,10,1,0,0,0,0,1,0,14,1,1,0.1587,0.0,0,0,4.2877,0,https://github.com/about/company?q=cybersecurity+best+practices
39,19,2,0,0,1,0,1,0,12,0,1,0.1795,0.0,0,0,4.0672,0,https://blog.salesforce.com/support/faq
66,10,1,0,0,0,0,0,0,14,3,0,0.1818,0.0152,0,0,4.2762,0,http://paypal.com/about/company?category=all&page=2&sort=relevance
71,17,1,0,0,0,0,1,0,7,2,0,0.1549,0.0,0,0,4.3605,0,https://stackoverflow.com/search?utm_source=newsletter&utm_medium=email
53,10,1,0,0,0,0,1,0,8,2,0,0.1698,0.0,0,0,4.3811,0,https://github.com/explore?view=compact&filter=active
66,7,1,0,0,0,0,1,0,24,2,0,0.1667,0.0,0,0,4.3915,0,https://cnn.com/user/dashboard/overview?view=compact&filter=active
47,15,2,0,0,1,0,1,0,24,0,0,0.1702,0.0,0,0,4.1188,0,https://docs.office.com/user/dashboard/overview
29,14,2,0,0,1,0,1,0,7,0,0,0.2069,0.0,0,0,3.7714,0,https://www.target.com/search
16,8,1,0,0,0,0,1,0,0,0,0,0.25,0.0,0,0,3.4528,0,https://etsy.com
51,16,2,0,0,1,0,1,0,27,0,0,0.1569,0.0,0,0,4.1307,0,https://blog.harvard.edu/products/electronics/deals
65,11,1,0,0,0,0,1,0,22,2,0,0.1538,0.0,0,0,4.3107,0,https://dropbox.com/resources/whitepapers?ref=homepage&source=nav
79,15,2,0,0,1,0,1,0,27,2,0,0.1646,0.1139,0,0,4.533,0,https://docs.google.com/products/electronics/deals?session_id=983427492&lang=en
64,17,2,0,0,1,0,1,0,8,1,1,0.1562,0.0,0,0,4.3343,0,https://api.instagram.com/explore?q=cybersecurity+best+practices
84,13,1,1,0,0,0,1,0,34,2,1,0.1667,0.1786,0,0,4.8059,0,https://microsoft.com/article/2026/03/technology-update?session_id=983427492&lang=en
34,18,2,0,0,1,0,1,0,8,0,1,0.1765,0.0,0,0,3.797,0,https://support.google.com/explore
31,11,2,0,0,1,0,1,0,12,0,0,0.2581,0.0323,0,0,3.8858,0,https://www.cnn.com/docs/v2/api
57,15,2,1,0,1,0,1,0,34,0,2,0.1754,0.1053,0,0,4.3825,0,https://support.mit.edu/article/2026/03/technology-update
17,9,1,0,0,0,0,1,0,0,0,0,0.2353,0.0,0,0,3.1692,0,https://twitch.tv
53,14,2,0,0,1,0,1,0,7,2,0,0.1887,0.0,0,0,4.2555,0,https://api.office.com/search?ref=homepage&source=nav
77,17,2,0,0,1,0,1,0,17,3,1,0.1688,0.013,0,0,4.3984,0,https://support.adobe.com/profile/settings?category=all&page=2&sort=relevance
30,10,1,0,0,0,0,1,0,12,0,0,0.2333,0.0333,0,0,3.8696,0,https://office.com/docs/v2/api
71,8,1,0,0,0,0,1,0,24,1,1,0.1549,0.0,0,0,4.3572,0,https://hulu.com/user/dashboard/overview?q=cybersecurity+best+practices
34,18,2,0,0,1,0,1,0,8,0,1,0.1765,0.0,0,0,3.8588,0,https://support.paypal.com/explore
88,17,1,1,0,0,0,1,0,34,2,1,0.1591,0.1705,0,0,4.8867,0,https://stackoverflow.com/article/2026/03/technology-update?session_id=983427492&lang=en
81,15,2,0,0,1,0,0,0,6,2,0,0.1728,0.0247,0,0,4.6004,0,http://api.weather.com/watch?v=dQw4w9WgXcQ?utm_source=newsletter&utm_medium=email
43,11,1,0,0,0,0,1,0,24,0,0,0.1628,0.0,0,0,4.1093,0,https://youtube.com/user/dashboard/overview
55,10,1,0,0,0,0,1,0,8,2,0,0.1818,0.1636,0,0,4.6927,0,https://office.com/explore?session_id=983427492&lang=en
78,14,3,0,0,1,0,1,0,27,2,0,0.1795,0.1154,0,0,4.6558,0,https://blog.bbc.co.uk/products/electronics/deals?session_id=983427492&lang=en
29,13,2,0,0,1,0,1,0,8,0,0,0.2069,0.0,0,0,3.9263,0,https://blog.espn.com/explore
32,12,1,0,0,0,0,1,0,12,0,0,0.2188,0.0312,0,0,4.0039,0,https://stanford.edu/docs/v2/api
87,14,2,1,0,1,0,1,0,34,1,2,0.1609,0.069,0,0,4.5836,0,https://www.target.com/article/2026/03/technology-update?q=cybersecurity+best+practices
43,13,1,0,0,0,0,1,0,22,0,0,0.1395,0.0,0,0,3.8653,0,https://microsoft.com/resources/whitepapers
27,12,2,0,0,1,0,1,0,7,0,0,0.2222,0.0,0,0,3.9582,0,https://www.imdb.com/search
65,11,1,0,0,0,0,1,0,17,2,0,0.1692,0.1385,0,0,4.5632,0,https://nytimes.com/profile/settings?session_id=983427492&lang=en
74,15,2,0,0,1,0,1,0,27,2,0,0.1622,0.0,0,0,4.2851,0,https://docs.google.com/products/electronics/deals?ref=homepage&source=nav
42,17,2,0,0,1,0,1,0,17,0,0,0.1667,0.0,0,0,3.8802,0,https://api.pinterest.com/profile/settings
43,15,2,0,0,1,0,1,0,6,1,0,0.186,0.0465,0,0,4.5302,0,https://api.dropbox.com/watch?v=dQw4w9WgXcQ
47,22,2,0,0,1,0,1,0,17,0,1,0.1489,0.0,0,0,4.0114,0,https://support.healthline.com/profile/settings
45,17,2,0,0,1,0,1,0,6,1,1,0.1778,0.0444,0,0,4.5191,0,https://support.adobe.com/watch?v=dQw4w9WgXcQ
48,13,1,0,0,0,0,1,0,27,0,0,0.1458,0.0,0,0,3.9692,0,https://microsoft.com/products/electronics/deals
62,15,2,0,0,1,0,1,0,12,2,0,0.1935,0.0161,0,0,4.3072,0,https://docs.medium.com/docs/v2/api?view=compact&filter=active
32,16,2,0,0,1,0,1,0,8,0,0,0.1875,0.0,0,0,3.9681,0,https://docs.harvard.edu/explore
66,9,1,0,0,0,0,1,0,20,2,0,0.1818,0.1364,0,0,4.6771,0,https://yahoo.com/category/news/world?session_id=983427492&lang=en
63,12,2,0,0,1,0,1,0,12,1,2,0.1746,0.0,0,0,4.2971,0,https://api.imdb.com/support/faq?q=cybersecurity+best+practices
82,12,2,0,0,1,0,1,0,27,3,0,0.1707,0.0122,0,0,4.3072,0,https://api.espn.com/products/electronics/deals?category=all&page=2&sort=relevance
68,14,1,0,0,0,0,1,0,17,2,0,0.1618,0.1324,0,0,4.6592,0,https://cloudflare.com/profile/settings?session_id=983427492&lang=en
64,13,1,0,0,0,0,1,0,12,1,1,0.1719,0.0156,0,0,4.3701,0,https://wikipedia.org/docs/v2/api?q=cybersecurity+best+practices
43,11,1,0,0,0,0,1,0,24,0,0,0.1628,0.0,0,0,4.1093,0,https://walmart.com/user/dashboard/overview
60,12,2,0,0,1,0,1,0,1,2,0,0.2,0.0,0,0,4.2913,0,https://www.imdb.com/?utm_source=newsletter&utm_medium=email
60,12,1,0,0,0,0,1,0,1,2,0,0.1833,0.0,0,0,4.2787,0,https://linkedin.com/?utm_source=newsletter&utm_medium=email
60,13,1,0,0,0,0,1,0,12,2,1,0.1667,0.0,0,0,4.392,0,https://wikipedia.org/support/faq?view=compact&filter=active
64,13,2,0,0,1,0,1,0,12,1,1,0.1875,0.0156,0,0,4.2775,0,https://www.twitch.tv/docs/v2/api?q=cybersecurity+best+practices
47,17,2,1,0,1,0,1,0,22,0,0,0.1702,0.0,0,0,4.2242,0,https://api.wikipedia.org/blog/machine-learning
31,11,1,0,0,0,0,1,0,12,0,1,0.1935,0.0,0,0,3.8732,0,https://walmart.com/support/faq
43,8,1,0,0,0,0,1,0,0,2,0,0.186,0.0,0,0,4.284,0,https://ebay.com?view=compact&filter=active
27,19,2,0,0,1,0,1,0,0,0,1,0.1852,0.0,0,0,3.708,0,https://support.youtube.com
49,14,1,0,0,0,0,1,0,27,0,0,0.1429,0.0,0,0,3.9751,0,https://healthline.com/products/electronics/deals
45,18,2,0,0,1,0,1,0,19,0,0,0.1556,0.0,0,0,4.125,0,https://api.cloudflare.com/pricing/enterprise
52,8,1,0,0,0,0,1,0,12,2,0,0.2115,0.0192,0,0,4.3403,0,https://espn.com/docs/v2/api?ref=homepage&source=nav
60,14,2,0,0,1,0,1,0,14,2,0,0.1833,0.0,0,0,4.422,0,https://api.reddit.com/about/company?ref=homepage&source=nav
47,15,2,0,0,1,0,1,0,24,0,0,0.1702,0.0,0,0,4.1453,0,https://api.walmart.com/user/dashboard/overview
58,10,1,0,0,0,0,0,0,14,2,0,0.1724,0.0,0,0,4.2976,0,http://amazon.com/about/company?view=compact&filter=active
47,18,2,0,0,1,0,0,0,22,0,0,0.1489,0.0,0,0,3.9346,0,http://api.salesforce.com/resources/whitepapers
69,9,1,0,0,0,0,1,0,17,3,0,0.1739,0.0145,0,0,4.2737,0,https://apple.com/profile/settings?category=all&page=2&sort=relevance
48,18,2,0,0,1,0,1,0,22,0,0,0.1458,0.0,0,0,3.9175,0,https://www.salesforce.com/resources/whitepapers
23,14,2,0,0,1,0,1,0,1,0,0,0.2609,0.0,0,0,3.8492,0,https://blog.adobe.com/
82,13,2,0,0,1,0,1,0,22,2,0,0.1585,0.0,0,0,4.2242,0,https://www.apple.com/resources/whitepapers?utm_source=newsletter&utm_medium=email
46,11,1,0,0,0,0,1,0,0,2,0,0.1739,0.0,0,0,4.1621,0,https://weather.com?view=compact&filter=active
43,15,2,0,0,1,0,1,0,20,0,0,0.186,0.0,0,0,4.1734,0,https://blog.reddit.com/category/news/world
68,14,2,0,0,1,0,1,0,17,2,0,0.1765,0.1324,0,0,4.7253,0,https://blog.quora.com/profile/settings?session_id=983427492&lang=en
72,10,2,0,0,0,0,1,0,30,2,0,0.1667,0.0,0,0,4.3937,0,https://amazon.com/download/latest/installer.exe?ref=homepage&source=nav
39,19,2,0,0,1,0,1,0,12,0,1,0.2051,0.0256,0,0,4.0453,0,https://support.nytimes.com/docs/v2/api
55,9,1,0,0,0,0,1,0,14,2,0,0.1818,0.0,0,0,4.3332,0,https://quora.com/about/company?ref=homepage&source=nav
56,18,3,0,0,1,0,1,0,30,0,0,0.1607,0.0,0,0,4.169,0,https://blog.microsoft.com/download/latest/installer.exe
67,11,1,0,0,0,0,1,0,24,2,0,0.1642,0.0,0,0,4.2523,0,https://harvard.edu/user/dashboard/overview?ref=homepage&source=nav
54,16,3,0,0,1,0,1,0,30,0,0,0.1667,0.0,0,0,4.1511,0,https://docs.youtube.com/download/latest/installer.exe
49,21,2,0,0,1,0,1,0,20,0,0,0.1633,0.0,0,0,4.2729,0,https://api.stackoverflow.com/category/news/world
27,7,1,0,0,0,0,1,0,12,0,0,0.2593,0.037,0,0,3.7784,0,https://cnn.com/docs/v2/api
23,14,2,0,0,1,0,1,0,1,0,0,0.2609,0.0,0,0,3.7623,0,https://blog.apple.com/
52,17,1,0,0,0,0,1,0,27,0,0,0.1346,0.0,0,0,4.132,0,https://stackoverflow.com/products/electronics/deals
43,15,2,0,0,1,0,1,0,20,0,0,0.186,0.0,0,0,4.2374,0,https://docs.github.com/category/news/world
49,14,2,0,0,1,0,1,0,27,0,0,0.1633,0.0,0,0,3.9772,0,https://api.reddit.com/products/electronics/deals
46,11,1,0,0,0,0,1,0,27,0,0,0.1522,0.0,0,0,3.9775,0,https://harvard.edu/products/electronics/deals
68,9,1,0,0,0,0,1,0,22,2,0,0.1618,0.1324,0,0,4.6488,0,https://adobe.com/resources/whitepapers?session_id=983427492&lang=en
45,17,2,0,0,1,0,1,0,20,0,0,0.1778,0.0,0,0,4.1387,0,https://api.wikipedia.org/category/news/world
69,14,1,0,0,0,0,1,0,20,2,0,0.1594,0.0,0,0,4.3382,0,https://salesforce.com/category/news/world?view=compact&filter=active
36,9,1,0,0,0,0,0,0,6,1,0,0.1944,0.0556,0,0,4.4194,0,http://quora.com/watch?v=dQw4w9WgXcQ
46,16,2,0,0,1,0,1,0,22,0,0,0.1522,0.0,0,0,4.0915,0,https://blog.youtube.com/resources/whitepapers
74,8,1,1,0,0,0,1,0,34,2,1,0.1757,0.0811,0,0,4.5912,0,https://espn.com/article/2026/03/technology-update?ref=homepage&source=nav
81,20,2,0,0,1,0,1,0,14,2,1,0.1605,0.0,0,0,4.3637,0,https://support.stanford.edu/about/company?utm_source=newsletter&utm_medium=email
48,13,2,0,0,1,0,1,0,27,0,0,0.1667,0.0,0,0,4.0307,0,https://api.slack.com/products/electronics/deals
40,18,2,0,0,1,0,1,0,14,0,1,0.175,0.0,0,0,4.0317,0,https://support.reddit.com/about/company
30,9,1,0,0,0,0,0,0,14,0,0,0.2,0.0,0,0,3.9232,0,http://adobe.com/feed/trending
52,17,2,0,0,1,0,1,0,27,0,0,0.1538,0.0,0,0,4.0256,0,https://docs.linkedin.com/products/electronics/deals
36,16,2,0,0,1,0,1,0,12,0,0,0.2222,0.0278,0,0,4.0067,0,https://api.facebook.com/docs/v2/api
23,8,1,0,0,0,0,1,0,7,0,0,0.2174,0.0,0,0,3.7951,0,https://ebay.com/search
53,21,2,0,0,1,0,1,0,0,2,1,0.1698,0.0,0,0,4.237,0,https://support.microsoft.com?ref=homepage&source=nav
24,15,2,0,0,1,0,1,0,1,0,1,0.25,0.0,0,0,3.4277,0,https://support.zoom.us/
48,12,1,0,0,0,0,1,0,1,2,0,0.1875,0.0,0,0,4.3355,0,https://linkedin.com/?view=compact&filter=active
52,14,3,0,0,1,0,1,0,30,0,0,0.1731,0.0,0,0,4.2014,0,https://blog.quora.com/download/latest/installer.exe
64,12,1,0,0,0,0,1,0,6,2,0,0.1719,0.0312,0,0,4.6781,0,https://facebook.com/watch?v=dQw4w9WgXcQ?ref=homepage&source=nav
72,11,1,0,0,0,0,1,0,22,1,1,0.1389,0.0,0,0,4.2055,0,https://dropbox.com/resources/whitepapers?q=cybersecurity+best+practices
74,15,2,0,0,1,0,1,0,22,2,0,0.1622,0.1216,0,0,4.6786,0,https://docs.github.com/resources/whitepapers?session_id=983427492&lang=en
63,11,1,0,0,0,0,1,0,20,2,0,0.1746,0.0,0,0,4.3289,0,https://weather.com/category/news/world?ref=homepage&source=nav
41,19,2,0,0,1,0,1,0,14,0,0,0.1707,0.0,0,0,4.1715,0,https://blog.cloudflare.com/about/company
34,14,2,0,0,1,0,1,0,12,0,0,0.2353,0.0294,0,0,3.9369,0,https://api.target.com/docs/v2/api
23,7,1,0,0,0,0,1,0,8,0,0,0.2174,0.0,0,0,3.882,0,https://nih.gov/explore
62,14,1,0,0,0,0,1,0,1,2,0,0.1774,0.0,0,0,4.2759,0,https://cloudflare.com/?utm_source=newsletter&utm_medium=email
72,15,2,0,0,1,0,1,0,6,2,0,0.1806,0.1528,0,0,4.9194,0,https://blog.amazon.com/watch?v=dQw4w9WgXcQ?session_id=983427492&lang=en
80,13,4,0,0,1,0,1,0,30,2,0,0.1875,0.1125,0,0,4.6848,0,https://www.bbc.co.uk/download/latest/installer.exe?session_id=983427492&lang=en
85,18,3,0,0,1,0,1,0,30,2,0,0.1647,0.1059,0,0,4.5132,0,https://api.healthline.com/download/latest/installer.exe?session_id=983427492&lang=en
44,14,2,1,0,1,0,1,0,22,0,0,0.1818,0.0,0,0,4.1181,0,https://api.target.com/blog/machine-learning
93,16,3,0,0,1,0,1,0,30,2,0,0.1613,0.0,0,0,4.3684,0,https://blog.netflix.com/download/latest/installer.exe?utm_source=newsletter&utm_medium=email
45,13,2,0,0,1,0,1,0,0,2,0,0.2,0.0,0,0,4.4171,0,https://blog.ebay.com?ref=homepage&source=nav
31,15,2,0,0,1,0,1,0,8,0,0,0.1935,0.0,0,0,3.7568,0,https://www.twitter.com/explore
64,9,1,0,0,0,0,1,0,12,3,0,0.2031,0.0312,0,0,4.3748,0,https://adobe.com/docs/v2/api?category=all&page=2&sort=relevance
40,10,1,0,0,0,0,1,0,22,0,0,0.15,0.0,0,0,3.8226,0,https://target.com/resources/whitepapers
50,15,2,0,0,1,0,1,0,27,0,0,0.16,0.0,0,0,4.1493,0,https://www.youtube.com/products/electronics/deals
72,13,2,0,0,1,0,1,0,12,2,1,0.1806,0.0,0,0,4.4104,0,https://www.adobe.com/support/faq?utm_source=newsletter&utm_medium=email
59,16,2,0,0,1,0,1,0,0,3,0,0.1864,0.0169,0,0,4.3615,0,https://blog.youtube.com?category=all&page=2&sort=relevance
83,16,2,0,0,1,0,1,0,24,3,0,0.1687,0.012,0,0,4.5328,0,https://blog.netflix.com/user/dashboard/overview?category=all&page=2&sort=relevance
56,18,3,0,0,1,0,1,0,30,0,0,0.1607,0.0,0,0,4.1005,0,https://docs.wikipedia.org/download/latest/installer.exe
43,15,2,0,0,1,0,1,0,20,0,0,0.186,0.0,0,0,4.0719,0,https://www.harvard.edu/category/news/world
80,10,1,0,0,0,0,1,0,27,3,0,0.1625,0.0125,0,0,4.2874,0,https://reddit.com/products/electronics/deals?category=all&page=2&sort=relevance
44,16,2,0,0,1,0,1,0,20,0,0,0.1818,0.0,0,0,4.2067,0,https://blog.nytimes.com/category/news/world
36,15,2,0,0,1,0,0,0,14,0,0,0.1944,0.0,0,0,4.0934,0,http://www.youtube.com/feed/trending
56,18,3,0,0,1,0,1,0,30,0,0,0.1607,0.0,0,0,3.9966,0,https://docs.pinterest.com/download/latest/installer.exe
56,14,1,0,0,0,0,1,0,7,2,0,0.1607,0.0,0,0,4.1708,0,https://salesforce.com/search?view=compact&filter=active
26,11,1,0,0,0,0,1,0,7,0,0,0.1923,0.0,0,0,3.8731,0,https://youtube.com/search
68,11,1,0,0,0,0,1,0,22,2,0,0.1471,0.0,0,0,4.2272,0,https://spotify.com/resources/whitepapers?view=compact&filter=active
46,16,2,0,0,1,0,1,0,22,0,0,0.1522,0.0,0,0,3.8498,0,https://docs.twitter.com/resources/whitepapers
57,14,2,0,0,1,0,1,0,0,3,0,0.193,0.0175,0,0,4.3285,0,https://blog.adobe.com?category=all&page=2&sort=relevance
61,17,1,0,0,0,0,1,0,1,3,0,0.1803,0.0164,0,0,4.3471,0,https://stackoverflow.com/?category=all&page=2&sort=relevance
55,12,2,0,0,1,0,0,0,12,2,0,0.2182,0.0182,0,0,4.4107,0,http://docs.zoom.us/docs/v2/api?ref=homepage&source=nav
40,18,2,0,0,1,0,1,0,14,0,0,0.175,0.0,0,0,4.0531,0,https://docs.wikipedia.org/feed/trending
50,12,2,0,0,1,0,0,0,7,2,0,0.2,0.0,0,0,4.2929,0,http://api.etsy.com/search?ref=homepage&source=nav
60,14,2,0,0,1,0,1,0,7,1,1,0.1667,0.0,0,0,4.2908,0,https://blog.quora.com/search?q=cybersecurity+best+practices
47,9,2,0,0,0,0,1,0,30,0,0,0.1702,0.0,0,0,4.0315,0,https://yahoo.com/download/latest/installer.exe
83,10,1,1,0,0,0,1,0,34,1,2,0.1566,0.0723,0,0,4.5521,0,https://google.com/article/2026/03/technology-update?q=cybersecurity+best+practices
37,7,1,1,0,0,0,1,0,22,0,0,0.1892,0.0,0,0,4.2089,0,https://mit.edu/blog/machine-learning
46,11,1,0,0,0,0,1,0,27,0,0,0.1522,0.0,0,0,4.0401,0,https://dropbox.com/products/electronics/deals
66,12,2,0,0,1,0,1,0,17,2,0,0.1818,0.1364,0,0,4.611,0,https://blog.mit.edu/profile/settings?session_id=983427492&lang=en
52,8,1,0,0,0,0,1,0,12,2,0,0.2115,0.0192,0,0,4.4431,0,https://imdb.com/docs/v2/api?ref=homepage&source=nav
24,15,2,0,0,1,0,1,0,1,0,0,0.25,0.0,0,0,3.7721,0,https://blog.github.com/
67,14,3,0,0,1,0,1,0,14,1,1,0.1791,0.0,0,0,4.3245,0,https://docs.bbc.co.uk/feed/trending?q=cybersecurity+best+practices
40,12,2,0,0,1,0,1,0,6,1,0,0.2,0.05,0,0,4.3087,0,https://www.hulu.com/watch?v=dQw4w9WgXcQ
75,14,1,0,0,0,0,1,0,14,2,0,0.16,0.0,0,0,4.2744,0,https://healthline.com/feed/trending?utm_source=newsletter&utm_medium=email
76,15,2,0,0,1,0,1,0,22,1,1,0.1447,0.0,0,0,4.201,0,https://www.harvard.edu/resources/whitepapers?q=cybersecurity+best+practices
58,11,1,0,0,0,0,1,0,8,1,1,0.1552,0.0,0,0,4.2976,0,https://walmart.com/explore?q=cybersecurity+best+practices
93,16,2,1,0,1,0,1,0,34,3,1,0.172,0.0753,0,0,4.595,0,https://blog.spotify.com/article/2026/03/technology-update?category=all&page=2&sort=relevance
86,19,2,0,0,1,0,1,0,24,3,1,0.1628,0.0116,0,0,4.4368,0,https://support.youtube.com/user/dashboard/overview?category=all&page=2&sort=relevance
27,18,2,0,0,1,0,1,0,1,0,1,0.2222,0.0,0,0,3.736,0,https://support.reddit.com/
35,15,2,0,0,1,0,1,0,12,0,0,0.2286,0.0286,0,0,3.9684,0,https://api.nytimes.com/docs/v2/api
30,10,1,0,0,0,0,1,0,12,0,0,0.2333,0.0333,0,0,3.9199,0,https://google.com/docs/v2/api
40,13,1,0,0,0,0,1,0,19,0,0,0.15,0.0,0,0,3.8464,0,https://instagram.com/pricing/enterprise
42,15,2,0,0,1,0,1,0,19,0,1,0.1667,0.0,0,0,3.8715,0,https://support.zoom.us/pricing/enterprise
47,22,2,0,0,1,0,1,0,17,0,1,0.1489,0.0,0,0,4.1105,0,https://support.cloudflare.com/profile/settings
60,14,2,0,0,1,0,1,0,7,1,1,0.1667,0.0,0,0,4.3427,0,https://www.amazon.com/search?q=cybersecurity+best+practices
59,11,2,0,0,1,0,1,0,1,2,0,0.2034,0.0,0,0,4.2826,0,https://api.zoom.us/?utm_source=newsletter&utm_medium=email
50,15,2,0,0,1,0,0,0,1,2,0,0.2,0.0,0,0,4.2884,0,http://www.youtube.com/?view=compact&filter=active
44,12,2,0,0,1,0,1,0,24,0,0,0.1818,0.0,0,0,4.1158,0,https://www.espn.com/user/dashboard/overview
40,12,2,0,0,1,0,1,0,20,0,0,0.2,0.0,0,0,4.2062,0,https://api.ebay.com/category/news/world
76,17,1,0,0,0,0,1,0,24,2,0,0.1447,0.0,0,0,4.3601,0,https://stackoverflow.com/user/dashboard/overview?view=compact&filter=active
33,18,2,0,0,1,0,1,0,7,0,0,0.1818,0.0,0,0,3.7865,0,https://docs.microsoft.com/search
38,16,2,0,0,1,0,1,0,14,0,0,0.1842,0.0,0,0,4.1556,0,https://docs.walmart.com/feed/trending
77,18,2,0,0,1,0,1,0,22,2,0,0.1558,0.1169,0,0,4.5941,0,https://api.salesforce.com/resources/whitepapers?session_id=983427492&lang=en
43,15,2,0,0,1,0,1,0,20,0,1,0.186,0.0,0,0,4.1734,0,https://support.nih.gov/category/news/world
42,15,2,0,0,1,0,1,0,19,0,0,0.1667,0.0,0,0,3.9964,0,https://www.harvard.edu/pricing/enterprise
54,16,3,0,0,1,0,1,0,30,0,0,0.1667,0.0,0,0,4.1954,0,https://blog.youtube.com/download/latest/installer.exe
50,11,1,0,0,0,0,1,0,0,1,1,0.16,0.0,0,0,4.1722,0,https://harvard.edu?q=cybersecurity+best+practices
84,11,1,1,0,0,0,1,0,34,1,2,0.1548,0.0714,0,0,4.5399,0,https://weather.com/article/2026/03/technology-update?q=cybersecurity+best+practices
86,13,2,1,0,1,0,1,0,34,1,2,0.1628,0.0698,0,0,4.5215,0,https://docs.etsy.com/article/2026/03/technology-update?q=cybersecurity+best+practices
76,15,2,0,0,1,0,1,0,24,2,0,0.1711,0.1184,0,0,4.6264,0,https://www.harvard.edu/user/dashboard/overview?session_id=983427492&lang=en
86,13,2,1,0,1,0,1,0,34,1,2,0.1628,0.0698,0,0,4.5566,0,https://api.yahoo.com/article/2026/03/technology-update?q=cybersecurity+best+practices
50,13,2,0,0,0,0,0,0,30,0,0,0.16,0.0,0,0,3.968,0,http://pinterest.com/download/latest/installer.exe
89,12,3,0,0,1,0,1,0,30,2,0,0.1685,0.0,0,0,4.4072,0,https://blog.nih.gov/download/latest/installer.exe?utm_source=newsletter&utm_medium=email
57,11,1,0,0,0,0,1,0,14,2,0,0.1754,0.0,0,0,4.2969,0,https://weather.com/feed/trending?ref=homepage&source=nav
68,13,1,0,0,0,0,1,0,8,2,0,0.1618,0.0,0,0,4.1977,0,https://pinterest.com/explore?utm_source=newsletter&utm_medium=email
55,17,3,0,0,1,0,1,0,30,0,0,0.1636,0.0,0,0,4.0458,0,https://www.wikipedia.org/download/latest/installer.exe
83,13,1,0,0,0,0,1,0,27,3,0,0.1566,0.012,0,0,4.3066,0,https://instagram.com/products/electronics/deals?category=all&page=2&sort=relevance
39,9,1,0,0,0,0,1,0,22,0,0,0.1538,0.0,0,0,3.894,0,https://quora.com/resources/whitepapers
65,16,2,0,0,1,0,1,0,12,2,0,0.2,0.1538,0,0,4.7515,0,https://blog.youtube.com/docs/v2/api?session_id=983427492&lang=en
57,17,1,0,0,0,0,1,0,1,1,1,0.1579,0.0,0,0,4.3636,0,https://stackoverflow.com/?q=cybersecurity+best+practices
56,18,3,0,0,1,0,1,0,30,0,0,0.1607,0.0,0,0,4.0815,0,https://blog.pinterest.com/download/latest/installer.exe
43,13,2,0,0,1,0,1,0,22,0,0,0.1628,0.0,0,0,4.0078,0,https://docs.ebay.com/resources/whitepapers
45,13,2,0,0,1,0,1,0,24,0,0,0.1778,0.0,0,0,4.0892,0,https://docs.imdb.com/user/dashboard/overview
58,9,1,0,0,0,0,1,0,12,2,1,0.1897,0.1552,0,0,4.7504,0,https://yahoo.com/support/faq?session_id=983427492&lang=en
69,12,2,0,0,1,0,1,0,22,2,0,0.1594,0.0,0,0,4.3777,0,https://blog.cnn.com/resources/whitepapers?view=compact&filter=active
54,10,1,0,0,0,0,1,0,12,2,0,0.2037,0.0185,0,0,4.3752,0,https://google.com/docs/v2/api?ref=homepage&source=nav
58,12,2,0,0,1,0,1,0,7,1,1,0.1724,0.0,0,0,4.2828,0,https://www.imdb.com/search?q=cybersecurity+best+practices
30,15,2,0,0,1,0,1,0,7,0,0,0.2,0.0,0,0,4.0566,0,https://blog.reddit.com/search
80,10,1,0,0,0,0,1,0,27,3,0,0.1625,0.0125,0,0,4.3374,0,https://office.com/products/electronics/deals?category=all&page=2&sort=relevance
40,18,2,0,0,1,0,1,0,14,0,0,0.175,0.0,0,0,4.0531,0,https://blog.instagram.com/about/company
46,16,2,0,0,1,0,1,0,22,0,0,0.1522,0.0,0,0,3.9589,0,https://www.stanford.edu/resources/whitepapers
48,19,2,0,0,1,0,0,0,22,0,0,0.1458,0.0,0,0,4.1811,0,http://blog.cloudflare.com/resources/whitepapers
70,18,2,0,0,1,0,1,0,6,2,1,0.1714,0.0286,0,0,4.6772,0,https://support.paypal.com/watch?v=dQw4w9WgXcQ?ref=homepage&source=nav
46,14,2,0,0,1,0,1,0,24,0,0,0.1739,0.0,0,0,4.1785,0,https://www.amazon.com/user/dashboard/overview
77,15,2,0,0,1,0,1,0,27,2,0,0.1558,0.0,0,0,4.2458,0,https://www.twitter.com/products/electronics/deals?view=compact&filter=active
29,14,1,0,0,0,0,1,0,7,0,0,0.1724,0.0,0,0,3.8144,0,https://healthline.com/search
43,18,2,0,0,1,0,1,0,17,0,0,0.1628,0.0,0,0,4.0804,0,https://docs.wikipedia.org/profile/settings
42,10,1,0,0,0,0,1,0,24,0,0,0.1667,0.0,0,0,4.062,0,https://target.com/user/dashboard/overview
47,17,2,1,0,1,0,1,0,22,0,1,0.1702,0.0,0,0,4.2828,0,https://support.quora.com/blog/machine-learning
65,16,2,0,0,1,0,1,0,17,2,0,0.1692,0.0,0,0,4.4544,0,https://blog.dropbox.com/profile/settings?ref=homepage&source=nav
32,12,2,0,0,1,0,1,0,12,0,0,0.25,0.0312,0,0,3.7775,0,https://docs.cnn.com/docs/v2/api
56,16,2,0,0,1,0,1,0,1,1,1,0.1786,0.0,0,0,4.2152,0,https://docs.nytimes.com/?q=cybersecurity+best+practices
29,14,2,0,0,1,0,1,0,7,0,0,0.2069,0.0,0,0,3.8833,0,https://www.reddit.com/search
86,22,2,0,0,1,0,1,0,27,2,1,0.1512,0.1047,0,0,4.5923,0,https://support.cloudflare.com/products/electronics/deals?session_id=983427492&lang=en
42,12,2,0,0,1,0,1,0,22,0,0,0.1667,0.0,0,0,3.8511,0,https://www.etsy.com/resources/whitepapers
61,15,2,0,0,1,0,1,0,7,1,1,0.1639,0.0,0,0,4.1864,0,https://api.spotify.com/search?q=cybersecurity+best+practices
50,15,2,0,0,1,0,1,0,27,0,0,0.16,0.0,0,0,4.062,0,https://api.nytimes.com/products/electronics/deals
77,12,2,1,0,1,0,1,0,22,3,0,0.1818,0.013,0,0,4.4108,0,https://docs.cnn.com/blog/machine-learning?category=all&page=2&sort=relevance
39,7,1,0,0,0,0,1,0,0,2,0,0.2051,0.0,0,0,4.2917,0,https://zoom.us?ref=homepage&source=nav
29,13,2,0,0,1,0,1,0,8,0,0,0.2069,0.0,0,0,3.8313,0,https://docs.etsy.com/explore
40,12,2,0,0,1,0,1,0,6,1,0,0.2,0.05,0,0,4.3276,0,https://www.imdb.com/watch?v=dQw4w9WgXcQ
73,8,1,1,0,0,0,1,0,22,3,0,0.1781,0.0137,0,0,4.3814,0,https://ebay.com/blog/machine-learning?category=all&page=2&sort=relevance
76,17,2,0,0,1,0,1,0,12,2,0,0.1842,0.0132,0,0,4.5367,0,https://blog.facebook.com/docs/v2/api?utm_source=newsletter&utm_medium=email
37,10,1,0,0,0,0,1,0,19,0,0,0.1622,0.0,0,0,3.905,0,https://github.com/pricing/enterprise
46,13,2,0,0,1,0,1,0,1,2,0,0.2174,0.0,0,0,4.336,0,https://www.apple.com/?ref=homepage&source=nav
85,16,2,1,0,1,0,1,0,22,2,1,0.1647,0.0,0,0,4.4143,0,https://support.hulu.com/blog/machine-learning?utm_source=newsletter&utm_medium=email
78,14,1,0,0,0,0,1,0,27,2,0,0.1538,0.1154,0,0,4.5948,0,https://cloudflare.com/products/electronics/deals?session_id=983427492&lang=en
61,19,2,0,0,1,0,1,0,7,2,1,0.1639,0.0,0,0,4.3136,0,https://support.nytimes.com/search?view=compact&filter=active
38,10,1,0,0,0,0,1,0,20,0,0,0.1842,0.0,0,0,4.146,0,https://office.com/category/news/world
45,15,2,0,0,1,0,1,0,22,0,0,0.1556,0.0,0,0,3.8058,0,https://api.twitter.com/resources/whitepapers
27,12,2,0,0,1,0,0,0,8,0,0,0.2222,0.0,0,0,3.9582,0,http://api.imdb.com/explore
78,17,2,1,0,1,0,1,0,22,1,1,0.1538,0.0,0,0,4.4898,0,https://docs.stanford.edu/blog/machine-learning?q=cybersecurity+best+practices
31,16,2,0,0,1,0,1,0,7,0,1,0.1935,0.0,0,0,3.7442,0,https://support.espn.com/search
80,21,2,0,0,1,0,1,0,12,2,1,0.1625,0.0,0,0,4.2851,0,https://support.microsoft.com/support/faq?utm_source=newsletter&utm_medium=email
73,9,1,0,0,0,0,1,0,27,2,0,0.1644,0.1233,0,0,4.59,0,https://twitch.tv/products/electronics/deals?session_id=983427492&lang=en
40,12,2,0,0,1,0,1,0,20,0,0,0.2,0.0,0,0,4.1939,0,https://blog.nih.gov/category/news/world
32,17,1,0,0,0,0,1,0,7,0,0,0.1562,0.0,0,0,4.007,0,https://stackoverflow.com/search
39,11,1,0,0,0,0,1,0,20,0,0,0.1795,0.0,0,0,4.0898,0,https://harvard.edu/category/news/world
35,15,2,0,0,1,0,1,0,12,0,0,0.2286,0.0286,0,0,3.9872,0,https://blog.google.com/docs/v2/api
71,12,1,0,0,0,0,1,0,27,2,0,0.1549,0.0,0,0,4.3721,0,https://linkedin.com/products/electronics/deals?ref=homepage&source=nav
50,11,1,0,0,0,0,1,0,0,1,1,0.16,0.0,0,0,4.2542,0,https://dropbox.com?q=cybersecurity+best+practices
61,12,2,0,0,1,0,1,0,14,2,0,0.1803,0.0,0,0,4.3684,0,https://www.etsy.com/feed/trending?view=compact&filter=active
37,10,1,0,0,0,0,1,0,19,0,0,0.1622,0.0,0,0,3.7738,0,https://target.com/pricing/enterprise
68,11,1,0,0,0,0,1,0,14,3,0,0.1765,0.0147,0,0,4.3954,0,https://netflix.com/feed/trending?category=all&page=2&sort=relevance
77,11,1,1,0,0,0,1,0,34,2,1,0.1688,0.0779,0,0,4.5847,0,https://weather.com/article/2026/03/technology-update?ref=homepage&source=nav
28,13,2,0,0,1,0,1,0,7,0,0,0.2143,0.0,0,0,3.7534,0,https://docs.espn.com/search
74,15,2,0,0,1,0,1,0,12,2,0,0.1892,0.0135,0,0,4.4332,0,https://www.youtube.com/docs/v2/api?utm_source=newsletter&utm_medium=email
66,10,1,0,0,0,0,1,0,17,1,1,0.1515,0.0,0,0,4.2906,0,https://github.com/profile/settings?q=cybersecurity+best+practices
54,11,1,0,0,0,0,1,0,0,3,0,0.1852,0.0185,0,0,4.3169,0,https://nytimes.com?category=all&page=2&sort=relevance
72,15,2,1,0,1,0,1,0,22,2,0,0.1667,0.0,0,0,4.4844,0,https://blog.medium.com/blog/machine-learning?view=compact&filter=active
62,10,1,0,0,0,0,1,0,6,2,0,0.1774,0.0323,0,0,4.6939,0,https://paypal.com/watch?v=dQw4w9WgXcQ?ref=homepage&source=nav
34,10,1,0,0,0,0,0,0,17,0,0,0.1765,0.0,0,0,4.0179,0,http://github.com/profile/settings
45,18,2,0,0,1,0,0,0,20,0,0,0.1778,0.0,0,0,4.1554,0,http://docs.wikipedia.org/category/news/world
45,18,2,0,0,1,0,1,0,19,0,1,0.1556,0.0,0,0,3.9201,0,https://support.github.com/pricing/enterprise
66,11,1,0,0,0,0,1,0,12,3,1,0.1818,0.0152,0,0,4.4078,0,https://youtube.com/support/faq?category=all&page=2&sort=relevance
42,9,1,0,0,0,0,1,0,1,2,0,0.2143,0.0,0,0,4.318,0,https://adobe.com/?ref=homepage&source=nav
36,14,2,0,0,1,0,1,0,14,0,0,0.1944,0.0,0,0,3.9512,0,https://docs.quora.com/about/company
49,10,1,0,0,0,0,1,0,0,1,1,0.1633,0.0,0,0,4.1559,0,https://reddit.com?q=cybersecurity+best+practices
83,14,2,0,0,1,0,1,0,22,2,0,0.1566,0.0,0,0,4.2675,0,https://docs.quora.com/resources/whitepapers?utm_source=newsletter&utm_medium=email
49,11,3,0,0,1,0,1,0,30,0,0,0.1837,0.0,0,0,3.9872,0,https://www.mit.edu/download/latest/installer.exe
86,15,2,1,0,1,0,1,0,34,2,1,0.1744,0.1744,0,0,4.8623,0,https://api.dropbox.com/article/2026/03/technology-update?session_id=983427492&lang=en
53,18,2,0,0,1,0,1,0,0,2,1,0.1698,0.0,0,0,4.289,0,https://support.medium.com?view=compact&filter=active
97,16,2,1,0,1,0,1,0,34,2,1,0.1649,0.0619,0,0,4.587,0,https://blog.youtube.com/article/2026/03/technology-update?utm_source=newsletter&utm_medium=email
65,16,2,0,0,1,0,1,0,17,2,1,0.1692,0.0,0,0,4.301,0,https://support.etsy.com/profile/settings?ref=homepage&source=nav
74,13,1,0,0,0,0,1,0,14,2,0,0.1622,0.0,0,0,4.2862,0,https://pinterest.com/about/company?utm_source=newsletter&utm_medium=email
62,11,2,0,0,1,0,1,0,14,2,0,0.1935,0.1452,0,0,4.6462,0,https://api.zoom.us/feed/trending?session_id=983427492&lang=en
70,19,2,0,0,1,0,1,0,8,3,1,0.1714,0.0143,0,0,4.3289,0,https://support.mozilla.org/explore?category=all&page=2&sort=relevance
86,17,2,0,0,0,0,1,0,30,1,1,0.1395,0.0,0,0,4.4376,0,https://stackoverflow.com/download/latest/installer.exe?q=cybersecurity+best+practices
75,22,2,0,0,1,0,1,0,14,1,1,0.1467,0.0,0,0,4.4697,0,https://docs.stackoverflow.com/feed/trending?q=cybersecurity+best+practices
39,17,2,0,0,1,0,1,0,14,0,0,0.1795,0.0,0,0,3.9746,0,https://api.pinterest.com/about/company
39,14,1,0,0,0,0,1,0,17,0,0,0.1538,0.0,0,0,4.1311,0,https://cloudflare.com/profile/settings
42,7,1,0,0,0,0,1,0,27,0,0,0.1667,0.0,0,0,3.9464,0,https://mit.edu/products/electronics/deals
70,15,2,0,0,1,0,1,0,20,2,0,0.1714,0.0,0,0,4.3452,0,https://api.weather.com/category/news/world?view=compact&filter=active
70,11,1,1,0,0,0,1,0,22,2,0,0.1714,0.1286,0,0,4.7023,0,https://netflix.com/blog/machine-learning?session_id=983427492&lang=en
46,18,2,0,0,1,0,1,0,20,0,0,0.1739,0.0,0,0,4.1599,0,https://blog.pinterest.com/category/news/world
40,15,2,0,0,1,0,1,0,17,0,0,0.175,0.0,0,0,4.1219,0,https://docs.amazon.com/profile/settings
74,15,2,0,0,1,0,1,0,20,1,1,0.1622,0.0,0,0,4.3911,0,https://blog.reddit.com/category/news/world?q=cybersecurity+best+practices
88,19,2,1,0,1,0,1,0,22,2,0,0.1591,0.0,0,0,4.4586,0,https://blog.cloudflare.com/blog/machine-learning?utm_source=newsletter&utm_medium=email
70,7,1,0,0,0,0,1,0,6,3,0,0.1857,0.0429,0,0,4.6949,0,https://mit.edu/watch?v=dQw4w9WgXcQ?category=all&page=2&sort=relevance
64,10,1,0,0,0,0,1,0,7,2,0,0.1719,0.0,0,0,4.1853,0,https://medium.com/search?utm_source=newsletter&utm_medium=email
79,16,2,0,0,1,0,1,0,6,3,0,0.1772,0.038,0,0,4.6467,0,https://blog.harvard.edu/watch?v=dQw4w9WgXcQ?category=all&page=2&sort=relevance
80,13,2,0,0,0,0,1,0,30,2,0,0.1625,0.1125,0,0,4.5121,0,https://pinterest.com/download/latest/installer.exe?session_id=983427492&lang=en
35,10,1,0,0,0,0,1,0,17,0,0,0.1714,0.0,0,0,3.8786,0,https://office.com/profile/settings
75,19,2,0,0,1,0,1,0,24,2,1,0.16,0.0,0,0,4.2676,0,https://support.harvard.edu/user/dashboard/overview?ref=homepage&source=nav
68,11,1,1,0,0,0,1,0,22,2,0,0.1618,0.0,0,0,4.5018,0,https://dropbox.com/blog/machine-learning?view=compact&filter=active
72,11,2,0,0,1,0,1,0,14,2,0,0.1806,0.0,0,0,4.3389,0,https://www.mit.edu/about/company?utm_source=newsletter&utm_medium=email
54,16,3,0,0,1,0,1,0,30,0,0,0.1667,0.0,0,0,4.003,0,https://api.stanford.edu/download/latest/installer.exe
22,14,3,0,0,1,0,1,0,0,0,0,0.2727,0.0,0,0,3.5726,0,https://docs.bbc.co.uk
19,11,1,0,0,0,0,1,0,0,0,0,0.2105,0.0,0,0,3.8924,0,https://netflix.com
72,14,1,0,0,0,0,1,0,19,1,1,0.1389,0.0,0,0,4.1893,0,https://salesforce.com/pricing/enterprise?q=cybersecurity+best+practices
76,12,2,0,0,1,0,1,0,17,2,0,0.1711,0.0,0,0,4.3224,0,https://www.etsy.com/profile/settings?utm_source=newsletter&utm_medium=email
69,14,2,0,0,1,0,1,0,12,3,0,0.2029,0.029,0,0,4.3763,0,https://docs.adobe.com/docs/v2/api?category=all&page=2&sort=relevance
28,13,2,0,0,1,0,1,0,7,0,0,0.2143,0.0,0,0,3.8963,0,https://api.quora.com/search
58,16,2,1,0,1,0,1,0,34,0,2,0.1724,0.1034,0,0,4.4695,0,https://support.imdb.com/article/2026/03/technology-update
47,12,2,0,0,1,0,1,0,27,0,0,0.1702,0.0,0,0,4.0337,0,https://www.espn.com/products/electronics/deals
66,15,2,0,0,1,0,1,0,8,3,0,0.1818,0.0152,0,0,4.4421,0,https://blog.medium.com/explore?category=all&page=2&sort=relevance
43,21,2,0,0,1,0,1,0,14,0,1,0.1628,0.0,0,0,3.9057,0,https://support.microsoft.com/about/company
66,9,1,0,0,0,0,1,0,14,3,0,0.1818,0.0152,0,0,4.393,0,https://slack.com/feed/trending?category=all&page=2&sort=relevance
78,14,2,0,0,1,0,1,0,17,2,0,0.1667,0.0,0,0,4.3844,0,https://www.amazon.com/profile/settings?utm_source=newsletter&utm_medium=email
74,14,1,0,0,0,0,0,0,24,2,0,0.1622,0.1216,0,0,4.6974,0,http://healthline.com/user/dashboard/overview?session_id=983427492&lang=en
88,7,1,1,0,0,0,1,0,34,2,1,0.1705,0.0682,0,0,4.5467,0,https://cnn.com/article/2026/03/technology-update?utm_source=newsletter&utm_medium=email
44,12,2,0,0,1,0,1,0,24,0,0,0.1818,0.0,0,0,4.1701,0,https://blog.zoom.us/user/dashboard/overview
92,15,3,0,0,1,0,1,0,30,2,0,0.163,0.0,0,0,4.256,0,https://www.weather.com/download/latest/installer.exe?utm_source=newsletter&utm_medium=email
62,13,1,0,0,0,0,1,0,14,2,0,0.1613,0.0,0,0,4.3095,0,https://pinterest.com/about/company?view=compact&filter=active
22,13,2,0,0,1,0,1,0,1,0,0,0.2727,0.0,0,0,3.8797,0,https://blog.ebay.com/
61,8,1,0,0,0,0,1,0,14,1,1,0.1639,0.0,0,0,4.2751,0,https://espn.com/feed/trending?q=cybersecurity+best+practices
41,14,1,0,0,0,0,1,0,19,0,0,0.1463,0.0,0,0,3.9276,0,https://salesforce.com/pricing/enterprise
90,9,1,1,0,0,0,1,0,34,2,1,0.1667,0.0667,0,0,4.5579,0,https://twitch.tv/article/2026/03/technology-update?utm_source=newsletter&utm_medium=email
44,14,2,0,0,1,0,1,0,22,0,0,0.1591,0.0,0,0,3.8691,0,https://www.target.com/resources/whitepapers
59,7,1,0,0,0,0,1,0,20,2,0,0.1864,0.0,0,0,4.4376,0,https://nih.gov/category/news/world?ref=homepage&source=nav
17,9,1,0,0,0,0,1,0,0,0,0,0.2353,0.0,0,0,3.5725,0,https://apple.com
72,11,2,0,0,1,0,1,0,14,2,0,0.1806,0.0,0,0,4.4852,0,https://www.nih.gov/about/company?utm_source=newsletter&utm_medium=email
37,15,2,0,0,1,0,1,0,14,0,0,0.1892,0.0,0,0,3.9564,0,https://docs.target.com/feed/trending
41,9,1,0,0,0,0,1,0,0,2,0,0.1951,0.0,0,0,4.3243,0,https://twitch.tv?ref=homepage&source=nav
35,15,2,0,0,1,0,1,0,12,0,1,0.2,0.0,0,0,3.9113,0,https://docs.paypal.com/support/faq
76,14,2,0,0,1,0,1,0,27,2,0,0.1579,0.0,0,0,4.3276,0,https://www.medium.com/products/electronics/deals?view=compact&filter=active
74,22,2,0,0,1,0,1,0,6,2,1,0.1622,0.027,0,0,4.6235,0,https://support.salesforce.com/watch?v=dQw4w9WgXcQ?ref=homepage&source=nav
68,13,1,0,0,0,0,1,0,6,2,0,0.1618,0.0294,0,0,4.5794,0,https://instagram.com/watch?v=dQw4w9WgXcQ?view=compact&filter=active
37,15,2,0,0,1,0,1,0,14,0,0,0.1892,0.0,0,0,4.0104,0,https://docs.office.com/about/company
19,11,1,0,0,0,0,1,0,0,0,0,0.2105,0.0,0,0,3.6819,0,https://weather.com
62,10,1,0,0,0,0,1,0,20,2,0,0.1774,0.0,0,0,4.4945,0,https://github.com/category/news/world?ref=homepage&source=nav
55,9,1,0,0,0,0,0,0,0,2,0,0.1818,0.0,0,0,4.2605,0,http://quora.com?utm_source=newsletter&utm_medium=email
76,15,2,0,0,1,0,1,0,14,2,0,0.1711,0.0,0,0,4.3184,0,https://docs.office.com/feed/trending?utm_source=newsletter&utm_medium=email
40,13,1,0,0,0,0,1,0,19,0,0,0.15,0.0,0,0,3.8653,0,https://wikipedia.org/pricing/enterprise
47,17,3,0,0,1,0,1,0,22,0,1,0.1702,0.0,0,0,3.8899,0,https://support.bbc.co.uk/resources/whitepapers
27,18,2,0,0,1,0,1,0,1,0,0,0.2222,0.0,0,0,3.8842,0,https://api.salesforce.com/
70,14,1,0,0,0,0,1,0,17,1,1,0.1429,0.0,0,0,4.2865,0,https://healthline.com/profile/settings?q=cybersecurity+best+practices
84,18,2,1,0,1,0,1,0,34,2,2,0.1667,0.0714,0,0,4.5958,0,https://support.reddit.com/article/2026/03/technology-update?ref=homepage&source=nav
37,7,1,0,0,0,0,1,0,22,0,0,0.1622,0.0,0,0,3.8846,0,https://cnn.com/resources/whitepapers
69,22,2,0,0,1,0,1,0,12,2,0,0.1739,0.0145,0,0,4.4215,0,https://blog.stackoverflow.com/docs/v2/api?view=compact&filter=active
75,14,1,0,0,0,0,1,0,24,2,0,0.16,0.12,0,0,4.7554,0,https://cloudflare.com/user/dashboard/overview?session_id=983427492&lang=en
27,12,2,0,0,1,0,1,0,7,0,0,0.2222,0.0,0,0,3.8842,0,https://api.hulu.com/search
62,11,2,0,0,1,0,1,0,14,2,0,0.1935,0.1452,0,0,4.769,0,https://www.zoom.us/about/company?session_id=983427492&lang=en
82,8,1,0,0,0,0,1,0,27,2,0,0.1585,0.0,0,0,4.2168,0,https://hulu.com/products/electronics/deals?utm_source=newsletter&utm_medium=email
50,11,1,0,0,0,0,1,0,7,2,0,0.18,0.0,0,0,4.1991,0,https://harvard.edu/search?ref=homepage&source=nav
71,7,2,0,0,0,0,0,0,30,2,0,0.169,0.0,0,0,4.3419,0,http://nih.gov/download/latest/installer.exe?view=compact&filter=active
21,12,2,0,0,1,0,1,0,1,0,0,0.2857,0.0,0,0,3.749,0,https://www.ebay.com/
72,9,1,0,0,0,0,1,0,24,1,1,0.1528,0.0,0,0,4.2899,0,https://adobe.com/user/dashboard/overview?q=cybersecurity+best+practices
50,9,1,1,0,0,0,0,0,34,0,1,0.18,0.12,0,0,4.3513,0,http://adobe.com/article/2026/03/technology-update
65,20,2,0,0,1,0,1,0,8,2,1,0.1692,0.1385,0,0,4.6165,0,https://support.stanford.edu/explore?session_id=983427492&lang=en
74,19,2,0,0,1,0,1,0,20,2,0,0.1622,0.0,0,0,4.4693,0,https://blog.cloudflare.com/category/news/world?view=compact&filter=active
62,13,1,0,0,0,0,1,0,17,2,0,0.1613,0.0,0,0,4.3009,0,https://instagram.com/profile/settings?ref=homepage&source=nav
41,9,1,0,0,0,0,1,0,24,0,0,0.1707,0.0,0,0,3.9675,0,https://twitch.tv/user/dashboard/overview
70,15,2,0,0,1,0,1,0,20,2,0,0.1714,0.0,0,0,4.4291,0,https://api.netflix.com/category/news/world?view=compact&filter=active
87,18,2,0,0,1,0,1,0,22,2,0,0.1494,0.0,0,0,4.2354,0,https://api.salesforce.com/resources/whitepapers?utm_source=newsletter&utm_medium=email
28,19,2,0,0,1,0,1,0,1,0,1,0.2143,0.0,0,0,3.9677,0,https://support.netflix.com/
36,14,2,0,0,1,0,1,0,14,0,0,0.1944,0.0,0,0,3.9959,0,https://www.office.com/feed/trending
38,13,2,0,0,1,0,1,0,17,0,0,0.1842,0.0,0,0,3.9354,0,https://docs.espn.com/profile/settings
93,20,2,1,0,1,0,1,0,34,1,3,0.1505,0.0645,0,0,4.5886,0,https://support.facebook.com/article/2026/03/technology-update?q=cybersecurity+best+practices
60,11,1,0,0,0,0,1,0,12,2,0,0.2,0.1667,0,0,4.6046,0,https://nytimes.com/docs/v2/api?session_id=983427492&lang=en
75,8,1,0,0,0,0,1,0,6,2,0,0.1733,0.0267,0,0,4.6027,0,https://hulu.com/watch?v=dQw4w9WgXcQ?utm_source=newsletter&utm_medium=email
65,17,2,0,0,1,0,1,0,1,2,0,0.1846,0.0,0,0,4.2943,0,https://api.instagram.com/?utm_source=newsletter&utm_medium=email
63,13,1,0,0,0,0,1,0,7,3,0,0.1746,0.0159,0,0,4.2605,0,https://instagram.com/search?category=all&page=2&sort=relevance
51,14,1,0,0,0,0,1,0,0,2,0,0.1765,0.1765,0,0,4.6328,0,https://salesforce.com?session_id=983427492&lang=en
39,18,2,0,0,1,0,0,0,14,0,1,0.1795,0.0,0,0,3.9772,0,http://support.target.com/feed/trending
44,17,2,0,0,1,0,1,0,19,0,0,0.1591,0.0,0,0,3.908,0,https://www.wikipedia.org/pricing/enterprise
45,13,2,0,0,1,0,1,0,24,0,0,0.1778,0.0,0,0,4.1278,0,https://www.apple.com/user/dashboard/overview
66,11,1,0,0,0,0,1,0,20,2,0,0.1667,0.0,0,0,4.3754,0,https://nytimes.com/category/news/world?view=compact&filter=active
33,13,2,0,0,1,0,1,0,12,0,0,0.2424,0.0303,0,0,3.8738,0,https://api.slack.com/docs/v2/api
53,15,3,0,0,1,0,1,0,30,0,1,0.1698,0.0,0,0,4.0792,0,https://support.cnn.com/download/latest/installer.exe
54,10,1,0,0,0,0,1,0,7,2,0,0.1852,0.1667,0,0,4.6692,0,https://paypal.com/search?session_id=983427492&lang=en
39,9,1,1,0,0,0,1,0,22,0,0,0.1795,0.0,0,0,4.1823,0,https://adobe.com/blog/machine-learning
44,14,2,0,0,1,0,1,0,22,0,0,0.1591,0.0,0,0,3.9623,0,https://www.paypal.com/resources/whitepapers
81,10,1,0,0,0,0,1,0,24,2,0,0.1605,0.0,0,0,4.3327,0,https://target.com/user/dashboard/overview?utm_source=newsletter&utm_medium=email
78,9,1,1,0,0,0,1,0,22,2,0,0.1667,0.0,0,0,4.4419,0,https://yahoo.com/blog/machine-learning?utm_source=newsletter&utm_medium=email
26,11,2,0,0,1,0,1,0,7,0,0,0.2308,0.0,0,0,3.7962,0,https://api.mit.edu/search
82,13,2,1,0,1,0,1,0,22,2,0,0.1707,0.0,0,0,4.4398,0,https://blog.imdb.com/blog/machine-learning?utm_source=newsletter&utm_medium=email
47,20,2,0,0,1,0,1,0,19,0,1,0.1489,0.0,0,0,3.9807,0,https://support.linkedin.com/pricing/enterprise
41,14,2,0,0,1,0,1,0,19,0,0,0.1707,0.0,0,0,3.8061,0,https://api.target.com/pricing/enterprise
57,11,1,0,0,0,0,1,0,7,1,1,0.1579,0.0,0,0,4.3186,0,https://mozilla.org/search?q=cybersecurity+best+practices
64,10,1,0,0,0,0,1,0,7,2,0,0.1719,0.0,0,0,4.2223,0,https://target.com/search?utm_source=newsletter&utm_medium=email
44,16,2,0,0,1,0,1,0,6,1,0,0.1818,0.0455,0,0,4.51,0,https://www.linkedin.com/watch?v=dQw4w9WgXcQ
38,8,1,1,0,0,0,1,0,22,0,0,0.1842,0.0,0,0,4.1883,0,https://ebay.com/blog/machine-learning
39,14,3,0,0,1,0,1,0,17,0,0,0.2051,0.0,0,0,4.0798,0,https://blog.bbc.co.uk/profile/settings
38,16,2,0,0,1,0,1,0,14,0,0,0.1842,0.0,0,0,4.1357,0,https://blog.dropbox.com/feed/trending
24,16,2,0,0,1,0,1,0,0,0,1,0.2083,0.0,0,0,3.5739,0,https://support.hulu.com
27,7,1,0,0,0,0,1,0,12,0,1,0.2222,0.0,0,0,3.6801,0,https://zoom.us/support/faq
64,17,2,0,0,1,0,1,0,12,2,1,0.1719,0.0,0,0,4.3413,0,https://api.instagram.com/support/faq?view=compact&filter=active
64,9,1,0,0,0,0,1,0,20,2,0,0.1719,0.0,0,0,4.3553,0,https://apple.com/category/news/world?view=compact&filter=active
47,17,2,1,0,1,0,1,0,22,0,1,0.1702,0.0,0,0,4.2485,0,https://support.yahoo.com/blog/machine-learning
68,9,1,0,0,0,0,1,0,24,2,0,0.1618,0.0,0,0,4.3823,0,https://slack.com/user/dashboard/overview?view=compact&filter=active
66,10,1,0,0,0,0,1,0,19,2,0,0.1667,0.1364,0,0,4.5201,0,https://google.com/pricing/enterprise?session_id=983427492&lang=en
75,9,1,0,0,0,0,1,0,19,2,0,0.16,0.0,0,0,4.2358,0,https://apple.com/pricing/enterprise?utm_source=newsletter&utm_medium=email
47,17,2,1,0,1,0,1,0,22,0,0,0.1702,0.0,0,0,4.2667,0,https://www.microsoft.com/blog/machine-learning
74,15,2,0,0,1,0,1,0,12,2,0,0.1892,0.0135,0,0,4.4608,0,https://www.spotify.com/docs/v2/api?utm_source=newsletter&utm_medium=email
80,18,2,0,0,1,0,1,0,27,2,0,0.15,0.0,0,0,4.2328,0,https://docs.pinterest.com/products/electronics/deals?view=compact&filter=active
35,20,2,0,0,1,0,1,0,7,0,1,0.1714,0.0,0,0,3.9357,0,https://support.facebook.com/search
78,11,1,0,0,0,0,1,0,24,3,0,0.1667,0.0128,0,0,4.5079,0,https://netflix.com/user/dashboard/overview?category=all&page=2&sort=relevance
56,14,2,1,0,1,0,1,0,34,0,1,0.1786,0.1071,0,0,4.3545,0,https://api.paypal.com/article/2026/03/technology-update
73,14,2,0,0,1,0,0,0,17,3,0,0.1781,0.0137,0,0,4.3888,0,http://docs.slack.com/profile/settings?category=all&page=2&sort=relevance
45,13,2,0,0,1,0,1,0,24,0,0,0.1778,0.0,0,0,4.014,0,https://api.twitch.tv/user/dashboard/overview
41,13,3,0,0,1,0,1,0,20,0,0,0.2195,0.0,0,0,4.269,0,https://api.bbc.co.uk/category/news/world
95,19,3,0,0,1,0,0,0,30,2,0,0.1579,0.0,0,0,4.3159,0,http://blog.healthline.com/download/latest/installer.exe?utm_source=newsletter&utm_medium=email
67,8,1,1,0,0,0,1,0,22,2,0,0.1791,0.1343,0,0,4.7021,0,https://ebay.com/blog/machine-learning?session_id=983427492&lang=en
42,15,2,0,0,1,0,1,0,19,0,0,0.1667,0.0,0,0,4.0916,0,https://blog.paypal.com/pricing/enterprise
32,16,2,0,0,1,0,1,0,8,0,0,0.1875,0.0,0,0,4.0306,0,https://blog.walmart.com/explore
34,18,2,0,0,1,0,1,0,8,0,1,0.1765,0.0,0,0,3.9176,0,https://support.medium.com/explore
52,14,3,0,0,1,0,1,0,30,0,0,0.1731,0.0,0,0,4.1978,0,https://api.github.com/download/latest/installer.exe
68,11,1,0,0,0,0,1,0,14,3,0,0.1765,0.0147,0,0,4.3438,0,https://youtube.com/about/company?category=all&page=2&sort=relevance
76,13,2,0,0,1,0,1,0,6,3,0,0.1842,0.0395,0,0,4.5799,0,https://www.apple.com/watch?v=dQw4w9WgXcQ?category=all&page=2&sort=relevance
88,18,2,0,0,1,0,1,0,27,3,1,0.1591,0.0114,0,0,4.3828,0,https://support.github.com/products/electronics/deals?category=all&page=2&sort=relevance
75,17,2,0,0,1,0,1,0,19,1,2,0.1467,0.0,0,0,4.1764,0,https://support.apple.com/pricing/enterprise?q=cybersecurity+best+practices
48,10,2,0,0,0,0,1,0,30,0,0,0.1667,0.0,0,0,4.0362,0,https://amazon.com/download/latest/installer.exe
36,10,1,0,0,0,0,0,0,19,0,0,0.1667,0.0,0,0,3.7601,0,http://reddit.com/pricing/enterprise
38,16,2,0,0,1,0,1,0,14,0,0,0.1842,0.0,0,0,3.9881,0,https://api.facebook.com/about/company
42,15,2,0,0,1,0,1,0,19,0,0,0.1667,0.0,0,0,3.8778,0,https://api.weather.com/pricing/enterprise
35,15,2,0,0,1,0,1,0,12,0,0,0.2286,0.0286,0,0,4.0116,0,https://blog.paypal.com/docs/v2/api
68,11,1,0,0,0,0,1,0,22,2,0,0.1471,0.0,0,0,4.282,0,https://youtube.com/resources/whitepapers?view=compact&filter=active
47,18,2,1,0,1,0,0,0,22,0,1,0.1702,0.0,0,0,4.2298,0,http://support.amazon.com/blog/machine-learning
45,17,2,0,0,1,0,1,0,20,0,0,0.1778,0.0,0,0,4.0892,0,https://docs.stanford.edu/category/news/world
18,10,1,0,0,0,0,1,0,0,0,0,0.2222,0.0,0,0,3.5724,0,https://paypal.com
69,10,1,0,0,0,0,1,0,27,2,0,0.1594,0.0,0,0,4.2897,0,https://google.com/products/electronics/deals?ref=homepage&source=nav
23,7,1,0,0,0,0,1,0,8,0,0,0.2174,0.0,0,0,3.7623,0,https://zoom.us/explore
75,8,1,0,0,0,0,1,0,6,2,0,0.1733,0.0267,0,0,4.6477,0,https://imdb.com/watch?v=dQw4w9WgXcQ?utm_source=newsletter&utm_medium=email
53,11,1,1,0,0,0,1,0,34,0,1,0.1698,0.1132,0,0,4.4584,0,https://netflix.com/article/2026/03/technology-update
48,10,1,0,0,0,0,1,0,1,2,0,0.2083,0.1875,0,0,4.6211,0,https://amazon.com/?session_id=983427492&lang=en
36,9,1,0,0,0,0,1,0,19,0,0,0.1667,0.0,0,0,3.9676,0,https://slack.com/pricing/enterprise
43,16,2,0,0,1,0,0,0,20,0,0,0.186,0.0,0,0,4.0628,0,http://docs.walmart.com/category/news/world
48,10,2,0,0,0,0,1,0,30,0,0,0.1667,0.0,0,0,3.9809,0,https://reddit.com/download/latest/installer.exe
71,16,2,0,0,1,0,1,0,12,3,1,0.1831,0.0141,0,0,4.4186,0,https://blog.weather.com/support/faq?category=all&page=2&sort=relevance
74,13,2,0,0,1,0,1,0,22,1,1,0.1486,0.0,0,0,4.2131,0,https://www.adobe.com/resources/whitepapers?q=cybersecurity+best+practices
52,14,3,0,0,1,0,0,0,0,1,1,0.1923,0.0,0,0,4.1856,0,http://docs.bbc.co.uk?q=cybersecurity+best+practices
72,14,1,0,0,0,0,1,0,19,1,1,0.1389,0.0,0,0,4.3084,0,https://cloudflare.com/pricing/enterprise?q=cybersecurity+best+practices
45,10,1,0,0,0,0,1,0,27,0,0,0.1556,0.0,0,0,3.9668,0,https://target.com/products/electronics/deals
64,13,2,0,0,1,0,1,0,14,2,0,0.1875,0.1406,0,0,4.715,0,https://api.quora.com/feed/trending?session_id=983427492&lang=en
63,8,1,0,0,0,0,1,0,12,3,1,0.1905,0.0159,0,0,4.3956,0,https://ebay.com/support/faq?category=all&page=2&sort=relevance
56,14,2,1,0,1,0,1,0,34,0,1,0.1786,0.1071,0,0,4.4033,0,https://blog.apple.com/article/2026/03/technology-update
66,16,2,0,0,1,0,1,0,7,3,0,0.1818,0.0152,0,0,4.3942,0,https://www.stanford.edu/search?category=all&page=2&sort=relevance
64,15,2,0,0,1,0,1,0,14,2,0,0.1719,0.0,0,0,4.3464,0,https://api.netflix.com/feed/trending?view=compact&filter=active
61,13,2,0,0,1,0,1,0,1,2,0,0.1967,0.0,0,0,4.3948,0,https://blog.ebay.com/?utm_source=newsletter&utm_medium=email
19,10,1,0,0,0,0,1,0,1,0,0,0.2632,0.0,0,0,3.5766,0,https://office.com/
67,25,2,1,0,1,0,1,0,34,0,2,0.1493,0.0896,0,0,4.5185,0,https://support.stackoverflow.com/article/2026/03/technology-update
54,7,1,0,0,0,0,1,0,12,2,0,0.2037,0.0185,0,0,4.3503,0,https://nih.gov/docs/v2/api?view=compact&filter=active
66,10,1,0,0,0,0,1,0,19,2,0,0.1667,0.1364,0,0,4.5027,0,https://reddit.com/pricing/enterprise?session_id=983427492&lang=en
26,18,2,0,0,1,0,1,0,0,0,1,0.1923,0.0,0,0,3.7193,0,https://support.google.com
34,18,2,0,0,1,0,1,0,8,0,0,0.1765,0.0,0,0,4.0941,0,https://www.cloudflare.com/explore
49,14,2,0,0,1,0,1,0,27,0,0,0.1633,0.0,0,0,3.9343,0,https://docs.apple.com/products/electronics/deals
86,9,1,1,0,0,0,1,0,34,3,1,0.1744,0.0814,0,0,4.4734,0,https://apple.com/article/2026/03/technology-update?category=all&page=2&sort=relevance
58,11,1,0,0,0,0,1,0,8,1,1,0.1552,0.0,0,0,4.2744,0,https://dropbox.com/explore?q=cybersecurity+best+practices
53,7,1,0,0,0,0,1,0,7,1,1,0.1698,0.0,0,0,4.1979,0,https://zoom.us/search?q=cybersecurity+best+practices
22,13,2,0,0,1,0,1,0,1,0,0,0.2727,0.0,0,0,3.6978,0,https://api.slack.com/
53,15,3,0,0,1,0,1,0,30,0,0,0.1698,0.0,0,0,4.0543,0,https://docs.paypal.com/download/latest/installer.exe
89,15,2,0,0,1,0,1,0,27,2,0,0.1573,0.0,0,0,4.2217,0,https://api.twitter.com/products/electronics/deals?utm_source=newsletter&utm_medium=email
48,10,2,0,0,0,0,1,0,30,0,0,0.1667,0.0,0,0,4.0108,0,https://google.com/download/latest/installer.exe
37,12,2,0,0,1,0,1,0,17,0,0,0.1892,0.0,0,0,3.9387,0,https://blog.nih.gov/profile/settings
84,13,1,0,0,0,0,1,0,24,2,0,0.1548,0.0,0,0,4.3053,0,https://pinterest.com/user/dashboard/overview?utm_source=newsletter&utm_medium=email
72,18,2,0,0,1,0,1,0,7,2,1,0.1667,0.0,0,0,4.2179,0,https://support.medium.com/search?utm_source=newsletter&utm_medium=email
41,9,2,0,0,0,0,1,0,24,0,0,0.1951,0.0,0,0,4.1043,0,https://bbc.co.uk/user/dashboard/overview
78,17,2,1,0,1,0,1,0,22,1,1,0.1538,0.0,0,0,4.4885,0,https://blog.linkedin.com/blog/machine-learning?q=cybersecurity+best+practices
39,7,1,0,0,0,0,1,0,24,0,0,0.1795,0.0,0,0,3.9872,0,https://mit.edu/user/dashboard/overview
36,14,2,0,0,1,0,1,0,14,0,0,0.1944,0.0,0,0,4.107,0,https://api.paypal.com/feed/trending
72,7,1,1,0,0,0,1,0,22,3,0,0.1806,0.0139,0,0,4.3554,0,https://cnn.com/blog/machine-learning?category=all&page=2&sort=relevance
68,13,2,0,0,1,0,1,0,12,3,1,0.1912,0.0147,0,0,4.391,0,https://docs.etsy.com/support/faq?category=all&page=2&sort=relevance
59,15,2,0,0,1,0,1,0,12,2,1,0.1864,0.0,0,0,4.2532,0,https://support.cnn.com/support/faq?ref=homepage&source=nav
31,12,1,0,0,0,0,0,0,12,0,1,0.1935,0.0,0,0,4.1958,0,http://linkedin.com/support/faq
75,16,2,0,0,1,0,1,0,12,2,1,0.1733,0.0,0,0,4.3535,0,https://api.stanford.edu/support/faq?utm_source=newsletter&utm_medium=email
82,15,2,0,0,1,0,1,0,6,2,0,0.1707,0.0244,0,0,4.6478,0,https://blog.medium.com/watch?v=dQw4w9WgXcQ?utm_source=newsletter&utm_medium=email
68,15,2,0,0,1,0,1,0,14,1,1,0.1618,0.0,0,0,4.3007,0,https://docs.paypal.com/about/company?q=cybersecurity+best+practices
41,13,2,0,0,1,0,1,0,6,1,0,0.1951,0.0488,0,0,4.5034,0,https://blog.imdb.com/watch?v=dQw4w9WgXcQ
81,17,1,0,0,0,0,1,0,17,2,0,0.1481,0.0,0,0,4.3838,0,https://stackoverflow.com/profile/settings?utm_source=newsletter&utm_medium=email
55,9,1,0,0,0,0,1,0,14,2,0,0.1818,0.0,0,0,4.2716,0,https://yahoo.com/about/company?ref=homepage&source=nav
91,14,2,1,0,1,0,1,0,34,3,1,0.1758,0.0769,0,0,4.5023,0,https://docs.apple.com/article/2026/03/technology-update?category=all&page=2&sort=relevance
72,11,1,0,0,0,0,1,0,24,2,0,0.1667,0.125,0,0,4.5973,0,https://harvard.edu/user/dashboard/overview?session_id=983427492&lang=en
33,13,2,0,0,1,0,1,0,12,0,0,0.2424,0.0303,0,0,4.0408,0,https://www.quora.com/docs/v2/api
39,14,2,0,0,1,0,1,0,17,0,0,0.1795,0.0,0,0,3.9385,0,https://api.target.com/profile/settings
35,7,1,0,0,0,0,1,0,6,1,0,0.2,0.0571,0,0,4.4004,0,https://mit.edu/watch?v=dQw4w9WgXcQ
33,11,1,0,0,0,0,1,0,14,0,0,0.1818,0.0,0,0,4.0896,0,https://mozilla.org/feed/trending
58,15,2,0,0,1,0,1,0,0,3,1,0.1897,0.0172,0,0,4.3366,0,https://support.nih.gov?category=all&page=2&sort=relevance
44,14,2,0,0,1,0,1,0,22,0,0,0.1591,0.0,0,0,4.01,0,https://blog.twitch.tv/resources/whitepapers
47,18,2,1,0,1,0,0,0,22,0,0,0.1702,0.0,0,0,4.0861,0,http://www.healthline.com/blog/machine-learning
37,10,1,0,0,0,0,0,0,20,0,0,0.1892,0.0,0,0,4.0573,0,http://paypal.com/category/news/world
47,19,2,0,0,1,0,1,0,6,1,1,0.1702,0.0426,0,0,4.6901,0,https://support.netflix.com/watch?v=dQw4w9WgXcQ
64,17,2,0,0,1,0,1,0,8,1,2,0.1562,0.0,0,0,4.2639,0,https://support.adobe.com/explore?q=cybersecurity+best+practices
32,17,2,0,0,1,0,1,0,7,0,1,0.1875,0.0,0,0,3.796,0,https://support.quora.com/search
44,16,2,0,0,1,0,1,0,6,1,0,0.1818,0.0455,0,0,4.6069,0,https://docs.netflix.com/watch?v=dQw4w9WgXcQ
67,21,2,0,0,1,0,1,0,14,2,1,0.1642,0.0,0,0,4.3291,0,https://support.instagram.com/feed/trending?ref=homepage&source=nav
81,15,2,0,0,1,0,1,0,27,1,1,0.1481,0.0,0,0,4.3146,0,https://blog.paypal.com/products/electronics/deals?q=cybersecurity+best+practices
92,19,2,1,0,1,0,1,0,34,1,2,0.1522,0.0652,0,0,4.5487,0,https://docs.healthline.com/article/2026/03/technology-update?q=cybersecurity+best+practices
43,16,2,0,0,1,0,1,0,19,0,0,0.1628,0.0,0,0,4.0362,0,https://www.stanford.edu/pricing/enterprise
71,9,1,0,0,0,0,1,0,19,3,0,0.169,0.0141,0,0,4.2443,0,https://twitch.tv/pricing/enterprise?category=all&page=2&sort=relevance
58,14,2,0,0,1,0,1,0,1,3,0,0.2069,0.0172,0,0,4.2694,0,https://docs.apple.com/?category=all&page=2&sort=relevance
49,14,2,0,0,1,0,1,0,27,0,0,0.1633,0.0,0,0,4.0334,0,https://www.reddit.com/products/electronics/deals
71,10,1,0,0,0,0,1,0,24,2,0,0.169,0.1268,0,0,4.7005,0,https://target.com/user/dashboard/overview?session_id=983427492&lang=en
75,18,2,0,0,1,0,1,0,22,2,0,0.1467,0.0,0,0,4.3041,0,https://docs.wikipedia.org/resources/whitepapers?view=compact&filter=active
49,14,3,0,0,1,0,1,0,27,0,0,0.1837,0.0,0,0,4.0026,0,https://docs.bbc.co.uk/products/electronics/deals
78,12,1,0,0,0,0,1,0,27,1,1,0.141,0.0,0,0,4.2866,0,https://linkedin.com/products/electronics/deals?q=cybersecurity+best+practices
48,13,2,0,0,1,0,1,0,0,2,0,0.1875,0.0,0,0,4.2283,0,https://api.yahoo.com?view=compact&filter=active
73,14,3,0,0,1,0,1,0,24,2,0,0.1781,0.0,0,0,4.4712,0,https://blog.bbc.co.uk/user/dashboard/overview?view=compact&filter=active
74,7,1,0,0,0,0,1,0,6,2,0,0.1757,0.027,0,0,4.6513,0,https://zoom.us/watch?v=dQw4w9WgXcQ?utm_source=newsletter&utm_medium=email
48,8,1,0,0,0,0,1,0,1,1,1,0.1875,0.0,0,0,4.1298,0,https://ebay.com/?q=cybersecurity+best+practices
61,19,2,1,0,1,0,1,0,34,0,1,0.1639,0.0984,0,0,4.3671,0,https://docs.healthline.com/article/2026/03/technology-update
84,11,2,0,0,0,0,1,0,30,3,0,0.1667,0.0119,0,0,4.2953,0,https://walmart.com/download/latest/installer.exe?category=all&page=2&sort=relevance
49,18,2,0,0,1,0,0,0,24,0,1,0.1633,0.0,0,0,4.1017,0,http://support.medium.com/user/dashboard/overview
59,21,3,0,0,1,0,1,0,30,0,1,0.1525,0.0,0,0,4.0225,0,https://support.pinterest.com/download/latest/installer.exe
36,21,2,0,0,1,0,1,0,7,0,1,0.1667,0.0,0,0,3.9194,0,https://support.instagram.com/search
77,8,2,0,0,0,0,1,0,30,1,1,0.1558,0.0,0,0,4.3162,0,https://etsy.com/download/latest/installer.exe?q=cybersecurity+best+practices
47,19,2,0,0,1,0,1,0,6,1,0,0.1702,0.0426,0,0,4.6232,0,https://blog.cloudflare.com/watch?v=dQw4w9WgXcQ
40,12,1,0,0,0,0,1,0,6,1,0,0.175,0.05,0,0,4.5964,0,https://linkedin.com/watch?v=dQw4w9WgXcQ
51,13,3,0,0,1,0,1,0,30,0,0,0.1765,0.0,0,0,3.9886,0,https://api.twitch.tv/download/latest/installer.exe
43,15,2,0,0,1,0,1,0,20,0,0,0.186,0.0,0,0,4.2023,0,https://api.mozilla.org/category/news/world
56,14,2,1,0,1,0,1,0,34,0,1,0.1786,0.1071,0,0,4.3828,0,https://docs.twitch.tv/article/2026/03/technology-update
73,12,2,0,0,1,0,1,0,24,2,0,0.1781,0.1233,0,0,4.7583,0,https://api.ebay.com/user/dashboard/overview?session_id=983427492&lang=en
75,11,1,0,0,0,0,1,0,27,2,0,0.16,0.12,0,0,4.6368,0,https://dropbox.com/products/electronics/deals?session_id=983427492&lang=en
61,16,2,0,0,1,0,1,0,8,2,0,0.1803,0.1475,0,0,4.7013,0,https://www.stanford.edu/explore?session_id=983427492&lang=en
53,12,2,1,0,1,0,0,0,34,0,1,0.1887,0.1132,0,0,4.48,0,http://www.imdb.com/article/2026/03/technology-update
58,15,2,0,0,1,0,1,0,0,3,0,0.1897,0.0172,0,0,4.3858,0,https://blog.reddit.com?category=all&page=2&sort=relevance
65,11,2,1,0,1,0,1,0,22,2,0,0.1846,0.0,0,0,4.4045,0,https://api.cnn.com/blog/machine-learning?ref=homepage&source=nav
28,13,2,0,0,1,0,1,0,7,0,0,0.2143,0.0,0,0,4.0661,0,https://blog.imdb.com/search
35,11,1,0,0,0,0,0,0,17,0,0,0.1714,0.0,0,0,4.0791,0,http://dropbox.com/profile/settings
52,11,1,1,0,0,0,0,0,34,0,1,0.1731,0.1154,0,0,4.3826,0,http://nytimes.com/article/2026/03/technology-update
83,18,2,0,0,1,0,1,0,22,3,0,0.1566,0.012,0,0,4.2762,0,https://api.salesforce.com/resources/whitepapers?category=all&page=2&sort=relevance
41,14,2,0,0,1,0,1,0,19,0,0,0.1707,0.0,0,0,3.8549,0,https://api.reddit.com/pricing/enterprise
57,9,1,0,0,0,0,1,0,1,2,0,0.193,0.0,0,0,4.2726,0,https://adobe.com/?utm_source=newsletter&utm_medium=email
45,15,2,0,0,1,0,1,0,22,0,0,0.1556,0.0,0,0,4.0637,0,https://www.mozilla.org/resources/whitepapers
61,15,2,0,0,1,0,1,0,14,2,0,0.1803,0.0,0,0,4.4594,0,https://blog.medium.com/about/company?ref=homepage&source=nav
31,15,2,0,0,1,0,1,0,8,0,0,0.1935,0.0,0,0,4.0911,0,https://blog.amazon.com/explore
77,8,1,1,0,0,0,1,0,34,2,1,0.1688,0.0779,0,0,4.6252,0,https://imdb.com/article/2026/03/technology-update?view=compact&filter=active
60,12,2,0,0,1,0,0,0,17,2,0,0.1833,0.0,0,0,4.5062,0,http://www.imdb.com/profile/settings?ref=homepage&source=nav
51,19,2,0,0,1,0,1,0,24,0,1,0.1569,0.0,0,0,3.9146,0,https://support.harvard.edu/user/dashboard/overview
38,8,1,0,0,0,0,1,0,22,0,0,0.1579,0.0,0,0,3.9778,0,https://imdb.com/resources/whitepapers
91,20,2,0,0,1,0,1,0,24,2,1,0.1538,0.0,0,0,4.4288,0,https://support.facebook.com/user/dashboard/overview?utm_source=newsletter&utm_medium=email
34,7,1,0,0,0,0,0,0,6,1,0,0.2059,0.0588,0,0,4.2561,0,http://cnn.com/watch?v=dQw4w9WgXcQ
46,18,2,0,0,1,0,1,0,20,0,0,0.1739,0.0,0,0,4.1891,0,https://blog.microsoft.com/category/news/world
62,9,1,0,0,0,0,1,0,14,1,1,0.1613,0.0,0,0,4.3891,0,https://slack.com/feed/trending?q=cybersecurity+best+practices
76,13,2,0,0,1,0,1,0,20,3,0,0.1842,0.0132,0,0,4.3568,0,https://blog.ebay.com/category/news/world?category=all&page=2&sort=relevance
69,8,1,0,0,0,0,1,0,14,2,0,0.1739,0.0,0,0,4.31,0,https://imdb.com/feed/trending?utm_source=newsletter&utm_medium=email
76,17,2,0,0,1,0,1,0,27,2,0,0.1579,0.0,0,0,4.4055,0,https://api.wikipedia.org/products/electronics/deals?ref=homepage&source=nav
70,10,1,0,0,0,0,1,0,17,3,0,0.1714,0.0143,0,0,4.2509,0,https://target.com/profile/settings?category=all&page=2&sort=relevance
51,21,2,0,0,1,0,1,0,22,0,0,0.1373,0.0,0,0,4.0579,0,https://www.stackoverflow.com/resources/whitepapers
54,12,1,1,0,0,0,1,0,34,0,1,0.1667,0.1111,0,0,4.442,0,https://linkedin.com/article/2026/03/technology-update
70,11,2,0,0,1,0,1,0,22,2,0,0.1714,0.1286,0,0,4.5982,0,https://api.mit.edu/resources/whitepapers?session_id=983427492&lang=en
51,7,1,0,0,0,0,1,0,12,2,0,0.2157,0.0196,0,0,4.3904,0,https://nih.gov/docs/v2/api?ref=homepage&source=nav
62,12,2,0,0,1,0,1,0,7,3,0,0.1935,0.0161,0,0,4.476,0,https://www.imdb.com/search?category=all&page=2&sort=relevance
41,17,1,0,0,0,0,0,0,17,0,0,0.1463,0.0,0,0,4.1595,0,http://stackoverflow.com/profile/settings
32,12,1,0,0,0,0,1,0,12,0,0,0.2188,0.0312,0,0,3.9886,0,https://facebook.com/docs/v2/api
81,14,2,0,0,1,0,1,0,6,2,0,0.1728,0.0247,0,0,4.6596,0,https://www.paypal.com/watch?v=dQw4w9WgXcQ?utm_source=newsletter&utm_medium=email
18,10,1,0,0,0,0,1,0,0,0,0,0.2222,0.0,0,0,3.6835,0,https://github.com
29,14,3,0,0,1,0,1,0,7,0,0,0.2414,0.0,0,0,3.8144,0,https://docs.bbc.co.uk/search
22,14,2,0,0,1,0,1,0,0,0,0,0.2273,0.0,0,0,3.659,0,https://blog.twitch.tv
35,15,2,0,0,1,0,1,0,12,0,1,0.2,0.0,0,0,4.0931,0,https://blog.office.com/support/faq
80,21,2,0,0,1,0,1,0,24,2,1,0.15,0.0,0,0,4.4047,0,https://support.instagram.com/user/dashboard/overview?view=compact&filter=active
63,11,1,0,0,0,0,1,0,17,2,0,0.1587,0.0,0,0,4.2744,0,https://nytimes.com/profile/settings?view=compact&filter=active
59,17,2,0,0,1,0,1,0,7,2,0,0.1695,0.0,0,0,4.3681,0,https://docs.linkedin.com/search?view=compact&filter=active
68,11,1,0,0,0,0,1,0,6,2,0,0.1765,0.1618,0,0,4.9581,0,https://youtube.com/watch?v=dQw4w9WgXcQ?session_id=983427492&lang=en
44,17,1,0,0,0,0,1,0,19,0,0,0.1364,0.0,0,0,4.1464,0,https://stackoverflow.com/pricing/enterprise
46,14,2,0,0,1,0,1,0,24,0,0,0.1739,0.0,0,0,4.2654,0,https://blog.slack.com/user/dashboard/overview
37,15,2,0,0,1,0,1,0,14,0,0,0.1892,0.0,0,0,4.0876,0,https://docs.github.com/feed/trending
48,18,2,1,0,1,0,1,0,22,0,0,0.1667,0.0,0,0,4.0692,0,https://api.healthline.com/blog/machine-learning
35,15,2,0,0,1,0,1,0,12,0,1,0.2,0.0,0,0,3.8402,0,https://api.spotify.com/support/faq
76,21,2,0,0,1,0,1,0,12,3,0,0.1842,0.0263,0,0,4.4452,0,https://api.stackoverflow.com/docs/v2/api?category=all&page=2&sort=relevance
39,11,1,0,0,0,0,1,0,6,1,0,0.1795,0.0513,0,0,4.3362,0,https://twitter.com/watch?v=dQw4w9WgXcQ
74,15,2,0,0,1,0,1,0,22,2,0,0.1622,0.1216,0,0,4.6872,0,https://api.dropbox.com/resources/whitepapers?session_id=983427492&lang=en
64,7,1,1,0,0,0,1,0,22,2,0,0.1719,0.0,0,0,4.4563,0,https://mit.edu/blog/machine-learning?view=compact&filter=active
91,25,2,1,0,1,0,1,0,34,2,2,0.1538,0.0659,0,0,4.6412,0,https://support.stackoverflow.com/article/2026/03/technology-update?ref=homepage&source=nav
42,14,2,0,0,1,0,1,0,6,1,0,0.1905,0.0476,0,0,4.3501,0,https://www.reddit.com/watch?v=dQw4w9WgXcQ
91,18,2,1,0,1,0,1,0,34,1,2,0.1538,0.0659,0,0,4.6074,0,https://www.salesforce.com/article/2026/03/technology-update?q=cybersecurity+best+practices
34,14,2,0,0,1,0,1,0,12,0,0,0.2353,0.0294,0,0,3.9369,0,https://www.paypal.com/docs/v2/api
65,11,1,0,0,0,0,1,0,17,2,0,0.1692,0.1385,0,0,4.6165,0,https://harvard.edu/profile/settings?session_id=983427492&lang=en
54,19,2,0,0,1,0,1,0,0,2,1,0.1667,0.0,0,0,4.1616,0,https://support.twitter.com?view=compact&filter=active
73,17,1,1,0,0,0,0,0,22,2,0,0.1507,0.0,0,0,4.4312,0,http://stackoverflow.com/blog/machine-learning?view=compact&filter=active
69,18,2,0,0,1,0,0,0,20,2,0,0.1739,0.0,0,0,4.3896,0,http://docs.pinterest.com/category/news/world?ref=homepage&source=nav
39,11,1,0,0,0,0,1,0,6,1,0,0.1795,0.0513,0,0,4.5607,0,https://mozilla.org/watch?v=dQw4w9WgXcQ
41,11,1,1,0,0,0,1,0,22,0,0,0.1707,0.0,0,0,4.2595,0,https://spotify.com/blog/machine-learning
44,16,2,0,0,1,0,1,0,6,1,0,0.1818,0.0455,0,0,4.5726,0,https://blog.spotify.com/watch?v=dQw4w9WgXcQ
42,15,2,0,0,1,0,1,0,19,0,0,0.1667,0.0,0,0,3.9871,0,https://www.spotify.com/pricing/enterprise
22,7,1,0,0,0,0,1,0,7,0,0,0.2273,0.0,0,0,3.7544,0,https://zoom.us/search
43,15,2,0,0,1,0,1,0,6,1,0,0.186,0.0465,0,0,4.5829,0,https://api.youtube.com/watch?v=dQw4w9WgXcQ
41,11,2,0,0,1,0,1,0,22,0,0,0.1707,0.0,0,0,3.8668,0,https://www.mit.edu/resources/whitepapers
30,21,2,0,0,1,0,1,0,1,0,0,0.2,0.0,0,0,3.9647,0,https://www.stackoverflow.com/
35,7,1,0,0,0,0,1,0,20,0,0,0.2,0.0,0,0,4.1474,0,https://mit.edu/category/news/world
74,8,1,0,0,0,0,1,0,27,1,1,0.1486,0.0,0,0,4.2223,0,https://ebay.com/products/electronics/deals?q=cybersecurity+best+practices
76,13,1,0,0,0,0,1,0,24,1,1,0.1447,0.0,0,0,4.3176,0,https://microsoft.com/user/dashboard/overview?q=cybersecurity+best+practices
24,9,1,0,0,0,0,1,0,7,0,0,0.2083,0.0,0,0,3.6573,0,https://yahoo.com/search
76,9,1,0,0,0,0,1,0,24,3,0,0.1711,0.0132,0,0,4.4395,0,https://quora.com/user/dashboard/overview?category=all&page=2&sort=relevance
26,18,2,0,0,1,0,1,0,0,0,1,0.1923,0.0,0,0,3.7672,0,https://support.medium.com
78,13,2,1,0,1,0,1,0,22,3,0,0.1795,0.0128,0,0,4.4302,0,https://docs.etsy.com/blog/machine-learning?category=all&page=2&sort=relevance
81,19,3,0,0,1,0,1,0,30,2,1,0.1605,0.0,0,0,4.4244,0,https://support.spotify.com/download/latest/installer.exe?ref=homepage&source=nav
60,15,2,0,0,1,0,1,0,8,2,1,0.1833,0.15,0,0,4.6505,0,https://support.zoom.us/explore?session_id=983427492&lang=en
72,17,1,0,0,0,0,1,0,12,3,0,0.1806,0.0278,0,0,4.4252,0,https://stackoverflow.com/docs/v2/api?category=all&page=2&sort=relevance
41,13,1,0,0,0,0,1,0,6,1,0,0.1707,0.0488,0,0,4.4546,0,https://instagram.com/watch?v=dQw4w9WgXcQ
65,13,1,0,0,0,0,1,0,17,2,0,0.1538,0.0,0,0,4.2169,0,https://microsoft.com/profile/settings?view=compact&filter=active
37,21,2,0,0,1,0,1,0,8,0,0,0.1622,0.0,0,0,4.1549,0,https://api.stackoverflow.com/explore
83,14,1,0,0,0,0,1,0,22,2,0,0.1446,0.0,0,0,4.2544,0,https://cloudflare.com/resources/whitepapers?utm_source=newsletter&utm_medium=email
66,11,2,0,0,1,0,1,0,8,2,0,0.1818,0.0,0,0,4.3199,0,https://api.cnn.com/explore?utm_source=newsletter&utm_medium=email
36,9,1,0,0,0,0,0,0,6,1,0,0.1944,0.0556,0,0,4.3848,0,http://slack.com/watch?v=dQw4w9WgXcQ
35,15,2,0,0,1,0,1,0,12,0,1,0.2,0.0,0,0,3.8861,0,https://api.twitter.com/support/faq
19,10,1,0,0,0,0,1,0,1,0,0,0.2632,0.0,0,0,3.6421,0,https://github.com/
71,15,2,0,0,1,0,1,0,24,2,0,0.169,0.0,0,0,4.4391,0,https://www.nytimes.com/user/dashboard/overview?ref=homepage&source=nav
80,13,2,0,0,1,0,1,0,6,2,0,0.175,0.025,0,0,4.6914,0,https://api.yahoo.com/watch?v=dQw4w9WgXcQ?utm_source=newsletter&utm_medium=email
82,9,2,0,0,0,0,1,0,30,3,0,0.1707,0.0122,0,0,4.2801,0,https://apple.com/download/latest/installer.exe?category=all&page=2&sort=relevance
57,15,2,1,0,1,0,1,0,34,0,1,0.1754,0.1053,0,0,4.5104,0,https://www.mozilla.org/article/2026/03/technology-update
85,16,3,0,0,1,0,1,0,30,1,1,0.1529,0.0,0,0,4.4265,0,https://api.facebook.com/download/latest/installer.exe?q=cybersecurity+best+practices
47,19,2,0,0,1,0,1,0,6,1,0,0.1702,0.0426,0,0,4.5012,0,https://docs.healthline.com/watch?v=dQw4w9WgXcQ
48,9,1,0,0,0,0,1,0,0,1,1,0.1667,0.0,0,0,4.0616,0,https://twitch.tv?q=cybersecurity+best+practices
90,17,2,1,0,1,0,1,0,34,1,2,0.1556,0.0667,0,0,4.568,0,https://www.pinterest.com/article/2026/03/technology-update?q=cybersecurity+best+practices
61,19,2,1,0,1,0,1,0,34,0,2,0.1639,0.0984,0,0,4.4196,0,https://support.walmart.com/article/2026/03/technology-update
34,12,1,0,0,0,0,1,0,14,0,0,0.1765,0.0,0,0,3.83,0,https://stanford.edu/feed/trending
78,21,2,0,0,1,0,0,0,19,1,2,0.141,0.0,0,0,4.185,0,http://support.microsoft.com/pricing/enterprise?q=cybersecurity+best+practices
44,19,2,0,0,1,0,1,0,17,0,1,0.1591,0.0,0,0,4.0726,0,https://support.walmart.com/profile/settings
47,17,2,0,0,1,0,1,0,22,0,0,0.1489,0.0,0,0,4.1131,0,https://docs.linkedin.com/resources/whitepapers
81,12,1,0,0,0,0,1,0,22,2,0,0.1481,0.0,0,0,4.2397,0,https://stanford.edu/resources/whitepapers?utm_source=newsletter&utm_medium=email
38,16,2,0,0,1,0,1,0,14,0,0,0.1842,0.0,0,0,4.2281,0,https://blog.walmart.com/feed/trending
70,16,2,0,0,1,0,1,0,19,2,0,0.1571,0.0,0,0,4.3189,0,https://docs.netflix.com/pricing/enterprise?view=compact&filter=active
73,14,1,0,0,0,0,1,0,20,1,1,0.1507,0.0,0,0,4.4117,0,https://cloudflare.com/category/news/world?q=cybersecurity+best+practices
47,17,2,0,0,1,0,1,0,22,0,1,0.1489,0.0,0,0,3.9199,0,https://support.adobe.com/resources/whitepapers
22,14,2,0,0,1,0,1,0,0,0,0,0.2273,0.0,0,0,3.7888,0,https://api.medium.com
70,16,2,0,0,1,0,1,0,22,2,0,0.1571,0.0,0,0,4.3755,0,https://docs.netflix.com/resources/whitepapers?ref=homepage&source=nav
40,19,2,0,0,1,0,0,0,14,0,0,0.175,0.0,0,0,4.1153,0,http://docs.cloudflare.com/feed/trending
38,16,2,0,0,1,0,1,0,14,0,1,0.1842,0.0,0,0,3.945,0,https://support.espn.com/feed/trending
54,16,3,0,0,1,0,1,0,30,0,0,0.1667,0.0,0,0,4.0929,0,https://blog.weather.com/download/latest/installer.exe
41,21,2,0,0,1,0,1,0,12,0,1,0.1707,0.0,0,0,4.15,0,https://api.stackoverflow.com/support/faq
25,9,2,0,0,0,0,1,0,8,0,0,0.24,0.0,0,0,3.8937,0,https://bbc.co.uk/explore
24,15,2,0,0,1,0,1,0,1,0,0,0.25,0.0,0,0,3.6054,0,https://www.walmart.com/
37,15,2,0,0,1,0,1,0,14,0,0,0.1892,0.0,0,0,4.1416,0,https://api.walmart.com/feed/trending
57,15,2,1,0,1,0,1,0,34,0,1,0.1754,0.1053,0,0,4.4552,0,https://docs.github.com/article/2026/03/technology-update
22,14,1,0,0,0,0,0,0,1,0,0,0.2273,0.0,0,0,3.8797,0,http://cloudflare.com/
57,19,3,0,0,1,0,1,0,30,0,1,0.1579,0.0,0,0,4.1198,0,https://support.dropbox.com/download/latest/installer.exe
43,8,1,0,0,0,0,1,0,27,0,0,0.1628,0.0,0,0,3.9209,0,https://espn.com/products/electronics/deals
54,11,1,0,0,0,0,1,0,8,2,0,0.1667,0.0,0,0,4.3272,0,https://dropbox.com/explore?view=compact&filter=active
44,22,2,0,0,1,0,1,0,14,0,1,0.1591,0.0,0,0,4.0987,0,https://support.cloudflare.com/about/company
68,21,2,0,0,1,0,1,0,0,2,1,0.1618,0.0,0,0,4.1644,0,https://support.pinterest.com?utm_source=newsletter&utm_medium=email
73,13,1,0,0,0,0,1,0,17,3,0,0.1644,0.0137,0,0,4.3124,0,https://microsoft.com/profile/settings?category=all&page=2&sort=relevance
39,12,2,0,0,1,0,0,0,6,1,0,0.2051,0.0513,0,0,4.5413,0,http://blog.zoom.us/watch?v=dQw4w9WgXcQ
31,15,2,0,0,1,0,1,0,8,0,0,0.1935,0.0,0,0,4.0181,0,https://www.netflix.com/explore
33,13,2,0,0,1,0,1,0,12,0,0,0.2424,0.0303,0,0,3.8361,0,https://docs.espn.com/docs/v2/api
40,13,1,0,0,0,0,0,0,6,1,0,0.175,0.05,0,0,4.4464,0,http://instagram.com/watch?v=dQw4w9WgXcQ
32,11,1,0,0,0,0,0,0,14,0,0,0.1875,0.0,0,0,3.8903,0,http://nytimes.com/about/company
77,11,1,1,0,0,0,1,0,34,2,1,0.1688,0.0779,0,0,4.6246,0,https://spotify.com/article/2026/03/technology-update?ref=homepage&source=nav
50,8,1,1,0,0,0,1,0,34,0,1,0.18,0.12,0,0,4.3762,0,https://espn.com/article/2026/03/technology-update
100,19,2,1,0,1,0,1,0,34,2,2,0.16,0.06,0,0,4.5394,0,https://support.walmart.com/article/2026/03/technology-update?utm_source=newsletter&utm_medium=email
31,11,1,0,0,0,0,1,0,12,0,1,0.1935,0.0,0,0,3.8245,0,https://harvard.edu/support/faq
34,14,2,0,0,1,0,1,0,12,0,1,0.2059,0.0,0,0,3.9698,0,https://api.github.com/support/faq
73,14,1,0,0,0,0,1,0,12,2,1,0.1644,0.0,0,0,4.3462,0,https://cloudflare.com/support/faq?utm_source=newsletter&utm_medium=email
47,12,2,0,0,1,0,1,0,27,0,0,0.1702,0.0,0,0,4.0762,0,https://blog.cnn.com/products/electronics/deals
72,11,1,0,0,0,0,1,0,14,2,0,0.1667,0.0,0,0,4.4158,0,https://mozilla.org/about/company?utm_source=newsletter&utm_medium=email
61,13,2,0,0,1,0,1,0,1,2,0,0.1967,0.0,0,0,4.2497,0,https://docs.espn.com/?utm_source=newsletter&utm_medium=email
32,17,2,0,0,1,0,1,0,7,0,0,0.1875,0.0,0,0,3.8667,0,https://api.instagram.com/search
68,11,1,0,0,0,0,1,0,14,3,0,0.1765,0.0147,0,0,4.3376,0,https://walmart.com/about/company?category=all&page=2&sort=relevance
41,13,1,0,0,0,0,1,0,20,0,0,0.1707,0.0,0,0,4.0531,0,https://pinterest.com/category/news/world
76,16,2,0,0,1,0,1,0,17,3,0,0.1711,0.0132,0,0,4.4104,0,https://blog.harvard.edu/profile/settings?category=all&page=2&sort=relevance
78,15,2,0,0,1,0,1,0,6,3,0,0.1795,0.0385,0,0,4.689,0,https://docs.office.com/watch?v=dQw4w9WgXcQ?category=all&page=2&sort=relevance
80,14,2,0,0,1,0,1,0,27,1,1,0.15,0.0,0,0,4.3914,0,https://www.amazon.com/products/electronics/deals?q=cybersecurity+best+practices
81,8,2,0,0,0,0,1,0,30,3,0,0.1728,0.0123,0,0,4.2952,0,https://etsy.com/download/latest/installer.exe?category=all&page=2&sort=relevance
15,8,1,0,0,0,0,0,0,0,0,0,0.2667,0.0,0,0,3.6402,0,http://ebay.com
94,13,2,1,0,1,0,1,0,34,2,1,0.1702,0.0638,0,0,4.5574,0,https://docs.espn.com/article/2026/03/technology-update?utm_source=newsletter&utm_medium=email
70,15,2,0,0,1,0,1,0,8,2,0,0.1714,0.0,0,0,4.3487,0,https://www.harvard.edu/explore?utm_source=newsletter&utm_medium=email
75,12,2,0,0,1,0,1,0,6,3,0,0.1867,0.04,0,0,4.7402,0,https://blog.mit.edu/watch?v=dQw4w9WgXcQ?category=all&page=2&sort=relevance
83,18,2,1,0,1,0,1,0,22,3,0,0.1687,0.012,0,0,4.3688,0,https://blog.pinterest.com/blog/machine-learning?category=all&page=2&sort=relevance
74,15,2,0,0,1,0,1,0,12,2,1,0.1757,0.0,0,0,4.4018,0,https://docs.paypal.com/support/faq?utm_source=newsletter&utm_medium=email
64,9,1,0,0,0,0,1,0,20,2,0,0.1719,0.0,0,0,4.446,0,https://quora.com/category/news/world?view=compact&filter=active
78,13,1,1,0,0,0,1,0,22,3,0,0.1667,0.0128,0,0,4.3531,0,https://instagram.com/blog/machine-learning?category=all&page=2&sort=relevance
55,16,2,0,0,1,0,1,0,7,2,1,0.1818,0.0,0,0,4.1722,0,https://support.espn.com/search?ref=homepage&source=nav
31,16,2,0,0,1,0,1,0,7,0,0,0.1935,0.0,0,0,3.797,0,https://docs.twitter.com/search
60,13,2,0,0,1,0,1,0,12,2,1,0.1833,0.0,0,0,4.4773,0,https://blog.imdb.com/support/faq?view=compact&filter=active
83,16,2,0,0,1,0,1,0,20,2,0,0.1687,0.0,0,0,4.4494,0,https://www.facebook.com/category/news/world?utm_source=newsletter&utm_medium=email
29,21,2,0,0,1,0,1,0,0,0,1,0.1724,0.0,0,0,3.8404,0,https://support.instagram.com
63,9,1,0,0,0,0,1,0,7,2,0,0.1746,0.0,0,0,4.2382,0,https://twitch.tv/search?utm_source=newsletter&utm_medium=email
57,8,1,0,0,0,0,1,0,17,2,0,0.1754,0.0,0,0,4.3499,0,https://hulu.com/profile/settings?ref=homepage&source=nav
78,15,2,0,0,1,0,1,0,6,3,0,0.1795,0.0385,0,0,4.7384,0,https://api.youtube.com/watch?v=dQw4w9WgXcQ?category=all&page=2&sort=relevance
64,9,1,0,0,0,0,1,0,12,3,0,0.2031,0.0312,0,0,4.3046,0,https://apple.com/docs/v2/api?category=all&page=2&sort=relevance
58,15,2,0,0,1,0,1,0,0,3,0,0.1897,0.0172,0,0,4.3648,0,https://api.spotify.com?category=all&page=2&sort=relevance
38,18,2,0,0,1,0,1,0,12,0,1,0.1842,0.0,0,0,3.8802,0,https://support.google.com/support/faq
54,11,1,0,0,0,0,1,0,8,2,0,0.1667,0.0,0,0,4.3607,0,https://youtube.com/explore?view=compact&filter=active
42,10,1,0,0,0,0,1,0,24,0,0,0.1667,0.0,0,0,4.1369,0,https://google.com/user/dashboard/overview
42,9,1,0,0,0,0,1,0,1,2,0,0.2143,0.0,0,0,4.318,0,https://twitch.tv/?ref=homepage&source=nav
34,12,2,0,0,1,0,1,0,14,0,0,0.2059,0.0,0,0,4.1241,0,https://api.ebay.com/feed/trending
86,12,1,0,0,0,0,1,0,27,2,0,0.1512,0.0,0,0,4.2601,0,https://linkedin.com/products/electronics/deals?utm_source=newsletter&utm_medium=email
38,11,2,0,0,1,0,1,0,19,0,0,0.1842,0.0,0,0,4.0036,0,https://www.zoom.us/pricing/enterprise
61,14,2,0,0,1,0,1,0,12,2,1,0.1803,0.0,0,0,4.345,0,https://api.google.com/support/faq?view=compact&filter=active
76,7,2,0,0,0,0,1,0,30,1,1,0.1579,0.0,0,0,4.4239,0,https://nih.gov/download/latest/installer.exe?q=cybersecurity+best+practices
53,17,1,0,0,0,0,1,0,1,2,0,0.1698,0.0,0,0,4.2536,0,https://stackoverflow.com/?view=compact&filter=active
45,15,2,1,0,1,0,1,0,22,0,0,0.1778,0.0,0,0,4.2524,0,https://www.nytimes.com/blog/machine-learning
54,16,3,0,0,1,0,1,0,30,0,1,0.1667,0.0,0,0,4.04,0,https://support.espn.com/download/latest/installer.exe
39,11,1,0,0,0,0,1,0,20,0,0,0.1795,0.0,0,0,4.1091,0,https://nytimes.com/category/news/world
39,9,2,0,0,0,0,1,0,22,0,0,0.1795,0.0,0,0,3.9259,0,https://bbc.co.uk/resources/whitepapers
67,16,2,0,0,1,0,1,0,12,1,2,0.1642,0.0,0,0,4.2855,0,https://docs.weather.com/support/faq?q=cybersecurity+best+practices
44,19,2,0,0,1,0,1,0,17,0,0,0.1591,0.0,0,0,4.036,0,https://docs.healthline.com/profile/settings
80,11,2,1,0,1,0,1,0,34,2,1,0.175,0.075,0,0,4.5794,0,https://api.cnn.com/article/2026/03/technology-update?view=compact&filter=active
24,15,2,0,0,1,0,1,0,1,0,0,0.25,0.0,0,0,3.8554,0,https://api.youtube.com/
59,20,2,0,0,1,0,1,0,0,1,2,0.1525,0.0,0,0,4.2363,0,https://support.stanford.edu?q=cybersecurity+best+practices
80,11,1,1,0,0,0,1,0,34,2,1,0.1625,0.075,0,0,4.6526,0,https://dropbox.com/article/2026/03/technology-update?view=compact&filter=active
80,11,1,0,0,0,0,1,0,22,2,0,0.15,0.0,0,0,4.1415,0,https://twitter.com/resources/whitepapers?utm_source=newsletter&utm_medium=email
58,12,2,0,0,1,0,1,0,7,1,1,0.1724,0.0,0,0,4.2139,0,https://api.imdb.com/search?q=cybersecurity+best+practices
47,19,2,0,0,1,0,1,0,20,0,0,0.1702,0.0,0,0,4.2304,0,https://blog.cloudflare.com/category/news/world
57,10,1,0,0,0,0,1,0,0,2,0,0.1754,0.0,0,0,4.2927,0,https://github.com?utm_source=newsletter&utm_medium=email
94,14,2,1,0,1,0,0,0,34,2,1,0.1702,0.0638,0,0,4.6044,0,http://www.amazon.com/article/2026/03/technology-update?utm_source=newsletter&utm_medium=email
51,7,1,0,0,0,0,1,0,1,3,0,0.2157,0.0196,0,0,4.2579,0,https://cnn.com/?category=all&page=2&sort=relevance
34,19,2,0,0,1,0,1,0,7,0,1,0.1765,0.0,0,0,3.9254,0,https://support.nytimes.com/search
43,13,3,0,0,1,0,1,0,22,0,0,0.186,0.0,0,0,3.9607,0,https://api.bbc.co.uk/resources/whitepapers
37,18,2,0,0,1,0,0,0,12,0,0,0.2162,0.027,0,0,4.1522,0,http://blog.wikipedia.org/docs/v2/api
44,16,2,0,0,1,0,1,0,6,1,0,0.1818,0.0455,0,0,4.4363,0,https://www.stanford.edu/watch?v=dQw4w9WgXcQ
46,11,1,0,0,0,0,1,0,27,0,0,0.1522,0.0,0,0,3.9945,0,https://weather.com/products/electronics/deals
23,14,2,0,0,1,0,1,0,1,0,0,0.2609,0.0,0,0,3.7294,0,https://www.github.com/
43,15,2,0,0,1,0,1,0,6,1,1,0.186,0.0465,0,0,4.4548,0,https://support.zoom.us/watch?v=dQw4w9WgXcQ
64,13,1,0,0,0,0,1,0,12,1,2,0.1562,0.0,0,0,4.2026,0,https://microsoft.com/support/faq?q=cybersecurity+best+practices
28,8,1,0,0,0,0,1,0,12,0,1,0.2143,0.0,0,0,3.9677,0,https://imdb.com/support/faq
33,11,1,0,0,0,0,1,0,14,0,0,0.1818,0.0,0,0,4.0747,0,https://youtube.com/feed/trending
61,17,2,0,0,1,0,1,0,1,3,0,0.1967,0.0164,0,0,4.3895,0,https://docs.facebook.com/?category=all&page=2&sort=relevance
26,7,1,0,0,0,0,0,0,12,0,0,0.2692,0.0385,0,0,3.7924,0,http://nih.gov/docs/v2/api
61,9,2,0,0,0,0,1,0,17,2,0,0.1803,0.0,0,0,4.4103,0,https://bbc.co.uk/profile/settings?view=compact&filter=active
36,8,1,0,0,0,0,1,0,6,1,0,0.1944,0.0556,0,0,4.3984,0,https://hulu.com/watch?v=dQw4w9WgXcQ
57,15,2,1,0,1,0,1,0,34,0,1,0.1754,0.1053,0,0,4.37,0,https://blog.google.com/article/2026/03/technology-update
69,16,2,0,0,1,0,1,0,14,1,1,0.1594,0.0,0,0,4.4484,0,https://blog.netflix.com/about/company?q=cybersecurity+best+practices
32,17,2,0,0,1,0,1,0,7,0,0,0.1875,0.0,0,0,4.0153,0,https://blog.facebook.com/search
36,11,2,0,0,1,0,1,0,17,0,0,0.1944,0.0,0,0,3.9512,0,https://api.mit.edu/profile/settings
23,15,2,0,0,1,0,1,0,0,0,0,0.2174,0.0,0,0,3.6753,0,https://docs.office.com
28,12,2,0,0,1,0,1,0,8,0,0,0.2143,0.0,0,0,3.9677,0,https://blog.nih.gov/explore
63,9,1,1,0,0,0,1,0,22,2,0,0.1746,0.0,0,0,4.459,0,https://slack.com/blog/machine-learning?ref=homepage&source=nav
39,19,2,0,0,1,0,1,0,12,0,1,0.2051,0.0256,0,0,4.0259,0,https://support.youtube.com/docs/v2/api
44,12,1,0,0,0,0,1,0,24,0,0,0.1591,0.0,0,0,4.0077,0,https://stanford.edu/user/dashboard/overview
28,12,1,0,0,0,0,1,0,8,0,0,0.1786,0.0,0,0,4.0391,0,https://linkedin.com/explore
68,12,1,0,0,0,0,1,0,24,2,0,0.1618,0.0,0,0,4.3085,0,https://stanford.edu/user/dashboard/overview?ref=homepage&source=nav
43,13,2,0,0,1,0,1,0,22,0,0,0.1628,0.0,0,0,3.8036,0,https://api.twitch.tv/resources/whitepapers
41,13,2,0,0,1,0,1,0,20,0,0,0.1951,0.0,0,0,4.1227,0,https://api.apple.com/category/news/world
84,15,2,1,0,1,0,1,0,22,2,0,0.1667,0.0,0,0,4.4594,0,https://www.youtube.com/blog/machine-learning?utm_source=newsletter&utm_medium=email
38,8,1,0,0,0,0,1,0,22,0,0,0.1579,0.0,0,0,3.8077,0,https://etsy.com/resources/whitepapers
47,12,2,0,0,1,0,1,0,27,0,0,0.1702,0.0,0,0,4.0155,0,https://api.etsy.com/products/electronics/deals
80,14,1,0,0,0,0,1,0,27,1,1,0.1375,0.0,0,0,4.2417,0,https://healthline.com/products/electronics/deals?q=cybersecurity+best+practices
42,12,2,1,0,1,0,1,0,22,0,0,0.1905,0.0,0,0,4.0916,0,https://blog.cnn.com/blog/machine-learning
38,10,1,0,0,0,0,1,0,20,0,0,0.1842,0.0,0,0,4.0735,0,https://reddit.com/category/news/world
60,16,2,0,0,1,0,1,0,12,2,0,0.2,0.0167,0,0,4.3952,0,https://docs.twitter.com/docs/v2/api?ref=homepage&source=nav
21,14,2,0,0,1,0,0,0,0,0,0,0.2381,0.0,0,0,3.5585,0,http://www.google.com
66,9,1,0,0,0,0,1,0,14,3,0,0.1818,0.0152,0,0,4.368,0,https://quora.com/about/company?category=all&page=2&sort=relevance
33,8,1,0,0,0,0,1,0,17,0,0,0.1818,0.0,0,0,3.8818,0,https://etsy.com/profile/settings
78,11,2,0,0,0,0,1,0,30,2,0,0.1667,0.1154,0,0,4.6621,0,https://youtube.com/download/latest/installer.exe?session_id=983427492&lang=en
33,11,1,0,0,0,0,1,0,14,0,0,0.1818,0.0,0,0,3.9306,0,https://nytimes.com/feed/trending
80,12,2,1,0,1,0,0,0,22,2,0,0.175,0.0,0,0,4.4309,0,http://api.imdb.com/blog/machine-learning?utm_source=newsletter&utm_medium=email
47,17,2,0,0,1,0,1,0,22,0,0,0.1489,0.0,0,0,3.9304,0,https://api.wikipedia.org/resources/whitepapers
44,14,2,1,0,1,0,1,0,22,0,0,0.1818,0.0,0,0,4.2656,0,https://www.github.com/blog/machine-learning
74,13,1,0,0,0,0,1,0,24,2,0,0.1622,0.1216,0,0,4.6568,0,https://wikipedia.org/user/dashboard/overview?session_id=983427492&lang=en
34,13,1,0,0,0,0,0,0,14,0,0,0.1765,0.0,0,0,3.9369,0,http://pinterest.com/about/company
22,14,1,0,0,0,0,1,0,0,0,0,0.1818,0.0,0,0,3.7544,0,https://healthline.com
64,13,2,0,0,1,0,1,0,14,2,0,0.1875,0.1406,0,0,4.7074,0,https://blog.etsy.com/about/company?session_id=983427492&lang=en
20,11,2,0,0,1,0,1,0,1,0,0,0.3,0.0,0,0,3.4464,0,https://www.zoom.us/
52,15,2,0,0,1,0,1,0,0,2,1,0.1923,0.1731,0,0,4.6334,0,https://support.cnn.com?session_id=983427492&lang=en
76,17,2,0,0,1,0,1,0,12,2,0,0.1842,0.0132,0,0,4.468,0,https://www.wikipedia.org/docs/v2/api?utm_source=newsletter&utm_medium=email
59,21,3,0,0,1,0,1,0,30,0,0,0.1525,0.0,0,0,4.1485,0,https://www.stackoverflow.com/download/latest/installer.exe
74,18,2,0,0,1,0,1,0,17,1,1,0.1486,0.0,0,0,4.2363,0,https://docs.pinterest.com/profile/settings?q=cybersecurity+best+practices
45,15,2,0,0,1,0,1,0,22,0,0,0.1556,0.0,0,0,4.0084,0,https://www.dropbox.com/resources/whitepapers
57,13,2,0,0,1,0,1,0,12,2,0,0.2105,0.0175,0,0,4.3769,0,https://api.yahoo.com/docs/v2/api?ref=homepage&source=nav
62,10,1,0,0,0,0,1,0,6,2,0,0.1774,0.0323,0,0,4.6695,0,https://reddit.com/watch?v=dQw4w9WgXcQ?ref=homepage&source=nav
48,11,2,0,0,0,0,0,0,30,0,0,0.1667,0.0,0,0,4.1374,0,http://youtube.com/download/latest/installer.exe
24,15,2,0,0,1,0,1,0,1,0,0,0.25,0.0,0,0,3.8554,0,https://www.mozilla.org/
41,9,1,0,0,0,0,1,0,24,0,0,0.1707,0.0,0,0,4.1043,0,https://apple.com/user/dashboard/overview
46,16,2,0,0,1,0,1,0,22,0,1,0.1522,0.0,0,0,3.8041,0,https://support.etsy.com/resources/whitepapers
83,14,2,1,0,1,0,1,0,34,2,1,0.1687,0.0723,0,0,4.5864,0,https://blog.twitch.tv/article/2026/03/technology-update?view=compact&filter=active
42,9,2,0,0,0,0,1,0,1,2,0,0.2381,0.0,0,0,4.386,0,https://bbc.co.uk/?ref=homepage&source=nav
82,16,2,1,0,1,0,1,0,34,2,1,0.1707,0.0732,0,0,4.6665,0,https://docs.netflix.com/article/2026/03/technology-update?ref=homepage&source=nav
25,11,1,0,0,0,0,0,0,7,0,0,0.2,0.0,0,0,3.8635,0,http://youtube.com/search
75,16,2,0,0,1,0,1,0,27,2,1,0.16,0.0,0,0,4.3009,0,https://support.hulu.com/products/electronics/deals?ref=homepage&source=nav
73,11,1,0,0,0,0,1,0,19,3,0,0.1644,0.0137,0,0,4.319,0,https://netflix.com/pricing/enterprise?category=all&page=2&sort=relevance
62,13,2,0,0,1,0,1,0,12,2,1,0.1935,0.1452,0,0,4.8245,0,https://www.slack.com/support/faq?session_id=983427492&lang=en
52,15,3,0,0,1,0,0,0,30,0,0,0.1731,0.0,0,0,4.0565,0,http://www.mozilla.org/download/latest/installer.exe
82,15,3,0,0,1,0,1,0,30,2,1,0.1707,0.1098,0,0,4.5968,0,https://support.zoom.us/download/latest/installer.exe?session_id=983427492&lang=en
70,16,2,0,0,1,0,1,0,7,2,0,0.1714,0.0,0,0,4.4302,0,https://blog.netflix.com/search?utm_source=newsletter&utm_medium=email
74,17,1,0,0,0,0,1,0,6,2,0,0.1622,0.1486,0,0,4.9271,0,https://stackoverflow.com/watch?v=dQw4w9WgXcQ?session_id=983427492&lang=en
50,10,1,0,0,0,0,1,0,8,2,0,0.18,0.0,0,0,4.2402,0,https://google.com/explore?ref=homepage&source=nav
34,14,2,0,0,1,0,1,0,12,0,0,0.2353,0.0294,0,0,3.9735,0,https://www.office.com/docs/v2/api
63,12,1,0,0,0,0,1,0,14,2,0,0.1746,0.1429,0,0,4.7428,0,https://facebook.com/about/company?session_id=983427492&lang=en
46,19,2,0,0,1,0,1,0,19,0,0,0.1522,0.0,0,0,4.0152,0,https://blog.healthline.com/pricing/enterprise
75,13,2,0,0,0,0,1,0,30,2,0,0.16,0.0,0,0,4.3789,0,https://instagram.com/download/latest/installer.exe?ref=homepage&source=nav
39,11,1,0,0,0,0,1,0,20,0,0,0.1795,0.0,0,0,3.9998,0,https://twitter.com/category/news/world
54,12,2,1,0,1,0,1,0,34,0,1,0.1852,0.1111,0,0,4.4488,0,https://blog.mit.edu/article/2026/03/technology-update
88,21,2,0,0,1,0,1,0,6,2,0,0.1591,0.0227,0,0,4.7077,0,https://api.stackoverflow.com/watch?v=dQw4w9WgXcQ?utm_source=newsletter&utm_medium=email
55,12,2,0,0,1,0,1,0,0,3,0,0.2,0.0182,0,0,4.4405,0,https://api.imdb.com?category=all&page=2&sort=relevance
36,14,2,0,0,1,0,1,0,14,0,0,0.1944,0.0,0,0,3.8638,0,https://blog.yahoo.com/about/company
59,17,2,1,0,1,0,1,0,34,0,1,0.1695,0.1017,0,0,4.4694,0,https://www.wikipedia.org/article/2026/03/technology-update
37,9,1,0,0,0,0,1,0,20,0,0,0.1892,0.0,0,0,4.0573,0,https://apple.com/category/news/world
63,10,1,0,0,0,0,1,0,14,1,1,0.1587,0.0,0,0,4.368,0,https://google.com/feed/trending?q=cybersecurity+best+practices
81,12,1,1,0,0,0,1,0,22,2,0,0.1605,0.0,0,0,4.4334,0,https://stanford.edu/blog/machine-learning?utm_source=newsletter&utm_medium=email
59,15,2,0,0,1,0,1,0,12,2,0,0.2034,0.0169,0,0,4.4549,0,https://docs.github.com/docs/v2/api?ref=homepage&source=nav
79,25,2,1,0,1,0,1,0,22,2,1,0.1519,0.0,0,0,4.5121,0,https://support.stackoverflow.com/blog/machine-learning?ref=homepage&source=nav
78,15,2,0,0,1,0,1,0,20,3,0,0.1795,0.0128,0,0,4.2834,0,https://docs.target.com/category/news/world?category=all&page=2&sort=relevance
42,14,2,0,0,1,0,1,0,20,0,0,0.1905,0.0,0,0,4.2884,0,https://api.github.com/category/news/world
75,14,1,0,0,0,0,1,0,14,2,0,0.16,0.0,0,0,4.2908,0,https://salesforce.com/feed/trending?utm_source=newsletter&utm_medium=email
77,8,1,1,0,0,0,1,0,22,2,0,0.1688,0.0,0,0,4.4394,0,https://ebay.com/blog/machine-learning?utm_source=newsletter&utm_medium=email
61,10,1,0,0,0,0,1,0,14,2,0,0.1803,0.1475,0,0,4.6762,0,https://google.com/about/company?session_id=983427492&lang=en
62,13,1,0,0,0,0,1,0,17,2,0,0.1613,0.0,0,0,4.2766,0,https://microsoft.com/profile/settings?ref=homepage&source=nav
81,12,2,0,0,0,0,1,0,30,1,1,0.1481,0.0,0,0,4.3894,0,https://linkedin.com/download/latest/installer.exe?q=cybersecurity+best+practices
44,19,2,0,0,1,0,1,0,17,0,0,0.1591,0.0,0,0,3.9989,0,https://docs.salesforce.com/profile/settings
49,22,2,0,0,1,0,1,0,19,0,1,0.1429,0.0,0,0,3.9677,0,https://support.salesforce.com/pricing/enterprise
68,10,1,0,0,0,0,1,0,19,1,1,0.1471,0.0,0,0,4.1473,0,https://reddit.com/pricing/enterprise?q=cybersecurity+best+practices
71,14,2,0,0,1,0,1,0,14,3,0,0.1831,0.0141,0,0,4.3502,0,https://docs.apple.com/about/company?category=all&page=2&sort=relevance
49,14,2,0,0,1,0,1,0,27,0,0,0.1633,0.0,0,0,4.105,0,https://www.office.com/products/electronics/deals
40,12,2,0,0,1,0,1,0,6,1,0,0.2,0.05,0,0,4.4776,0,https://blog.nih.gov/watch?v=dQw4w9WgXcQ
29,15,2,0,0,1,0,0,0,7,0,0,0.2069,0.0,0,0,3.8404,0,http://api.walmart.com/search
53,14,2,0,0,1,0,1,0,7,2,0,0.1887,0.0,0,0,4.3526,0,https://api.github.com/search?ref=homepage&source=nav
75,13,1,0,0,0,0,1,0,19,3,0,0.16,0.0133,0,0,4.2902,0,https://microsoft.com/pricing/enterprise?category=all&page=2&sort=relevance
79,18,2,0,0,1,0,1,0,24,2,1,0.1646,0.1139,0,0,4.7504,0,https://support.paypal.com/user/dashboard/overview?session_id=983427492&lang=en
48,13,1,0,0,0,0,1,0,0,2,0,0.1667,0.0,0,0,4.3061,0,https://wikipedia.org?view=compact&filter=active
61,12,2,0,0,1,0,1,0,14,2,0,0.1803,0.0,0,0,4.4386,0,https://www.hulu.com/feed/trending?view=compact&filter=active
31,11,1,0,0,0,0,1,0,12,0,0,0.2258,0.0323,0,0,3.8371,0,https://spotify.com/docs/v2/api
24,8,1,0,0,0,0,1,0,8,0,0,0.2083,0.0,0,0,3.8035,0,https://hulu.com/explore
44,15,2,1,0,1,0,0,0,22,0,0,0.1818,0.0,0,0,4.2373,0,http://docs.paypal.com/blog/machine-learning
40,10,1,1,0,0,0,1,0,22,0,0,0.175,0.0,0,0,4.1342,0,https://amazon.com/blog/machine-learning
76,11,2,0,0,0,0,1,0,30,2,0,0.1579,0.0,0,0,4.3544,0,https://mozilla.org/download/latest/installer.exe?view=compact&filter=active
37,15,2,0,0,1,0,1,0,14,0,0,0.1892,0.0,0,0,4.108,0,https://www.walmart.com/feed/trending
77,8,1,1,0,0,0,1,0,34,2,1,0.1688,0.0779,0,0,4.5941,0,https://hulu.com/article/2026/03/technology-update?view=compact&filter=active
68,14,1,0,0,0,0,1,0,7,2,0,0.1618,0.0,0,0,4.2802,0,https://cloudflare.com/search?utm_source=newsletter&utm_medium=email
25,16,2,0,0,1,0,1,0,1,0,0,0.24,0.0,0,0,3.9435,0,https://docs.mozilla.org/
42,14,3,0,0,1,0,1,0,20,0,0,0.2143,0.0,0,0,4.1572,0,https://docs.bbc.co.uk/category/news/world
42,14,1,0,0,0,0,1,0,20,0,0,0.1667,0.0,0,0,4.1689,0,https://cloudflare.com/category/news/world
60,11,1,0,0,0,0,1,0,14,2,0,0.1667,0.0,0,0,4.329,0,https://harvard.edu/feed/trending?view=compact&filter=active
83,16,2,0,0,1,0,1,0,24,3,0,0.1687,0.012,0,0,4.505,0,https://www.facebook.com/user/dashboard/overview?category=all&page=2&sort=relevance
26,17,2,0,0,1,0,1,0,1,0,0,0.2308,0.0,0,0,3.7193,0,https://api.pinterest.com/
82,15,2,0,0,1,0,1,0,20,2,0,0.1707,0.0,0,0,4.3997,0,https://api.youtube.com/category/news/world?utm_source=newsletter&utm_medium=email
60,13,1,0,0,0,0,1,0,12,2,1,0.1667,0.0,0,0,4.3563,0,https://instagram.com/support/faq?view=compact&filter=active
45,10,1,0,0,0,0,1,0,0,2,0,0.1778,0.0,0,0,4.2393,0,https://google.com?view=compact&filter=active
69,15,2,0,0,1,0,1,0,22,2,0,0.1594,0.0,0,0,4.3459,0,https://api.netflix.com/resources/whitepapers?ref=homepage&source=nav
27,19,2,0,0,1,0,1,0,0,0,0,0.1852,0.0,0,0,4.1064,0,https://blog.cloudflare.com
68,11,1,0,0,0,0,1,0,14,3,0,0.1765,0.0147,0,0,4.3993,0,https://spotify.com/feed/trending?category=all&page=2&sort=relevance
39,11,1,0,0,0,0,1,0,20,0,0,0.1795,0.0,0,0,4.1479,0,https://youtube.com/category/news/world
79,10,2,0,0,0,0,1,0,30,1,1,0.1519,0.0,0,0,4.3904,0,https://office.com/download/latest/installer.exe?q=cybersecurity+best+practices
40,12,1,0,0,0,0,1,0,6,1,0,0.175,0.05,0,0,4.4964,0,https://facebook.com/watch?v=dQw4w9WgXcQ
52,10,1,0,0,0,0,1,0,7,2,0,0.1731,0.0,0,0,4.1668,0,https://office.com/search?view=compact&filter=active
56,14,2,1,0,1,0,1,0,34,0,1,0.1786,0.1071,0,0,4.3533,0,https://api.target.com/article/2026/03/technology-update
80,13,1,0,0,0,0,1,0,6,2,0,0.1625,0.025,0,0,4.6197,0,https://instagram.com/watch?v=dQw4w9WgXcQ?utm_source=newsletter&utm_medium=email
35,10,1,0,0,0,0,1,0,17,0,0,0.1714,0.0,0,0,3.8646,0,https://google.com/profile/settings
65,8,1,0,0,0,0,1,0,22,2,0,0.1538,0.0,0,0,4.241,0,https://hulu.com/resources/whitepapers?view=compact&filter=active
76,7,1,1,0,0,0,1,0,34,2,1,0.1711,0.0789,0,0,4.5777,0,https://cnn.com/article/2026/03/technology-update?view=compact&filter=active
82,14,2,0,0,1,0,0,0,22,2,0,0.1585,0.0,0,0,4.2888,0,http://docs.yahoo.com/resources/whitepapers?utm_source=newsletter&utm_medium=email
71,9,2,0,0,0,0,1,0,30,2,0,0.169,0.0,0,0,4.3887,0,https://adobe.com/download/latest/installer.exe?ref=homepage&source=nav
45,13,2,0,0,1,0,1,0,24,0,0,0.1778,0.0,0,0,4.1088,0,https://api.yahoo.com/user/dashboard/overview
33,13,2,0,0,1,0,1,0,12,0,0,0.2424,0.0303,0,0,3.9802,0,https://www.adobe.com/docs/v2/api
23,14,1,0,0,0,0,1,0,1,0,0,0.2174,0.0,0,0,3.7623,0,https://salesforce.com/
74,9,1,0,0,0,0,1,0,22,3,0,0.1622,0.0135,0,0,4.2598,0,https://twitch.tv/resources/whitepapers?category=all&page=2&sort=relevance
65,13,2,0,0,1,0,1,0,6,2,0,0.1846,0.0308,0,0,4.7032,0,https://docs.ebay.com/watch?v=dQw4w9WgXcQ?ref=homepage&source=nav
75,18,2,0,0,1,0,1,0,14,3,0,0.1733,0.0133,0,0,4.3862,0,https://docs.pinterest.com/about/company?category=all&page=2&sort=relevance
37,10,1,0,0,0,0,0,0,6,1,0,0.1892,0.0541,0,0,4.3303,0,http://paypal.com/watch?v=dQw4w9WgXcQ
81,15,2,1,0,1,0,1,0,34,2,1,0.1728,0.0741,0,0,4.6403,0,https://blog.paypal.com/article/2026/03/technology-update?ref=homepage&source=nav
54,12,2,1,0,1,0,1,0,34,0,1,0.1852,0.1111,0,0,4.3838,0,https://api.etsy.com/article/2026/03/technology-update
60,11,1,0,0,0,0,1,0,12,2,0,0.2,0.1667,0,0,4.6968,0,https://dropbox.com/docs/v2/api?session_id=983427492&lang=en
17,8,1,0,0,0,0,1,0,1,0,0,0.2941,0.0,0,0,3.6901,0,https://ebay.com/
70,17,2,0,0,1,0,1,0,14,1,1,0.1571,0.0,0,0,4.2078,0,https://api.pinterest.com/about/company?q=cybersecurity+best+practices
21,13,2,0,0,1,0,1,0,0,0,0,0.2381,0.0,0,0,3.5585,0,https://www.yahoo.com
31,15,2,0,0,1,0,1,0,8,0,0,0.1935,0.0,0,0,3.8732,0,https://www.walmart.com/explore
72,13,2,0,0,1,0,1,0,12,2,1,0.1806,0.0,0,0,4.4331,0,https://docs.ebay.com/support/faq?utm_source=newsletter&utm_medium=email
32,12,1,0,0,0,0,1,0,12,0,0,0.2188,0.0312,0,0,4.0511,0,https://linkedin.com/docs/v2/api
70,11,2,0,0,1,0,1,0,27,2,0,0.1714,0.0,0,0,4.3294,0,https://api.cnn.com/products/electronics/deals?ref=homepage&source=nav
52,14,3,0,0,1,0,1,0,30,0,0,0.1731,0.0,0,0,4.1978,0,https://www.github.com/download/latest/installer.exe
74,11,2,0,0,1,0,1,0,20,3,0,0.1892,0.0135,0,0,4.3286,0,https://www.cnn.com/category/news/world?category=all&page=2&sort=relevance
57,14,2,0,0,1,0,1,0,0,3,0,0.193,0.0175,0,0,4.4907,0,https://www.github.com?category=all&page=2&sort=relevance
76,9,1,0,0,0,0,1,0,6,2,0,0.1711,0.0263,0,0,4.6513,0,https://adobe.com/watch?v=dQw4w9WgXcQ?utm_source=newsletter&utm_medium=email
25,16,2,0,0,1,0,1,0,1,0,0,0.24,0.0,0,0,3.8333,0,https://blog.spotify.com/
75,10,1,1,0,0,0,0,0,34,2,1,0.1733,0.08,0,0,4.608,0,http://amazon.com/article/2026/03/technology-update?ref=homepage&source=nav
54,10,1,0,0,0,0,1,0,1,3,0,0.2037,0.0185,0,0,4.4069,0,https://medium.com/?category=all&page=2&sort=relevance
37,12,2,0,0,1,0,1,0,17,0,0,0.1892,0.0,0,0,4.1212,0,https://www.imdb.com/profile/settings
65,11,1,0,0,0,0,1,0,17,2,0,0.1692,0.1385,0,0,4.6472,0,https://walmart.com/profile/settings?session_id=983427492&lang=en
43,15,2,0,0,1,0,1,0,6,1,0,0.186,0.0465,0,0,4.4144,0,https://api.walmart.com/watch?v=dQw4w9WgXcQ
40,13,2,0,0,1,0,1,0,19,0,0,0.175,0.0,0,0,3.9587,0,https://docs.imdb.com/pricing/enterprise
68,9,1,1,0,0,0,1,0,22,2,0,0.1765,0.1324,0,0,4.6553,0,https://apple.com/blog/machine-learning?session_id=983427492&lang=en
37,9,1,0,0,0,0,1,0,20,0,0,0.1892,0.0,0,0,4.0237,0,https://twitch.tv/category/news/world
89,15,2,0,0,1,0,1,0,27,2,0,0.1573,0.0,0,0,4.3381,0,https://api.dropbox.com/products/electronics/deals?utm_source=newsletter&utm_medium=email
41,19,2,0,0,1,0,1,0,14,0,1,0.1707,0.0,0,0,4.0435,0,https://support.spotify.com/feed/trending
73,9,1,0,0,0,0,1,0,27,2,0,0.1644,0.1233,0,0,4.609,0,https://yahoo.com/products/electronics/deals?session_id=983427492&lang=en
48,10,2,0,0,0,0,1,0,30,0,0,0.1667,0.0,0,0,4.0286,0,https://paypal.com/download/latest/installer.exe
53,13,1,0,0,0,0,1,0,8,2,0,0.1698,0.0,0,0,4.3452,0,https://instagram.com/explore?ref=homepage&source=nav
64,12,2,0,0,1,0,1,0,6,2,0,0.1875,0.0312,0,0,4.693,0,https://docs.mit.edu/watch?v=dQw4w9WgXcQ?ref=homepage&source=nav
67,14,2,0,0,1,0,0,0,17,2,0,0.1791,0.1343,0,0,4.5831,0,http://api.target.com/profile/settings?session_id=983427492&lang=en
38,13,2,0,0,1,0,1,0,17,0,0,0.1842,0.0,0,0,4.1029,0,https://www.yahoo.com/profile/settings
27,18,2,0,0,1,0,1,0,1,0,1,0.2222,0.0,0,0,3.7542,0,https://support.office.com/
56,10,1,0,0,0,0,1,0,7,1,1,0.1607,0.0,0,0,4.2521,0,https://amazon.com/search?q=cybersecurity+best+practices
35,15,2,0,0,1,0,1,0,12,0,0,0.2286,0.0286,0,0,3.8944,0,https://www.twitter.com/docs/v2/api
54,13,1,1,0,0,0,0,0,34,0,1,0.1667,0.1111,0,0,4.3959,0,http://wikipedia.org/article/2026/03/technology-update
58,9,1,0,0,0,0,1,0,14,2,0,0.1724,0.0,0,0,4.3858,0,https://slack.com/feed/trending?view=compact&filter=active
68,17,1,0,0,0,0,0,0,20,2,0,0.1618,0.0,0,0,4.4105,0,http://stackoverflow.com/category/news/world?ref=homepage&source=nav
67,18,2,0,0,1,0,1,0,12,2,0,0.194,0.1493,0,0,4.6272,0,https://docs.wikipedia.org/docs/v2/api?session_id=983427492&lang=en
46,11,1,0,0,0,0,1,0,0,2,0,0.1739,0.0,0,0,4.0888,0,https://twitter.com?view=compact&filter=active
59,10,1,0,0,0,0,1,0,17,2,0,0.1695,0.0,0,0,4.376,0,https://github.com/profile/settings?ref=homepage&source=nav
73,16,2,0,0,1,0,1,0,14,3,0,0.1781,0.0137,0,0,4.3725,0,https://docs.twitter.com/feed/trending?category=all&page=2&sort=relevance
71,10,1,0,0,0,0,1,0,22,1,1,0.1408,0.0,0,0,4.1553,0,https://office.com/resources/whitepapers?q=cybersecurity+best+practices
52,8,1,0,0,0,0,1,0,1,3,0,0.2115,0.0192,0,0,4.2476,0,https://espn.com/?category=all&page=2&sort=relevance
51,16,2,0,0,1,0,1,0,27,0,0,0.1569,0.0,0,0,4.034,0,https://docs.youtube.com/products/electronics/deals
50,18,2,0,0,1,0,1,0,24,0,0,0.16,0.0,0,0,4.2313,0,https://blog.microsoft.com/user/dashboard/overview
80,13,2,0,0,1,0,1,0,20,2,0,0.175,0.0,0,0,4.3581,0,https://www.twitch.tv/category/news/world?utm_source=newsletter&utm_medium=email
65,9,1,0,0,0,0,1,0,17,1,1,0.1538,0.0,0,0,4.3135,0,https://slack.com/profile/settings?q=cybersecurity+best+practices
29,14,2,0,0,1,0,1,0,7,0,0,0.2069,0.0,0,0,3.9228,0,https://blog.twitch.tv/search
34,14,2,0,0,1,0,1,0,12,0,1,0.2059,0.0,0,0,4.1019,0,https://blog.adobe.com/support/faq
48,8,1,0,0,0,0,1,0,1,1,1,0.1875,0.0,0,0,4.1536,0,https://espn.com/?q=cybersecurity+best+practices
31,15,2,0,0,1,0,1,0,8,0,1,0.1935,0.0,0,0,3.9134,0,https://support.nih.gov/explore
71,14,1,1,0,0,0,1,0,22,2,0,0.1549,0.0,0,0,4.389,0,https://salesforce.com/blog/machine-learning?view=compact&filter=active
70,9,1,0,0,0,0,1,0,22,1,1,0.1429,0.0,0,0,4.1838,0,https://slack.com/resources/whitepapers?q=cybersecurity+best+practices
78,19,2,0,0,1,0,1,0,24,2,0,0.1538,0.0,0,0,4.3146,0,https://docs.salesforce.com/user/dashboard/overview?view=compact&filter=active
49,7,1,0,0,0,0,1,0,7,2,0,0.1837,0.0,0,0,4.2549,0,https://mit.edu/search?view=compact&filter=active
41,9,1,0,0,0,0,1,0,0,2,0,0.1951,0.0,0,0,4.2571,0,https://yahoo.com?ref=homepage&source=nav
23,15,2,0,0,1,0,0,0,1,0,0,0.2609,0.0,0,0,3.6753,0,http://docs.paypal.com/
43,16,2,0,0,1,0,0,0,20,0,0,0.186,0.0,0,0,4.1269,0,http://docs.nytimes.com/category/news/world
53,18,2,0,0,1,0,1,0,27,0,1,0.1509,0.0,0,0,4.0147,0,https://support.office.com/products/electronics/deals
75,12,1,0,0,0,0,1,0,24,1,1,0.1467,0.0,0,0,4.3163,0,https://stanford.edu/user/dashboard/overview?q=cybersecurity+best+practices
77,14,2,0,0,1,0,0,0,17,2,0,0.1688,0.0,0,0,4.3736,0,http://docs.slack.com/profile/settings?utm_source=newsletter&utm_medium=email
49,21,2,0,0,1,0,1,0,20,0,1,0.1633,0.0,0,0,4.0817,0,https://support.pinterest.com/category/news/world
66,9,1,0,0,0,0,1,0,6,2,0,0.1818,0.1667,0,0,4.8679,0,https://slack.com/watch?v=dQw4w9WgXcQ?session_id=983427492&lang=en
50,18,2,0,0,1,0,1,0,0,2,0,0.18,0.0,0,0,4.2884,0,https://docs.pinterest.com?ref=homepage&source=nav
51,14,1,0,0,0,0,1,0,0,2,0,0.1765,0.1765,0,0,4.5544,0,https://healthline.com?session_id=983427492&lang=en
68,18,2,0,0,1,0,1,0,7,3,1,0.1765,0.0147,0,0,4.2148,0,https://support.target.com/search?category=all&page=2&sort=relevance
22,14,2,0,0,1,0,1,0,0,0,0,0.2273,0.0,0,0,3.6978,0,https://www.amazon.com
66,12,2,0,0,1,0,1,0,7,2,0,0.1818,0.0,0,0,4.3197,0,https://api.imdb.com/search?utm_source=newsletter&utm_medium=email
46,16,2,1,0,1,0,1,0,22,0,0,0.1739,0.0,0,0,4.3111,0,https://www.facebook.com/blog/machine-learning
40,15,2,0,0,1,0,1,0,17,0,0,0.175,0.0,0,0,3.9251,0,https://blog.google.com/profile/settings
70,9,1,0,0,0,0,1,0,24,2,0,0.1714,0.1286,0,0,4.7291,0,https://yahoo.com/user/dashboard/overview?session_id=983427492&lang=en
37,17,2,0,0,1,0,1,0,12,0,1,0.1892,0.0,0,0,4.0335,0,https://www.wikipedia.org/support/faq
42,14,2,0,0,1,0,1,0,6,1,0,0.1905,0.0476,0,0,4.3773,0,https://docs.slack.com/watch?v=dQw4w9WgXcQ
95,14,2,1,0,1,0,1,0,34,2,1,0.1684,0.0632,0,0,4.6123,0,https://blog.yahoo.com/article/2026/03/technology-update?utm_source=newsletter&utm_medium=email
47,11,2,0,0,1,0,1,0,1,2,0,0.2128,0.0,0,0,4.2464,0,https://www.cnn.com/?view=compact&filter=active
69,14,2,0,0,1,0,1,0,20,2,0,0.1739,0.0,0,0,4.4452,0,https://blog.adobe.com/category/news/world?view=compact&filter=active
73,9,1,0,0,0,0,1,0,17,2,0,0.1644,0.0,0,0,4.2835,0,https://apple.com/profile/settings?utm_source=newsletter&utm_medium=email
34,7,1,0,0,0,0,0,0,20,0,0,0.2059,0.0,0,0,4.1356,0,http://mit.edu/category/news/world
24,16,2,0,0,1,0,0,0,1,0,0,0.25,0.0,0,0,3.9387,0,http://blog.netflix.com/
51,15,2,0,0,1,0,1,0,1,2,0,0.1961,0.0,0,0,4.3287,0,https://api.youtube.com/?view=compact&filter=active
74,15,2,0,0,1,0,1,0,12,2,0,0.1892,0.0135,0,0,4.412,0,https://docs.amazon.com/docs/v2/api?utm_source=newsletter&utm_medium=email
59,10,1,0,0,0,0,1,0,14,2,0,0.1695,0.0,0,0,4.3321,0,https://target.com/about/company?view=compact&filter=active
75,12,2,0,0,1,0,1,0,6,3,0,0.1867,0.04,0,0,4.7405,0,https://api.imdb.com/watch?v=dQw4w9WgXcQ?category=all&page=2&sort=relevance
80,11,2,0,0,0,0,1,0,30,1,1,0.15,0.0,0,0,4.3541,0,https://harvard.edu/download/latest/installer.exe?q=cybersecurity+best+practices
77,18,2,0,0,1,0,1,0,27,2,0,0.1558,0.0,0,0,4.3216,0,https://docs.instagram.com/products/electronics/deals?ref=homepage&source=nav
81,12,2,0,0,0,0,1,0,30,1,1,0.1481,0.0,0,0,4.4153,0,https://facebook.com/download/latest/installer.exe?q=cybersecurity+best+practices
38,16,2,0,0,1,0,1,0,14,0,1,0.1842,0.0,0,0,4.1754,0,https://support.ebay.com/feed/trending
45,25,2,0,0,1,0,1,0,12,0,1,0.1778,0.0222,0,0,4.1591,0,https://support.stackoverflow.com/docs/v2/api
49,10,1,0,0,0,0,1,0,0,1,1,0.1633,0.0,0,0,4.1967,0,https://paypal.com?q=cybersecurity+best+practices
19,11,1,0,0,0,0,1,0,0,0,0,0.2105,0.0,0,0,3.8269,0,https://mozilla.org
36,14,1,0,0,0,0,1,0,14,0,0,0.1667,0.0,0,0,4.107,0,https://cloudflare.com/about/company
50,15,2,0,0,1,0,1,0,0,2,0,0.18,0.0,0,0,4.3513,0,https://blog.paypal.com?view=compact&filter=active
40,12,1,0,0,0,0,1,0,20,0,0,0.175,0.0,0,0,4.0873,0,https://stanford.edu/category/news/world
79,13,2,1,0,1,0,1,0,34,2,1,0.1772,0.0759,0,0,4.6025,0,https://docs.etsy.com/article/2026/03/technology-update?ref=homepage&source=nav
30,11,2,0,0,1,0,0,0,12,0,0,0.2667,0.0333,0,0,3.9362,0,http://www.zoom.us/docs/v2/api
39,11,2,0,0,1,0,1,0,20,0,0,0.2051,0.0,0,0,4.2311,0,https://api.zoom.us/category/news/world
69,12,1,0,0,0,0,1,0,14,3,0,0.1739,0.0145,0,0,4.478,0,https://linkedin.com/about/company?category=all&page=2&sort=relevance
51,11,2,0,0,1,0,1,0,1,1,1,0.1961,0.0,0,0,4.2187,0,https://www.mit.edu/?q=cybersecurity+best+practices
74,14,1,0,0,0,0,0,0,22,1,1,0.1351,0.0,0,0,4.1514,0,http://salesforce.com/resources/whitepapers?q=cybersecurity+best+practices
78,9,1,1,0,0,0,1,0,22,2,0,0.1667,0.0,0,0,4.4356,0,https://slack.com/blog/machine-learning?utm_source=newsletter&utm_medium=email
76,15,2,0,0,1,0,1,0,24,2,0,0.1711,0.1184,0,0,4.6967,0,https://docs.target.com/user/dashboard/overview?session_id=983427492&lang=en
64,9,2,0,0,0,0,1,0,20,2,0,0.1875,0.0,0,0,4.5116,0,https://bbc.co.uk/category/news/world?view=compact&filter=active
30,15,2,0,0,1,0,1,0,7,0,0,0.2,0.0,0,0,3.7614,0,https://api.twitter.com/search
24,10,1,0,0,0,0,0,0,7,0,0,0.2083,0.0,0,0,3.7721,0,http://google.com/search
61,12,2,0,0,1,0,1,0,12,2,0,0.2131,0.1639,0,0,4.6046,0,https://docs.mit.edu/docs/v2/api?session_id=983427492&lang=en
84,15,2,1,0,1,0,1,0,34,2,1,0.1667,0.0714,0,0,4.6654,0,https://blog.amazon.com/article/2026/03/technology-update?view=compact&filter=active
43,12,2,0,0,1,0,0,0,24,0,0,0.186,0.0,0,0,4.1093,0,http://www.etsy.com/user/dashboard/overview
74,19,2,0,0,1,0,1,0,12,3,1,0.1757,0.0135,0,0,4.3486,0,https://support.weather.com/support/faq?category=all&page=2&sort=relevance
57,11,2,0,0,1,0,1,0,14,2,0,0.193,0.0,0,0,4.4885,0,https://www.mit.edu/about/company?ref=homepage&source=nav
66,9,1,0,0,0,0,1,0,14,3,0,0.1818,0.0152,0,0,4.3735,0,https://adobe.com/feed/trending?category=all&page=2&sort=relevance
82,15,2,0,0,1,0,1,0,24,3,0,0.1707,0.0122,0,0,4.4853,0,https://blog.github.com/user/dashboard/overview?category=all&page=2&sort=relevance
48,12,2,0,0,1,0,1,0,1,2,0,0.2083,0.0,0,0,4.2147,0,https://api.etsy.com/?view=compact&filter=active
76,11,1,1,0,0,0,1,0,22,3,0,0.1711,0.0132,0,0,4.388,0,https://nytimes.com/blog/machine-learning?category=all&page=2&sort=relevance
36,14,2,0,0,1,0,1,0,14,0,0,0.1944,0.0,0,0,4.2737,0,https://blog.quora.com/feed/trending
20,12,2,0,0,1,0,1,0,0,0,0,0.25,0.0,0,0,3.7219,0,https://blog.nih.gov
16,7,1,0,0,0,0,1,0,1,0,0,0.3125,0.0,0,0,3.4056,0,https://mit.edu/
69,15,2,0,0,1,0,1,0,7,2,0,0.1739,0.0,0,0,4.2432,0,https://api.weather.com/search?utm_source=newsletter&utm_medium=email
65,16,2,0,0,1,0,1,0,14,2,0,0.1692,0.0,0,0,4.3854,0,https://www.facebook.com/about/company?view=compact&filter=active
40,10,1,1,0,0,0,1,0,22,0,0,0.175,0.0,0,0,4.2153,0,https://medium.com/blog/machine-learning
76,7,1,1,0,0,0,1,0,22,2,0,0.1711,0.0,0,0,4.3836,0,https://cnn.com/blog/machine-learning?utm_source=newsletter&utm_medium=email
32,17,2,0,0,1,0,1,0,7,0,0,0.1875,0.0,0,0,4.2264,0,https://blog.linkedin.com/search
53,10,1,0,0,0,0,0,0,7,2,0,0.1887,0.1698,0,0,4.6756,0,http://office.com/search?session_id=983427492&lang=en
32,17,2,0,0,1,0,1,0,7,0,0,0.1875,0.0,0,0,4.1167,0,https://blog.stanford.edu/search
22,14,2,0,0,1,0,1,0,0,0,0,0.2273,0.0,0,0,3.7322,0,https://api.target.com
68,13,1,0,0,0,0,1,0,12,3,1,0.1765,0.0147,0,0,4.4754,0,https://wikipedia.org/support/faq?category=all&page=2&sort=relevance
32,10,1,0,0,0,0,1,0,14,0,0,0.1875,0.0,0,0,3.9261,0,https://google.com/about/company
50,11,1,0,0,0,0,1,0,0,1,1,0.16,0.0,0,0,4.2464,0,https://walmart.com?q=cybersecurity+best+practices
65,8,1,0,0,0,0,1,0,6,2,0,0.1846,0.1692,0,0,4.8908,0,https://imdb.com/watch?v=dQw4w9WgXcQ?session_id=983427492&lang=en
47,15,2,0,0,1,0,1,0,24,0,0,0.1702,0.0,0,0,4.206,0,https://api.nytimes.com/user/dashboard/overview
69,22,2,0,0,1,0,1,0,0,2,1,0.1594,0.0,0,0,4.2405,0,https://support.healthline.com?utm_source=newsletter&utm_medium=email
63,11,1,0,0,0,0,1,0,6,2,0,0.1746,0.0317,0,0,4.7687,0,https://netflix.com/watch?v=dQw4w9WgXcQ?ref=homepage&source=nav
75,14,1,0,0,0,0,1,0,22,1,1,0.1333,0.0,0,0,4.1378,0,https://salesforce.com/resources/whitepapers?q=cybersecurity+best+practices
37,16,2,0,0,1,0,0,0,14,0,0,0.1892,0.0,0,0,4.0131,0,http://docs.twitter.com/about/company
40,18,2,0,0,1,0,1,0,14,0,0,0.175,0.0,0,0,3.8848,0,https://docs.pinterest.com/feed/trending
58,14,2,0,0,1,0,1,0,7,2,0,0.1897,0.1552,0,0,4.6272,0,https://api.reddit.com/search?session_id=983427492&lang=en
61,19,2,1,0,1,0,1,0,34,0,1,0.1639,0.0984,0,0,4.3939,0,https://blog.healthline.com/article/2026/03/technology-update
32,16,2,0,0,1,0,1,0,8,0,0,0.1875,0.0,0,0,4.0306,0,https://docs.netflix.com/explore
27,11,1,0,0,0,0,1,0,8,0,0,0.1852,0.0,0,0,3.9303,0,https://nytimes.com/explore
72,13,1,1,0,0,0,1,0,22,2,0,0.1667,0.125,0,0,4.6856,0,https://microsoft.com/blog/machine-learning?session_id=983427492&lang=en
88,11,1,1,0,0,0,1,0,34,3,1,0.1705,0.0795,0,0,4.5725,0,https://netflix.com/article/2026/03/technology-update?category=all&page=2&sort=relevance
66,15,2,0,0,1,0,1,0,19,2,0,0.1667,0.0,0,0,4.3324,0,https://blog.office.com/pricing/enterprise?ref=homepage&source=nav
73,12,1,0,0,0,0,1,0,24,2,0,0.1644,0.1233,0,0,4.6297,0,https://stanford.edu/user/dashboard/overview?session_id=983427492&lang=en
68,14,1,1,0,0,0,1,0,22,2,0,0.1618,0.0,0,0,4.3616,0,https://healthline.com/blog/machine-learning?ref=homepage&source=nav
73,14,2,0,0,1,0,1,0,12,2,1,0.1781,0.0,0,0,4.3879,0,https://api.amazon.com/support/faq?utm_source=newsletter&utm_medium=email
64,13,2,0,0,1,0,1,0,12,1,1,0.1875,0.0156,0,0,4.3726,0,https://docs.hulu.com/docs/v2/api?q=cybersecurity+best+practices
25,17,2,0,0,1,0,1,0,0,0,0,0.2,0.0,0,0,3.8333,0,https://docs.stanford.edu
15,7,1,0,0,0,0,0,0,1,0,0,0.3333,0.0,0,0,3.3232,0,http://zoom.us/
38,9,1,0,0,0,0,0,0,22,0,0,0.1579,0.0,0,0,3.9053,0,http://quora.com/resources/whitepapers
85,11,1,0,0,0,0,1,0,27,2,0,0.1529,0.0,0,0,4.2238,0,https://walmart.com/products/electronics/deals?utm_source=newsletter&utm_medium=email
82,9,1,1,0,0,0,1,0,34,1,2,0.1585,0.0732,0,0,4.5443,0,https://yahoo.com/article/2026/03/technology-update?q=cybersecurity+best+practices
71,16,2,0,0,1,0,1,0,6,2,0,0.169,0.0282,0,0,4.6999,0,https://blog.youtube.com/watch?v=dQw4w9WgXcQ?view=compact&filter=active
45,18,2,0,0,1,0,1,0,19,0,1,0.1556,0.0,0,0,3.9826,0,https://support.paypal.com/pricing/enterprise
21,12,2,0,0,1,0,1,0,1,0,0,0.2857,0.0,0,0,3.6897,0,https://docs.nih.gov/
36,16,2,0,0,1,0,1,0,12,0,1,0.1944,0.0,0,0,3.7499,0,https://support.hulu.com/support/faq
27,18,2,0,0,1,0,1,0,1,0,0,0.2222,0.0,0,0,3.8282,0,https://www.healthline.com/
61,8,1,0,0,0,0,1,0,14,1,1,0.1639,0.0,0,0,4.2256,0,https://espn.com/about/company?q=cybersecurity+best+practices
50,18,2,0,0,1,0,1,0,24,0,1,0.16,0.0,0,0,4.0444,0,https://support.reddit.com/user/dashboard/overview
65,14,1,0,0,0,0,1,0,19,2,0,0.1538,0.0,0,0,4.2275,0,https://salesforce.com/pricing/enterprise?ref=homepage&source=nav
60,22,3,0,0,1,0,1,0,30,0,0,0.15,0.0,0,0,4.1448,0,https://docs.stackoverflow.com/download/latest/installer.exe
36,14,2,0,0,1,0,1,0,14,0,0,0.1944,0.0,0,0,4.0169,0,https://www.github.com/about/company
79,25,2,0,0,1,0,0,0,12,3,1,0.1772,0.0253,0,0,4.454,0,http://support.stackoverflow.com/docs/v2/api?category=all&page=2&sort=relevance
26,11,1,0,0,0,0,1,0,7,0,0,0.1923,0.0,0,0,3.6864,0,https://twitter.com/search
34,12,1,0,0,0,0,1,0,14,0,0,0.1765,0.0,0,0,4.1385,0,https://linkedin.com/about/company
75,8,1,0,0,0,0,1,0,20,2,0,0.1733,0.0,0,0,4.3152,0,https://etsy.com/category/news/world?utm_source=newsletter&utm_medium=email
50,15,2,0,0,1,0,1,0,27,0,0,0.16,0.0,0,0,3.9722,0,https://docs.medium.com/products/electronics/deals
69,14,2,0,0,1,0,1,0,12,3,1,0.1884,0.0145,0,0,4.5141,0,https://www.reddit.com/support/faq?category=all&page=2&sort=relevance
68,12,2,0,0,1,0,1,0,24,2,0,0.1765,0.0,0,0,4.3601,0,https://docs.mit.edu/user/dashboard/overview?ref=homepage&source=nav
62,13,2,0,0,1,0,1,0,14,2,0,0.1774,0.0,0,0,4.3426,0,https://www.apple.com/feed/trending?view=compact&filter=active
36,9,1,0,0,0,0,1,0,19,0,0,0.1667,0.0,0,0,3.933,0,https://yahoo.com/pricing/enterprise
39,17,2,0,0,1,0,1,0,14,0,0,0.1795,0.0,0,0,3.9772,0,https://docs.facebook.com/about/company
84,15,2,1,0,1,0,1,0,34,2,1,0.1667,0.0714,0,0,4.5902,0,https://blog.target.com/article/2026/03/technology-update?view=compact&filter=active
47,19,2,0,0,1,0,1,0,6,1,1,0.1702,0.0426,0,0,4.589,0,https://support.nytimes.com/watch?v=dQw4w9WgXcQ
38,10,1,0,0,0,0,1,0,20,0,0,0.1842,0.0,0,0,4.1787,0,https://medium.com/category/news/world
31,16,2,0,0,1,0,1,0,7,0,0,0.1935,0.0,0,0,4.0181,0,https://blog.harvard.edu/search
34,19,2,0,0,1,0,1,0,7,0,1,0.1765,0.0,0,0,3.8666,0,https://support.spotify.com/search
70,11,1,0,0,0,0,1,0,22,2,0,0.1571,0.1286,0,0,4.6783,0,https://netflix.com/resources/whitepapers?session_id=983427492&lang=en
47,17,2,1,0,1,0,1,0,22,0,0,0.1702,0.0,0,0,4.2221,0,https://docs.linkedin.com/blog/machine-learning
57,13,2,0,0,1,0,1,0,1,3,0,0.2105,0.0175,0,0,4.3303,0,https://api.slack.com/?category=all&page=2&sort=relevance
40,10,1,1,0,0,0,1,0,22,0,0,0.175,0.0,0,0,4.1776,0,https://office.com/blog/machine-learning
36,16,2,0,0,1,0,1,0,12,0,0,0.2222,0.0278,0,0,4.1944,0,https://blog.weather.com/docs/v2/api
74,21,2,0,0,1,0,1,0,14,1,2,0.1486,0.0,0,0,4.2308,0,https://support.microsoft.com/about/company?q=cybersecurity+best+practices
42,15,2,0,0,1,0,0,0,6,1,0,0.1905,0.0476,0,0,4.368,0,http://docs.google.com/watch?v=dQw4w9WgXcQ
59,7,1,0,0,0,0,1,0,20,2,0,0.1864,0.0,0,0,4.4227,0,https://zoom.us/category/news/world?ref=homepage&source=nav
66,12,2,0,0,1,0,1,0,22,2,0,0.1667,0.0,0,0,4.3527,0,https://blog.zoom.us/resources/whitepapers?ref=homepage&source=nav
60,7,1,0,0,0,0,1,0,14,1,1,0.1667,0.0,0,0,4.2831,0,https://cnn.com/feed/trending?q=cybersecurity+best+practices
69,20,2,0,0,1,0,1,0,14,2,1,0.1594,0.0,0,0,4.4449,0,https://support.facebook.com/feed/trending?view=compact&filter=active
26,11,2,0,0,1,0,1,0,7,0,0,0.2308,0.0,0,0,3.7962,0,https://api.cnn.com/search
51,16,2,0,0,1,0,1,0,27,0,1,0.1569,0.0,0,0,3.9255,0,https://support.espn.com/products/electronics/deals
29,14,2,0,0,1,0,1,0,7,0,0,0.2069,0.0,0,0,3.7714,0,https://api.target.com/search
63,22,2,1,0,1,0,0,0,34,0,1,0.1587,0.0952,0,0,4.5601,0,http://blog.stackoverflow.com/article/2026/03/technology-update
83,9,1,0,0,0,0,1,0,27,2,0,0.1566,0.0,0,0,4.2768,0,https://yahoo.com/products/electronics/deals?utm_source=newsletter&utm_medium=email
72,15,2,0,0,1,0,1,0,6,2,0,0.1806,0.1528,0,0,4.9398,0,https://blog.medium.com/watch?v=dQw4w9WgXcQ?session_id=983427492&lang=en
43,15,2,0,0,1,0,1,0,20,0,1,0.186,0.0,0,0,4.107,0,https://support.zoom.us/category/news/world
68,12,2,0,0,1,0,1,0,24,2,0,0.1765,0.0,0,0,4.4237,0,https://blog.nih.gov/user/dashboard/overview?ref=homepage&source=nav
55,9,1,0,0,0,0,1,0,7,1,1,0.1636,0.0,0,0,4.1548,0,https://quora.com/search?q=cybersecurity+best+practices
52,14,4,0,0,1,0,1,0,30,0,0,0.1923,0.0,0,0,4.1794,0,https://blog.bbc.co.uk/download/latest/installer.exe
70,18,2,0,0,1,0,1,0,17,2,0,0.1571,0.0,0,0,4.2484,0,https://docs.pinterest.com/profile/settings?view=compact&filter=active
42,10,1,0,0,0,0,1,0,24,0,0,0.1667,0.0,0,0,4.0144,0,https://reddit.com/user/dashboard/overview
47,9,2,0,0,0,0,1,0,30,0,0,0.1702,0.0,0,0,4.0315,0,https://slack.com/download/latest/installer.exe
60,11,1,0,0,0,0,1,0,12,2,1,0.1833,0.15,0,0,4.7232,0,https://spotify.com/support/faq?session_id=983427492&lang=en
59,7,1,0,0,0,0,1,0,20,2,0,0.1864,0.0,0,0,4.3743,0,https://cnn.com/category/news/world?ref=homepage&source=nav
63,16,2,0,0,1,0,1,0,8,1,1,0.1587,0.0,0,0,4.3471,0,https://blog.dropbox.com/explore?q=cybersecurity+best+practices
65,13,2,0,0,1,0,1,0,20,2,0,0.1846,0.0,0,0,4.4297,0,https://docs.ebay.com/category/news/world?ref=homepage&source=nav
49,11,2,0,0,0,0,1,0,30,0,0,0.1633,0.0,0,0,4.0822,0,https://dropbox.com/download/latest/installer.exe
40,18,2,0,0,1,0,1,0,14,0,0,0.175,0.0,0,0,4.0251,0,https://docs.pinterest.com/about/company
75,11,1,0,0,0,0,0,0,22,3,0,0.16,0.0133,0,0,4.2556,0,http://twitter.com/resources/whitepapers?category=all&page=2&sort=relevance
57,14,2,0,0,1,0,0,0,1,3,0,0.2105,0.0175,0,0,4.3285,0,http://docs.adobe.com/?category=all&page=2&sort=relevance
26,17,2,0,0,1,0,1,0,1,0,0,0.2308,0.0,0,0,3.7962,0,https://docs.facebook.com/
44,12,2,0,0,1,0,1,0,24,0,0,0.1818,0.0,0,0,4.1441,0,https://api.ebay.com/user/dashboard/overview
62,13,2,0,0,1,0,1,0,14,2,0,0.1774,0.0,0,0,4.2475,0,https://api.twitch.tv/feed/trending?view=compact&filter=active
37,12,2,0,0,1,0,1,0,17,0,0,0.1892,0.0,0,0,3.99,0,https://www.etsy.com/profile/settings
41,19,2,0,0,1,0,1,0,14,0,0,0.1707,0.0,0,0,4.062,0,https://docs.salesforce.com/about/company
61,12,2,0,0,1,0,1,0,17,2,0,0.1803,0.0,0,0,4.4343,0,https://www.hulu.com/profile/settings?ref=homepage&source=nav
68,14,1,0,0,0,0,0,0,12,3,0,0.1912,0.0294,0,0,4.3373,0,http://healthline.com/docs/v2/api?category=all&page=2&sort=relevance
58,11,1,0,0,0,0,1,0,12,2,0,0.1897,0.0172,0,0,4.2614,0,https://weather.com/docs/v2/api?view=compact&filter=active
17,9,1,0,0,0,0,1,0,0,0,0,0.2353,0.0,0,0,3.7345,0,https://quora.com
62,11,1,0,0,0,0,1,0,8,3,0,0.1774,0.0161,0,0,4.3374,0,https://netflix.com/explore?category=all&page=2&sort=relevance
67,10,1,0,0,0,0,1,0,20,2,0,0.1791,0.1343,0,0,4.658,0,https://reddit.com/category/news/world?session_id=983427492&lang=en
50,15,2,0,0,1,0,1,0,27,0,0,0.16,0.0,0,0,4.0864,0,https://www.harvard.edu/products/electronics/deals
74,17,2,0,0,1,0,1,0,20,2,0,0.1757,0.1216,0,0,4.7201,0,https://blog.linkedin.com/category/news/world?session_id=983427492&lang=en
35,10,1,0,0,0,0,1,0,17,0,0,0.1714,0.0,0,0,3.9002,0,https://target.com/profile/settings
70,9,1,1,0,0,0,1,0,22,1,1,0.1571,0.0,0,0,4.4364,0,https://quora.com/blog/machine-learning?q=cybersecurity+best+practices
71,16,2,0,0,1,0,1,0,12,3,1,0.1831,0.0141,0,0,4.5037,0,https://blog.netflix.com/support/faq?category=all&page=2&sort=relevance
33,11,1,0,0,0,0,1,0,14,0,0,0.1818,0.0,0,0,3.9912,0,https://netflix.com/feed/trending
59,8,1,0,0,0,0,1,0,12,1,1,0.1864,0.0169,0,0,4.3131,0,https://imdb.com/docs/v2/api?q=cybersecurity+best+practices
64,16,2,0,0,1,0,1,0,1,2,0,0.1875,0.0,0,0,4.2603,0,https://docs.walmart.com/?utm_source=newsletter&utm_medium=email
35,15,2,0,0,1,0,1,0,12,0,1,0.2,0.0,0,0,3.9789,0,https://api.mozilla.org/support/faq
39,19,2,0,0,1,0,1,0,12,0,1,0.1795,0.0,0,0,4.1504,0,https://blog.cloudflare.com/support/faq
57,19,2,0,0,1,0,1,0,1,2,1,0.193,0.1579,0,0,4.7209,0,https://support.walmart.com/?session_id=983427492&lang=en
70,15,2,0,0,1,0,1,0,20,2,0,0.1714,0.0,0,0,4.3956,0,https://blog.target.com/category/news/world?view=compact&filter=active
45,17,2,0,0,1,0,1,0,20,0,0,0.1778,0.0,0,0,4.0453,0,https://www.pinterest.com/category/news/world
54,11,1,0,0,0,0,1,0,8,2,0,0.1667,0.0,0,0,4.3309,0,https://harvard.edu/explore?view=compact&filter=active
58,16,2,0,0,1,0,1,0,7,2,0,0.1724,0.0,0,0,4.4271,0,https://blog.youtube.com/search?view=compact&filter=active
86,19,2,0,0,1,0,1,0,24,3,1,0.1628,0.0116,0,0,4.517,0,https://support.netflix.com/user/dashboard/overview?category=all&page=2&sort=relevance
56,14,2,0,0,1,0,0,0,0,3,0,0.1964,0.0179,0,0,4.4769,0,http://www.github.com?category=all&page=2&sort=relevance
63,12,1,0,0,0,0,1,0,12,1,1,0.1746,0.0159,0,0,4.4365,0,https://linkedin.com/docs/v2/api?q=cybersecurity+best+practices
76,12,2,0,0,1,0,1,0,17,2,0,0.1711,0.0,0,0,4.3095,0,https://www.espn.com/profile/settings?utm_source=newsletter&utm_medium=email
74,13,2,1,0,1,0,1,0,22,1,1,0.1622,0.0,0,0,4.4318,0,https://api.twitch.tv/blog/machine-learning?q=cybersecurity+best+practices
83,18,2,1,0,1,0,1,0,22,3,0,0.1687,0.012,0,0,4.4259,0,https://blog.microsoft.com/blog/machine-learning?category=all&page=2&sort=relevance
33,13,2,0,0,1,0,1,0,12,0,1,0.2121,0.0,0,0,4.0438,0,https://www.adobe.com/support/faq
59,16,2,0,0,1,0,1,0,8,2,1,0.1695,0.0,0,0,4.3148,0,https://support.hulu.com/explore?view=compact&filter=active
31,12,1,0,0,0,0,0,0,12,0,1,0.1935,0.0,0,0,3.9378,0,http://facebook.com/support/faq
38,11,1,0,0,0,0,1,0,19,0,0,0.1579,0.0,0,0,3.8725,0,https://spotify.com/pricing/enterprise
89,18,2,1,0,1,0,1,0,34,2,2,0.1685,0.1685,0,0,4.8223,0,https://support.office.com/article/2026/03/technology-update?session_id=983427492&lang=en
75,9,2,0,0,0,0,1,0,19,2,0,0.1733,0.0,0,0,4.3604,0,https://bbc.co.uk/pricing/enterprise?utm_source=newsletter&utm_medium=email
32,10,1,0,0,0,0,1,0,14,0,0,0.1875,0.0,0,0,3.7653,0,https://amazon.com/about/company
61,12,1,0,0,0,0,1,0,12,2,0,0.1967,0.1639,0,0,4.625,0,https://stanford.edu/docs/v2/api?session_id=983427492&lang=en
65,11,2,0,0,1,0,1,0,7,2,0,0.1846,0.0,0,0,4.3044,0,https://api.zoom.us/search?utm_source=newsletter&utm_medium=email
58,18,2,0,0,1,0,1,0,1,1,1,0.1724,0.0,0,0,4.3451,0,https://api.cloudflare.com/?q=cybersecurity+best+practices
36,14,3,0,0,1,0,1,0,14,0,0,0.2222,0.0,0,0,3.8848,0,https://docs.bbc.co.uk/about/company
70,14,2,0,0,1,0,0,0,22,2,0,0.1571,0.0,0,0,4.2917,0,http://docs.adobe.com/resources/whitepapers?view=compact&filter=active
64,9,1,0,0,0,0,1,0,12,3,0,0.2031,0.0312,0,0,4.3474,0,https://twitch.tv/docs/v2/api?category=all&page=2&sort=relevance
28,12,2,0,0,1,0,1,0,8,0,0,0.2143,0.0,0,0,3.8963,0,https://www.hulu.com/explore
65,14,2,0,0,1,0,1,0,12,1,1,0.1846,0.0154,0,0,4.4075,0,https://www.paypal.com/docs/v2/api?q=cybersecurity+best+practices
81,15,2,0,0,1,0,1,0,27,1,2,0.1481,0.0,0,0,4.2543,0,https://support.zoom.us/products/electronics/deals?q=cybersecurity+best+practices
69,13,1,0,0,0,0,1,0,19,2,0,0.1594,0.1304,0,0,4.5109,0,https://wikipedia.org/pricing/enterprise?session_id=983427492&lang=en
55,13,2,1,0,1,0,1,0,34,0,1,0.1818,0.1091,0,0,4.4268,0,https://www.yahoo.com/article/2026/03/technology-update
61,10,1,0,0,0,0,1,0,19,2,0,0.1639,0.0,0,0,4.3029,0,https://paypal.com/pricing/enterprise?ref=homepage&source=nav
52,13,2,0,0,1,0,1,0,0,1,1,0.1731,0.0,0,0,4.2198,0,https://docs.imdb.com?q=cybersecurity+best+practices
47,22,2,0,0,1,0,1,0,17,0,1,0.1489,0.0,0,0,3.9828,0,https://support.salesforce.com/profile/settings
71,15,2,0,0,1,0,1,0,19,2,0,0.169,0.1268,0,0,4.6187,0,https://api.dropbox.com/pricing/enterprise?session_id=983427492&lang=en
38,22,2,0,0,1,0,1,0,8,0,1,0.1579,0.0,0,0,3.9579,0,https://support.healthline.com/explore
76,20,2,0,0,1,0,1,0,17,1,2,0.1447,0.0,0,0,4.2899,0,https://support.stanford.edu/profile/settings?q=cybersecurity+best+practices
63,14,1,0,0,0,0,1,0,12,2,0,0.1905,0.1587,0,0,4.7192,0,https://cloudflare.com/docs/v2/api?session_id=983427492&lang=en
88,19,2,1,0,1,0,1,0,34,2,2,0.1591,0.0682,0,0,4.5818,0,https://support.walmart.com/article/2026/03/technology-update?view=compact&filter=active
74,19,2,0,0,1,0,0,0,19,2,1,0.1622,0.1216,0,0,4.6133,0,http://support.netflix.com/pricing/enterprise?session_id=983427492&lang=en
43,15,2,0,0,1,0,1,0,6,1,1,0.186,0.0465,0,0,4.4723,0,https://support.nih.gov/watch?v=dQw4w9WgXcQ
40,12,2,0,0,1,0,1,0,6,1,0,0.2,0.05,0,0,4.5464,0,https://blog.zoom.us/watch?v=dQw4w9WgXcQ
83,13,1,0,0,0,0,1,0,27,3,0,0.1566,0.012,0,0,4.3231,0,https://microsoft.com/products/electronics/deals?category=all&page=2&sort=relevance
21,13,2,0,0,1,0,1,0,0,0,0,0.2381,0.0,0,0,3.7257,0,https://api.slack.com
57,11,1,0,0,0,0,1,0,14,2,0,0.1754,0.0,0,0,4.3825,0,https://dropbox.com/about/company?ref=homepage&source=nav
86,19,3,0,0,1,0,1,0,30,2,1,0.1628,0.1047,0,0,4.6424,0,https://support.dropbox.com/download/latest/installer.exe?session_id=983427492&lang=en
44,16,2,0,0,1,0,1,0,6,1,1,0.1818,0.0455,0,0,4.5272,0,https://support.imdb.com/watch?v=dQw4w9WgXcQ
62,10,1,0,0,0,0,1,0,6,2,0,0.1774,0.0323,0,0,4.5912,0,https://target.com/watch?v=dQw4w9WgXcQ?ref=homepage&source=nav
63,17,2,0,0,1,0,1,0,14,2,0,0.1746,0.0,0,0,4.3862,0,https://blog.facebook.com/about/company?ref=homepage&source=nav
74,11,2,0,0,1,0,1,0,24,1,1,0.1622,0.0,0,0,4.3844,0,https://www.zoom.us/user/dashboard/overview?q=cybersecurity+best+practices
56,14,2,1,0,1,0,1,0,34,0,1,0.1786,0.1071,0,0,4.4834,0,https://www.medium.com/article/2026/03/technology-update
22,7,1,0,0,0,0,1,0,7,0,0,0.2273,0.0,0,0,3.6635,0,https://cnn.com/search
39,12,2,0,0,1,0,1,0,19,0,0,0.1795,0.0,0,0,4.0091,0,https://www.imdb.com/pricing/enterprise
66,12,2,1,0,1,0,1,0,22,2,0,0.1818,0.0,0,0,4.4854,0,https://api.imdb.com/blog/machine-learning?ref=homepage&source=nav
49,19,2,0,0,1,0,1,0,22,0,1,0.1429,0.0,0,0,3.9189,0,https://support.nytimes.com/resources/whitepapers
31,16,2,0,0,1,0,1,0,7,0,0,0.1935,0.0,0,0,3.9536,0,https://www.stanford.edu/search
35,19,2,0,0,1,0,1,0,8,0,1,0.1714,0.0,0,0,3.9217,0,https://support.walmart.com/explore
42,12,2,0,0,1,0,1,0,22,0,0,0.1667,0.0,0,0,4.062,0,https://blog.zoom.us/resources/whitepapers
48,16,2,0,0,1,0,1,0,24,0,0,0.1667,0.0,0,0,4.2207,0,https://docs.mozilla.org/user/dashboard/overview
52,17,2,0,0,1,0,1,0,27,0,1,0.1538,0.0,0,0,3.9796,0,https://support.twitch.tv/products/electronics/deals
35,10,1,0,0,0,0,1,0,17,0,0,0.1714,0.0,0,0,4.0576,0,https://amazon.com/profile/settings
38,10,1,0,0,0,0,1,0,6,1,0,0.1842,0.0526,0,0,4.3919,0,https://google.com/watch?v=dQw4w9WgXcQ
38,18,2,0,0,1,0,1,0,12,0,1,0.1842,0.0,0,0,4.1132,0,https://blog.pinterest.com/support/faq
25,16,2,0,0,1,0,1,0,1,0,0,0.24,0.0,0,0,3.7533,0,https://docs.youtube.com/
35,15,2,0,0,1,0,1,0,12,0,0,0.2286,0.0286,0,0,3.8542,0,https://api.spotify.com/docs/v2/api
85,11,2,0,0,1,0,1,0,27,2,0,0.1647,0.0,0,0,4.2926,0,https://www.zoom.us/products/electronics/deals?utm_source=newsletter&utm_medium=email
26,17,2,0,0,1,0,1,0,1,0,0,0.2308,0.0,0,0,4.056,0,https://blog.linkedin.com/
36,8,1,0,0,0,0,1,0,6,1,0,0.1944,0.0556,0,0,4.4194,0,https://imdb.com/watch?v=dQw4w9WgXcQ
37,12,1,0,0,0,0,1,0,17,0,0,0.1622,0.0,0,0,4.0876,0,https://facebook.com/profile/settings
64,7,1,0,0,0,0,1,0,14,3,0,0.1875,0.0156,0,0,4.3942,0,https://zoom.us/about/company?category=all&page=2&sort=relevance
48,21,2,0,0,1,0,1,0,19,0,1,0.1458,0.0,0,0,3.9112,0,https://support.instagram.com/pricing/enterprise
64,22,2,1,0,1,0,1,0,34,0,2,0.1562,0.0938,0,0,4.3706,0,https://support.healthline.com/article/2026/03/technology-update
64,18,2,0,0,1,0,1,0,14,2,0,0.1719,0.0,0,0,4.4133,0,https://www.healthline.com/feed/trending?ref=homepage&source=nav
76,13,1,0,0,0,0,1,0,6,3,0,0.1711,0.0395,0,0,4.6637,0,https://wikipedia.org/watch?v=dQw4w9WgXcQ?category=all&page=2&sort=relevance
90,9,1,1,0,0,0,1,0,34,2,1,0.1667,0.0667,0,0,4.5561,0,https://yahoo.com/article/2026/03/technology-update?utm_source=newsletter&utm_medium=email
71,12,2,0,0,1,0,1,0,22,2,0,0.169,0.1268,0,0,4.5985,0,https://docs.cnn.com/resources/whitepapers?session_id=983427492&lang=en
50,20,2,0,0,1,0,1,0,22,0,1,0.14,0.0,0,0,3.98,0,https://support.facebook.com/resources/whitepapers
55,13,2,1,0,1,0,1,0,34,0,1,0.1818,0.1091,0,0,4.4263,0,https://blog.etsy.com/article/2026/03/technology-update
38,18,2,0,0,1,0,1,0,12,0,0,0.2105,0.0263,0,0,4.0208,0,https://api.salesforce.com/docs/v2/api
57,15,2,1,0,1,0,1,0,34,0,1,0.1754,0.1053,0,0,4.3718,0,https://api.twitter.com/article/2026/03/technology-update
76,11,1,0,0,0,0,1,0,22,3,0,0.1579,0.0132,0,0,4.3155,0,https://nytimes.com/resources/whitepapers?category=all&page=2&sort=relevance
64,11,1,0,0,0,0,1,0,14,1,1,0.1562,0.0,0,0,4.3747,0,https://netflix.com/feed/trending?q=cybersecurity+best+practices
33,13,2,0,0,1,0,1,0,12,0,0,0.2424,0.0303,0,0,3.8967,0,https://docs.hulu.com/docs/v2/api
57,18,2,0,0,1,0,1,0,0,1,2,0.1579,0.0,0,0,4.1882,0,https://support.office.com?q=cybersecurity+best+practices
51,7,1,0,0,0,0,1,0,12,2,0,0.2157,0.0196,0,0,4.366,0,https://cnn.com/docs/v2/api?ref=homepage&source=nav
46,16,2,1,0,1,0,1,0,22,0,0,0.1739,0.0,0,0,4.1727,0,https://blog.twitter.com/blog/machine-learning
85,15,2,0,0,1,0,1,0,27,3,0,0.1647,0.0118,0,0,4.446,0,https://www.dropbox.com/products/electronics/deals?category=all&page=2&sort=relevance
34,12,2,0,0,1,0,1,0,14,0,0,0.2059,0.0,0,0,3.9176,0,https://api.imdb.com/about/company
36,14,2,0,0,1,0,1,0,14,0,0,0.1944,0.0,0,0,3.9404,0,https://docs.slack.com/about/company
24,8,1,0,0,0,0,1,0,8,0,0,0.2083,0.0,0,0,3.9387,0,https://ebay.com/explore
34,9,1,0,0,0,0,1,0,17,0,0,0.1765,0.0,0,0,4.0797,0,https://adobe.com/profile/settings
76,17,2,0,0,1,0,1,0,27,2,1,0.1579,0.0,0,0,4.3233,0,https://support.slack.com/products/electronics/deals?ref=homepage&source=nav
66,10,1,0,0,0,0,1,0,24,2,0,0.1667,0.0,0,0,4.3967,0,https://github.com/user/dashboard/overview?ref=homepage&source=nav
36,14,2,0,0,1,0,1,0,14,0,0,0.1944,0.0,0,0,4.0515,0,https://docs.apple.com/feed/trending
27,12,2,0,0,1,0,1,0,7,0,0,0.2222,0.0,0,0,3.9121,0,https://api.imdb.com/search
20,11,2,0,0,1,0,1,0,1,0,0,0.3,0.0,0,0,3.5464,0,https://www.nih.gov/
23,14,2,0,0,1,0,1,0,1,0,0,0.2609,0.0,0,0,3.6753,0,https://api.amazon.com/
36,20,2,0,0,1,0,1,0,8,0,1,0.1667,0.0,0,0,3.8984,0,https://support.stanford.edu/explore
60,12,1,0,0,0,0,0,0,14,2,0,0.1667,0.0,0,0,4.3903,0,http://linkedin.com/about/company?view=compact&filter=active
41,19,2,0,0,1,0,1,0,14,0,1,0.1707,0.0,0,0,3.934,0,https://support.walmart.com/about/company
54,10,1,0,0,0,0,1,0,1,3,0,0.2037,0.0185,0,0,4.1779,0,https://target.com/?category=all&page=2&sort=relevance
55,15,2,0,0,1,0,1,0,8,2,0,0.1818,0.0,0,0,4.367,0,https://docs.reddit.com/explore?ref=homepage&source=nav
33,7,1,0,0,0,0,0,0,19,0,0,0.1818,0.0,0,0,3.7179,0,http://nih.gov/pricing/enterprise
73,14,3,0,0,1,0,1,0,6,1,1,0.1781,0.0274,0,0,4.6811,0,https://blog.bbc.co.uk/watch?v=dQw4w9WgXcQ?q=cybersecurity+best+practices
16,8,1,0,0,0,0,1,0,0,0,0,0.25,0.0,0,0,3.5,0,https://hulu.com
77,8,1,1,0,0,0,1,0,22,2,0,0.1688,0.0,0,0,4.3861,0,https://hulu.com/blog/machine-learning?utm_source=newsletter&utm_medium=email
42,12,2,0,0,1,0,1,0,22,0,0,0.1667,0.0,0,0,4.112,0,https://blog.cnn.com/resources/whitepapers
36,16,2,0,0,1,0,1,0,12,0,1,0.1944,0.0,0,0,3.9166,0,https://support.imdb.com/support/faq
38,11,2,0,0,1,0,1,0,19,0,0,0.1842,0.0,0,0,3.8725,0,https://www.mit.edu/pricing/enterprise
45,15,2,1,0,1,0,1,0,22,0,0,0.1778,0.0,0,0,4.2969,0,https://www.netflix.com/blog/machine-learning
48,22,2,0,0,1,0,0,0,19,0,1,0.1458,0.0,0,0,3.9788,0,http://support.salesforce.com/pricing/enterprise
27,19,2,0,0,1,0,1,0,0,0,0,0.1852,0.0,0,0,3.8101,0,https://docs.salesforce.com
49,7,1,1,0,0,0,1,0,34,0,1,0.1837,0.1224,0,0,4.4028,0,https://nih.gov/article/2026/03/technology-update
46,18,2,0,0,1,0,1,0,6,1,0,0.1739,0.0435,0,0,4.4828,0,https://docs.pinterest.com/watch?v=dQw4w9WgXcQ
21,13,1,0,0,0,0,1,0,0,0,0,0.1905,0.0,0,0,3.6304,0,https://pinterest.com
49,13,2,0,0,1,0,1,0,1,2,0,0.2041,0.0,0,0,4.2375,0,https://api.slack.com/?view=compact&filter=active
28,8,1,0,0,0,0,1,0,12,0,0,0.25,0.0357,0,0,3.8927,0,https://hulu.com/docs/v2/api
27,11,1,0,0,0,0,1,0,8,0,0,0.1852,0.0,0,0,3.7505,0,https://twitter.com/explore
43,11,1,0,0,0,0,1,0,24,0,0,0.1628,0.0,0,0,4.2954,0,https://netflix.com/user/dashboard/overview
38,16,2,0,0,1,0,1,0,14,0,0,0.1842,0.0,0,0,4.1953,0,https://blog.netflix.com/about/company
42,17,2,0,0,1,0,1,0,17,0,0,0.1667,0.0,0,0,3.9551,0,https://api.microsoft.com/profile/settings
56,9,1,0,0,0,0,1,0,8,1,1,0.1607,0.0,0,0,4.2736,0,https://adobe.com/explore?q=cybersecurity+best+practices
51,16,2,0,0,1,0,1,0,27,0,0,0.1569,0.0,0,0,4.1364,0,https://blog.youtube.com/products/electronics/deals
72,18,2,0,0,1,0,0,0,20,2,0,0.1667,0.0,0,0,4.392,0,http://www.cloudflare.com/category/news/world?view=compact&filter=active
75,9,1,0,0,0,0,1,0,19,2,0,0.16,0.0,0,0,4.2456,0,https://twitch.tv/pricing/enterprise?utm_source=newsletter&utm_medium=email
54,12,2,1,0,1,0,1,0,34,0,1,0.1852,0.1111,0,0,4.3959,0,https://api.espn.com/article/2026/03/technology-update
50,8,1,0,0,0,0,1,0,7,2,0,0.18,0.0,0,0,4.2771,0,https://ebay.com/search?view=compact&filter=active
62,11,1,0,0,0,0,1,0,12,1,1,0.1774,0.0161,0,0,4.459,0,https://mozilla.org/docs/v2/api?q=cybersecurity+best+practices
59,17,2,1,0,1,0,1,0,34,0,1,0.1695,0.1017,0,0,4.3608,0,https://api.pinterest.com/article/2026/03/technology-update
54,15,2,0,0,1,0,1,0,0,1,1,0.1667,0.0,0,0,4.283,0,https://api.dropbox.com?q=cybersecurity+best+practices
36,16,2,0,0,1,0,1,0,12,0,1,0.2222,0.0278,0,0,3.9512,0,https://support.imdb.com/docs/v2/api
49,19,2,1,0,1,0,1,0,22,0,1,0.1633,0.0,0,0,4.257,0,https://support.weather.com/blog/machine-learning
24,16,2,0,0,1,0,1,0,0,0,0,0.2083,0.0,0,0,3.7721,0,https://docs.nytimes.com
67,16,2,0,0,1,0,1,0,19,2,0,0.1642,0.0,0,0,4.3221,0,https://docs.spotify.com/pricing/enterprise?ref=homepage&source=nav
72,16,2,0,0,1,0,0,0,6,2,0,0.1806,0.1528,0,0,4.9817,0,http://blog.youtube.com/watch?v=dQw4w9WgXcQ?session_id=983427492&lang=en
47,14,2,0,0,1,0,1,0,1,2,0,0.2128,0.0,0,0,4.3735,0,https://docs.slack.com/?ref=homepage&source=nav
43,13,2,0,0,1,0,1,0,22,0,0,0.1628,0.0,0,0,3.9317,0,https://api.quora.com/resources/whitepapers
48,18,2,0,0,1,0,1,0,22,0,0,0.1458,0.0,0,0,4.0719,0,https://www.cloudflare.com/resources/whitepapers
36,10,1,0,0,0,0,0,0,19,0,0,0.1667,0.0,0,0,3.7499,0,http://target.com/pricing/enterprise
76,7,2,0,0,0,0,1,0,30,1,1,0.1579,0.0,0,0,4.3514,0,https://cnn.com/download/latest/installer.exe?q=cybersecurity+best+practices
50,13,1,0,0,0,0,1,0,0,2,0,0.18,0.18,0,0,4.6064,0,https://instagram.com?session_id=983427492&lang=en
49,15,2,0,0,1,0,0,0,27,0,0,0.1633,0.0,0,0,4.1813,0,http://www.netflix.com/products/electronics/deals
67,13,1,1,0,0,0,1,0,22,2,0,0.1642,0.0,0,0,4.4124,0,https://microsoft.com/blog/machine-learning?ref=homepage&source=nav
70,8,2,0,0,0,0,1,0,30,2,0,0.1714,0.0,0,0,4.4382,0,https://ebay.com/download/latest/installer.exe?ref=homepage&source=nav
23,15,2,0,0,1,0,1,0,0,0,0,0.2174,0.0,0,0,3.6753,0,https://api.spotify.com
40,13,2,0,0,1,0,1,0,19,0,0,0.175,0.0,0,0,4.0964,0,https://blog.ebay.com/pricing/enterprise
76,13,1,0,0,0,0,1,0,24,1,1,0.1447,0.0,0,0,4.3412,0,https://wikipedia.org/user/dashboard/overview?q=cybersecurity+best+practices
48,9,1,0,0,0,0,1,0,0,1,1,0.1667,0.0,0,0,4.2029,0,https://adobe.com?q=cybersecurity+best+practices
41,21,2,0,0,1,0,1,0,12,0,0,0.1951,0.0244,0,0,4.1531,0,https://api.stackoverflow.com/docs/v2/api
56,10,1,0,0,0,0,0,0,12,2,0,0.1964,0.0179,0,0,4.2948,0,http://google.com/docs/v2/api?view=compact&filter=active
92,12,1,1,0,0,0,0,0,34,2,1,0.163,0.0652,0,0,4.6213,0,http://facebook.com/article/2026/03/technology-update?utm_source=newsletter&utm_medium=email
23,16,2,0,0,1,0,0,0,0,0,0,0.2174,0.0,0,0,3.7951,0,http://blog.walmart.com
55,10,1,0,0,0,0,1,0,8,2,0,0.1818,0.1636,0,0,4.7673,0,https://github.com/explore?session_id=983427492&lang=en
33,13,2,0,0,1,0,1,0,12,0,1,0.2121,0.0,0,0,3.9196,0,https://www.apple.com/support/faq
43,18,2,0,0,1,0,1,0,17,0,0,0.1628,0.0,0,0,4.0605,0,https://docs.instagram.com/profile/settings
57,15,2,1,0,1,0,1,0,34,0,1,0.1754,0.1053,0,0,4.4005,0,https://www.weather.com/article/2026/03/technology-update
35,15,2,0,0,1,0,1,0,12,0,0,0.2286,0.0286,0,0,4.0116,0,https://www.dropbox.com/docs/v2/api
68,12,2,0,0,1,0,1,0,24,2,0,0.1765,0.0,0,0,4.3706,0,https://docs.nih.gov/user/dashboard/overview?ref=homepage&source=nav
64,22,2,1,0,1,0,1,0,34,0,1,0.1562,0.0938,0,0,4.5737,0,https://blog.stackoverflow.com/article/2026/03/technology-update
79,15,2,0,0,1,0,1,0,27,2,0,0.1646,0.1139,0,0,4.6031,0,https://blog.reddit.com/products/electronics/deals?session_id=983427492&lang=en
77,18,2,0,0,1,0,1,0,22,2,0,0.1558,0.1169,0,0,4.6021,0,https://docs.wikipedia.org/resources/whitepapers?session_id=983427492&lang=en
58,9,1,0,0,0,0,1,0,14,2,0,0.1724,0.0,0,0,4.3077,0,https://apple.com/feed/trending?view=compact&filter=active
67,12,1,0,0,0,0,1,0,6,2,0,0.1642,0.0299,0,0,4.6385,0,https://linkedin.com/watch?v=dQw4w9WgXcQ?view=compact&filter=active
51,9,1,1,0,0,0,1,0,34,0,1,0.1765,0.1176,0,0,4.3364,0,https://apple.com/article/2026/03/technology-update
34,14,2,0,0,1,0,1,0,12,0,1,0.2059,0.0,0,0,3.9764,0,https://www.office.com/support/faq
42,15,2,0,0,1,0,1,0,19,0,0,0.1667,0.0,0,0,3.8895,0,https://api.harvard.edu/pricing/enterprise
64,18,2,0,0,1,0,1,0,14,2,0,0.1719,0.0,0,0,4.3626,0,https://api.salesforce.com/about/company?ref=homepage&source=nav
69,8,1,0,0,0,0,1,0,14,2,0,0.1739,0.0,0,0,4.3189,0,https://hulu.com/about/company?utm_source=newsletter&utm_medium=email
64,15,2,0,0,1,0,1,0,12,2,0,0.2031,0.1562,0,0,4.6053,0,https://api.nytimes.com/docs/v2/api?session_id=983427492&lang=en
42,12,1,0,0,0,0,1,0,22,0,0,0.1429,0.0,0,0,3.9964,0,https://facebook.com/resources/whitepapers
53,18,2,0,0,1,0,1,0,27,0,0,0.1509,0.0,0,0,3.9145,0,https://docs.pinterest.com/products/electronics/deals
64,11,1,0,0,0,0,1,0,14,1,1,0.1562,0.0,0,0,4.4057,0,https://walmart.com/feed/trending?q=cybersecurity+best+practices
51,12,2,0,0,1,0,1,0,7,2,0,0.1961,0.0,0,0,4.3216,0,https://api.hulu.com/search?ref=homepage&source=nav
79,16,2,0,0,1,0,1,0,6,3,0,0.1772,0.038,0,0,4.7074,0,https://blog.youtube.com/watch?v=dQw4w9WgXcQ?category=all&page=2&sort=relevance
40,13,2,0,0,1,0,1,0,19,0,0,0.175,0.0,0,0,3.7276,0,https://www.twitch.tv/pricing/enterprise
80,16,2,0,0,1,0,1,0,17,2,0,0.1625,0.0,0,0,4.3185,0,https://docs.weather.com/profile/settings?utm_source=newsletter&utm_medium=email
73,9,1,0,0,0,0,1,0,17,2,0,0.1644,0.0,0,0,4.294,0,https://twitch.tv/profile/settings?utm_source=newsletter&utm_medium=email
69,14,2,0,0,1,0,1,0,12,3,0,0.2029,0.029,0,0,4.3346,0,https://api.google.com/docs/v2/api?category=all&page=2&sort=relevance
39,17,2,0,0,1,0,1,0,14,0,0,0.1795,0.0,0,0,4.0159,0,https://docs.linkedin.com/feed/trending
76,15,2,1,0,1,0,1,0,22,1,1,0.1579,0.0,0,0,4.4497,0,https://api.spotify.com/blog/machine-learning?q=cybersecurity+best+practices
83,22,2,0,0,1,0,1,0,24,2,0,0.1566,0.1084,0,0,4.754,0,https://docs.stackoverflow.com/user/dashboard/overview?session_id=983427492&lang=en
28,20,2,0,0,1,0,1,0,0,0,1,0.1786,0.0,0,0,3.7534,0,https://support.stanford.edu
47,17,1,1,0,0,0,1,0,22,0,0,0.1489,0.0,0,0,4.3518,0,https://stackoverflow.com/blog/machine-learning
76,15,2,1,0,1,0,1,0,22,1,1,0.1579,0.0,0,0,4.5466,0,https://www.netflix.com/blog/machine-learning?q=cybersecurity+best+practices
33,13,2,0,0,1,0,1,0,12,0,1,0.2121,0.0,0,0,4.0667,0,https://blog.etsy.com/support/faq
46,16,2,1,0,1,0,1,0,22,0,1,0.1739,0.0,0,0,4.2348,0,https://support.hulu.com/blog/machine-learning
61,14,1,0,0,0,0,1,0,12,2,0,0.1803,0.0164,0,0,4.2959,0,https://healthline.com/docs/v2/api?view=compact&filter=active
42,22,2,0,0,1,0,1,0,12,0,0,0.1905,0.0238,0,0,4.2617,0,https://blog.stackoverflow.com/docs/v2/api
46,11,1,0,0,0,0,1,0,27,0,0,0.1522,0.0,0,0,4.0237,0,https://walmart.com/products/electronics/deals
36,8,1,0,0,0,0,1,0,20,0,0,0.1944,0.0,0,0,4.0067,0,https://etsy.com/category/news/world
65,16,2,0,0,1,0,0,0,7,3,0,0.1846,0.0154,0,0,4.2954,0,http://docs.walmart.com/search?category=all&page=2&sort=relevance
74,13,2,0,0,1,0,1,0,14,2,0,0.1757,0.0,0,0,4.4095,0,https://blog.ebay.com/about/company?utm_source=newsletter&utm_medium=email
67,15,2,0,0,1,0,1,0,17,2,0,0.1642,0.0,0,0,4.2822,0,https://docs.target.com/profile/settings?view=compact&filter=active
20,12,1,0,0,0,0,1,0,0,0,0,0.2,0.0,0,0,3.7842,0,https://facebook.com
39,17,1,0,0,0,0,1,0,14,0,0,0.1538,0.0,0,0,4.2404,0,https://stackoverflow.com/feed/trending
29,20,2,0,0,1,0,1,0,1,0,1,0.2069,0.0,0,0,3.7454,0,https://support.stanford.edu/
22,13,2,0,0,1,0,1,0,1,0,0,0.2727,0.0,0,0,3.7888,0,https://api.quora.com/
61,19,2,0,0,1,0,1,0,7,2,0,0.1639,0.0,0,0,4.2972,0,https://blog.salesforce.com/search?view=compact&filter=active
38,11,1,0,0,0,0,0,0,20,0,0,0.1842,0.0,0,0,4.146,0,http://mozilla.org/category/news/world
76,14,2,0,0,0,0,1,0,30,2,0,0.1579,0.0,0,0,4.3305,0,https://healthline.com/download/latest/installer.exe?ref=homepage&source=nav
44,14,1,1,0,0,0,1,0,22,0,0,0.1591,0.0,0,0,4.2827,0,https://cloudflare.com/blog/machine-learning
67,8,1,1,0,0,0,1,0,22,2,0,0.1791,0.1343,0,0,4.6349,0,https://espn.com/blog/machine-learning?session_id=983427492&lang=en
47,12,2,0,0,1,0,1,0,27,0,0,0.1702,0.0,0,0,3.9807,0,https://api.espn.com/products/electronics/deals
76,13,1,0,0,0,0,1,0,20,3,0,0.1711,0.0132,0,0,4.3745,0,https://wikipedia.org/category/news/world?category=all&page=2&sort=relevance
59,9,1,0,0,0,0,1,0,7,3,0,0.1864,0.0169,0,0,4.2954,0,https://quora.com/search?category=all&page=2&sort=relevance
46,18,2,0,0,1,0,1,0,20,0,0,0.1739,0.0,0,0,4.1621,0,https://api.salesforce.com/category/news/world
44,9,1,0,0,0,0,0,0,1,2,0,0.2045,0.0,0,0,4.2267,0,http://slack.com/?view=compact&filter=active
35,15,2,0,0,1,0,1,0,12,0,1,0.2,0.0,0,0,3.9573,0,https://docs.amazon.com/support/faq
91,10,1,1,0,0,0,1,0,34,2,1,0.1648,0.0659,0,0,4.5609,0,https://paypal.com/article/2026/03/technology-update?utm_source=newsletter&utm_medium=email
41,13,1,0,0,0,0,1,0,6,1,0,0.1707,0.0488,0,0,4.4826,0,https://pinterest.com/watch?v=dQw4w9WgXcQ
39,18,2,0,0,1,0,0,0,14,0,1,0.1795,0.0,0,0,4.0772,0,http://support.github.com/feed/trending
71,11,1,0,0,0,0,1,0,17,3,0,0.169,0.0141,0,0,4.3533,0,https://harvard.edu/profile/settings?category=all&page=2&sort=relevance
59,17,2,1,0,1,0,1,0,34,0,2,0.1695,0.1017,0,0,4.3732,0,https://support.twitch.tv/article/2026/03/technology-update
27,18,2,0,0,1,0,1,0,1,0,1,0.2222,0.0,0,0,3.6764,0,https://support.paypal.com/
50,15,2,0,0,1,0,1,0,27,0,0,0.16,0.0,0,0,3.9669,0,https://docs.google.com/products/electronics/deals
47,12,2,0,0,1,0,1,0,0,2,0,0.1915,0.0,0,0,4.2298,0,https://www.etsy.com?view=compact&filter=active
71,14,2,0,0,1,0,1,0,14,3,0,0.1831,0.0141,0,0,4.3761,0,https://www.target.com/feed/trending?category=all&page=2&sort=relevance
78,20,2,0,0,1,0,0,0,20,1,2,0.1538,0.0,0,0,4.3745,0,http://support.stanford.edu/category/news/world?q=cybersecurity+best+practices
69,8,1,1,0,0,0,1,0,22,1,1,0.1594,0.0,0,0,4.389,0,https://espn.com/blog/machine-learning?q=cybersecurity+best+practices
60,17,2,0,0,1,0,1,0,8,2,0,0.1667,0.0,0,0,4.4018,0,https://docs.stanford.edu/explore?view=compact&filter=active
89,16,3,0,0,1,0,1,0,30,3,0,0.1685,0.0112,0,0,4.3065,0,https://docs.weather.com/download/latest/installer.exe?category=all&page=2&sort=relevance
87,25,3,0,0,1,0,1,0,30,2,1,0.1494,0.0,0,0,4.4166,0,https://support.stackoverflow.com/download/latest/installer.exe?ref=homepage&source=nav
47,19,2,0,0,1,0,1,0,6,1,1,0.1702,0.0426,0,0,4.5967,0,https://support.mozilla.org/watch?v=dQw4w9WgXcQ
28,12,2,0,0,1,0,1,0,8,0,0,0.2143,0.0,0,0,3.9677,0,https://api.hulu.com/explore
63,14,2,0,0,1,0,1,0,17,2,0,0.1746,0.0,0,0,4.3554,0,https://www.target.com/profile/settings?ref=homepage&source=nav
56,14,2,1,0,1,0,1,0,34,0,1,0.1786,0.1071,0,0,4.4113,0,https://www.target.com/article/2026/03/technology-update
88,21,3,0,0,1,0,1,0,30,2,1,0.1591,0.1023,0,0,4.5435,0,https://support.pinterest.com/download/latest/installer.exe?session_id=983427492&lang=en
46,16,2,0,0,1,0,1,0,22,0,1,0.1522,0.0,0,0,3.8555,0,https://support.hulu.com/resources/whitepapers
71,9,2,0,0,0,0,1,0,30,2,0,0.169,0.0,0,0,4.4174,0,https://quora.com/download/latest/installer.exe?ref=homepage&source=nav
61,16,2,0,0,1,0,0,0,14,2,1,0.1803,0.0,0,0,4.3911,0,http://support.imdb.com/feed/trending?ref=homepage&source=nav
41,21,2,0,0,1,0,1,0,12,0,1,0.1951,0.0244,0,0,3.8948,0,https://support.microsoft.com/docs/v2/api
71,9,2,0,0,0,0,1,0,30,2,0,0.169,0.0,0,0,4.3471,0,https://apple.com/download/latest/installer.exe?ref=homepage&source=nav
41,16,2,0,0,1,0,1,0,17,0,0,0.1707,0.0,0,0,4.1107,0,https://blog.youtube.com/profile/settings
82,18,2,0,0,1,0,1,0,27,2,1,0.1585,0.1098,0,0,4.5453,0,https://support.reddit.com/products/electronics/deals?session_id=983427492&lang=en
77,16,2,0,0,1,0,1,0,22,1,1,0.1429,0.0,0,0,4.1969,0,https://blog.twitter.com/resources/whitepapers?q=cybersecurity+best+practices
19,11,1,0,0,0,0,0,0,1,0,0,0.2632,0.0,0,0,3.3866,0,http://twitter.com/
55,13,2,1,0,1,0,1,0,34,0,1,0.1818,0.1091,0,0,4.3451,0,https://api.apple.com/article/2026/03/technology-update
78,15,2,0,0,1,0,1,0,24,1,1,0.1538,0.0,0,0,4.3797,0,https://blog.reddit.com/user/dashboard/overview?q=cybersecurity+best+practices
51,12,2,0,0,1,0,0,0,1,1,1,0.1961,0.0,0,0,4.2,0,http://api.espn.com/?q=cybersecurity+best+practices
47,17,3,1,0,1,0,1,0,22,0,1,0.1915,0.0,0,0,4.2932,0,https://support.bbc.co.uk/blog/machine-learning
68,13,1,0,0,0,0,1,0,12,3,0,0.1912,0.0294,0,0,4.4051,0,https://wikipedia.org/docs/v2/api?category=all&page=2&sort=relevance
66,15,2,0,0,1,0,1,0,14,2,0,0.1818,0.1364,0,0,4.7562,0,https://api.dropbox.com/about/company?session_id=983427492&lang=en
58,16,2,1,0,1,0,1,0,34,0,1,0.1724,0.1034,0,0,4.4683,0,https://blog.mozilla.org/article/2026/03/technology-update
71,13,1,0,0,0,0,1,0,19,1,1,0.1408,0.0,0,0,4.2062,0,https://wikipedia.org/pricing/enterprise?q=cybersecurity+best+practices
79,14,2,0,0,1,0,1,0,22,3,0,0.1646,0.0127,0,0,4.3657,0,https://www.reddit.com/resources/whitepapers?category=all&page=2&sort=relevance
51,16,2,0,0,1,0,1,0,27,0,0,0.1569,0.0,0,0,4.0767,0,https://api.linkedin.com/products/electronics/deals
46,19,2,0,0,1,0,1,0,19,0,1,0.1522,0.0,0,0,4.0215,0,https://support.walmart.com/pricing/enterprise
51,16,2,0,0,1,0,1,0,27,0,0,0.1569,0.0,0,0,4.0135,0,https://api.stanford.edu/products/electronics/deals
48,16,2,0,0,1,0,1,0,24,0,1,0.1667,0.0,0,0,4.0855,0,https://support.espn.com/user/dashboard/overview
45,13,2,0,0,1,0,1,0,24,0,0,0.1778,0.0,0,0,4.2167,0,https://blog.imdb.com/user/dashboard/overview
47,8,1,0,0,0,0,1,0,0,1,1,0.1702,0.0,0,0,4.2199,0,https://hulu.com?q=cybersecurity+best+practices
22,14,2,0,0,1,0,1,0,0,0,0,0.2273,0.0,0,0,3.6069,0,https://api.paypal.com
85,14,1,0,0,0,0,1,0,24,2,0,0.1529,0.0,0,0,4.3378,0,https://salesforce.com/user/dashboard/overview?utm_source=newsletter&utm_medium=email
55,17,3,0,0,1,0,1,0,30,0,0,0.1636,0.0,0,0,4.1429,0,https://blog.linkedin.com/download/latest/installer.exe
59,19,2,0,0,1,0,1,0,8,2,1,0.1695,0.0,0,0,4.3131,0,https://support.walmart.com/explore?ref=homepage&source=nav
76,13,1,0,0,0,0,1,0,6,3,0,0.1711,0.0395,0,0,4.6406,0,https://instagram.com/watch?v=dQw4w9WgXcQ?category=all&page=2&sort=relevance
67,8,1,1,0,0,0,1,0,22,2,0,0.1791,0.1343,0,0,4.7149,0,https://hulu.com/blog/machine-learning?session_id=983427492&lang=en
50,15,2,0,0,1,0,1,0,27,0,0,0.16,0.0,0,0,4.1093,0,https://api.youtube.com/products/electronics/deals
78,14,2,0,0,1,0,1,0,27,2,0,0.1667,0.1154,0,0,4.566,0,https://docs.adobe.com/products/electronics/deals?session_id=983427492&lang=en
65,14,1,0,0,0,0,1,0,14,2,0,0.1692,0.1385,0,0,4.6664,0,https://cloudflare.com/feed/trending?session_id=983427492&lang=en
67,16,2,0,0,1,0,1,0,14,2,0,0.1791,0.1343,0,0,4.732,0,https://blog.youtube.com/feed/trending?session_id=983427492&lang=en
39,14,2,0,0,1,0,1,0,17,0,0,0.1795,0.0,0,0,4.0772,0,https://docs.slack.com/profile/settings
35,13,2,0,0,1,0,1,0,14,0,0,0.2,0.0,0,0,3.9433,0,https://blog.hulu.com/about/company
48,18,2,0,0,1,0,1,0,22,0,1,0.1458,0.0,0,0,3.8203,0,https://support.target.com/resources/whitepapers
44,16,2,0,0,1,0,1,0,20,0,0,0.1818,0.0,0,0,4.1098,0,https://blog.twitter.com/category/news/world
75,14,2,0,0,1,0,1,0,24,2,0,0.1733,0.12,0,0,4.72,0,https://blog.adobe.com/user/dashboard/overview?session_id=983427492&lang=en
70,13,2,0,0,1,0,1,0,22,2,0,0.1571,0.0,0,0,4.2629,0,https://www.slack.com/resources/whitepapers?view=compact&filter=active
46,11,1,0,0,0,0,1,0,0,2,0,0.1739,0.0,0,0,4.2241,0,https://spotify.com?view=compact&filter=active
43,11,2,0,0,1,0,1,0,24,0,0,0.186,0.0,0,0,4.0856,0,https://api.nih.gov/user/dashboard/overview
68,9,2,0,0,0,0,1,0,22,2,0,0.1765,0.1324,0,0,4.6986,0,https://bbc.co.uk/resources/whitepapers?session_id=983427492&lang=en
46,11,1,0,0,0,0,1,0,0,2,0,0.1739,0.0,0,0,4.1806,0,https://walmart.com?view=compact&filter=active
57,9,1,0,0,0,0,1,0,1,2,0,0.193,0.0,0,0,4.2243,0,https://apple.com/?utm_source=newsletter&utm_medium=email
81,17,2,0,0,1,0,1,0,27,2,0,0.1605,0.1111,0,0,4.5784,0,https://api.instagram.com/products/electronics/deals?session_id=983427492&lang=en
73,14,2,0,0,1,0,1,0,12,2,0,0.1918,0.0137,0,0,4.3952,0,https://docs.adobe.com/docs/v2/api?utm_source=newsletter&utm_medium=email
27,19,2,0,0,1,0,1,0,0,0,0,0.1852,0.0,0,0,3.9303,0,https://blog.healthline.com
47,15,2,0,0,1,0,1,0,24,0,0,0.1702,0.0,0,0,4.289,0,https://blog.amazon.com/user/dashboard/overview
19,11,1,0,0,0,0,1,0,0,0,0,0.2105,0.0,0,0,3.6163,0,https://harvard.edu
70,13,2,1,0,1,0,1,0,22,2,0,0.1714,0.0,0,0,4.4691,0,https://www.adobe.com/blog/machine-learning?view=compact&filter=active
64,15,2,0,0,1,0,1,0,14,2,0,0.1719,0.0,0,0,4.3645,0,https://www.harvard.edu/feed/trending?view=compact&filter=active
47,15,2,0,0,1,0,1,0,24,0,0,0.1702,0.0,0,0,4.1956,0,https://www.mozilla.org/user/dashboard/overview
73,18,2,0,0,1,0,1,0,8,2,0,0.1644,0.0,0,0,4.3875,0,https://blog.instagram.com/explore?utm_source=newsletter&utm_medium=email
40,13,2,0,0,1,0,1,0,19,0,0,0.175,0.0,0,0,3.9842,0,https://api.adobe.com/pricing/enterprise
70,13,1,0,0,0,0,1,0,22,2,0,0.1429,0.0,0,0,4.2737,0,https://wikipedia.org/resources/whitepapers?view=compact&filter=active
61,17,2,0,0,1,0,1,0,1,3,1,0.1967,0.0164,0,0,4.3551,0,https://support.adobe.com/?category=all&page=2&sort=relevance
58,9,2,0,0,0,0,1,0,12,2,0,0.2241,0.1724,0,0,4.7029,0,https://bbc.co.uk/docs/v2/api?session_id=983427492&lang=en
67,10,1,0,0,0,0,1,0,22,2,0,0.1493,0.0,0,0,4.1834,0,https://office.com/resources/whitepapers?view=compact&filter=active
30,14,2,0,0,1,0,1,0,8,0,0,0.2,0.0,0,0,3.9614,0,https://blog.yahoo.com/explore
56,13,1,0,0,0,0,1,0,8,2,0,0.1607,0.0,0,0,4.2079,0,https://pinterest.com/explore?view=compact&filter=active
51,12,2,0,0,1,0,1,0,0,1,1,0.1765,0.0,0,0,4.2469,0,https://www.espn.com?q=cybersecurity+best+practices
47,9,1,0,0,0,0,1,0,1,2,0,0.2128,0.1915,0,0,4.5967,0,https://apple.com/?session_id=983427492&lang=en
66,14,2,0,0,1,0,1,0,17,2,0,0.1667,0.0,0,0,4.3871,0,https://www.github.com/profile/settings?view=compact&filter=active
27,7,1,0,0,0,0,1,0,12,0,0,0.2593,0.037,0,0,3.8525,0,https://mit.edu/docs/v2/api
56,16,2,0,0,1,0,1,0,1,1,1,0.1786,0.0,0,0,4.3053,0,https://blog.nytimes.com/?q=cybersecurity+best+practices
43,15,2,0,0,1,0,1,0,6,1,0,0.186,0.0465,0,0,4.4083,0,https://docs.paypal.com/watch?v=dQw4w9WgXcQ
87,21,2,0,0,1,0,1,0,27,1,2,0.1379,0.0,0,0,4.3028,0,https://support.wikipedia.org/products/electronics/deals?q=cybersecurity+best+practices
55,11,1,0,0,0,0,1,0,7,2,0,0.1818,0.1636,0,0,4.636,0,https://weather.com/search?session_id=983427492&lang=en
40,10,1,0,0,0,0,1,0,22,0,0,0.15,0.0,0,0,3.9653,0,https://github.com/resources/whitepapers
35,15,2,0,0,1,0,1,0,12,0,0,0.2286,0.0286,0,0,3.8973,0,https://api.harvard.edu/docs/v2/api
87,13,2,0,0,1,0,1,0,27,2,0,0.1609,0.0,0,0,4.3024,0,https://docs.ebay.com/products/electronics/deals?utm_source=newsletter&utm_medium=email
53,9,1,0,0,0,0,1,0,7,2,0,0.1887,0.1698,0,0,4.6148,0,https://twitch.tv/search?session_id=983427492&lang=en
41,13,2,0,0,1,0,1,0,6,1,0,0.1951,0.0488,0,0,4.3387,0,https://www.adobe.com/watch?v=dQw4w9WgXcQ
65,11,1,1,0,0,0,1,0,22,2,0,0.1692,0.0,0,0,4.4488,0,https://harvard.edu/blog/machine-learning?ref=homepage&source=nav
39,11,1,0,0,0,0,1,0,6,1,0,0.1795,0.0513,0,0,4.4581,0,https://spotify.com/watch?v=dQw4w9WgXcQ
99,18,2,1,0,1,0,1,0,34,2,1,0.1616,0.0606,0,0,4.5686,0,https://api.salesforce.com/article/2026/03/technology-update?utm_source=newsletter&utm_medium=email
75,17,2,0,0,1,0,1,0,19,1,1,0.1467,0.0,0,0,4.3369,0,https://blog.facebook.com/pricing/enterprise?q=cybersecurity+best+practices
60,16,2,0,0,1,0,1,0,7,2,0,0.1833,0.15,0,0,4.7046,0,https://blog.mozilla.org/search?session_id=983427492&lang=en
43,15,2,0,0,1,0,1,0,6,1,0,0.186,0.0465,0,0,4.377,0,https://docs.target.com/watch?v=dQw4w9WgXcQ
53,11,1,1,0,0,0,1,0,34,0,1,0.1698,0.1132,0,0,4.4207,0,https://spotify.com/article/2026/03/technology-update
78,11,2,0,0,0,0,1,0,30,2,0,0.1667,0.1154,0,0,4.5323,0,https://twitter.com/download/latest/installer.exe?session_id=983427492&lang=en
66,15,2,0,0,1,0,1,0,14,2,1,0.1818,0.1364,0,0,4.5733,0,https://support.mit.edu/feed/trending?session_id=983427492&lang=en
71,14,2,0,0,1,0,1,0,14,3,0,0.1831,0.0141,0,0,4.3479,0,https://api.google.com/about/company?category=all&page=2&sort=relevance
23,15,2,0,0,1,0,1,0,0,0,0,0.2174,0.0,0,0,3.7951,0,https://docs.github.com
63,7,1,0,0,0,0,1,0,24,2,0,0.1746,0.0,0,0,4.3662,0,https://cnn.com/user/dashboard/overview?ref=homepage&source=nav
61,12,2,0,0,1,0,1,0,17,2,0,0.1803,0.0,0,0,4.4262,0,https://api.imdb.com/profile/settings?ref=homepage&source=nav
59,15,2,0,0,1,0,1,0,12,2,0,0.2034,0.0169,0,0,4.4176,0,https://docs.paypal.com/docs/v2/api?ref=homepage&source=nav
69,14,1,0,0,0,0,1,0,20,2,0,0.1594,0.0,0,0,4.4091,0,https://cloudflare.com/category/news/world?view=compact&filter=active
23,14,2,0,0,1,0,1,0,1,0,0,0.2609,0.0,0,0,3.9362,0,https://blog.quora.com/
41,19,2,0,0,1,0,1,0,14,0,1,0.1707,0.0,0,0,4.034,0,https://support.harvard.edu/about/company
33,11,2,0,0,1,0,1,0,14,0,0,0.2121,0.0,0,0,4.0667,0,https://www.zoom.us/feed/trending
26,10,1,0,0,0,0,1,0,8,0,0,0.1923,0.0,0,0,3.7193,0,https://google.com/explore
30,14,2,0,0,1,0,1,0,8,0,0,0.2,0.0,0,0,4.0981,0,https://www.github.com/explore
76,9,2,0,0,0,0,1,0,30,2,0,0.1711,0.1184,0,0,4.5693,0,https://adobe.com/download/latest/installer.exe?session_id=983427492&lang=en
52,9,1,0,0,0,0,1,0,0,3,0,0.1923,0.0192,0,0,4.2728,0,https://slack.com?category=all&page=2&sort=relevance
44,16,2,0,0,1,0,1,0,20,0,0,0.1818,0.0,0,0,4.0643,0,https://docs.walmart.com/category/news/world
22,14,2,0,0,1,0,1,0,0,0,0,0.2273,0.0,0,0,3.6978,0,https://www.target.com
58,16,2,1,0,1,0,1,0,34,0,2,0.1724,0.1034,0,0,4.3745,0,https://support.hulu.com/article/2026/03/technology-update
76,17,2,0,0,1,0,1,0,6,1,1,0.1579,0.0263,0,0,4.6309,0,https://api.wikipedia.org/watch?v=dQw4w9WgXcQ?q=cybersecurity+best+practices
28,13,2,0,0,1,0,1,0,7,0,0,0.2143,0.0,0,0,3.9947,0,https://blog.ebay.com/search
42,22,2,0,0,1,0,1,0,12,0,1,0.1905,0.0238,0,0,4.0416,0,https://support.salesforce.com/docs/v2/api
43,11,1,0,0,0,0,1,0,24,0,0,0.1628,0.0,0,0,4.014,0,https://twitter.com/user/dashboard/overview
71,12,2,0,0,1,0,1,0,12,2,1,0.1831,0.0,0,0,4.3637,0,https://docs.zoom.us/support/faq?utm_source=newsletter&utm_medium=email
74,13,2,0,0,1,0,1,0,14,2,0,0.1757,0.0,0,0,4.3841,0,https://api.quora.com/feed/trending?utm_source=newsletter&utm_medium=email
75,16,2,0,0,1,0,1,0,6,1,1,0.16,0.0267,0,0,4.6577,0,https://blog.weather.com/watch?v=dQw4w9WgXcQ?q=cybersecurity+best+practices
69,10,1,0,0,0,0,1,0,24,2,0,0.1594,0.0,0,0,4.3006,0,https://reddit.com/user/dashboard/overview?view=compact&filter=active
64,9,1,0,0,0,0,1,0,8,2,0,0.1719,0.0,0,0,4.3119,0,https://slack.com/explore?utm_source=newsletter&utm_medium=email
62,15,2,0,0,1,0,1,0,8,1,1,0.1613,0.0,0,0,4.3411,0,https://www.spotify.com/explore?q=cybersecurity+best+practices
41,14,2,0,0,1,0,1,0,19,0,0,0.1707,0.0,0,0,4.0948,0,https://blog.yahoo.com/pricing/enterprise
62,9,1,0,0,0,0,1,0,14,1,1,0.1613,0.0,0,0,4.3002,0,https://slack.com/about/company?q=cybersecurity+best+practices
74,10,1,0,0,0,0,1,0,27,2,0,0.1622,0.1216,0,0,4.5601,0,https://target.com/products/electronics/deals?session_id=983427492&lang=en
20,11,2,0,0,1,0,1,0,1,0,0,0.3,0.0,0,0,3.5842,0,https://api.nih.gov/
78,14,2,0,0,1,0,1,0,27,2,0,0.1667,0.1154,0,0,4.6536,0,https://blog.twitch.tv/products/electronics/deals?session_id=983427492&lang=en
70,13,1,0,0,0,0,1,0,22,2,0,0.1429,0.0,0,0,4.1566,0,https://pinterest.com/resources/whitepapers?view=compact&filter=active
47,15,2,0,0,1,0,1,0,24,0,0,0.1702,0.0,0,0,3.9143,0,https://api.harvard.edu/user/dashboard/overview
55,13,1,0,0,0,0,1,0,7,2,0,0.1636,0.0,0,0,4.2587,0,https://instagram.com/search?view=compact&filter=active
27,18,2,0,0,1,0,1,0,1,0,0,0.2222,0.0,0,0,3.8562,0,https://docs.instagram.com/
52,10,1,1,0,0,0,1,0,34,0,1,0.1731,0.1154,0,0,4.3269,0,https://target.com/article/2026/03/technology-update
70,9,1,0,0,0,0,1,0,14,2,0,0.1714,0.0,0,0,4.3055,0,https://apple.com/feed/trending?utm_source=newsletter&utm_medium=email
56,12,2,0,0,1,0,1,0,1,3,0,0.2143,0.0179,0,0,4.3376,0,https://api.ebay.com/?category=all&page=2&sort=relevance
84,21,2,0,0,1,0,1,0,6,3,1,0.1667,0.0357,0,0,4.6957,0,https://support.microsoft.com/watch?v=dQw4w9WgXcQ?category=all&page=2&sort=relevance
53,25,2,0,0,1,0,1,0,6,1,1,0.1509,0.0377,0,0,4.5605,0,https://support.stackoverflow.com/watch?v=dQw4w9WgXcQ
32,7,1,0,0,0,0,1,0,17,0,0,0.1875,0.0,0,0,3.8278,0,https://nih.gov/profile/settings
70,9,1,0,0,0,0,1,0,22,1,1,0.1429,0.0,0,0,4.1617,0,https://adobe.com/resources/whitepapers?q=cybersecurity+best+practices
24,16,2,0,0,1,0,1,0,0,0,0,0.2083,0.0,0,0,3.9702,0,https://blog.nytimes.com
63,15,2,0,0,1,0,0,0,12,2,0,0.2063,0.1587,0,0,4.7052,0,http://blog.target.com/docs/v2/api?session_id=983427492&lang=en
37,22,2,0,0,1,0,1,0,7,0,1,0.1622,0.0,0,0,3.9856,0,https://support.cloudflare.com/search
63,14,1,0,0,0,0,1,0,12,2,1,0.1746,0.1429,0,0,4.7052,0,https://healthline.com/support/faq?session_id=983427492&lang=en
80,13,3,0,0,1,0,1,0,30,2,0,0.175,0.1125,0,0,4.5703,0,https://www.apple.com/download/latest/installer.exe?session_id=983427492&lang=en
77,11,1,1,0,0,0,1,0,34,2,1,0.1688,0.0779,0,0,4.5963,0,https://twitter.com/article/2026/03/technology-update?ref=homepage&source=nav
42,17,2,0,0,1,0,1,0,17,0,0,0.1667,0.0,0,0,4.08,0,https://www.instagram.com/profile/settings
80,14,2,1,0,1,0,1,0,34,2,1,0.175,0.075,0,0,4.63,0,https://api.medium.com/article/2026/03/technology-update?ref=homepage&source=nav
38,10,1,0,0,0,0,1,0,20,0,0,0.1842,0.0,0,0,4.0735,0,https://paypal.com/category/news/world
67,13,3,0,0,1,0,1,0,22,2,0,0.1791,0.0,0,0,4.337,0,https://api.bbc.co.uk/resources/whitepapers?ref=homepage&source=nav
74,14,2,0,0,1,0,1,0,17,3,0,0.1757,0.0135,0,0,4.4289,0,https://blog.quora.com/profile/settings?category=all&page=2&sort=relevance
45,9,1,0,0,0,0,1,0,1,2,0,0.2,0.0,0,0,4.3055,0,https://quora.com/?view=compact&filter=active
66,7,1,0,0,0,0,1,0,20,1,1,0.1667,0.0,0,0,4.351,0,https://cnn.com/category/news/world?q=cybersecurity+best+practices
98,21,3,0,0,1,0,1,0,30,2,0,0.1531,0.0,0,0,4.3867,0,https://api.stackoverflow.com/download/latest/installer.exe?utm_source=newsletter&utm_medium=email
53,18,2,0,0,1,0,1,0,0,2,1,0.1698,0.0,0,0,4.3475,0,https://support.github.com?view=compact&filter=active
47,17,2,1,0,1,0,1,0,22,0,0,0.1702,0.0,0,0,4.2164,0,https://blog.facebook.com/blog/machine-learning
39,19,2,0,0,1,0,1,0,12,0,1,0.1795,0.0,0,0,3.8334,0,https://support.dropbox.com/support/faq
59,16,2,0,0,1,0,1,0,0,3,0,0.1864,0.0169,0,0,4.3193,0,https://docs.walmart.com?category=all&page=2&sort=relevance
45,17,1,0,0,0,0,1,0,6,1,0,0.1556,0.0444,0,0,4.525,0,https://stackoverflow.com/watch?v=dQw4w9WgXcQ
71,18,2,0,0,1,0,0,0,22,2,1,0.1549,0.0,0,0,4.2539,0,http://support.paypal.com/resources/whitepapers?ref=homepage&source=nav
33,12,2,0,0,1,0,0,0,14,0,0,0.2121,0.0,0,0,3.9912,0,http://www.etsy.com/feed/trending
46,16,2,1,0,1,0,1,0,22,0,0,0.1739,0.0,0,0,4.1806,0,https://blog.walmart.com/blog/machine-learning
81,12,1,1,0,0,0,1,0,34,2,1,0.1605,0.0741,0,0,4.6153,0,https://linkedin.com/article/2026/03/technology-update?view=compact&filter=active
74,12,3,0,0,1,0,1,0,30,2,0,0.1757,0.0,0,0,4.4281,0,https://www.hulu.com/download/latest/installer.exe?ref=homepage&source=nav
81,14,2,0,0,1,0,1,0,20,2,0,0.1728,0.0,0,0,4.3856,0,https://www.amazon.com/category/news/world?utm_source=newsletter&utm_medium=email
53,15,3,0,0,1,0,1,0,30,0,0,0.1698,0.0,0,0,4.0654,0,https://api.netflix.com/download/latest/installer.exe
72,11,1,0,0,0,0,1,0,14,2,0,0.1667,0.0,0,0,4.3154,0,https://weather.com/about/company?utm_source=newsletter&utm_medium=email
41,19,2,0,0,1,0,1,0,14,0,1,0.1707,0.0,0,0,4.1107,0,https://support.netflix.com/feed/trending
47,17,2,0,0,1,0,1,0,22,0,1,0.1489,0.0,0,0,3.8179,0,https://support.apple.com/resources/whitepapers
64,22,2,1,0,1,0,1,0,34,0,2,0.1562,0.0938,0,0,4.3984,0,https://support.salesforce.com/article/2026/03/technology-update
57,15,2,1,0,1,0,1,0,34,0,1,0.1754,0.1053,0,0,4.462,0,https://www.harvard.edu/article/2026/03/technology-update
30,21,2,0,0,1,0,1,0,1,0,1,0.2,0.0,0,0,3.8981,0,https://support.wikipedia.org/
75,15,2,0,0,1,0,1,0,17,3,0,0.1733,0.0133,0,0,4.3955,0,https://blog.reddit.com/profile/settings?category=all&page=2&sort=relevance
60,12,2,0,0,1,0,1,0,1,2,0,0.2,0.0,0,0,4.3461,0,https://blog.zoom.us/?utm_source=newsletter&utm_medium=email
65,13,2,0,0,1,0,1,0,17,2,0,0.1692,0.0,0,0,4.2994,0,https://docs.espn.com/profile/settings?view=compact&filter=active
57,11,1,0,0,0,0,1,0,14,2,0,0.1754,0.0,0,0,4.3153,0,https://weather.com/about/company?ref=homepage&source=nav
70,8,1,0,0,0,0,1,0,19,3,0,0.1714,0.0143,0,0,4.293,0,https://ebay.com/pricing/enterprise?category=all&page=2&sort=relevance
30,15,2,0,0,1,0,1,0,7,0,0,0.2,0.0,0,0,4.0314,0,https://blog.office.com/search
25,16,2,0,0,1,0,1,0,1,0,0,0.24,0.0,0,0,3.8333,0,https://www.facebook.com/
63,11,2,0,0,1,0,1,0,17,2,0,0.1746,0.0,0,0,4.2838,0,https://api.nih.gov/profile/settings?view=compact&filter=active
35,7,1,0,0,0,0,1,0,20,0,0,0.2,0.0,0,0,4.1259,0,https://zoom.us/category/news/world
62,11,2,0,0,1,0,1,0,12,1,2,0.1774,0.0,0,0,4.323,0,https://www.mit.edu/support/faq?q=cybersecurity+best+practices
55,17,2,0,0,1,0,1,0,1,2,0,0.2,0.1636,0,0,4.577,0,https://docs.linkedin.com/?session_id=983427492&lang=en
60,13,1,0,0,0,0,1,0,0,2,0,0.1667,0.0,0,0,4.2223,0,https://microsoft.com?utm_source=newsletter&utm_medium=email
91,10,1,1,0,0,0,1,0,34,2,1,0.1648,0.0659,0,0,4.573,0,https://amazon.com/article/2026/03/technology-update?utm_source=newsletter&utm_medium=email
50,12,3,0,0,1,0,1,0,30,0,0,0.18,0.0,0,0,4.0069,0,https://api.espn.com/download/latest/installer.exe
43,15,2,0,0,1,0,1,0,20,0,0,0.186,0.0,0,0,4.255,0,https://blog.github.com/category/news/world
64,7,1,0,0,0,0,1,0,14,3,0,0.1875,0.0156,0,0,4.3286,0,https://cnn.com/about/company?category=all&page=2&sort=relevance
79,21,2,0,0,1,0,0,0,22,2,1,0.1519,0.1139,0,0,4.5893,0,http://support.wikipedia.org/resources/whitepapers?session_id=983427492&lang=en
81,16,3,0,0,1,0,1,0,30,2,0,0.1605,0.0,0,0,4.3669,0,https://docs.mozilla.org/download/latest/installer.exe?view=compact&filter=active
55,18,2,0,0,1,0,1,0,0,2,0,0.1818,0.1636,0,0,4.6946,0,https://www.salesforce.com?session_id=983427492&lang=en
67,10,1,0,0,0,0,1,0,6,2,0,0.1791,0.1642,0,0,4.8715,0,https://amazon.com/watch?v=dQw4w9WgXcQ?session_id=983427492&lang=en
72,11,1,0,0,0,0,1,0,14,2,0,0.1667,0.0,0,0,4.3259,0,https://youtube.com/feed/trending?utm_source=newsletter&utm_medium=email
27,18,2,0,0,1,0,1,0,1,0,0,0.2222,0.0,0,0,3.9582,0,https://docs.wikipedia.org/
56,12,1,0,0,0,0,1,0,12,2,1,0.1786,0.0,0,0,4.4969,0,https://linkedin.com/support/faq?ref=homepage&source=nav
88,11,1,1,0,0,0,1,0,34,3,1,0.1705,0.0795,0,0,4.4897,0,https://harvard.edu/article/2026/03/technology-update?category=all&page=2&sort=relevance
45,10,1,0,0,0,0,1,0,27,0,0,0.1556,0.0,0,0,4.0112,0,https://paypal.com/products/electronics/deals
79,10,1,0,0,0,0,1,0,22,2,0,0.1519,0.0,0,0,4.2565,0,https://paypal.com/resources/whitepapers?utm_source=newsletter&utm_medium=email
63,11,1,0,0,0,0,1,0,20,2,0,0.1746,0.0,0,0,4.451,0,https://dropbox.com/category/news/world?ref=homepage&source=nav
52,14,3,0,0,1,0,1,0,30,0,0,0.1731,0.0,0,0,4.0659,0,https://api.amazon.com/download/latest/installer.exe
54,12,1,1,0,0,0,1,0,34,0,1,0.1667,0.1111,0,0,4.4681,0,https://facebook.com/article/2026/03/technology-update
48,8,1,0,0,0,0,1,0,1,1,1,0.1875,0.0,0,0,4.0724,0,https://etsy.com/?q=cybersecurity+best+practices
50,15,2,0,0,1,0,1,0,27,0,0,0.16,0.0,0,0,4.0298,0,https://docs.amazon.com/products/electronics/deals
87,18,2,1,0,1,0,1,0,34,2,2,0.1609,0.069,0,0,4.5742,0,https://support.paypal.com/article/2026/03/technology-update?view=compact&filter=active
54,15,2,0,0,1,0,1,0,7,2,0,0.1852,0.0,0,0,4.354,0,https://blog.office.com/search?ref=homepage&source=nav
43,10,1,0,0,0,0,1,0,1,2,0,0.2093,0.0,0,0,4.3214,0,https://paypal.com/?ref=homepage&source=nav
33,11,1,0,0,0,0,1,0,14,0,0,0.1818,0.0,0,0,3.9455,0,https://twitter.com/about/company
49,19,2,0,0,1,0,1,0,22,0,1,0.1429,0.0,0,0,3.8876,0,https://support.spotify.com/resources/whitepapers
61,16,2,0,0,1,0,1,0,8,2,0,0.1803,0.1475,0,0,4.7545,0,https://blog.spotify.com/explore?session_id=983427492&lang=en
69,12,2,0,0,1,0,1,0,22,2,0,0.1594,0.0,0,0,4.2323,0,https://www.espn.com/resources/whitepapers?view=compact&filter=active
57,20,3,0,0,1,0,0,0,30,0,1,0.1579,0.0,0,0,4.0103,0,http://support.stanford.edu/download/latest/installer.exe
40,20,2,0,0,1,0,1,0,12,0,1,0.2,0.025,0,0,3.9939,0,https://support.stanford.edu/docs/v2/api
75,14,2,0,0,1,0,1,0,22,1,1,0.1467,0.0,0,0,4.1889,0,https://www.reddit.com/resources/whitepapers?q=cybersecurity+best+practices
80,18,2,0,0,1,0,1,0,19,3,0,0.1625,0.0125,0,0,4.3371,0,https://docs.wikipedia.org/pricing/enterprise?category=all&page=2&sort=relevance
56,18,3,0,0,1,0,1,0,30,0,0,0.1607,0.0,0,0,4.0518,0,https://api.salesforce.com/download/latest/installer.exe
44,10,1,0,0,0,0,0,0,27,0,0,0.1591,0.0,0,0,3.9734,0,http://target.com/products/electronics/deals
44,12,2,0,0,1,0,1,0,24,0,0,0.1818,0.0,0,0,4.1552,0,https://blog.nih.gov/user/dashboard/overview
31,11,1,0,0,0,0,1,0,12,0,1,0.1935,0.0,0,0,3.8976,0,https://dropbox.com/support/faq
68,13,1,0,0,0,0,1,0,20,2,0,0.1618,0.0,0,0,4.3388,0,https://microsoft.com/category/news/world?view=compact&filter=active
49,21,2,0,0,1,0,1,0,6,1,0,0.1633,0.0408,0,0,4.4482,0,https://www.stackoverflow.com/watch?v=dQw4w9WgXcQ
41,16,2,0,0,1,0,1,0,17,0,0,0.1707,0.0,0,0,4.0804,0,https://docs.dropbox.com/profile/settings
49,21,2,0,0,1,0,1,0,20,0,1,0.1633,0.0,0,0,4.1733,0,https://support.wikipedia.org/category/news/world
21,12,1,0,0,0,0,1,0,1,0,0,0.2381,0.0,0,0,3.749,0,https://stanford.edu/
39,19,2,0,0,1,0,1,0,12,0,0,0.2051,0.0256,0,0,4.0191,0,https://docs.healthline.com/docs/v2/api
78,13,2,1,0,1,0,1,0,22,3,0,0.1795,0.0128,0,0,4.4553,0,https://api.quora.com/blog/machine-learning?category=all&page=2&sort=relevance
58,16,2,1,0,1,0,1,0,34,0,1,0.1724,0.1034,0,0,4.422,0,https://api.stanford.edu/article/2026/03/technology-update
46,14,2,0,0,1,0,1,0,24,0,0,0.1739,0.0,0,0,4.1727,0,https://www.github.com/user/dashboard/overview
45,15,2,1,0,1,0,1,0,22,0,0,0.1778,0.0,0,0,4.1912,0,https://blog.office.com/blog/machine-learning
72,13,3,0,0,1,0,1,0,12,2,1,0.1944,0.0,0,0,4.4642,0,https://api.bbc.co.uk/support/faq?utm_source=newsletter&utm_medium=email
50,8,1,0,0,0,0,1,0,7,2,0,0.18,0.0,0,0,4.2089,0,https://etsy.com/search?view=compact&filter=active
59,19,2,0,0,1,0,1,0,1,1,2,0.1695,0.0,0,0,4.3404,0,https://support.mozilla.org/?q=cybersecurity+best+practices
72,16,2,0,0,1,0,1,0,19,2,0,0.1667,0.125,0,0,4.5271,0,https://api.linkedin.com/pricing/enterprise?session_id=983427492&lang=en
67,16,2,0,0,1,0,1,0,12,1,2,0.1642,0.0,0,0,4.2846,0,https://api.facebook.com/support/faq?q=cybersecurity+best+practices
63,11,2,0,0,1,0,1,0,17,2,0,0.1746,0.0,0,0,4.3538,0,https://api.zoom.us/profile/settings?view=compact&filter=active
39,19,2,0,0,1,0,1,0,12,0,1,0.1795,0.0,0,0,4.1311,0,https://docs.healthline.com/support/faq
72,13,2,0,0,1,0,1,0,24,2,0,0.1667,0.0,0,0,4.4343,0,https://blog.imdb.com/user/dashboard/overview?view=compact&filter=active
76,17,2,0,0,1,0,1,0,24,2,1,0.1579,0.0,0,0,4.3793,0,https://support.quora.com/user/dashboard/overview?view=compact&filter=active
50,9,1,1,0,0,0,0,0,34,0,1,0.18,0.12,0,0,4.3762,0,http://quora.com/article/2026/03/technology-update
79,18,2,0,0,1,0,1,0,24,2,0,0.1646,0.1139,0,0,4.6629,0,https://docs.pinterest.com/user/dashboard/overview?session_id=983427492&lang=en
75,14,2,0,0,1,0,1,0,14,2,0,0.1733,0.0,0,0,4.3405,0,https://docs.twitch.tv/feed/trending?utm_source=newsletter&utm_medium=email
33,11,1,0,0,0,0,1,0,14,0,0,0.1818,0.0,0,0,4.0438,0,https://dropbox.com/feed/trending
75,12,2,0,0,1,0,1,0,20,3,0,0.1867,0.0133,0,0,4.3545,0,https://www.ebay.com/category/news/world?category=all&page=2&sort=relevance
50,11,1,0,0,0,0,1,0,7,2,0,0.18,0.0,0,0,4.3664,0,https://mozilla.org/search?ref=homepage&source=nav
32,12,2,0,0,1,0,1,0,12,0,1,0.2188,0.0,0,0,4.0542,0,https://blog.cnn.com/support/faq
62,13,1,0,0,0,0,1,0,12,2,1,0.1774,0.1452,0,0,4.7061,0,https://microsoft.com/support/faq?session_id=983427492&lang=en
64,17,2,0,0,1,0,1,0,12,2,0,0.1875,0.0156,0,0,4.3675,0,https://www.instagram.com/docs/v2/api?view=compact&filter=active
38,13,2,0,0,1,0,1,0,17,0,0,0.1842,0.0,0,0,3.9354,0,https://api.apple.com/profile/settings
26,17,2,0,0,1,0,1,0,1,0,0,0.2308,0.0,0,0,3.7962,0,https://api.wikipedia.org/
23,15,2,0,0,1,0,1,0,0,0,0,0.2174,0.0,0,0,3.671,0,https://api.twitter.com
79,13,2,0,0,1,0,1,0,19,2,0,0.1646,0.0,0,0,4.3466,0,https://www.adobe.com/pricing/enterprise?utm_source=newsletter&utm_medium=email
35,8,1,0,0,0,0,1,0,19,0,0,0.1714,0.0,0,0,3.9357,0,https://hulu.com/pricing/enterprise
31,11,1,0,0,0,0,1,0,12,0,0,0.2258,0.0323,0,0,4.0149,0,https://youtube.com/docs/v2/api
83,14,3,0,0,1,0,1,0,30,1,1,0.1566,0.0,0,0,4.3912,0,https://blog.twitch.tv/download/latest/installer.exe?q=cybersecurity+best+practices
52,17,2,0,0,1,0,1,0,27,0,1,0.1538,0.0,0,0,3.9341,0,https://support.apple.com/products/electronics/deals
57,10,1,0,0,0,0,1,0,8,1,1,0.1579,0.0,0,0,4.291,0,https://medium.com/explore?q=cybersecurity+best+practices
63,19,2,0,0,1,0,1,0,12,2,1,0.1905,0.0159,0,0,4.4053,0,https://support.dropbox.com/docs/v2/api?ref=homepage&source=nav
61,14,2,0,0,1,0,1,0,12,2,1,0.1803,0.0,0,0,4.4467,0,https://blog.yahoo.com/support/faq?view=compact&filter=active
78,7,1,1,0,0,0,1,0,34,2,1,0.1795,0.1923,0,0,4.7784,0,https://mit.edu/article/2026/03/technology-update?session_id=983427492&lang=en
32,12,2,0,0,1,0,1,0,12,0,0,0.25,0.0312,0,0,3.965,0,https://api.ebay.com/docs/v2/api
44,17,2,0,0,1,0,1,0,19,0,0,0.1591,0.0,0,0,3.9646,0,https://www.instagram.com/pricing/enterprise
45,7,2,0,0,0,0,1,0,30,0,0,0.1778,0.0,0,0,3.9922,0,https://cnn.com/download/latest/installer.exe
70,16,2,0,0,1,0,1,0,7,2,0,0.1714,0.0,0,0,4.3623,0,https://blog.youtube.com/search?utm_source=newsletter&utm_medium=email
40,10,1,1,0,0,0,1,0,22,0,0,0.175,0.0,0,0,4.1776,0,https://github.com/blog/machine-learning
44,19,2,0,0,1,0,1,0,17,0,1,0.1591,0.0,0,0,4.01,0,https://support.netflix.com/profile/settings
83,13,2,0,0,1,0,1,0,27,3,0,0.1687,0.012,0,0,4.3368,0,https://blog.espn.com/products/electronics/deals?category=all&page=2&sort=relevance
86,15,2,1,0,1,0,1,0,34,2,1,0.1744,0.1744,0,0,4.8065,0,https://api.weather.com/article/2026/03/technology-update?session_id=983427492&lang=en
55,8,1,0,0,0,0,1,0,12,2,0,0.2,0.0182,0,0,4.2813,0,https://etsy.com/docs/v2/api?view=compact&filter=active
20,11,1,0,0,0,0,1,0,1,0,0,0.25,0.0,0,0,3.7842,0,https://mozilla.org/
64,7,1,1,0,0,0,1,0,22,2,0,0.1719,0.0,0,0,4.3984,0,https://nih.gov/blog/machine-learning?view=compact&filter=active
77,15,2,0,0,1,0,1,0,19,3,0,0.1688,0.013,0,0,4.3291,0,https://www.walmart.com/pricing/enterprise?category=all&page=2&sort=relevance
50,8,1,1,0,0,0,1,0,34,0,1,0.18,0.12,0,0,4.4162,0,https://ebay.com/article/2026/03/technology-update
81,14,2,0,0,0,0,1,0,30,2,0,0.1605,0.1111,0,0,4.5015,0,https://healthline.com/download/latest/installer.exe?session_id=983427492&lang=en
37,17,2,0,0,1,0,1,0,12,0,0,0.2162,0.027,0,0,4.1291,0,https://blog.facebook.com/docs/v2/api
47,15,2,0,0,1,0,1,0,24,0,0,0.1702,0.0,0,0,4.2646,0,https://blog.paypal.com/user/dashboard/overview
59,13,2,0,0,1,0,1,0,14,2,0,0.1864,0.0,0,0,4.4558,0,https://blog.imdb.com/feed/trending?ref=homepage&source=nav
65,14,2,0,0,1,0,1,0,8,3,0,0.1846,0.0154,0,0,4.3645,0,https://blog.quora.com/explore?category=all&page=2&sort=relevance
42,20,2,0,0,1,0,1,0,14,0,1,0.1667,0.0,0,0,3.9871,0,https://support.facebook.com/about/company
67,10,1,0,0,0,0,1,0,14,3,0,0.1791,0.0149,0,0,4.4648,0,https://github.com/feed/trending?category=all&page=2&sort=relevance
74,11,1,0,0,0,0,1,0,20,3,0,0.1757,0.0135,0,0,4.3916,0,https://spotify.com/category/news/world?category=all&page=2&sort=relevance
16,8,1,0,0,0,0,1,0,0,0,0,0.25,0.0,0,0,3.5,0,https://espn.com
55,11,1,0,0,0,0,1,0,1,3,0,0.2,0.0182,0,0,4.2742,0,https://harvard.edu/?category=all&page=2&sort=relevance
82,22,2,0,0,1,0,1,0,17,3,1,0.1585,0.0122,0,0,4.2943,0,https://support.salesforce.com/profile/settings?category=all&page=2&sort=relevance
36,16,2,0,0,1,0,1,0,12,0,1,0.1944,0.0,0,0,3.9058,0,https://api.stanford.edu/support/faq
65,11,1,0,0,0,0,1,0,19,2,0,0.1538,0.0,0,0,4.2482,0,https://netflix.com/pricing/enterprise?view=compact&filter=active
62,16,2,0,0,1,0,1,0,14,2,0,0.1774,0.0,0,0,4.3907,0,https://docs.dropbox.com/feed/trending?ref=homepage&source=nav
66,12,1,0,0,0,0,1,0,19,2,0,0.1515,0.0,0,0,4.3029,0,https://facebook.com/pricing/enterprise?view=compact&filter=active
63,10,1,0,0,0,0,1,0,14,1,1,0.1587,0.0,0,0,4.2841,0,https://medium.com/about/company?q=cybersecurity+best+practices
67,16,2,0,0,1,0,1,0,14,2,0,0.1791,0.1343,0,0,4.6556,0,https://blog.harvard.edu/feed/trending?session_id=983427492&lang=en
45,7,1,0,0,0,0,1,0,1,2,0,0.2222,0.2,0,0,4.5635,0,https://mit.edu/?session_id=983427492&lang=en
73,15,2,0,0,1,0,1,0,19,1,1,0.1507,0.0,0,0,4.2657,0,https://docs.paypal.com/pricing/enterprise?q=cybersecurity+best+practices
73,16,2,0,0,1,0,1,0,6,2,0,0.1781,0.1507,0,0,4.9735,0,https://blog.youtube.com/watch?v=dQw4w9WgXcQ?session_id=983427492&lang=en
31,16,2,0,0,1,0,1,0,7,0,0,0.1935,0.0,0,0,4.1313,0,https://www.linkedin.com/search
70,16,2,0,0,1,0,1,0,7,2,0,0.1714,0.0,0,0,4.3495,0,https://docs.spotify.com/search?utm_source=newsletter&utm_medium=email
58,11,2,0,0,1,0,1,0,12,2,1,0.1897,0.0,0,0,4.422,0,https://www.nih.gov/support/faq?view=compact&filter=active
41,16,2,0,0,1,0,1,0,17,0,0,0.1707,0.0,0,0,4.0132,0,https://blog.spotify.com/profile/settings
77,18,2,0,0,1,0,1,0,24,2,1,0.1558,0.0,0,0,4.3234,0,https://support.reddit.com/user/dashboard/overview?view=compact&filter=active
77,8,2,0,0,0,0,1,0,30,1,1,0.1558,0.0,0,0,4.3462,0,https://ebay.com/download/latest/installer.exe?q=cybersecurity+best+practices
50,15,2,0,0,1,0,1,0,27,0,1,0.16,0.0,0,0,4.062,0,https://support.nih.gov/products/electronics/deals
65,9,1,0,0,0,0,1,0,24,2,0,0.1692,0.0,0,0,4.3534,0,https://twitch.tv/user/dashboard/overview?ref=homepage&source=nav
48,13,3,0,0,1,0,1,0,27,0,0,0.1875,0.0,0,0,4.1217,0,https://www.bbc.co.uk/products/electronics/deals
37,9,1,0,0,0,0,1,0,6,1,0,0.1892,0.0541,0,0,4.4047,0,https://apple.com/watch?v=dQw4w9WgXcQ
49,14,1,0,0,0,0,1,0,0,2,0,0.1633,0.0,0,0,4.1892,0,https://salesforce.com?view=compact&filter=active
31,22,2,0,0,1,0,1,0,1,0,0,0.1935,0.0,0,0,4.0181,0,https://docs.stackoverflow.com/
59,12,2,0,0,1,0,1,0,8,1,1,0.1695,0.0,0,0,4.2785,0,https://docs.mit.edu/explore?q=cybersecurity+best+practices
82,11,1,0,0,0,0,1,0,24,2,0,0.1585,0.0,0,0,4.4175,0,https://netflix.com/user/dashboard/overview?utm_source=newsletter&utm_medium=email
43,13,2,0,0,1,0,1,0,22,0,0,0.1628,0.0,0,0,4.1093,0,https://blog.ebay.com/resources/whitepapers
61,8,1,0,0,0,0,1,0,14,1,1,0.1639,0.0,0,0,4.2524,0,https://etsy.com/feed/trending?q=cybersecurity+best+practices
85,8,1,1,0,0,0,1,0,34,3,1,0.1765,0.0824,0,0,4.5277,0,https://ebay.com/article/2026/03/technology-update?category=all&page=2&sort=relevance
21,13,2,0,0,1,0,1,0,0,0,0,0.2381,0.0,0,0,3.8209,0,https://docs.ebay.com
75,8,1,0,0,0,0,1,0,24,3,0,0.1733,0.0133,0,0,4.4021,0,https://etsy.com/user/dashboard/overview?category=all&page=2&sort=relevance
53,11,2,1,0,1,0,1,0,34,0,1,0.1887,0.1132,0,0,4.4423,0,https://www.cnn.com/article/2026/03/technology-update
70,11,1,0,0,0,0,1,0,20,1,1,0.1571,0.0,0,0,4.3626,0,https://walmart.com/category/news/world?q=cybersecurity+best+practices
38,16,2,0,0,1,0,1,0,14,0,0,0.1842,0.0,0,0,3.9354,0,https://docs.spotify.com/about/company
44,12,2,0,0,1,0,1,0,0,2,0,0.2045,0.0,0,0,4.4363,0,https://api.imdb.com?ref=homepage&source=nav
38,11,1,0,0,0,0,1,0,19,0,0,0.1579,0.0,0,0,3.9778,0,https://youtube.com/pricing/enterprise
29,14,2,0,0,1,0,1,0,7,0,0,0.2069,0.0,0,0,3.9094,0,https://blog.apple.com/search
82,19,2,0,0,1,0,1,0,24,1,2,0.1463,0.0,0,0,4.357,0,https://support.walmart.com/user/dashboard/overview?q=cybersecurity+best+practices
49,19,2,0,0,1,0,1,0,22,0,1,0.1429,0.0,0,0,4.006,0,https://support.mozilla.org/resources/whitepapers
68,9,1,1,0,0,0,1,0,22,2,0,0.1765,0.1324,0,0,4.6664,0,https://adobe.com/blog/machine-learning?session_id=983427492&lang=en
60,18,2,1,0,1,0,1,0,34,0,1,0.1667,0.1,0,0,4.4712,0,https://docs.wikipedia.org/article/2026/03/technology-update
44,14,3,1,0,1,0,1,0,22,0,0,0.2045,0.0,0,0,4.2999,0,https://docs.bbc.co.uk/blog/machine-learning
32,13,2,0,0,1,0,0,0,12,0,1,0.2188,0.0,0,0,3.9681,0,http://blog.hulu.com/support/faq
82,11,1,0,0,0,0,1,0,24,2,0,0.1585,0.0,0,0,4.3234,0,https://walmart.com/user/dashboard/overview?utm_source=newsletter&utm_medium=email
58,18,2,0,0,1,0,1,0,8,2,0,0.1724,0.0,0,0,4.4133,0,https://www.cloudflare.com/explore?ref=homepage&source=nav
34,12,2,0,0,1,0,1,0,14,0,0,0.2059,0.0,0,0,4.1607,0,https://www.ebay.com/feed/trending
70,13,2,0,0,1,0,1,0,14,3,0,0.1857,0.0143,0,0,4.4612,0,https://blog.imdb.com/about/company?category=all&page=2&sort=relevance
71,10,1,0,0,0,0,1,0,14,2,0,0.169,0.0,0,0,4.3375,0,https://github.com/feed/trending?utm_source=newsletter&utm_medium=email
85,11,1,0,0,0,0,1,0,27,2,0,0.1529,0.0,0,0,4.2672,0,https://harvard.edu/products/electronics/deals?utm_source=newsletter&utm_medium=email
79,22,2,0,0,1,0,1,0,6,2,1,0.1646,0.1392,0,0,4.9153,0,https://support.salesforce.com/watch?v=dQw4w9WgXcQ?session_id=983427492&lang=en
79,14,2,1,0,1,0,1,0,22,3,0,0.1772,0.0127,0,0,4.3468,0,https://api.target.com/blog/machine-learning?category=all&page=2&sort=relevance
80,18,2,0,0,1,0,1,0,27,2,1,0.15,0.0,0,0,4.3063,0,https://support.paypal.com/products/electronics/deals?view=compact&filter=active
73,14,1,1,0,0,0,1,0,22,2,0,0.1644,0.1233,0,0,4.655,0,https://salesforce.com/blog/machine-learning?session_id=983427492&lang=en
66,11,1,0,0,0,0,1,0,12,3,0,0.197,0.0303,0,0,4.3875,0,https://nytimes.com/docs/v2/api?category=all&page=2&sort=relevance
73,12,2,0,0,1,0,1,0,24,2,0,0.1781,0.1233,0,0,4.6912,0,https://docs.mit.edu/user/dashboard/overview?session_id=983427492&lang=en
59,17,1,1,0,0,0,1,0,34,0,1,0.1525,0.1017,0,0,4.5244,0,https://stackoverflow.com/article/2026/03/technology-update
47,9,2,0,0,0,0,1,0,30,0,0,0.1702,0.0,0,0,4.0155,0,https://adobe.com/download/latest/installer.exe
70,16,2,0,0,1,0,1,0,17,2,0,0.1714,0.1286,0,0,4.6938,0,https://docs.youtube.com/profile/settings?session_id=983427492&lang=en
27,7,1,0,0,0,0,1,0,12,0,0,0.2593,0.037,0,0,3.8245,0,https://zoom.us/docs/v2/api
53,8,1,0,0,0,0,1,0,8,2,0,0.1887,0.1698,0,0,4.7492,0,https://ebay.com/explore?session_id=983427492&lang=en
42,14,2,0,0,1,0,1,0,6,1,0,0.1905,0.0476,0,0,4.5882,0,https://blog.quora.com/watch?v=dQw4w9WgXcQ
70,15,2,0,0,1,0,1,0,12,3,1,0.1857,0.0143,0,0,4.5277,0,https://blog.medium.com/support/faq?category=all&page=2&sort=relevance
47,17,2,1,0,1,0,1,0,22,0,1,0.1702,0.0,0,0,4.2667,0,https://support.twitch.tv/blog/machine-learning
54,10,1,0,0,0,0,1,0,7,2,0,0.1852,0.1667,0,0,4.6461,0,https://amazon.com/search?session_id=983427492&lang=en
77,15,2,0,0,1,0,1,0,27,2,0,0.1558,0.0,0,0,4.2762,0,https://docs.target.com/products/electronics/deals?view=compact&filter=active
76,17,2,0,0,1,0,1,0,20,1,1,0.1579,0.0,0,0,4.4347,0,https://docs.linkedin.com/category/news/world?q=cybersecurity+best+practices
43,15,2,0,0,1,0,1,0,6,1,0,0.186,0.0465,0,0,4.4548,0,https://docs.medium.com/watch?v=dQw4w9WgXcQ
33,12,2,0,0,1,0,0,0,14,0,0,0.2121,0.0,0,0,4.0518,0,http://blog.mit.edu/about/company
81,15,2,0,0,1,0,0,0,24,3,0,0.1728,0.0123,0,0,4.4141,0,http://api.twitter.com/user/dashboard/overview?category=all&page=2&sort=relevance
20,11,1,0,0,0,0,1,0,1,0,0,0.25,0.0,0,0,3.5464,0,https://spotify.com/
20,12,2,0,0,1,0,1,0,0,0,0,0.25,0.0,0,0,3.7842,0,https://www.ebay.com
71,7,1,0,0,0,0,1,0,17,2,0,0.169,0.0,0,0,4.2886,0,https://cnn.com/profile/settings?utm_source=newsletter&utm_medium=email
37,12,1,0,0,0,0,1,0,17,0,0,0.1622,0.0,0,0,3.9564,0,https://stanford.edu/profile/settings
43,11,1,0,0,0,0,1,0,0,2,0,0.186,0.0,0,0,4.4144,0,https://mozilla.org?ref=homepage&source=nav
41,16,2,0,0,1,0,1,0,17,0,0,0.1707,0.0,0,0,4.1316,0,https://docs.harvard.edu/profile/settings
23,14,2,0,0,1,0,1,0,1,0,0,0.2609,0.0,0,0,3.6753,0,https://docs.adobe.com/
67,8,1,0,0,0,0,1,0,24,2,0,0.1642,0.0,0,0,4.376,0,https://ebay.com/user/dashboard/overview?view=compact&filter=active
74,15,2,0,0,1,0,1,0,20,1,1,0.1622,0.0,0,0,4.3814,0,https://blog.google.com/category/news/world?q=cybersecurity+best+practices
49,17,2,0,0,1,0,1,0,24,0,0,0.1633,0.0,0,0,4.0568,0,https://docs.stanford.edu/user/dashboard/overview
79,18,2,1,0,1,0,1,0,22,1,1,0.1519,0.0,0,0,4.5171,0,https://blog.wikipedia.org/blog/machine-learning?q=cybersecurity+best+practices
97,29,3,3,0,0,0,0,0,20,1,2,0.1856,0.0,1,0,4.3421,1,http://metamask-validation-alert.com//redirect/index.php?url=http://malicious-collector.com/login
77,42,1,6,0,0,0,0,0,28,0,4,0.1558,0.0,0,0,4.3376,1,http://instagram-badge-verify-security-update.icu/update-billing-information/
53,12,4,0,0,0,1,0,0,10,2,2,0.2264,0.2642,0,0,4.751,1,http://169.34.90.19/login.php?verify=25618&user=login
97,29,3,3,0,0,0,0,0,20,1,3,0.1856,0.0,1,0,4.3793,1,http://wellsfargo-security-alert.com//redirect/index.php?url=http://malicious-collector.com/login
93,25,3,3,0,0,0,0,0,20,1,2,0.1935,0.0,1,0,4.3415,1,http://usps-redelivery-alert.com//redirect/index.php?url=http://malicious-collector.com/login
89,39,1,5,0,0,0,0,0,28,1,2,0.1461,0.0674,0,1,4.4834,1,http://netflix-billing-verification-portal.vip/update-billing-information/?session=692552
48,25,1,2,0,0,0,0,0,16,0,2,0.1875,0.0,0,1,4.0465,1,http://paypal-security-update.gq/dispute/center/
27,11,1,0,0,0,0,0,1,9,0,0,0.1852,0.1481,0,0,4.1343,1,http://tinyurl.com/auth6578
90,22,3,3,0,0,0,0,0,20,1,3,0.2,0.0,1,0,4.3806,1,http://chase-verify-alert.com//redirect/index.php?url=http://malicious-collector.com/login
92,24,3,3,0,0,0,0,0,20,1,3,0.1957,0.0,1,0,4.3167,1,http://amazon-support-alert.com//redirect/index.php?url=http://malicious-collector.com/login
83,56,5,4,0,3,0,0,0,20,0,2,0.1566,0.0241,0,1,4.3848,1,http://usps-redelivery.microsoft.com.account-verification-64.ml/verify-account.html
74,36,1,3,0,0,0,0,0,16,1,1,0.1622,0.0811,0,1,4.39,1,http://binance-trade-verification-secure.gq/dispute/center/?session=272882
70,19,4,1,0,0,1,0,0,20,2,3,0.2,0.2857,0,0,4.8022,1,http://212.120.86.213:8000/verify-account.html?verify=50602&user=login
78,40,1,3,0,0,0,0,0,16,1,2,0.1538,0.0769,0,1,4.4998,1,http://facebook-security-verification-update.cf/dispute/center/?session=532060
75,37,1,3,0,0,0,0,0,16,1,0,0.16,0.08,0,1,4.59,1,http://coinbase-auth-verification-portal.xyz/dispute/center/?session=183601
93,25,3,3,0,0,0,0,0,20,1,3,0.1935,0.0,1,0,4.3275,1,http://netflix-billing-alert.com//redirect/index.php?url=http://malicious-collector.com/login
21,6,1,0,0,0,0,0,1,8,0,0,0.2381,0.1905,0,0,3.749,1,http://bit.ly/pay5921
21,5,1,0,0,0,0,0,1,9,0,0,0.2381,0.1905,0,0,3.8442,1,http://rb.gy/auth4860
21,5,1,0,0,0,0,0,1,9,0,0,0.2381,0.1905,0,0,3.749,1,http://rb.gy/auth8864
91,39,2,5,0,0,0,0,0,30,1,1,0.1538,0.0659,0,1,4.6362,1,http://google-drive-share-verification-auth.cf/security-checkpoint/index.php?session=307149
22,7,1,0,0,0,0,0,1,8,0,0,0.2273,0.1818,0,0,3.6247,1,http://cutt.ly/act8576
100,32,3,4,0,0,0,0,0,20,1,3,0.19,0.0,1,0,4.4552,1,http://instagram-badge-verify-alert.com//redirect/index.php?url=http://malicious-collector.com/login
78,36,2,4,0,0,0,0,0,20,1,2,0.1538,0.0769,0,1,4.6008,1,http://coinbase-auth-verification-auth.work/verify-account.html?session=453955
68,36,1,4,0,0,0,0,0,25,0,3,0.1765,0.0,0,1,4.1854,1,http://facebook-security-security-update.cf/secure/portal/client-id/
21,6,1,0,0,0,0,0,1,8,0,0,0.2381,0.1905,0,0,3.749,1,http://bit.ly/pay1768
94,42,2,5,0,0,0,0,0,30,1,2,0.1489,0.0638,0,0,4.5763,1,http://google-drive-share-verification-secure.icu/security-checkpoint/index.php?session=231450
77,60,5,4,0,3,0,0,0,10,0,3,0.1688,0.026,0,1,4.4795,1,http://instagram-badge-verify.google.com.account-verification-16.tk/login.php
95,27,3,3,0,0,0,0,0,20,1,3,0.1895,0.0,1,0,4.394,1,http://facebook-security-alert.com//redirect/index.php?url=http://malicious-collector.com/login
74,14,3,0,0,0,1,0,0,12,2,4,0.1892,0.2162,0,0,4.8074,1,http://164.17.108.179/signin/auth?redirect=account?verify=72636&user=login
73,38,1,5,0,0,0,0,0,28,0,3,0.1507,0.0,0,1,4.4069,1,http://wellsfargo-security-security-update.gq/update-billing-information/
68,33,1,5,0,0,0,0,0,28,0,3,0.1618,0.0,0,1,4.304,1,http://coinbase-auth-security-update.vip/update-billing-information/
89,39,1,5,0,0,0,0,0,28,1,2,0.1461,0.0674,0,1,4.663,1,http://usps-redelivery-verification-auth.click/update-billing-information/?session=134658
80,42,1,3,0,0,0,0,0,16,1,0,0.15,0.075,0,1,4.5134,1,http://metamask-validation-verification-portal.tk/dispute/center/?session=897415
70,19,4,1,0,0,1,0,0,20,2,3,0.2,0.2857,0,0,4.9503,1,http://194.246.69.237:8080/verify-account.html?verify=98967&user=login
84,57,5,4,0,3,0,0,0,20,0,3,0.1548,0.0238,0,1,4.4024,1,http://wellsfargo-security.google.com.account-verification-24.cf/verify-account.html
71,31,2,4,0,0,0,0,0,33,0,5,0.1549,0.0,0,1,4.3637,1,http://chase-verify-security-update.ga/confirmation/payment-failed.aspx
93,58,5,4,0,3,0,0,0,28,0,3,0.1505,0.0215,0,1,4.3857,1,http://microsoft-login.microsoft.com.account-verification-63.work/wallet/recovery-phrase.html
84,16,3,2,0,0,0,0,0,20,1,2,0.2024,0.0,1,0,4.2861,1,http://paypal-alert.com//redirect/index.php?url=http://malicious-collector.com/login
60,13,3,0,0,0,1,0,0,16,2,2,0.2167,0.25,0,0,4.6029,1,http://173.17.134.69/dispute/center/?verify=39199&user=login
87,35,2,4,0,0,0,0,0,30,1,1,0.1494,0.069,0,1,4.6774,1,http://dhl-tracking-verification-auth.work/security-checkpoint/index.php?session=271530
94,39,2,4,0,0,0,0,0,33,1,3,0.1383,0.0638,0,1,4.6308,1,http://netflix-billing-verification-auth.click/confirmation/payment-failed.aspx?session=817636
70,43,2,5,0,0,0,0,0,20,0,4,0.1571,0.0,0,1,4.4849,1,http://instagram-badge-verify-security-update.work/verify-account.html
88,53,4,5,0,3,0,0,0,28,0,3,0.1591,0.0227,0,1,4.3553,1,http://netflix-billing.paypal.com.account-verification-65.ga/update-billing-information/
92,41,1,3,0,0,0,0,0,12,1,4,0.1413,0.0652,0,1,4.4975,1,http://facebook-security-verification-update.vip/signin/auth?redirect=account?session=522244
81,45,4,2,0,3,0,0,0,12,1,2,0.1605,0.0247,0,1,4.3851,1,http://paypal.paypal.com.account-verification-28.vip/signin/auth?redirect=account
85,17,3,2,0,0,0,0,0,20,1,2,0.2,0.0,1,0,4.2419,1,http://appleid-alert.com//redirect/index.php?url=http://malicious-collector.com/login
22,6,1,0,0,0,0,0,1,9,0,0,0.2273,0.1818,0,0,3.6978,1,http://bit.ly/auth5925
75,38,2,4,0,0,0,0,0,30,0,2,0.1467,0.0,0,1,4.3252,1,http://metamask-validation-security-update.ml/security-checkpoint/index.php
89,59,5,3,0,3,0,0,0,14,0,2,0.1573,0.0225,0,1,4.4555,1,http://wellsfargo-security.google.com.account-verification-41.loan/authorize.cgi?session=
22,7,1,0,0,0,0,0,1,8,0,0,0.2273,0.1818,0,0,3.5338,1,http://cutt.ly/act5256
21,6,1,0,0,0,0,0,1,8,0,0,0.2381,0.1905,0,0,3.6897,1,http://bit.ly/act3884
26,11,1,0,0,0,0,0,1,8,0,0,0.1923,0.1538,0,0,4.2578,1,http://tinyurl.com/sec7562
22,6,1,0,0,0,0,0,1,9,0,0,0.2273,0.1818,0,0,3.7888,1,http://bit.ly/auth8256
94,58,4,4,0,3,0,0,0,12,1,2,0.1596,0.0213,0,1,4.4286,1,http://google-drive-share.apple.com.account-verification-49.click/signin/auth?redirect=account
86,36,2,4,0,0,0,0,0,28,1,2,0.1512,0.0698,0,1,4.6048,1,http://coinbase-auth-verification-secure.gq/wallet/recovery-phrase.html?session=995139
80,33,1,4,0,0,0,0,0,25,1,2,0.175,0.075,0,1,4.5243,1,http://chase-verify-verification-auth.ga/secure/portal/client-id/?session=591582
82,50,4,4,0,3,0,0,0,25,0,2,0.1829,0.0244,0,1,4.2332,1,http://binance-trade.apple.com.account-verification-22.cf/secure/portal/client-id/
91,40,1,3,0,0,0,0,0,12,1,4,0.1429,0.0659,0,1,4.5955,1,http://netflix-billing-verification-secure.work/signin/auth?redirect=account?session=390701
87,52,4,5,0,3,0,0,0,28,0,3,0.1609,0.023,0,1,4.3514,1,http://netflix-billing.apple.com.account-verification-39.tk/update-billing-information/
71,36,1,5,0,0,0,0,0,28,0,3,0.1549,0.0,0,1,4.3729,1,http://facebook-security-security-update.ml/update-billing-information/
72,40,2,3,0,0,0,0,0,10,1,3,0.1528,0.0833,0,1,4.7517,1,http://facebook-security-verification-update.gq/login.php?session=764315
87,36,1,3,0,0,0,0,0,12,1,2,0.1494,0.069,0,1,4.4438,1,http://binance-trade-verification-portal.tk/signin/auth?redirect=account?session=341331
88,48,5,3,0,3,0,0,0,33,0,3,0.1477,0.0227,0,1,4.3325,1,http://appleid.microsoft.com.account-verification-16.ml/confirmation/payment-failed.aspx
81,39,2,4,0,0,0,0,0,20,1,3,0.1481,0.0741,0,1,4.7176,1,http://netflix-billing-verification-portal.xyz/verify-account.html?session=958630
74,18,3,1,0,0,1,0,0,25,2,3,0.2162,0.2568,0,0,4.873,1,http://135.182.23.94:8000/secure/portal/client-id/?verify=75359&user=login
56,15,4,0,0,0,1,0,0,10,2,2,0.2143,0.3036,0,0,4.655,1,http://216.151.245.248/login.php?verify=45832&user=login
96,41,2,4,0,0,0,0,0,33,1,3,0.1354,0.0625,0,1,4.7041,1,http://wellsfargo-security-verification-auth.xyz/confirmation/payment-failed.aspx?session=420390
72,13,4,1,0,0,1,0,0,28,2,3,0.1944,0.2083,0,0,4.7777,1,http://31.152.159.41/wallet/recovery-phrase.html?verify=21482&user=login
69,37,2,3,0,0,0,0,0,10,1,1,0.1594,0.087,0,1,4.5417,1,http://dhl-tracking-verification-portal.loan/login.php?session=609937
93,25,3,3,0,0,0,0,0,20,1,2,0.1935,0.0,1,0,4.2852,1,http://microsoft-login-alert.com//redirect/index.php?url=http://malicious-collector.com/login
90,39,1,3,0,0,0,0,0,12,1,3,0.1444,0.0667,0,1,4.5287,1,http://usps-redelivery-verification-secure.xyz/signin/auth?redirect=account?session=864648
22,7,1,0,0,0,0,0,1,8,0,0,0.2273,0.1818,0,0,3.5338,1,http://cutt.ly/act2120
73,19,4,0,0,0,1,0,0,14,2,2,0.2055,0.274,0,0,4.801,1,http://96.178.128.220:8000/authorize.cgi?session=?verify=25895&user=login
73,38,1,5,0,0,0,0,0,28,0,3,0.1507,0.0,0,1,4.3345,1,http://metamask-validation-security-update.cf/update-billing-information/
96,56,5,4,0,3,0,0,0,33,0,3,0.1458,0.0208,0,1,4.3437,1,http://metamask-validation.apple.com.account-verification-25.tk/confirmation/payment-failed.aspx
20,5,1,0,0,0,0,0,1,8,0,0,0.25,0.2,0,0,3.6842,1,http://rb.gy/pay2219
23,7,1,0,0,0,0,0,1,9,0,0,0.2174,0.1739,0,0,3.6381,1,http://cutt.ly/auth4890
87,57,5,3,0,3,0,0,0,14,0,2,0.1609,0.023,0,1,4.5442,1,http://wellsfargo-security.paypal.com.account-verification-65.tk/authorize.cgi?session=
58,11,3,0,0,0,1,0,0,16,2,2,0.2241,0.2241,0,0,4.6667,1,http://91.11.75.40/dispute/center/?verify=83711&user=login
20,5,1,0,0,0,0,0,1,8,0,0,0.25,0.2,0,0,3.7464,1,http://rb.gy/act7881
91,23,3,3,0,0,0,0,0,20,1,2,0.1978,0.0,1,0,4.2977,1,http://binance-trade-alert.com//redirect/index.php?url=http://malicious-collector.com/login
70,34,1,3,0,0,0,0,0,12,1,5,0.1571,0.0,0,1,4.3559,1,http://microsoft-login-security-update.gq/signin/auth?redirect=account
27,11,1,0,0,0,0,0,1,9,0,0,0.1852,0.1481,0,0,4.1343,1,http://tinyurl.com/auth1392
21,6,1,0,0,0,0,0,1,8,0,0,0.2381,0.1905,0,0,3.9395,1,http://bit.ly/sec1723
79,19,3,0,0,0,1,0,0,12,2,4,0.1899,0.2532,0,0,4.834,1,http://83.196.194.107:8080/signin/auth?redirect=account?verify=88629&user=login
85,47,1,4,0,0,0,0,0,16,1,2,0.1529,0.0706,0,1,4.5606,1,http://instagram-badge-verify-verification-secure.loan/dispute/center/?session=317185
65,14,4,1,0,0,1,0,0,20,2,3,0.2,0.2462,0,0,4.8258,1,http://82.205.250.230/verify-account.html?verify=60577&user=login
84,39,2,3,0,0,0,0,0,14,1,2,0.1548,0.0714,0,1,4.5565,1,http://amazon-support-verification-update.loan/authorize.cgi?session=?session=842099
78,19,4,1,0,0,1,0,0,28,2,3,0.1923,0.2564,0,0,4.9087,1,http://146.210.176.91:8080/wallet/recovery-phrase.html?verify=92275&user=login
82,18,4,1,0,0,1,0,0,33,2,4,0.1829,0.2317,0,0,5.0084,1,http://180.152.98.86:8443/confirmation/payment-failed.aspx?verify=72735&user=login
82,32,1,4,0,0,0,0,0,28,1,3,0.1463,0.0732,0,1,4.5968,1,http://appleid-verification-secure.work/update-billing-information/?session=849244
63,31,1,4,0,0,0,0,0,25,0,4,0.1905,0.0,0,1,4.1704,1,http://chase-verify-security-update.tk/secure/portal/client-id/
74,15,3,2,0,0,1,0,0,28,2,4,0.1892,0.2297,0,0,4.7914,1,http://183.172.242.222/update-billing-information/?verify=92873&user=login
92,37,2,4,0,0,0,0,0,33,1,2,0.1413,0.0652,0,1,4.6113,1,http://binance-trade-verification-portal.xyz/confirmation/payment-failed.aspx?session=396451
75,19,3,1,0,0,1,0,0,25,2,3,0.2133,0.2667,0,0,4.7489,1,http://130.133.58.187:8080/secure/portal/client-id/?verify=39090&user=login
71,20,4,1,0,0,1,0,0,20,2,3,0.1972,0.2958,0,0,4.8922,1,http://207.103.155.114:8000/verify-account.html?verify=94088&user=login
91,59,4,4,0,3,0,0,0,25,0,2,0.1648,0.022,0,1,4.3388,1,http://usps-redelivery.microsoft.com.account-verification-36.click/secure/portal/client-id/
69,32,2,4,0,0,0,0,0,30,0,2,0.1594,0.0,0,1,4.2548,1,http://binance-trade-security-update.ml/security-checkpoint/index.php
64,41,1,4,0,0,0,0,0,16,0,3,0.1719,0.0,0,1,4.2393,1,http://instagram-badge-verify-security-update.gq/dispute/center/
78,19,4,1,0,0,1,0,0,28,2,3,0.1923,0.2564,0,0,4.8574,1,http://122.98.135.132:3000/wallet/recovery-phrase.html?verify=18962&user=login
90,22,3,3,0,0,0,0,0,20,1,2,0.2,0.0,1,0,4.3144,1,http://dhl-tracking-alert.com//redirect/index.php?url=http://malicious-collector.com/login
73,33,2,4,0,0,0,0,0,33,0,5,0.1507,0.0,0,1,4.3121,1,http://amazon-support-security-update.ml/confirmation/payment-failed.aspx
88,53,5,4,0,3,0,0,0,28,0,2,0.1591,0.0227,0,1,4.4702,1,http://usps-redelivery.google.com.account-verification-95.tk/wallet/recovery-phrase.html
74,38,1,3,0,0,0,0,0,12,1,5,0.1486,0.0,0,1,4.3886,1,http://bankofamerica-alert-security-update.gq/signin/auth?redirect=account
66,19,3,0,0,0,1,0,0,16,2,2,0.2121,0.303,0,0,4.768,1,http://139.13.235.161:8443/dispute/center/?verify=29208&user=login
70,11,4,1,0,0,1,0,0,28,2,3,0.2,0.1857,0,0,4.7952,1,http://195.9.35.90/wallet/recovery-phrase.html?verify=66167&user=login
88,58,5,3,0,3,0,0,0,14,0,3,0.1591,0.0227,0,1,4.5041,1,http://bankofamerica-alert.apple.com.account-verification-71.work/authorize.cgi?session=
84,29,2,3,0,0,0,0,0,33,1,2,0.1429,0.0714,0,1,4.5243,1,http://paypal-verification-portal.ml/confirmation/payment-failed.aspx?session=619180
20,5,1,0,0,0,0,0,1,8,0,0,0.25,0.2,0,0,3.8842,1,http://rb.gy/sec3635
71,34,2,4,0,0,0,0,0,30,0,3,0.1549,0.0,0,1,4.2878,1,http://amazon-support-security-update.xyz/security-checkpoint/index.php
26,11,1,0,0,0,0,0,1,8,0,0,0.1923,0.1538,0,0,4.2578,1,http://tinyurl.com/sec2695
91,41,2,5,0,0,0,0,0,28,1,2,0.1538,0.0659,0,1,4.5789,1,http://google-drive-share-verification-secure.ga/wallet/recovery-phrase.html?session=957802
70,53,5,3,0,3,0,0,0,10,0,2,0.1714,0.0286,0,1,4.3533,1,http://dhl-tracking.microsoft.com.account-verification-53.tk/login.php
69,46,4,2,0,3,0,0,0,16,0,1,0.1739,0.029,0,0,4.266,1,http://appleid.paypal.com.account-verification-85.icu/dispute/center/
97,29,3,3,0,0,0,0,0,20,1,3,0.1856,0.0,1,0,4.3494,1,http://bankofamerica-alert-alert.com//redirect/index.php?url=http://malicious-collector.com/login
64,32,1,4,0,0,0,0,0,25,0,3,0.1875,0.0,0,1,4.1025,1,http://binance-trade-security-update.cf/secure/portal/client-id/
95,40,2,4,0,0,0,0,0,33,1,4,0.1368,0.0632,0,1,4.6415,1,http://facebook-security-verification-update.ml/confirmation/payment-failed.aspx?session=324977
70,14,3,1,0,0,1,0,0,25,2,3,0.2143,0.2286,0,0,4.8308,1,http://62.205.204.198/secure/portal/client-id/?verify=38804&user=login
21,6,1,0,0,0,0,0,1,8,0,0,0.2381,0.1905,0,0,3.9395,1,http://bit.ly/sec1490
79,56,4,3,0,3,0,0,0,16,0,2,0.1646,0.0253,0,1,4.3832,1,http://netflix-billing.microsoft.com.account-verification-49.ga/dispute/center/
69,15,4,0,0,0,1,0,0,14,2,2,0.2029,0.2464,0,0,4.8492,1,http://136.178.250.183/authorize.cgi?session=?verify=84467&user=login
92,57,4,6,0,3,0,0,0,28,0,3,0.163,0.0217,0,1,4.3554,1,http://google-drive-share.google.com.account-verification-75.top/update-billing-information/
26,11,1,0,0,0,0,0,1,8,0,0,0.1923,0.1538,0,0,4.1329,1,http://tinyurl.com/act2634
91,23,3,3,0,0,0,0,0,20,1,2,0.1978,0.0,1,0,4.3186,1,http://coinbase-auth-alert.com//redirect/index.php?url=http://malicious-collector.com/login
85,40,2,3,0,0,0,0,0,14,1,1,0.1529,0.0706,0,1,4.6032,1,http://wellsfargo-security-verification-auth.ga/authorize.cgi?session=?session=915780
86,51,4,5,0,3,0,0,0,28,0,3,0.1628,0.0233,0,1,4.3972,1,http://coinbase-auth.paypal.com.account-verification-26.tk/update-billing-information/
82,30,2,3,0,0,0,0,0,30,1,1,0.1463,0.0732,0,1,4.5612,1,http://appleid-verification-portal.cf/security-checkpoint/index.php?session=140845
80,53,5,4,0,3,0,0,0,20,0,2,0.1625,0.025,0,1,4.4075,1,http://coinbase-auth.google.com.account-verification-33.work/verify-account.html
81,58,4,3,0,3,0,0,0,16,0,2,0.1605,0.0247,0,1,4.2556,1,http://microsoft-login.microsoft.com.account-verification-15.loan/dispute/center/
70,53,5,3,0,3,0,0,0,10,0,3,0.1714,0.0286,0,1,4.2735,1,http://amazon-support.apple.com.account-verification-53.loan/login.php
78,19,3,2,0,0,1,0,0,28,2,4,0.1923,0.2564,0,0,4.8535,1,http://116.104.111.12:8080/update-billing-information/?verify=38509&user=login
66,36,2,3,0,0,0,0,0,14,0,2,0.1667,0.0,0,1,4.4193,1,http://facebook-security-security-update.gq/authorize.cgi?session=
22,6,1,0,0,0,0,0,1,9,0,0,0.2273,0.1818,0,0,3.7888,1,http://bit.ly/auth4173
70,35,1,5,0,0,0,0,0,28,0,4,0.1571,0.0,0,1,4.4,1,http://microsoft-login-security-update.xyz/update-billing-information/
70,35,2,4,0,0,0,0,0,28,0,3,0.1571,0.0,0,1,4.3073,1,http://coinbase-auth-security-update.click/wallet/recovery-phrase.html
89,54,4,5,0,3,0,0,0,28,0,4,0.1573,0.0225,0,1,4.425,1,http://facebook-security.apple.com.account-verification-30.tk/update-billing-information/
94,62,4,4,0,3,0,0,0,25,0,3,0.1596,0.0213,0,1,4.3534,1,http://wellsfargo-security.microsoft.com.account-verification-60.loan/secure/portal/client-id/
91,40,1,3,0,0,0,0,0,12,1,3,0.1429,0.0659,0,1,4.535,1,http://microsoft-login-verification-portal.work/signin/auth?redirect=account?session=584466
72,16,3,1,0,0,1,0,0,25,2,3,0.2222,0.2361,0,0,4.8001,1,http://87.94.11.58:8080/secure/portal/client-id/?verify=14137&user=login
27,11,1,0,0,0,0,0,1,9,0,0,0.1852,0.1481,0,0,4.1343,1,http://tinyurl.com/auth7236
21,6,1,0,0,0,0,0,1,8,0,0,0.2381,0.1905,0,0,3.6897,1,http://bit.ly/act2991
20,5,1,0,0,0,0,0,1,8,0,0,0.25,0.2,0,0,3.8842,1,http://rb.gy/sec7278
74,18,3,1,0,0,1,0,0,25,2,3,0.2162,0.2568,0,0,4.8562,1,http://17.68.117.239:8080/secure/portal/client-id/?verify=84430&user=login
21,6,1,0,0,0,0,0,1,8,0,0,0.2381,0.1905,0,0,3.9395,1,http://bit.ly/sec3051
23,7,1,0,0,0,0,0,1,9,0,0,0.2174,0.1739,0,0,3.4314,1,http://cutt.ly/auth3343
94,62,4,5,0,3,0,0,0,25,0,3,0.1702,0.0213,0,1,4.4045,1,http://instagram-badge-verify.google.com.account-verification-95.loan/secure/portal/client-id/
91,40,1,3,0,0,0,0,0,12,1,4,0.1429,0.0659,0,1,4.4996,1,http://facebook-security-verification-secure.tk/signin/auth?redirect=account?session=374552
63,12,4,1,0,0,1,0,0,20,2,3,0.2063,0.2222,0,0,4.8458,1,http://82.24.51.194/verify-account.html?verify=24531&user=login
83,47,4,2,0,3,0,0,0,12,1,2,0.1566,0.0241,0,1,4.4076,1,http://paypal.microsoft.com.account-verification-30.ml/signin/auth?redirect=account
72,55,5,3,0,3,0,0,0,10,0,3,0.1667,0.0278,0,1,4.3509,1,http://amazon-support.google.com.account-verification-49.click/login.php
88,53,5,4,0,3,0,0,0,28,0,2,0.1591,0.0227,0,1,4.3669,1,http://binance-trade.paypal.com.account-verification-63.loan/wallet/recovery-phrase.html
78,14,4,1,0,0,1,0,0,33,2,4,0.1795,0.2051,0,0,4.944,1,http://157.191.71.203/confirmation/payment-failed.aspx?verify=69406&user=login
74,14,3,0,0,0,1,0,0,12,2,4,0.1892,0.2162,0,0,4.7418,1,http://86.170.210.129/signin/auth?redirect=account?verify=19071&user=login
78,17,4,1,0,0,1,0,0,30,2,3,0.1923,0.2308,0,0,4.904,1,http://61.27.68.208:3000/security-checkpoint/index.php?verify=51248&user=login
68,38,2,3,0,0,0,0,0,14,0,2,0.1618,0.0,0,1,4.3829,1,http://wellsfargo-security-security-update.ga/authorize.cgi?session=
93,63,5,4,0,3,0,0,0,14,0,2,0.1613,0.0215,0,1,4.4676,1,http://instagram-badge-verify.microsoft.com.account-verification-44.tk/authorize.cgi?session=
74,13,4,1,0,0,1,0,0,30,2,3,0.1892,0.2027,0,0,4.8885,1,http://67.55.220.240/security-checkpoint/index.php?verify=91033&user=login
20,5,1,0,0,0,0,0,1,8,0,0,0.25,0.2,0,0,3.9842,1,http://rb.gy/sec4762
76,38,1,3,0,0,0,0,0,16,1,1,0.1579,0.0789,0,1,4.482,1,http://amazon-support-verification-portal.top/dispute/center/?session=402965
60,19,4,0,0,0,1,0,0,10,2,2,0.2167,0.3333,0,0,4.7314,1,http://58.209.162.104:8080/login.php?verify=60503&user=login
78,18,3,0,0,0,1,0,0,12,2,4,0.1923,0.2436,0,0,4.8368,1,http://68.43.110.195:8000/signin/auth?redirect=account?verify=18567&user=login
21,6,1,0,0,0,0,0,1,8,0,0,0.2381,0.1905,0,0,3.6897,1,http://bit.ly/act9010
51,34,2,3,0,0,0,0,0,10,0,4,0.1765,0.0,0,1,4.3028,1,http://netflix-billing-security-update.ml/login.php
83,19,4,1,0,0,1,0,0,33,2,4,0.1807,0.241,0,0,4.9173,1,http://17.137.155.104:8000/confirmation/payment-failed.aspx?verify=22402&user=login
68,36,2,3,0,0,0,0,0,10,1,1,0.1618,0.0882,0,1,4.5651,1,http://dhl-tracking-verification-portal.top/login.php?session=507369
74,44,5,2,0,3,0,0,0,14,0,1,0.1757,0.027,0,1,4.5037,1,http://paypal.paypal.com.account-verification-47.gq/authorize.cgi?session=
78,38,2,4,0,0,0,0,0,33,0,4,0.141,0.0,0,1,4.3648,1,http://facebook-security-security-update.loan/confirmation/payment-failed.aspx
22,7,1,0,0,0,0,0,1,8,0,0,0.2273,0.1818,0,0,3.5338,1,http://cutt.ly/act9466
64,13,4,1,0,0,1,0,0,20,2,3,0.2031,0.2344,0,0,4.8221,1,http://130.4.230.167/verify-account.html?verify=13323&user=login
72,18,4,0,0,0,1,0,0,14,2,2,0.2083,0.2639,0,0,4.7686,1,http://127.205.120.2:3000/authorize.cgi?session=?verify=39087&user=login
20,5,1,0,0,0,0,0,1,8,0,0,0.25,0.2,0,0,3.8464,1,http://rb.gy/act6078
74,32,2,3,0,0,0,0,0,20,1,3,0.1486,0.0811,0,1,4.5775,1,http://appleid-verification-update.loan/verify-account.html?session=216022
60,19,4,0,0,0,1,0,0,10,2,2,0.2167,0.3333,0,0,4.6297,1,http://124.28.147.181:8080/login.php?verify=46442&user=login
88,36,2,4,0,0,0,0,0,30,1,2,0.1477,0.0682,0,1,4.6539,1,http://microsoft-login-verification-auth.gq/security-checkpoint/index.php?session=190314
89,52,5,4,0,3,0,0,0,30,0,2,0.1573,0.0225,0,1,4.4752,1,http://dhl-tracking.google.com.account-verification-39.work/security-checkpoint/index.php
75,37,1,3,0,0,0,0,0,16,1,1,0.16,0.08,0,0,4.5231,1,http://netflix-billing-verification-auth.icu/dispute/center/?session=865891
67,32,1,5,0,0,0,0,0,28,0,3,0.1642,0.0,0,1,4.4347,1,http://dhl-tracking-security-update.xyz/update-billing-information/
70,38,2,3,0,0,0,0,0,10,1,3,0.1571,0.0857,0,0,4.597,1,http://amazon-support-verification-update.icu/login.php?session=958305
68,36,2,3,0,0,0,0,0,10,1,2,0.1618,0.0882,0,1,4.5284,1,http://netflix-billing-verification-auth.cf/login.php?session=893909
73,14,3,2,0,0,1,0,0,28,2,4,0.1918,0.2192,0,0,4.929,1,http://90.159.178.205/update-billing-information/?verify=60426&user=login
20,5,1,0,0,0,0,0,1,8,0,0,0.25,0.2,0,0,3.8464,1,http://rb.gy/act4513
20,5,1,0,0,0,0,0,1,8,0,0,0.25,0.2,0,0,3.8842,1,http://rb.gy/sec8825
20,5,1,0,0,0,0,0,1,8,0,0,0.25,0.2,0,0,3.6842,1,http://rb.gy/pay2700
78,41,2,4,0,0,0,0,0,30,0,4,0.141,0.0,0,1,4.3277,1,http://bankofamerica-alert-security-update.click/security-checkpoint/index.php
70,38,1,4,0,0,0,0,0,25,0,3,0.1714,0.0,0,1,4.2445,1,http://wellsfargo-security-security-update.gq/secure/portal/client-id/
70,38,1,4,0,0,0,0,0,25,0,3,0.1714,0.0,0,1,4.193,1,http://wellsfargo-security-security-update.cf/secure/portal/client-id/
91,55,4,3,0,3,0,0,0,12,1,2,0.1538,0.022,0,0,4.279,1,http://coinbase-auth.microsoft.com.account-verification-89.icu/signin/auth?redirect=account
92,47,2,4,0,0,0,0,0,14,1,2,0.1522,0.0652,0,1,4.657,1,http://instagram-badge-verify-verification-update.loan/authorize.cgi?session=?session=796025
79,18,4,1,0,0,1,0,0,30,2,3,0.1899,0.2405,0,0,4.9303,1,http://77.180.21.254:8443/security-checkpoint/index.php?verify=85563&user=login
95,40,2,4,0,0,0,0,0,33,1,4,0.1368,0.0632,0,1,4.6155,1,http://amazon-support-verification-update.click/confirmation/payment-failed.aspx?session=561707
62,11,4,1,0,0,1,0,0,20,2,3,0.2097,0.2097,0,0,4.7965,1,http://121.2.94.94/verify-account.html?verify=72611&user=login
88,38,1,5,0,0,0,0,0,28,1,2,0.1477,0.0682,0,1,4.6115,1,http://dhl-tracking-verification-update.click/update-billing-information/?session=224195
22,6,1,0,0,0,0,0,1,9,0,0,0.2273,0.1818,0,0,3.6069,1,http://bit.ly/auth3232
68,45,4,2,0,3,0,0,0,16,0,1,0.1765,0.0294,0,1,4.3533,1,http://paypal.google.com.account-verification-81.vip/dispute/center/
96,56,5,5,0,3,0,0,0,33,0,3,0.1562,0.0208,0,1,4.4593,1,http://google-drive-share.google.com.account-verification-36.gq/confirmation/payment-failed.aspx
77,18,4,1,0,0,1,0,0,28,2,3,0.1948,0.2468,0,0,4.7993,1,http://37.241.76.170:8000/wallet/recovery-phrase.html?verify=73700&user=login
72,13,3,2,0,0,1,0,0,28,2,4,0.1944,0.2083,0,0,4.9021,1,http://70.154.184.61/update-billing-information/?verify=72316&user=login
22,6,1,0,0,0,0,0,1,9,0,0,0.2273,0.1818,0,0,3.7888,1,http://bit.ly/auth7513
26,11,1,0,0,0,0,0,1,8,0,0,0.1923,0.1538,0,0,4.1329,1,http://tinyurl.com/act6278
66,28,1,2,0,0,0,0,0,16,1,0,0.1667,0.0909,0,1,4.4718,1,http://appleid-verification-auth.tk/dispute/center/?session=282069
43,26,2,2,0,0,0,0,0,10,0,3,0.186,0.0,0,1,4.1383,1,http://appleid-security-update.tk/login.php
21,6,1,0,0,0,0,0,1,8,0,0,0.2381,0.1905,0,0,3.9395,1,http://bit.ly/sec1907
60,13,3,0,0,0,1,0,0,16,2,2,0.2167,0.25,0,0,4.657,1,http://94.109.19.107/dispute/center/?verify=70250&user=login
78,40,1,4,0,0,0,0,0,16,1,0,0.1667,0.0769,0,1,4.4885,1,http://google-drive-share-verification-auth.vip/dispute/center/?session=757246
70,38,2,3,0,0,0,0,0,10,1,1,0.1571,0.0857,0,1,4.5031,1,http://microsoft-login-verification-portal.tk/login.php?session=805257
26,11,1,0,0,0,0,0,1,8,0,0,0.1923,0.1538,0,0,4.1039,1,http://tinyurl.com/pay9697
84,52,4,4,0,3,0,0,0,25,0,2,0.1786,0.0238,0,0,4.3067,1,http://coinbase-auth.paypal.com.account-verification-61.icu/secure/portal/client-id/
74,38,1,3,0,0,0,0,0,12,1,4,0.1486,0.0,0,1,4.3262,1,http://wellsfargo-security-security-update.cf/signin/auth?redirect=account
66,12,4,0,0,0,1,0,0,14,2,2,0.2121,0.2121,0,0,4.7393,1,http://26.68.171.68/authorize.cgi?session=?verify=98639&user=login
75,35,2,4,0,0,0,0,0,33,0,5,0.1467,0.0,0,0,4.3522,1,http://netflix-billing-security-update.icu/confirmation/payment-failed.aspx
73,50,4,3,0,3,0,0,0,16,0,1,0.1781,0.0274,0,1,4.3902,1,http://dhl-tracking.google.com.account-verification-27.ml/dispute/center/
70,38,2,3,0,0,0,0,0,10,1,1,0.1571,0.0857,0,1,4.4801,1,http://microsoft-login-verification-portal.ga/login.php?session=530608
80,38,2,4,0,0,0,0,0,20,1,4,0.15,0.075,0,1,4.649,1,http://microsoft-login-verification-update.gq/verify-account.html?session=604042
71,35,1,3,0,0,0,0,0,12,1,5,0.1549,0.0,0,0,4.276,1,http://microsoft-login-security-update.icu/signin/auth?redirect=account
64,17,3,0,0,0,1,0,0,16,2,2,0.2188,0.2812,0,0,4.7524,1,http://50.49.106.68:3000/dispute/center/?verify=41291&user=login
62,39,1,3,0,0,0,0,0,16,0,4,0.1613,0.0,0,1,4.3042,1,http://bankofamerica-alert-security-update.xyz/dispute/center/
70,33,2,4,0,0,0,0,0,30,0,2,0.1571,0.0,0,1,4.1556,1,http://binance-trade-security-update.top/security-checkpoint/index.php
63,12,4,1,0,0,1,0,0,20,2,3,0.2063,0.2222,0,0,4.965,1,http://73.38.58.201/verify-account.html?verify=84916&user=login
26,11,1,0,0,0,0,0,1,8,0,0,0.1923,0.1538,0,0,4.1039,1,http://tinyurl.com/pay6624
86,44,2,4,0,0,0,0,0,20,1,4,0.1395,0.0698,0,1,4.7138,1,http://wellsfargo-security-verification-update.work/verify-account.html?session=283296
59,36,1,3,0,0,0,0,0,16,0,3,0.1695,0.0,0,1,4.3079,1,http://netflix-billing-security-update.work/dispute/center/
84,49,5,4,0,3,0,0,0,28,0,2,0.1667,0.0238,0,1,4.4172,1,http://dhl-tracking.apple.com.account-verification-33.ga/wallet/recovery-phrase.html
92,60,4,5,0,3,0,0,0,25,0,2,0.1739,0.0217,0,0,4.3176,1,http://google-drive-share.microsoft.com.account-verification-45.icu/secure/portal/client-id/
86,44,2,4,0,0,0,0,0,20,1,3,0.1395,0.0698,0,1,4.5628,1,http://metamask-validation-verification-update.loan/verify-account.html?session=221788
77,13,4,1,0,0,1,0,0,33,2,4,0.1818,0.1948,0,0,4.9339,1,http://90.201.249.57/confirmation/payment-failed.aspx?verify=43751&user=login
67,13,4,0,0,0,1,0,0,14,2,2,0.209,0.2239,0,0,4.8103,1,http://165.182.134.7/authorize.cgi?session=?verify=72770&user=login
53,12,4,0,0,0,1,0,0,10,2,2,0.2264,0.2642,0,0,4.6663,1,http://96.82.180.90/login.php?verify=93926&user=login
65,33,1,4,0,0,0,0,0,25,0,4,0.1846,0.0,0,1,4.2485,1,http://chase-verify-security-update.work/secure/portal/client-id/
61,26,2,3,0,0,0,0,0,28,0,3,0.1639,0.0,0,1,4.1948,1,http://appleid-security-update.ga/wallet/recovery-phrase.html
26,11,1,0,0,0,0,0,1,8,0,0,0.1923,0.1538,0,0,4.1808,1,http://tinyurl.com/sec5365
71,36,1,5,0,0,0,0,0,28,0,3,0.1549,0.0,0,1,4.3715,1,http://netflix-billing-security-update.work/update-billing-information/
60,19,4,0,0,0,1,0,0,10,2,2,0.2167,0.3333,0,0,4.8188,1,http://116.46.227.186:3000/login.php?verify=38359&user=login
94,42,2,4,0,0,0,0,0,30,1,3,0.1383,0.0638,0,1,4.6431,1,http://bankofamerica-alert-verification-auth.loan/security-checkpoint/index.php?session=175980
72,34,1,3,0,0,0,0,0,16,1,0,0.1667,0.0833,0,0,4.5547,1,http://dhl-tracking-verification-auth.icu/dispute/center/?session=718069
65,35,2,3,0,0,0,0,0,14,0,3,0.1692,0.0,0,1,4.4585,1,http://netflix-billing-security-update.vip/authorize.cgi?session=
59,32,2,4,0,0,0,0,0,20,0,4,0.1695,0.0,0,1,4.4642,1,http://dhl-tracking-security-update.xyz/verify-account.html
82,55,5,4,0,3,0,0,0,20,0,2,0.1585,0.0244,0,0,4.29,1,http://binance-trade.microsoft.com.account-verification-19.icu/verify-account.html
68,14,4,0,0,0,1,0,0,14,2,2,0.2059,0.2353,0,0,4.6611,1,http://133.173.56.253/authorize.cgi?session=?verify=11553&user=login
98,43,2,4,0,0,0,0,0,33,1,2,0.1327,0.0612,0,1,4.5917,1,http://metamask-validation-verification-portal.xyz/confirmation/payment-failed.aspx?session=784653
65,38,2,4,0,0,0,0,0,20,0,4,0.1538,0.0,0,1,4.3219,1,http://metamask-validation-security-update.ml/verify-account.html
87,37,1,5,0,0,0,0,0,28,1,2,0.1494,0.069,0,1,4.5885,1,http://usps-redelivery-verification-auth.vip/update-billing-information/?session=315258
63,31,2,2,0,0,0,0,0,10,1,2,0.1587,0.0952,0,1,4.5886,1,http://paypal-verification-secure.loan/login.php?session=479053
66,34,1,4,0,0,0,0,0,25,0,4,0.1818,0.0,0,1,4.2275,1,http://netflix-billing-security-update.tk/secure/portal/client-id/
26,11,1,0,0,0,0,0,1,8,0,0,0.1923,0.1538,0,0,4.1808,1,http://tinyurl.com/pay5140
27,11,1,0,0,0,0,0,1,9,0,0,0.1852,0.1481,0,0,4.0603,1,http://tinyurl.com/auth4656
86,39,1,4,0,0,0,0,0,25,1,2,0.1628,0.0698,0,1,4.5488,1,http://amazon-support-verification-secure.work/secure/portal/client-id/?session=650254
84,39,2,3,0,0,0,0,0,14,1,1,0.1548,0.0714,0,0,4.5037,1,http://microsoft-login-verification-portal.icu/authorize.cgi?session=?session=340677
20,5,1,0,0,0,0,0,1,8,0,0,0.25,0.2,0,0,3.8464,1,http://rb.gy/act5761
87,37,1,5,0,0,0,0,0,28,1,4,0.1494,0.069,0,1,4.6573,1,http://chase-verify-verification-secure.work/update-billing-information/?session=106903
72,13,3,2,0,0,1,0,0,28,2,4,0.1944,0.2083,0,0,4.852,1,http://168.115.217.6/update-billing-information/?verify=81404&user=login
65,38,2,5,0,0,0,0,0,20,0,4,0.1692,0.0,0,0,4.3355,1,http://google-drive-share-security-update.icu/verify-account.html
56,33,1,3,0,0,0,0,0,16,0,3,0.1786,0.0,0,1,4.177,1,http://chase-verify-security-update.work/dispute/center/
20,5,1,0,0,0,0,0,1,8,0,0,0.25,0.2,0,0,3.7842,1,http://rb.gy/pay7480
90,55,5,4,0,3,0,0,0,28,0,3,0.1556,0.0222,0,1,4.3705,1,http://microsoft-login.apple.com.account-verification-55.click/wallet/recovery-phrase.html
88,53,5,4,0,3,0,0,0,28,0,3,0.1591,0.0227,0,1,4.4255,1,http://microsoft-login.paypal.com.account-verification-20.tk/wallet/recovery-phrase.html
77,18,3,2,0,0,1,0,0,28,2,4,0.1948,0.2468,0,0,4.9514,1,http://142.30.159.78:8000/update-billing-information/?verify=26884&user=login
48,31,2,3,0,0,0,0,0,10,0,4,0.1875,0.0,0,1,4.298,1,http://chase-verify-security-update.cf/login.php
72,12,3,0,0,0,1,0,0,12,2,4,0.1944,0.1944,0,0,4.7845,1,http://64.108.3.116/signin/auth?redirect=account?verify=52236&user=login
74,14,3,0,0,0,1,0,0,12,2,4,0.1892,0.2162,0,0,4.8176,1,http://50.191.168.136/signin/auth?redirect=account?verify=97774&user=login
90,60,5,3,0,3,0,0,0,14,0,2,0.1556,0.0222,0,1,4.4362,1,http://wellsfargo-security.microsoft.com.account-verification-52.cf/authorize.cgi?session=
90,40,1,5,0,0,0,0,0,28,1,3,0.1444,0.0667,0,1,4.6146,1,http://amazon-support-verification-update.click/update-billing-information/?session=990682
59,32,2,4,0,0,0,0,0,20,0,4,0.1695,0.0,0,1,4.2975,1,http://coinbase-auth-security-update.cf/verify-account.html
81,41,2,4,0,0,0,0,0,33,0,4,0.1358,0.0,0,1,4.3299,1,http://metamask-validation-security-update.click/confirmation/payment-failed.aspx
22,7,1,0,0,0,0,0,1,8,0,0,0.2273,0.1818,0,0,3.6978,1,http://cutt.ly/sec5075
80,28,2,3,0,0,0,0,0,30,1,1,0.15,0.075,0,1,4.6401,1,http://paypal-verification-auth.xyz/security-checkpoint/index.php?session=364997
60,13,3,0,0,0,1,0,0,16,2,2,0.2167,0.25,0,0,4.6696,1,http://15.100.26.112/dispute/center/?verify=70857&user=login
72,13,4,1,0,0,1,0,0,28,2,3,0.1944,0.2083,0,0,4.8834,1,http://18.176.140.74/wallet/recovery-phrase.html?verify=82393&user=login
77,13,4,1,0,0,1,0,0,33,2,4,0.1818,0.1948,0,0,4.9501,1,http://36.85.187.168/confirmation/payment-failed.aspx?verify=49232&user=login
76,44,2,3,0,0,0,0,0,10,1,1,0.1447,0.0789,0,1,4.5085,1,http://metamask-validation-verification-portal.loan/login.php?session=714831
90,40,2,4,0,0,0,0,0,28,1,3,0.1444,0.0667,0,1,4.5798,1,http://facebook-security-verification-secure.ml/wallet/recovery-phrase.html?session=106366
70,47,4,2,0,3,0,0,0,16,0,1,0.1714,0.0286,0,1,4.3706,1,http://paypal.google.com.account-verification-63.click/dispute/center/
73,14,3,2,0,0,1,0,0,28,2,4,0.1918,0.2192,0,0,4.8432,1,http://198.185.198.50/update-billing-information/?verify=53439&user=login
85,50,4,5,0,3,0,0,0,28,0,4,0.1647,0.0235,0,1,4.4067,1,http://chase-verify.apple.com.account-verification-27.vip/update-billing-information/
21,6,1,0,0,0,0,0,1,8,0,0,0.2381,0.1905,0,0,3.6897,1,http://bit.ly/act9244
70,33,2,4,0,0,0,0,0,30,0,2,0.1571,0.0,0,0,4.1443,1,http://binance-trade-security-update.icu/security-checkpoint/index.php
69,37,2,3,0,0,0,0,0,10,1,1,0.1594,0.087,0,1,4.5757,1,http://usps-redelivery-verification-auth.vip/login.php?session=833412
23,7,1,0,0,0,0,0,1,9,0,0,0.2174,0.1739,0,0,3.6381,1,http://cutt.ly/auth7628
88,38,2,4,0,0,0,0,0,28,1,1,0.1477,0.0682,0,1,4.6138,1,http://dhl-tracking-verification-portal.click/wallet/recovery-phrase.html?session=148992
76,17,4,1,0,0,1,0,0,28,2,3,0.1974,0.2368,0,0,4.8087,1,http://33.30.235.85:8000/wallet/recovery-phrase.html?verify=76393&user=login
20,5,1,0,0,0,0,0,1,8,0,0,0.25,0.2,0,0,3.5842,1,http://rb.gy/pay8585
49,32,2,3,0,0,0,0,0,10,0,4,0.1837,0.0,0,1,4.2629,1,http://chase-verify-security-update.top/login.php
85,38,1,4,0,0,0,0,0,25,1,3,0.1647,0.0706,0,1,4.5499,1,http://microsoft-login-verification-update.gq/secure/portal/client-id/?session=716102
63,16,3,0,0,0,1,0,0,16,2,2,0.2222,0.2698,0,0,4.7114,1,http://71.6.66.233:8080/dispute/center/?verify=71720&user=login
78,19,3,2,0,0,1,0,0,28,2,4,0.1923,0.2564,0,0,4.8334,1,http://150.111.18.205:8000/update-billing-information/?verify=33342&user=login
89,54,5,4,0,3,0,0,0,28,0,2,0.1573,0.0225,0,0,4.4435,1,http://dhl-tracking.microsoft.com.account-verification-86.icu/wallet/recovery-phrase.html
79,29,2,3,0,0,0,0,0,28,1,1,0.1519,0.0759,0,1,4.555,1,http://appleid-verification-auth.vip/wallet/recovery-phrase.html?session=690904
63,33,2,3,0,0,0,0,0,14,0,2,0.1746,0.0,0,1,4.3716,1,http://binance-trade-security-update.xyz/authorize.cgi?session=
70,34,1,3,0,0,0,0,0,12,1,5,0.1571,0.0,0,1,4.3381,1,http://microsoft-login-security-update.ml/signin/auth?redirect=account
71,34,2,4,0,0,0,0,0,30,0,3,0.1549,0.0,0,1,4.3042,1,http://netflix-billing-security-update.tk/security-checkpoint/index.php
81,51,5,3,0,3,0,0,0,14,0,1,0.1728,0.0247,0,1,4.4191,1,http://binance-trade.google.com.account-verification-42.ga/authorize.cgi?session=
70,53,5,3,0,3,0,0,0,10,0,3,0.1714,0.0286,0,1,4.2751,1,http://amazon-support.paypal.com.account-verification-80.top/login.php
73,14,3,2,0,0,1,0,0,28,2,4,0.1918,0.2192,0,0,4.8846,1,http://215.194.28.225/update-billing-information/?verify=33794&user=login
58,17,4,0,0,0,1,0,0,10,2,2,0.2241,0.3103,0,0,4.7092,1,http://209.53.52.98:3000/login.php?verify=11017&user=login
79,52,5,4,0,3,0,0,0,20,0,2,0.1646,0.0253,0,0,4.337,1,http://binance-trade.google.com.account-verification-26.icu/verify-account.html
26,11,1,0,0,0,0,0,1,8,0,0,0.1923,0.1538,0,0,4.2578,1,http://tinyurl.com/sec9123
79,52,5,4,0,3,0,0,0,20,0,2,0.1646,0.0253,0,1,4.336,1,http://coinbase-auth.paypal.com.account-verification-41.vip/verify-account.html
20,5,1,0,0,0,0,0,1,8,0,0,0.25,0.2,0,0,3.7842,1,http://rb.gy/pay8643
79,19,3,0,0,0,1,0,0,12,2,4,0.1899,0.2532,0,0,4.7676,1,http://173.233.238.85:8080/signin/auth?redirect=account?verify=37688&user=login
22,7,1,0,0,0,0,0,1,8,0,0,0.2273,0.1818,0,0,3.6978,1,http://cutt.ly/pay9410
90,53,5,4,0,3,0,0,0,30,0,2,0.1556,0.0222,0,1,4.3868,1,http://coinbase-auth.paypal.com.account-verification-40.loan/security-checkpoint/index.php
57,34,1,3,0,0,0,0,0,16,0,3,0.1754,0.0,0,1,4.1749,1,http://netflix-billing-security-update.tk/dispute/center/
73,12,4,1,0,0,1,0,0,30,2,3,0.1918,0.1918,0,0,4.7569,1,http://176.2.121.61/security-checkpoint/index.php?verify=90671&user=login
88,51,5,4,0,3,0,0,0,30,0,2,0.1591,0.0227,0,0,4.4192,1,http://dhl-tracking.google.com.account-verification-49.icu/security-checkpoint/index.php
94,54,5,4,0,3,0,0,0,33,0,4,0.1489,0.0213,0,1,4.424,1,http://amazon-support.paypal.com.account-verification-84.work/confirmation/payment-failed.aspx
93,43,2,4,0,0,0,0,0,28,1,1,0.1398,0.0645,0,1,4.5279,1,http://metamask-validation-verification-portal.top/wallet/recovery-phrase.html?session=398644
26,11,1,0,0,0,0,0,1,8,0,0,0.1923,0.1538,0,0,4.056,1,http://tinyurl.com/act8404
89,52,5,4,0,3,0,0,0,30,0,3,0.1573,0.0225,0,1,4.4559,1,http://amazon-support.google.com.account-verification-41.tk/security-checkpoint/index.php
84,61,4,3,0,3,0,0,0,16,0,3,0.1548,0.0238,0,0,4.2921,1,http://bankofamerica-alert.microsoft.com.account-verification-16.icu/dispute/center/
71,39,1,4,0,0,0,0,0,25,0,3,0.169,0.0,0,1,4.2987,1,http://metamask-validation-security-update.xyz/secure/portal/client-id/
81,51,5,3,0,3,0,0,0,14,0,1,0.1728,0.0247,0,0,4.4196,1,http://binance-trade.apple.com.account-verification-52.icu/authorize.cgi?session=
65,35,2,3,0,0,0,0,0,14,0,3,0.1692,0.0,0,1,4.3484,1,http://microsoft-login-security-update.top/authorize.cgi?session=
93,42,1,3,0,0,0,0,0,12,1,4,0.1398,0.0645,0,1,4.537,1,http://facebook-security-verification-secure.work/signin/auth?redirect=account?session=159547
64,34,2,3,0,0,0,0,0,14,0,3,0.1719,0.0,0,0,4.2913,1,http://amazon-support-security-update.icu/authorize.cgi?session=
68,32,1,3,0,0,0,0,0,12,1,4,0.1618,0.0,0,1,4.2776,1,http://coinbase-auth-security-update.ml/signin/auth?redirect=account
78,46,4,3,0,3,0,0,0,25,0,2,0.1795,0.0256,0,1,4.3569,1,http://paypal.paypal.com.account-verification-78.work/secure/portal/client-id/
87,36,1,3,0,0,0,0,0,12,1,2,0.1494,0.069,0,1,4.5135,1,http://coinbase-auth-verification-portal.ga/signin/auth?redirect=account?session=306958
22,7,1,0,0,0,0,0,1,8,0,0,0.2273,0.1818,0,0,3.5338,1,http://cutt.ly/act1223
83,45,1,3,0,0,0,0,0,16,1,3,0.1446,0.0723,0,1,4.4829,1,http://bankofamerica-alert-verification-update.click/dispute/center/?session=733355
78,61,5,3,0,3,0,0,0,10,0,3,0.1538,0.0256,0,0,4.3672,1,http://wellsfargo-security.microsoft.com.account-verification-33.icu/login.php
94,39,2,4,0,0,0,0,0,33,1,3,0.1383,0.0638,0,0,4.5438,1,http://microsoft-login-verification-portal.icu/confirmation/payment-failed.aspx?session=430365
85,35,2,4,0,0,0,0,0,28,1,3,0.1529,0.0706,0,1,4.5622,1,http://chase-verify-verification-update.cf/wallet/recovery-phrase.html?session=828084
22,7,1,0,0,0,0,0,1,8,0,0,0.2273,0.1818,0,0,3.6069,1,http://cutt.ly/sec5665
91,41,1,6,0,0,0,0,0,28,1,3,0.1538,0.0659,0,1,4.5627,1,http://google-drive-share-verification-secure.cf/update-billing-information/?session=234174
85,43,2,5,0,0,0,0,0,20,1,3,0.1529,0.0706,0,1,4.6779,1,http://google-drive-share-verification-update.work/verify-account.html?session=406204
54,31,1,3,0,0,0,0,0,16,0,2,0.1852,0.0,0,1,4.0789,1,http://dhl-tracking-security-update.tk/dispute/center/
87,37,2,4,0,0,0,0,0,28,1,1,0.1494,0.069,0,1,4.6534,1,http://usps-redelivery-verification-auth.xyz/wallet/recovery-phrase.html?session=828614
43,26,2,2,0,0,0,0,0,10,0,3,0.186,0.0,0,1,4.1116,1,http://appleid-security-update.ga/login.php
77,13,4,1,0,0,1,0,0,33,2,4,0.1818,0.1948,0,0,4.8462,1,http://116.30.121.65/confirmation/payment-failed.aspx?verify=50523&user=login
98,58,5,4,0,3,0,0,0,33,0,3,0.1429,0.0204,0,1,4.4626,1,http://usps-redelivery.microsoft.com.account-verification-24.work/confirmation/payment-failed.aspx
76,38,1,3,0,0,0,0,0,16,1,1,0.1579,0.0789,0,0,4.4554,1,http://amazon-support-verification-portal.icu/dispute/center/?session=197773
27,11,1,0,0,0,0,0,1,9,0,0,0.1852,0.1481,0,0,4.0603,1,http://tinyurl.com/auth1233
61,31,2,3,0,0,0,0,0,14,0,2,0.1803,0.0,0,1,4.3808,1,http://dhl-tracking-security-update.tk/authorize.cgi?session=
20,5,1,0,0,0,0,0,1,8,0,0,0.25,0.2,0,0,3.9842,1,http://rb.gy/sec3520
75,43,2,3,0,0,0,0,0,10,1,2,0.1467,0.08,0,0,4.5988,1,http://wellsfargo-security-verification-portal.icu/login.php?session=482392
76,36,2,4,0,0,0,0,0,33,0,4,0.1447,0.0,0,1,4.4478,1,http://facebook-security-security-update.gq/confirmation/payment-failed.aspx
78,28,2,3,0,0,0,0,0,28,1,1,0.1538,0.0769,0,1,4.6855,1,http://paypal-verification-auth.xyz/wallet/recovery-phrase.html?session=439572
90,50,5,4,0,3,0,0,0,33,0,3,0.1556,0.0222,0,1,4.4236,1,http://dhl-tracking.paypal.com.account-verification-37.ga/confirmation/payment-failed.aspx
23,7,1,0,0,0,0,0,1,9,0,0,0.2174,0.1739,0,0,3.5512,1,http://cutt.ly/auth1108
75,43,1,5,0,0,0,0,0,25,0,4,0.1733,0.0,0,1,4.3765,1,http://instagram-badge-verify-security-update.work/secure/portal/client-id/
95,40,2,4,0,0,0,0,0,33,1,3,0.1368,0.0632,0,1,4.5618,1,http://netflix-billing-verification-portal.work/confirmation/payment-failed.aspx?session=999495
84,29,2,3,0,0,0,0,0,33,1,2,0.1429,0.0714,0,0,4.5735,1,http://appleid-verification-auth.icu/confirmation/payment-failed.aspx?session=137083
66,19,3,0,0,0,1,0,0,16,2,2,0.2121,0.303,0,0,4.7492,1,http://144.46.178.190:3000/dispute/center/?verify=59418&user=login
27,11,1,0,0,0,0,0,1,9,0,0,0.1852,0.1481,0,0,4.1343,1,http://tinyurl.com/auth1284
73,35,1,3,0,0,0,0,0,16,1,1,0.1644,0.0822,0,1,4.4458,1,http://chase-verify-verification-portal.tk/dispute/center/?session=565696
78,51,5,4,0,3,0,0,0,20,0,2,0.1667,0.0256,0,1,4.375,1,http://dhl-tracking.paypal.com.account-verification-68.top/verify-account.html
59,32,2,4,0,0,0,0,0,20,0,4,0.1695,0.0,0,1,4.2999,1,http://binance-trade-security-update.tk/verify-account.html
68,51,5,3,0,3,0,0,0,10,0,3,0.1765,0.0294,0,1,4.3316,1,http://amazon-support.apple.com.account-verification-36.tk/login.php
97,57,5,4,0,3,0,0,0,33,0,4,0.1443,0.0206,0,1,4.4614,1,http://facebook-security.paypal.com.account-verification-86.work/confirmation/payment-failed.aspx
71,31,2,4,0,0,0,0,0,33,0,5,0.1549,0.0,0,1,4.3551,1,http://chase-verify-security-update.ml/confirmation/payment-failed.aspx
90,39,1,3,0,0,0,0,0,12,1,3,0.1444,0.0667,0,0,4.485,1,http://microsoft-login-verification-portal.icu/signin/auth?redirect=account?session=891579
26,11,1,0,0,0,0,0,1,8,0,0,0.1923,0.1538,0,0,4.2578,1,http://tinyurl.com/sec3581
26,11,1,0,0,0,0,0,1,8,0,0,0.1923,0.1538,0,0,4.1808,1,http://tinyurl.com/sec1040
82,55,5,4,0,3,0,0,0,20,0,3,0.1585,0.0244,0,1,4.4718,1,http://netflix-billing.paypal.com.account-verification-30.work/verify-account.html
89,42,1,4,0,0,0,0,0,25,1,1,0.1573,0.0674,0,1,4.4613,1,http://metamask-validation-verification-secure.tk/secure/portal/client-id/?session=232040
92,40,2,4,0,0,0,0,0,30,1,3,0.1413,0.0652,0,1,4.6768,1,http://netflix-billing-verification-update.work/security-checkpoint/index.php?session=290663
64,27,2,3,0,0,0,0,0,30,0,2,0.1562,0.0,0,1,4.2179,1,http://appleid-security-update.xyz/security-checkpoint/index.php
64,32,1,4,0,0,0,0,0,25,0,3,0.1875,0.0,0,1,4.1025,1,http://binance-trade-security-update.ga/secure/portal/client-id/
80,30,1,4,0,0,0,0,0,28,1,2,0.15,0.075,0,1,4.5282,1,http://appleid-verification-update.cf/update-billing-information/?session=266492
21,6,1,0,0,0,0,0,1,8,0,0,0.2381,0.1905,0,0,3.9395,1,http://bit.ly/sec3742
63,26,2,3,0,0,0,0,0,30,0,2,0.1587,0.0,0,1,4.2424,1,http://appleid-security-update.gq/security-checkpoint/index.php
74,42,2,4,0,0,0,0,0,10,1,2,0.1622,0.0811,0,1,4.557,1,http://google-drive-share-verification-update.top/login.php?session=985671
22,6,1,0,0,0,0,0,1,9,0,0,0.2273,0.1818,0,0,3.7888,1,http://bit.ly/auth5346
76,39,2,4,0,0,0,0,0,30,0,2,0.1447,0.0,0,1,4.3605,1,http://wellsfargo-security-security-update.vip/security-checkpoint/index.php
91,55,4,3,0,3,0,0,0,12,1,3,0.1538,0.022,0,1,4.4167,1,http://chase-verify.microsoft.com.account-verification-67.work/signin/auth?redirect=account
23,7,1,0,0,0,0,0,1,9,0,0,0.2174,0.1739,0,0,3.6381,1,http://cutt.ly/auth9107
96,28,3,4,0,0,0,0,0,20,1,2,0.1979,0.0,1,0,4.3167,1,http://google-drive-share-alert.com//redirect/index.php?url=http://malicious-collector.com/login
82,18,4,1,0,0,1,0,0,33,2,4,0.1829,0.2317,0,0,4.94,1,http://124.1.208.179:8000/confirmation/payment-failed.aspx?verify=51691&user=login
51,34,2,3,0,0,0,0,0,10,0,3,0.1765,0.0,0,1,4.3364,1,http://binance-trade-security-update.work/login.php
57,34,1,3,0,0,0,0,0,16,0,3,0.1754,0.0,0,1,4.2161,1,http://microsoft-login-security-update.ga/dispute/center/
88,41,1,4,0,0,0,0,0,25,1,2,0.1591,0.0682,0,1,4.4958,1,http://facebook-security-verification-portal.top/secure/portal/client-id/?session=164274
75,35,2,4,0,0,0,0,0,33,0,5,0.1467,0.0,0,1,4.3634,1,http://microsoft-login-security-update.vip/confirmation/payment-failed.aspx
69,52,5,3,0,3,0,0,0,10,0,3,0.1739,0.029,0,1,4.355,1,http://amazon-support.google.com.account-verification-53.tk/login.php
93,46,1,5,0,0,0,0,0,25,1,2,0.1613,0.0645,0,0,4.5237,1,http://instagram-badge-verify-verification-secure.icu/secure/portal/client-id/?session=544853
70,14,3,1,0,0,1,0,0,25,2,3,0.2143,0.2286,0,0,4.7722,1,http://96.100.187.184/secure/portal/client-id/?verify=11386&user=login
91,39,2,4,0,0,0,0,0,30,1,3,0.1429,0.0659,0,1,4.5788,1,http://microsoft-login-verification-update.top/security-checkpoint/index.php?session=594875
21,6,1,0,0,0,0,0,1,8,0,0,0.2381,0.1905,0,0,3.6538,1,http://bit.ly/pay8638
72,13,4,1,0,0,1,0,0,28,2,3,0.1944,0.2083,0,0,4.8174,1,http://55.195.196.68/wallet/recovery-phrase.html?verify=41224&user=login
74,57,5,4,0,3,0,0,0,10,0,2,0.1757,0.027,0,1,4.3699,1,http://google-drive-share.paypal.com.account-verification-20.top/login.php
71,17,4,0,0,0,1,0,0,14,2,2,0.2113,0.2535,0,0,4.7222,1,http://190.31.121.1:3000/authorize.cgi?session=?verify=23470&user=login
82,52,5,3,0,3,0,0,0,14,0,2,0.1707,0.0244,0,1,4.5431,1,http://chase-verify.paypal.com.account-verification-93.work/authorize.cgi?session=
80,19,4,1,0,0,1,0,0,30,2,3,0.1875,0.25,0,0,4.9189,1,http://196.243.15.121:8080/security-checkpoint/index.php?verify=39633&user=login
86,41,2,3,0,0,0,0,0,14,1,0,0.1512,0.0698,0,1,4.561,1,http://metamask-validation-verification-auth.vip/authorize.cgi?session=?session=726107
68,33,1,5,0,0,0,0,0,28,0,3,0.1618,0.0,0,1,4.2638,1,http://binance-trade-security-update.vip/update-billing-information/
23,7,1,0,0,0,0,0,1,9,0,0,0.2174,0.1739,0,0,3.5512,1,http://cutt.ly/auth2363
21,6,1,0,0,0,0,0,1,8,0,0,0.2381,0.1905,0,0,3.7849,1,http://bit.ly/act2103
73,19,4,0,0,0,1,0,0,14,2,2,0.2055,0.274,0,0,4.8558,1,http://19.238.213.147:8080/authorize.cgi?session=?verify=16684&user=login
73,14,3,2,0,0,1,0,0,28,2,4,0.1918,0.2192,0,0,4.787,1,http://138.143.189.93/update-billing-information/?verify=11549&user=login
82,45,5,3,0,3,0,0,0,30,0,2,0.1585,0.0244,0,1,4.4131,1,http://appleid.apple.com.account-verification-82.xyz/security-checkpoint/index.php
68,32,1,3,0,0,0,0,0,12,1,5,0.1618,0.0,0,0,4.2226,1,http://chase-verify-security-update.icu/signin/auth?redirect=account
26,11,1,0,0,0,0,0,1,8,0,0,0.1923,0.1538,0,0,4.2578,1,http://tinyurl.com/sec2341
66,19,3,0,0,0,1,0,0,16,2,2,0.2121,0.303,0,0,4.7566,1,http://183.45.159.231:8000/dispute/center/?verify=89042&user=login
68,38,2,4,0,0,0,0,0,14,0,2,0.1765,0.0,0,0,4.3205,1,http://google-drive-share-security-update.icu/authorize.cgi?session=
22,7,1,0,0,0,0,0,1,8,0,0,0.2273,0.1818,0,0,3.6978,1,http://cutt.ly/pay7918
89,54,4,5,0,3,0,0,0,28,0,3,0.1573,0.0225,0,1,4.3637,1,http://binance-trade.microsoft.com.account-verification-54.gq/update-billing-information/
85,35,1,5,0,0,0,0,0,28,1,2,0.1529,0.0706,0,0,4.4873,1,http://coinbase-auth-verification-auth.icu/update-billing-information/?session=158884
80,53,5,4,0,3,0,0,0,20,0,3,0.1625,0.025,0,1,4.344,1,http://microsoft-login.google.com.account-verification-54.gq/verify-account.html
27,11,1,0,0,0,0,0,1,9,0,0,0.1852,0.1481,0,0,4.0603,1,http://tinyurl.com/auth5779
75,15,3,0,0,0,1,0,0,12,2,4,0.1867,0.2267,0,0,4.706,1,http://214.202.175.218/signin/auth?redirect=account?verify=41241&user=login
76,36,2,4,0,0,0,0,0,33,0,5,0.1447,0.0,0,1,4.4532,1,http://netflix-billing-security-update.work/confirmation/payment-failed.aspx
65,33,1,4,0,0,0,0,0,25,0,3,0.1846,0.0,0,1,4.062,1,http://binance-trade-security-update.top/secure/portal/client-id/
75,19,3,1,0,0,1,0,0,25,2,3,0.2133,0.2667,0,0,4.867,1,http://201.174.231.97:8080/secure/portal/client-id/?verify=51973&user=login
99,62,5,5,0,3,0,0,0,30,0,3,0.1515,0.0202,0,1,4.5533,1,http://instagram-badge-verify.paypal.com.account-verification-86.work/security-checkpoint/index.php
21,6,1,0,0,0,0,0,1,8,0,0,0.2381,0.1905,0,0,3.6897,1,http://bit.ly/act9535
88,51,5,4,0,3,0,0,0,30,0,2,0.1591,0.0227,0,1,4.4649,1,http://coinbase-auth.paypal.com.account-verification-85.gq/security-checkpoint/index.php
87,35,2,4,0,0,0,0,0,30,1,2,0.1494,0.069,0,1,4.6469,1,http://dhl-tracking-verification-update.ga/security-checkpoint/index.php?session=870149
54,13,4,0,0,0,1,0,0,10,2,2,0.2222,0.2778,0,0,4.7591,1,http://183.92.114.66/login.php?verify=84047&user=login
85,34,1,3,0,0,0,0,0,12,1,3,0.1529,0.0706,0,1,4.5757,1,http://chase-verify-verification-auth.xyz/signin/auth?redirect=account?session=432752
78,36,2,4,0,0,0,0,0,20,1,3,0.1538,0.0769,0,1,4.6008,1,http://binance-trade-verification-secure.ml/verify-account.html?session=194926
21,6,1,0,0,0,0,0,1,8,0,0,0.2381,0.1905,0,0,3.7849,1,http://bit.ly/act2160
63,40,1,3,0,0,0,0,0,16,0,2,0.1587,0.0,0,1,4.1811,1,http://metamask-validation-security-update.loan/dispute/center/
77,39,1,3,0,0,0,0,0,16,1,1,0.1558,0.0779,0,1,4.6057,1,http://microsoft-login-verification-portal.xyz/dispute/center/?session=532065
78,18,3,0,0,0,1,0,0,12,2,4,0.1923,0.2436,0,0,4.8111,1,http://139.171.54.14:3000/signin/auth?redirect=account?verify=95306&user=login
79,44,4,4,0,3,0,0,0,28,0,3,0.1646,0.0253,0,1,4.3238,1,http://paypal.paypal.com.account-verification-94.ga/update-billing-information/
72,37,2,5,0,0,0,0,0,28,0,3,0.1667,0.0,0,1,4.2284,1,http://google-drive-share-security-update.ga/wallet/recovery-phrase.html
26,11,1,0,0,0,0,0,1,8,0,0,0.1923,0.1538,0,0,4.2578,1,http://tinyurl.com/sec6487
89,57,4,4,0,3,0,0,0,25,0,3,0.1685,0.0225,0,1,4.3374,1,http://facebook-security.apple.com.account-verification-71.click/secure/portal/client-id/
26,11,1,0,0,0,0,0,1,8,0,0,0.1923,0.1538,0,0,4.2578,1,http://tinyurl.com/sec5618
72,40,1,5,0,0,0,0,0,25,0,3,0.1806,0.0,0,1,4.1979,1,http://google-drive-share-security-update.click/secure/portal/client-id/
72,55,5,3,0,3,0,0,0,10,0,2,0.1667,0.0278,0,1,4.301,1,http://binance-trade.microsoft.com.account-verification-47.top/login.php
83,38,2,3,0,0,0,0,0,14,1,2,0.1566,0.0723,0,1,4.6446,1,http://netflix-billing-verification-update.ml/authorize.cgi?session=?session=856084
20,5,1,0,0,0,0,0,1,8,0,0,0.25,0.2,0,0,3.6842,1,http://rb.gy/pay2320
94,59,4,5,0,3,0,0,0,28,0,3,0.1489,0.0213,0,1,4.4266,1,http://metamask-validation.paypal.com.account-verification-73.work/update-billing-information/
84,49,4,4,0,3,0,0,0,28,0,3,0.1548,0.0238,0,1,4.4586,1,http://appleid.microsoft.com.account-verification-89.xyz/update-billing-information/
81,43,1,3,0,0,0,0,0,16,1,1,0.1481,0.0741,0,1,4.4624,1,http://metamask-validation-verification-update.top/dispute/center/?session=627902
68,31,2,4,0,0,0,0,0,30,0,2,0.1618,0.0,0,1,4.3064,1,http://dhl-tracking-security-update.gq/security-checkpoint/index.php
83,56,5,5,0,3,0,0,0,20,0,2,0.1687,0.0241,0,1,4.4143,1,http://google-drive-share.google.com.account-verification-40.gq/verify-account.html
82,47,4,4,0,3,0,0,0,28,0,3,0.1585,0.0244,0,1,4.341,1,http://paypal.paypal.com.account-verification-84.click/update-billing-information/
27,11,1,0,0,0,0,0,1,9,0,0,0.1852,0.1481,0,0,4.1343,1,http://tinyurl.com/auth1053
23,7,1,0,0,0,0,0,1,9,0,0,0.2174,0.1739,0,0,3.6381,1,http://cutt.ly/auth3981
20,5,1,0,0,0,0,0,1,8,0,0,0.25,0.2,0,0,3.8464,1,http://rb.gy/act2048
26,11,1,0,0,0,0,0,1,8,0,0,0.1923,0.1538,0,0,4.056,1,http://tinyurl.com/act7174
81,29,2,3,0,0,0,0,0,30,1,2,0.1481,0.0741,0,1,4.628,1,http://paypal-verification-secure.ga/security-checkpoint/index.php?session=982365
95,60,5,5,0,3,0,0,0,28,0,3,0.1579,0.0211,0,1,4.4626,1,http://instagram-badge-verify.apple.com.account-verification-62.top/wallet/recovery-phrase.html
77,13,4,1,0,0,1,0,0,33,2,4,0.1818,0.1948,0,0,4.908,1,http://28.252.93.105/confirmation/payment-failed.aspx?verify=27839&user=login
26,11,1,0,0,0,0,0,1,8,0,0,0.1923,0.1538,0,0,4.1808,1,http://tinyurl.com/pay2017
66,26,2,3,0,0,0,0,0,33,0,4,0.1515,0.0,0,0,4.2557,1,http://paypal-security-update.icu/confirmation/payment-failed.aspx
93,57,4,4,0,3,0,0,0,12,1,2,0.1613,0.0215,0,1,4.5406,1,http://google-drive-share.paypal.com.account-verification-23.xyz/signin/auth?redirect=account
61,26,1,4,0,0,0,0,0,28,0,3,0.1639,0.0,0,1,4.238,1,http://appleid-security-update.ga/update-billing-information/
72,36,1,3,0,0,0,0,0,12,1,4,0.1528,0.0,0,1,4.2894,1,http://facebook-security-security-update.cf/signin/auth?redirect=account
70,19,4,1,0,0,1,0,0,20,2,3,0.2,0.2857,0,0,4.9325,1,http://65.215.113.246:3000/verify-account.html?verify=80371&user=login
68,31,2,4,0,0,0,0,0,30,0,3,0.1618,0.0,0,1,4.3079,1,http://chase-verify-security-update.gq/security-checkpoint/index.php
71,35,1,3,0,0,0,0,0,12,1,4,0.1549,0.0,0,1,4.2413,1,http://usps-redelivery-security-update.top/signin/auth?redirect=account
74,18,3,1,0,0,1,0,0,25,2,3,0.2162,0.2568,0,0,4.8628,1,http://215.207.27.34:8443/secure/portal/client-id/?verify=11879&user=login
63,33,2,3,0,0,0,0,0,14,0,3,0.1746,0.0,0,1,4.396,1,http://chase-verify-security-update.loan/authorize.cgi?session=
73,38,2,4,0,0,0,0,0,28,0,3,0.1507,0.0,0,1,4.2729,1,http://metamask-validation-security-update.ml/wallet/recovery-phrase.html
22,7,1,0,0,0,0,0,1,8,0,0,0.2273,0.1818,0,0,3.5338,1,http://cutt.ly/act9366
86,51,5,4,0,3,0,0,0,28,0,2,0.1628,0.0233,0,1,4.4207,1,http://coinbase-auth.google.com.account-verification-65.cf/wallet/recovery-phrase.html
74,57,5,3,0,3,0,0,0,10,0,3,0.1622,0.027,0,1,4.3969,1,http://facebook-security.paypal.com.account-verification-31.loan/login.php
26,11,1,0,0,0,0,0,1,8,0,0,0.1923,0.1538,0,0,4.1329,1,http://tinyurl.com/act3285
83,19,4,1,0,0,1,0,0,33,2,4,0.1807,0.241,0,0,4.9667,1,http://54.235.170.134:3000/confirmation/payment-failed.aspx?verify=86546&user=login
61,14,3,0,0,0,1,0,0,16,2,2,0.2131,0.2623,0,0,4.689,1,http://91.214.244.158/dispute/center/?verify=89393&user=login
67,35,2,3,0,0,0,0,0,10,1,2,0.1642,0.0896,0,1,4.6214,1,http://chase-verify-verification-auth.work/login.php?session=444287
81,30,1,2,0,0,0,0,0,12,1,2,0.1481,0.0741,0,1,4.5715,1,http://appleid-verification-portal.ml/signin/auth?redirect=account?session=980526
27,11,1,0,0,0,0,0,1,9,0,0,0.1852,0.1481,0,0,4.1343,1,http://tinyurl.com/auth2493
26,11,1,0,0,0,0,0,1,8,0,0,0.1923,0.1538,0,0,4.1808,1,http://tinyurl.com/pay3610
78,14,4,1,0,0,1,0,0,33,2,4,0.1795,0.2051,0,0,4.8414,1,http://64.223.111.242/confirmation/payment-failed.aspx?verify=48401&user=login
93,38,2,4,0,0,0,0,0,33,1,3,0.1398,0.0645,0,1,4.5127,1,http://binance-trade-verification-update.loan/confirmation/payment-failed.aspx?session=242799
61,31,2,3,0,0,0,0,0,14,0,2,0.1803,0.0,0,1,4.3831,1,http://dhl-tracking-security-update.ga/authorize.cgi?session=
87,36,1,3,0,0,0,0,0,12,1,3,0.1494,0.069,0,1,4.4893,1,http://binance-trade-verification-update.tk/signin/auth?redirect=account?session=256807
76,15,4,1,0,0,1,0,0,30,2,3,0.1842,0.2237,0,0,4.8453,1,http://140.234.124.115/security-checkpoint/index.php?verify=67361&user=login
77,17,3,0,0,0,1,0,0,12,2,4,0.1948,0.2338,0,0,4.8402,1,http://201.2.105.47:8443/signin/auth?redirect=account?verify=44859&user=login
22,7,1,0,0,0,0,0,1,8,0,0,0.2273,0.1818,0,0,3.5338,1,http://cutt.ly/act8869
86,35,1,3,0,0,0,0,0,12,1,3,0.1512,0.0698,0,1,4.5336,1,http://dhl-tracking-verification-update.ga/signin/auth?redirect=account?session=781966
69,37,2,3,0,0,0,0,0,10,1,2,0.1594,0.087,0,0,4.5396,1,http://binance-trade-verification-update.icu/login.php?session=158651
82,50,4,4,0,3,0,0,0,25,0,2,0.1829,0.0244,0,1,4.4363,1,http://dhl-tracking.apple.com.account-verification-55.xyz/secure/portal/client-id/
20,5,1,0,0,0,0,0,1,8,0,0,0.25,0.2,0,0,3.6842,1,http://rb.gy/pay1997
87,37,1,5,0,0,0,0,0,28,1,2,0.1494,0.069,0,1,4.5076,1,http://binance-trade-verification-portal.vip/update-billing-information/?session=278483
60,25,1,4,0,0,0,0,0,28,0,3,0.1667,0.0,0,1,4.3176,1,http://paypal-security-update.gq/update-billing-information/
80,45,5,3,0,3,0,0,0,28,0,2,0.1625,0.025,0,1,4.4404,1,http://appleid.apple.com.account-verification-53.xyz/wallet/recovery-phrase.html
89,59,5,3,0,3,0,0,0,14,0,1,0.1573,0.0225,0,1,4.4495,1,http://metamask-validation.apple.com.account-verification-68.click/authorize.cgi?session=
21,6,1,0,0,0,0,0,1,8,0,0,0.2381,0.1905,0,0,3.7849,1,http://bit.ly/act2708
66,15,4,1,0,0,1,0,0,20,2,3,0.197,0.2576,0,0,4.8227,1,http://117.123.249.143/verify-account.html?verify=57144&user=login
23,7,1,0,0,0,0,0,1,9,0,0,0.2174,0.1739,0,0,3.6381,1,http://cutt.ly/auth8540
73,35,1,3,0,0,0,0,0,16,1,0,0.1644,0.0822,0,1,4.4088,1,http://coinbase-auth-verification-auth.top/dispute/center/?session=110652
100,60,5,5,0,3,0,0,0,33,0,3,0.15,0.02,0,1,4.4106,1,http://google-drive-share.microsoft.com.account-verification-73.vip/confirmation/payment-failed.aspx
26,11,1,0,0,0,0,0,1,8,0,0,0.1923,0.1538,0,0,4.1039,1,http://tinyurl.com/pay4070
26,11,1,0,0,0,0,0,1,8,0,0,0.1923,0.1538,0,0,4.2578,1,http://tinyurl.com/sec3671
85,55,5,3,0,3,0,0,0,14,0,1,0.1647,0.0235,0,1,4.4429,1,http://dhl-tracking.microsoft.com.account-verification-98.loan/authorize.cgi?session=
65,25,2,3,0,0,0,0,0,33,0,4,0.1538,0.0,0,1,4.2827,1,http://paypal-security-update.tk/confirmation/payment-failed.aspx
75,37,1,3,0,0,0,0,0,16,1,1,0.16,0.08,0,1,4.6303,1,http://netflix-billing-verification-auth.xyz/dispute/center/?session=981123
85,40,2,3,0,0,0,0,0,14,1,0,0.1529,0.0706,0,1,4.5586,1,http://metamask-validation-verification-auth.tk/authorize.cgi?session=?session=532621
65,14,4,1,0,0,1,0,0,20,2,3,0.2,0.2462,0,0,4.8758,1,http://173.143.153.83/verify-account.html?verify=26878&user=login
21,6,1,0,0,0,0,0,1,8,0,0,0.2381,0.1905,0,0,3.749,1,http://bit.ly/pay5013
21,6,1,0,0,0,0,0,1,8,0,0,0.2381,0.1905,0,0,3.6538,1,http://bit.ly/pay9266
70,35,1,5,0,0,0,0,0,28,0,4,0.1571,0.0,0,1,4.2643,1,http://microsoft-login-security-update.top/update-billing-information/
78,40,1,3,0,0,0,0,0,16,1,1,0.1538,0.0769,0,1,4.4592,1,http://usps-redelivery-verification-update.loan/dispute/center/?session=155932
72,55,5,3,0,3,0,0,0,10,0,2,0.1667,0.0278,0,1,4.2716,1,http://microsoft-login.paypal.com.account-verification-24.loan/login.php
95,58,5,4,0,3,0,0,0,30,0,4,0.1474,0.0211,0,1,4.4439,1,http://bankofamerica-alert.apple.com.account-verification-35.work/security-checkpoint/index.php
86,51,4,5,0,3,0,0,0,28,0,3,0.1628,0.0233,0,1,4.3739,1,http://coinbase-auth.google.com.account-verification-91.tk/update-billing-information/
21,5,1,0,0,0,0,0,1,9,0,0,0.2381,0.1905,0,0,3.8442,1,http://rb.gy/auth3714
71,17,4,0,0,0,1,0,0,14,2,2,0.2113,0.2535,0,0,4.7342,1,http://92.238.98.94:8000/authorize.cgi?session=?verify=86200&user=login
22,7,1,0,0,0,0,0,1,8,0,0,0.2273,0.1818,0,0,3.6247,1,http://cutt.ly/act9104
71,54,5,3,0,3,0,0,0,10,0,2,0.169,0.0282,0,1,4.4853,1,http://dhl-tracking.microsoft.com.account-verification-53.xyz/login.php
76,53,4,3,0,3,0,0,0,16,0,2,0.1711,0.0263,0,1,4.3695,1,http://netflix-billing.google.com.account-verification-90.ga/dispute/center/
74,13,4,1,0,0,1,0,0,30,2,3,0.1892,0.2027,0,0,4.8243,1,http://124.30.77.132/security-checkpoint/index.php?verify=19739&user=login
86,36,2,4,0,0,0,0,0,28,1,1,0.1512,0.0698,0,1,4.6395,1,http://dhl-tracking-verification-portal.vip/wallet/recovery-phrase.html?session=250378
71,15,3,1,0,0,1,0,0,25,2,3,0.2113,0.2394,0,0,4.6816,1,http://127.229.172.199/secure/portal/client-id/?verify=31499&user=login
69,18,4,1,0,0,1,0,0,20,2,3,0.2029,0.2754,0,0,4.9181,1,http://111.167.81.25:8443/verify-account.html?verify=49238&user=login
101,64,5,5,0,3,0,0,0,30,0,3,0.1485,0.0198,0,1,4.4634,1,http://instagram-badge-verify.microsoft.com.account-verification-50.vip/security-checkpoint/index.php
80,30,1,4,0,0,0,0,0,28,1,2,0.15,0.075,0,1,4.5203,1,http://appleid-verification-portal.tk/update-billing-information/?session=596589
20,5,1,0,0,0,0,0,1,8,0,0,0.25,0.2,0,0,3.7464,1,http://rb.gy/act8589
61,29,2,2,0,0,0,0,0,10,1,1,0.1639,0.0984,0,1,4.5186,1,http://paypal-verification-portal.gq/login.php?session=297711
22,7,1,0,0,0,0,0,1,8,0,0,0.2273,0.1818,0,0,3.6069,1,http://cutt.ly/pay3823
21,6,1,0,0,0,0,0,1,8,0,0,0.2381,0.1905,0,0,3.6538,1,http://bit.ly/pay5661
82,46,4,2,0,3,0,0,0,12,1,2,0.1585,0.0244,0,1,4.3945,1,http://paypal.apple.com.account-verification-65.click/signin/auth?redirect=account
95,43,2,4,0,0,0,0,0,30,1,2,0.1368,0.0632,0,1,4.5648,1,http://facebook-security-verification-secure.click/security-checkpoint/index.php?session=194638
89,39,1,5,0,0,0,0,0,28,1,4,0.1461,0.0674,0,1,4.605,1,http://microsoft-login-verification-secure.xyz/update-billing-information/?session=470757
57,34,1,3,0,0,0,0,0,16,0,2,0.1754,0.0,0,1,4.1091,1,http://dhl-tracking-security-update.click/dispute/center/
68,17,4,1,0,0,1,0,0,20,2,3,0.2059,0.2647,0,0,4.9326,1,http://192.7.73.237:8000/verify-account.html?verify=27864&user=login
26,11,1,0,0,0,0,0,1,8,0,0,0.1923,0.1538,0,0,4.1039,1,http://tinyurl.com/pay6323
89,57,4,4,0,3,0,0,0,25,0,2,0.1685,0.0225,0,1,4.3321,1,http://metamask-validation.paypal.com.account-verification-86.ml/secure/portal/client-id/
73,13,3,0,0,0,1,0,0,12,2,4,0.1918,0.2055,0,0,4.7619,1,http://211.30.53.205/signin/auth?redirect=account?verify=44339&user=login
70,34,1,3,0,0,0,0,0,12,1,5,0.1571,0.0,0,1,4.3109,1,http://microsoft-login-security-update.cf/signin/auth?redirect=account
27,11,1,0,0,0,0,0,1,9,0,0,0.1852,0.1481,0,0,4.0603,1,http://tinyurl.com/auth8004
68,17,4,1,0,0,1,0,0,20,2,3,0.2059,0.2647,0,0,4.8921,1,http://58.127.62.75:8080/verify-account.html?verify=29757&user=login
74,18,3,1,0,0,1,0,0,25,2,3,0.2162,0.2568,0,0,4.8358,1,http://208.43.159.23:8443/secure/portal/client-id/?verify=20955&user=login
68,30,1,2,0,0,0,0,0,16,1,1,0.1618,0.0882,0,1,4.4904,1,http://appleid-verification-secure.gq/dispute/center/?session=420146
88,33,2,3,0,0,0,0,0,33,1,3,0.1364,0.0682,0,1,4.5559,1,http://appleid-verification-secure.click/confirmation/payment-failed.aspx?session=810333
72,37,1,5,0,0,0,0,0,28,0,3,0.1528,0.0,0,1,4.4456,1,http://facebook-security-security-update.xyz/update-billing-information/
76,38,1,3,0,0,0,0,0,16,1,2,0.1579,0.0789,0,0,4.4413,1,http://amazon-support-verification-secure.icu/dispute/center/?session=718753
72,13,4,1,0,0,1,0,0,28,2,3,0.1944,0.2083,0,0,4.8174,1,http://142.40.18.172/wallet/recovery-phrase.html?verify=61452&user=login
72,18,4,0,0,0,1,0,0,14,2,2,0.2083,0.2639,0,0,4.8401,1,http://124.246.39.60:3000/authorize.cgi?session=?verify=17056&user=login
70,53,5,3,0,3,0,0,0,10,0,2,0.1714,0.0286,0,1,4.2452,1,http://microsoft-login.google.com.account-verification-93.ml/login.php
85,40,2,3,0,0,0,0,0,14,1,2,0.1529,0.0706,0,1,4.4621,1,http://microsoft-login-verification-secure.loan/authorize.cgi?session=?session=404676
72,12,3,0,0,0,1,0,0,12,2,4,0.1944,0.1944,0,0,4.6998,1,http://93.209.222.8/signin/auth?redirect=account?verify=30825&user=login
75,14,4,1,0,0,1,0,0,30,2,3,0.1867,0.2133,0,0,4.8822,1,http://206.228.253.64/security-checkpoint/index.php?verify=87651&user=login
86,59,5,4,0,3,0,0,0,20,0,2,0.1512,0.0233,0,1,4.4123,1,http://metamask-validation.paypal.com.account-verification-42.work/verify-account.html
64,34,2,3,0,0,0,0,0,14,0,2,0.1719,0.0,0,1,4.3352,1,http://usps-redelivery-security-update.tk/authorize.cgi?session=
70,35,1,5,0,0,0,0,0,28,0,3,0.1571,0.0,0,1,4.3055,1,http://usps-redelivery-security-update.vip/update-billing-information/
77,50,5,4,0,3,0,0,0,20,0,2,0.1688,0.026,0,1,4.3107,1,http://binance-trade.apple.com.account-verification-58.cf/verify-account.html
26,11,1,0,0,0,0,0,1,8,0,0,0.1923,0.1538,0,0,4.2578,1,http://tinyurl.com/sec7461
70,19,4,1,0,0,1,0,0,20,2,3,0.2,0.2857,0,0,4.9325,1,http://61.170.128.246:8080/verify-account.html?verify=95501&user=login
21,6,1,0,0,0,0,0,1,8,0,0,0.2381,0.1905,0,0,3.6897,1,http://bit.ly/act8200
60,19,4,0,0,0,1,0,0,10,2,2,0.2167,0.3333,0,0,4.8232,1,http://59.195.220.147:8443/login.php?verify=65643&user=login
49,32,2,3,0,0,0,0,0,10,0,3,0.1837,0.0,0,1,4.2416,1,http://binance-trade-security-update.tk/login.php
99,59,5,5,0,3,0,0,0,33,0,3,0.1515,0.0202,0,1,4.4467,1,http://google-drive-share.google.com.account-verification-60.click/confirmation/payment-failed.aspx
26,11,1,0,0,0,0,0,1,8,0,0,0.1923,0.1538,0,0,4.1039,1,http://tinyurl.com/pay5060
81,36,2,3,0,0,0,0,0,14,1,1,0.1605,0.0741,0,1,4.5092,1,http://binance-trade-verification-secure.tk/authorize.cgi?session=?session=213345
22,7,1,0,0,0,0,0,1,8,0,0,0.2273,0.1818,0,0,3.7888,1,http://cutt.ly/sec1432
73,13,3,0,0,0,1,0,0,12,2,4,0.1918,0.2055,0,0,4.6968,1,http://81.168.13.144/signin/auth?redirect=account?verify=33934&user=login
95,40,2,4,0,0,0,0,0,33,1,3,0.1368,0.0632,0,1,4.5826,1,http://facebook-security-verification-portal.tk/confirmation/payment-failed.aspx?session=454046
92,57,4,5,0,3,0,0,0,28,0,4,0.1522,0.0217,0,1,4.4101,1,http://facebook-security.apple.com.account-verification-41.click/update-billing-information/
51,34,2,3,0,0,0,0,0,10,0,3,0.1765,0.0,0,1,4.2483,1,http://dhl-tracking-security-update.click/login.php
92,42,1,5,0,0,0,0,0,28,1,3,0.1413,0.0652,0,1,4.6034,1,http://wellsfargo-security-verification-auth.loan/update-billing-information/?session=819214
89,54,5,4,0,3,0,0,0,28,0,2,0.1573,0.0225,0,1,4.5362,1,http://dhl-tracking.microsoft.com.account-verification-24.xyz/wallet/recovery-phrase.html
88,37,1,3,0,0,0,0,0,12,1,4,0.1477,0.0682,0,1,4.5414,1,http://amazon-support-verification-update.tk/signin/auth?redirect=account?session=425912
91,44,1,4,0,0,0,0,0,25,1,2,0.1538,0.0659,0,1,4.4967,1,http://metamask-validation-verification-update.loan/secure/portal/client-id/?session=316207
87,36,1,3,0,0,0,0,0,12,1,2,0.1494,0.069,0,1,4.4675,1,http://coinbase-auth-verification-portal.ga/signin/auth?redirect=account?session=657726
66,12,4,0,0,0,1,0,0,14,2,2,0.2121,0.2121,0,0,4.7393,1,http://19.67.178.61/authorize.cgi?session=?verify=57722&user=login
70,38,1,4,0,0,0,0,0,25,0,3,0.1714,0.0,0,1,4.2804,1,http://metamask-validation-security-update.gq/secure/portal/client-id/
79,42,2,5,0,0,0,0,0,30,0,3,0.1519,0.0,0,1,4.3721,1,http://instagram-badge-verify-security-update.vip/security-checkpoint/index.php
55,14,4,0,0,0,1,0,0,10,2,2,0.2182,0.2909,0,0,4.6081,1,http://111.60.126.197/login.php?verify=62471&user=login
88,38,2,4,0,0,0,0,0,28,1,3,0.1477,0.0682,0,1,4.7149,1,http://amazon-support-verification-update.xyz/wallet/recovery-phrase.html?session=276849
59,32,2,4,0,0,0,0,0,20,0,4,0.1695,0.0,0,1,4.3188,1,http://coinbase-auth-security-update.tk/verify-account.html
88,56,4,4,0,3,0,0,0,25,0,2,0.1705,0.0227,0,1,4.3542,1,http://usps-redelivery.microsoft.com.account-verification-23.tk/secure/portal/client-id/
72,18,4,0,0,0,1,0,0,14,2,2,0.2083,0.2639,0,0,4.8137,1,http://202.199.69.65:8000/authorize.cgi?session=?verify=33365&user=login
22,7,1,0,0,0,0,0,1,8,0,0,0.2273,0.1818,0,0,3.6978,1,http://cutt.ly/pay7213
74,13,4,1,0,0,1,0,0,30,2,3,0.1892,0.2027,0,0,4.8615,1,http://29.107.138.98/security-checkpoint/index.php?verify=60686&user=login
59,12,3,0,0,0,1,0,0,16,2,2,0.2203,0.2373,0,0,4.76,1,http://61.225.97.20/dispute/center/?verify=31808&user=login
61,26,2,3,0,0,0,0,0,28,0,3,0.1639,0.0,0,1,4.2299,1,http://paypal-security-update.xyz/wallet/recovery-phrase.html
94,57,5,5,0,3,0,0,0,30,0,2,0.1596,0.0213,0,1,4.5037,1,http://google-drive-share.google.com.account-verification-32.xyz/security-checkpoint/index.php
20,5,1,0,0,0,0,0,1,8,0,0,0.25,0.2,0,0,3.5464,1,http://rb.gy/pay7222
97,45,2,5,0,0,0,0,0,30,1,3,0.1443,0.0619,0,1,4.7185,1,http://instagram-badge-verify-verification-update.ml/security-checkpoint/index.php?session=946153
79,18,4,1,0,0,1,0,0,30,2,3,0.1899,0.2405,0,0,4.883,1,http://61.75.225.205:8000/security-checkpoint/index.php?verify=54297&user=login
21,5,1,0,0,0,0,0,1,9,0,0,0.2381,0.1905,0,0,3.8442,1,http://rb.gy/auth1469
75,11,4,1,0,0,1,0,0,33,2,4,0.1867,0.1733,0,0,4.9037,1,http://70.2.218.23/confirmation/payment-failed.aspx?verify=94348&user=login
93,42,1,3,0,0,0,0,0,12,1,4,0.1398,0.0645,0,1,4.5498,1,http://wellsfargo-security-verification-update.ga/signin/auth?redirect=account?session=648048
76,41,1,6,0,0,0,0,0,28,0,4,0.1579,0.0,0,1,4.3769,1,http://instagram-badge-verify-security-update.gq/update-billing-information/
22,6,1,0,0,0,0,0,1,9,0,0,0.2273,0.1818,0,0,3.6978,1,http://bit.ly/auth4402
71,36,2,4,0,0,0,0,0,28,0,4,0.1549,0.0,0,1,4.3861,1,http://netflix-billing-security-update.loan/wallet/recovery-phrase.html
21,6,1,0,0,0,0,0,1,8,0,0,0.2381,0.1905,0,0,3.5585,1,http://bit.ly/act8388
60,13,3,0,0,0,1,0,0,16,2,2,0.2167,0.25,0,0,4.7029,1,http://213.150.50.67/dispute/center/?verify=85181&user=login
71,15,3,1,0,0,1,0,0,25,2,3,0.2113,0.2394,0,0,4.8132,1,http://115.175.236.233/secure/portal/client-id/?verify=24876&user=login
79,19,3,0,0,0,1,0,0,12,2,4,0.1899,0.2532,0,0,4.8435,1,http://59.106.206.178:8080/signin/auth?redirect=account?verify=46057&user=login
77,45,2,4,0,0,0,0,0,10,1,3,0.1558,0.0779,0,1,4.6902,1,http://instagram-badge-verify-verification-update.tk/login.php?session=824594
85,50,4,5,0,3,0,0,0,28,0,3,0.1647,0.0235,0,1,4.4429,1,http://dhl-tracking.paypal.com.account-verification-86.gq/update-billing-information/
102,62,5,5,0,3,0,0,0,33,0,3,0.1471,0.0196,0,1,4.4315,1,http://google-drive-share.microsoft.com.account-verification-64.click/confirmation/payment-failed.aspx
88,58,5,3,0,3,0,0,0,14,0,2,0.1591,0.0227,0,1,4.4976,1,http://wellsfargo-security.paypal.com.account-verification-99.vip/authorize.cgi?session=
23,7,1,0,0,0,0,0,1,9,0,0,0.2174,0.1739,0,0,3.5512,1,http://cutt.ly/auth3136
63,31,1,4,0,0,0,0,0,25,0,3,0.1905,0.0,0,1,4.1711,1,http://dhl-tracking-security-update.ga/secure/portal/client-id/
72,18,4,0,0,0,1,0,0,14,2,2,0.2083,0.2639,0,0,4.852,1,http://14.29.107.248:8080/authorize.cgi?session=?verify=36829&user=login
95,58,5,4,0,3,0,0,0,30,0,2,0.1474,0.0211,0,1,4.4147,1,http://facebook-security.google.com.account-verification-99.click/security-checkpoint/index.php
77,50,5,4,0,3,0,0,0,20,0,2,0.1688,0.026,0,1,4.4273,1,http://chase-verify.apple.com.account-verification-62.xyz/verify-account.html
26,11,1,0,0,0,0,0,1,8,0,0,0.1923,0.1538,0,0,4.1808,1,http://tinyurl.com/pay3659
70,38,1,5,0,0,0,0,0,25,0,3,0.1857,0.0,0,1,4.1702,1,http://google-drive-share-security-update.vip/secure/portal/client-id/
21,6,1,0,0,0,0,0,1,8,0,0,0.2381,0.1905,0,0,3.8442,1,http://bit.ly/sec1868
77,18,3,2,0,0,1,0,0,28,2,4,0.1948,0.2468,0,0,4.9122,1,http://124.4.120.143:8080/update-billing-information/?verify=99533&user=login
22,7,1,0,0,0,0,0,1,8,0,0,0.2273,0.1818,0,0,3.6247,1,http://cutt.ly/act8347
71,35,1,3,0,0,0,0,0,12,1,5,0.1549,0.0,0,1,4.343,1,http://microsoft-login-security-update.vip/signin/auth?redirect=account
75,19,3,1,0,0,1,0,0,25,2,3,0.2133,0.2667,0,0,4.7603,1,http://80.224.200.243:8000/secure/portal/client-id/?verify=46941&user=login
74,14,3,0,0,0,1,0,0,12,2,4,0.1892,0.2162,0,0,4.8717,1,http://189.236.219.74/signin/auth?redirect=account?verify=51075&user=login
22,7,1,0,0,0,0,0,1,8,0,0,0.2273,0.1818,0,0,3.6069,1,http://cutt.ly/pay9877
89,42,1,4,0,0,0,0,0,25,1,4,0.1573,0.0674,0,1,4.5214,1,http://bankofamerica-alert-verification-update.ga/secure/portal/client-id/?session=949008
65,35,2,3,0,0,0,0,0,14,0,2,0.1692,0.0,0,1,4.2909,1,http://usps-redelivery-security-update.top/authorize.cgi?session=
26,11,1,0,0,0,0,0,1,8,0,0,0.1923,0.1538,0,0,4.2578,1,http://tinyurl.com/sec3269
69,32,2,4,0,0,0,0,0,30,0,2,0.1594,0.0,0,1,4.2338,1,http://dhl-tracking-security-update.top/security-checkpoint/index.php
21,5,1,0,0,0,0,0,1,9,0,0,0.2381,0.1905,0,0,3.8442,1,http://rb.gy/auth2570
74,18,3,1,0,0,1,0,0,25,2,3,0.2162,0.2568,0,0,4.7751,1,http://98.133.144.34:8080/secure/portal/client-id/?verify=71439&user=login
66,15,4,1,0,0,1,0,0,20,2,3,0.197,0.2576,0,0,4.8849,1,http://183.228.134.203/verify-account.html?verify=10265&user=login
77,13,4,1,0,0,1,0,0,33,2,4,0.1818,0.1948,0,0,4.9143,1,http://30.77.239.103/confirmation/payment-failed.aspx?verify=95149&user=login
61,14,3,0,0,0,1,0,0,16,2,2,0.2131,0.2623,0,0,4.7341,1,http://37.150.220.130/dispute/center/?verify=69962&user=login
92,55,5,4,0,3,0,0,0,30,0,2,0.1522,0.0217,0,1,4.4054,1,http://facebook-security.apple.com.account-verification-72.vip/security-checkpoint/index.php
80,35,2,3,0,0,0,0,0,14,1,0,0.1625,0.075,0,1,4.5513,1,http://dhl-tracking-verification-portal.cf/authorize.cgi?session=?session=856665
20,5,1,0,0,0,0,0,1,8,0,0,0.25,0.2,0,0,3.6464,1,http://rb.gy/act9119
55,25,2,2,0,0,0,0,0,14,0,2,0.1818,0.0,0,1,4.3446,1,http://paypal-security-update.tk/authorize.cgi?session=
26,11,1,0,0,0,0,0,1,8,0,0,0.1923,0.1538,0,0,4.056,1,http://tinyurl.com/act4969
77,35,2,4,0,0,0,0,0,20,1,3,0.1558,0.0779,0,1,4.6499,1,http://dhl-tracking-verification-secure.ga/verify-account.html?session=887443
21,6,1,0,0,0,0,0,1,8,0,0,0.2381,0.1905,0,0,3.749,1,http://bit.ly/pay3719
67,44,1,4,0,0,0,0,0,16,0,3,0.1642,0.0,0,1,4.2819,1,http://instagram-badge-verify-security-update.click/dispute/center/
56,15,4,0,0,0,1,0,0,10,2,2,0.2143,0.3036,0,0,4.7042,1,http://168.105.171.104/login.php?verify=29451&user=login
94,59,5,4,0,3,0,0,0,28,0,4,0.1489,0.0213,0,1,4.36,1,http://bankofamerica-alert.apple.com.account-verification-68.click/wallet/recovery-phrase.html
70,19,4,1,0,0,1,0,0,20,2,3,0.2,0.2857,0,0,4.9002,1,http://115.79.104.195:8443/verify-account.html?verify=10152&user=login
61,14,3,0,0,0,1,0,0,16,2,2,0.2131,0.2623,0,0,4.5454,1,http://59.175.191.121/dispute/center/?verify=12775&user=login
56,26,2,2,0,0,0,0,0,14,0,2,0.1786,0.0,0,1,4.3458,1,http://appleid-security-update.cf/authorize.cgi?session=
20,5,1,0,0,0,0,0,1,8,0,0,0.25,0.2,0,0,3.7842,1,http://rb.gy/pay3690
67,20,3,0,0,0,1,0,0,16,2,2,0.209,0.3134,0,0,4.7604,1,http://138.205.216.204:8080/dispute/center/?verify=77482&user=login
92,42,1,6,0,0,0,0,0,28,1,2,0.1522,0.0652,0,1,4.5807,1,http://google-drive-share-verification-auth.click/update-billing-information/?session=805048
21,5,1,0,0,0,0,0,1,9,0,0,0.2381,0.1905,0,0,3.749,1,http://rb.gy/auth5988
74,34,2,4,0,0,0,0,0,33,0,5,0.1486,0.0,0,1,4.3794,1,http://chase-verify-security-update.click/confirmation/payment-failed.aspx
82,45,5,3,0,3,0,0,0,30,0,2,0.1585,0.0244,0,1,4.4555,1,http://appleid.google.com.account-verification-53.gq/security-checkpoint/index.php
68,33,1,5,0,0,0,0,0,28,0,3,0.1618,0.0,0,1,4.3919,1,http://dhl-tracking-security-update.work/update-billing-information/
77,42,2,5,0,0,0,0,0,28,0,4,0.1558,0.0,0,1,4.3654,1,http://instagram-badge-verify-security-update.top/wallet/recovery-phrase.html
22,7,1,0,0,0,0,0,1,8,0,0,0.2273,0.1818,0,0,3.6978,1,http://cutt.ly/sec9353
92,40,2,4,0,0,0,0,0,30,1,3,0.1413,0.0652,0,1,4.5299,1,http://amazon-support-verification-update.click/security-checkpoint/index.php?session=622622
51,34,2,3,0,0,0,0,0,10,0,3,0.1765,0.0,0,1,4.234,1,http://usps-redelivery-security-update.tk/login.php
88,38,1,5,0,0,0,0,0,28,1,3,0.1477,0.0682,0,1,4.6293,1,http://facebook-security-verification-auth.ga/update-billing-information/?session=163973
81,43,1,3,0,0,0,0,0,16,1,0,0.1481,0.0741,0,1,4.435,1,http://metamask-validation-verification-portal.top/dispute/center/?session=336735
74,13,4,1,0,0,1,0,0,30,2,3,0.1892,0.2027,0,0,4.8615,1,http://66.33.217.191/security-checkpoint/index.php?verify=55260&user=login
89,38,1,3,0,0,0,0,0,12,1,3,0.1461,0.0674,0,1,4.4784,1,http://usps-redelivery-verification-update.cf/signin/auth?redirect=account?session=110600
77,37,2,5,0,0,0,0,0,33,0,4,0.1558,0.0,0,1,4.4188,1,http://google-drive-share-security-update.tk/confirmation/payment-failed.aspx
83,36,1,4,0,0,0,0,0,25,1,1,0.1687,0.0723,0,1,4.5008,1,http://dhl-tracking-verification-secure.top/secure/portal/client-id/?session=459482
97,42,2,4,0,0,0,0,0,33,1,3,0.134,0.0619,0,1,4.6404,1,http://wellsfargo-security-verification-auth.work/confirmation/payment-failed.aspx?session=880802
69,34,1,5,0,0,0,0,0,28,0,3,0.1594,0.0,0,1,4.3236,1,http://usps-redelivery-security-update.ml/update-billing-information/
81,58,4,3,0,3,0,0,0,16,0,3,0.1605,0.0247,0,0,4.3571,1,http://bankofamerica-alert.google.com.account-verification-85.icu/dispute/center/
82,18,4,1,0,0,1,0,0,33,2,4,0.1829,0.2317,0,0,4.9748,1,http://26.185.205.92:8443/confirmation/payment-failed.aspx?verify=63502&user=login
94,43,1,3,0,0,0,0,0,12,1,4,0.1383,0.0638,0,1,4.5839,1,http://wellsfargo-security-verification-update.top/signin/auth?redirect=account?session=327645
93,58,5,4,0,3,0,0,0,28,0,3,0.1505,0.0215,0,1,4.374,1,http://wellsfargo-security.apple.com.account-verification-99.loan/wallet/recovery-phrase.html
69,33,1,3,0,0,0,0,0,12,1,5,0.1594,0.0,0,1,4.3077,1,http://chase-verify-security-update.loan/signin/auth?redirect=account
68,38,2,3,0,0,0,0,0,14,0,2,0.1618,0.0,0,1,4.394,1,http://wellsfargo-security-security-update.cf/authorize.cgi?session=
26,11,1,0,0,0,0,0,1,8,0,0,0.1923,0.1538,0,0,4.1808,1,http://tinyurl.com/pay6521
58,17,4,0,0,0,1,0,0,10,2,2,0.2241,0.3103,0,0,4.5705,1,http://20.60.208.59:8080/login.php?verify=81200&user=login
22,7,1,0,0,0,0,0,1,8,0,0,0.2273,0.1818,0,0,3.6069,1,http://cutt.ly/pay4401
75,45,5,2,0,3,0,0,0,14,0,1,0.1733,0.0267,0,1,4.3964,1,http://appleid.apple.com.account-verification-11.vip/authorize.cgi?session=
92,56,4,3,0,3,0,0,0,12,1,4,0.1522,0.0217,0,1,4.3935,1,http://bankofamerica-alert.apple.com.account-verification-97.cf/signin/auth?redirect=account
76,20,3,1,0,0,1,0,0,25,2,3,0.2105,0.2763,0,0,4.7612,1,http://172.161.138.228:8443/secure/portal/client-id/?verify=46822&user=login
86,51,5,4,0,3,0,0,0,28,0,2,0.1628,0.0233,0,1,4.4126,1,http://coinbase-auth.paypal.com.account-verification-92.ga/wallet/recovery-phrase.html
55,25,2,2,0,0,0,0,0,14,0,2,0.1818,0.0,0,1,4.3792,1,http://paypal-security-update.gq/authorize.cgi?session=
86,39,1,4,0,0,0,0,0,25,1,1,0.1628,0.0698,0,1,4.4084,1,http://binance-trade-verification-secure.click/secure/portal/client-id/?session=939853
22,7,1,0,0,0,0,0,1,8,0,0,0.2273,0.1818,0,0,3.6978,1,http://cutt.ly/sec8823
51,34,2,3,0,0,0,0,0,10,0,3,0.1765,0.0,0,1,4.2283,1,http://coinbase-auth-security-update.loan/login.php
20,5,1,0,0,0,0,0,1,8,0,0,0.25,0.2,0,0,3.8464,1,http://rb.gy/act7054
22,7,1,0,0,0,0,0,1,8,0,0,0.2273,0.1818,0,0,3.4085,1,http://cutt.ly/act5955
26,11,1,0,0,0,0,0,1,8,0,0,0.1923,0.1538,0,0,4.2578,1,http://tinyurl.com/sec7023
27,11,1,0,0,0,0,0,1,9,0,0,0.1852,0.1481,0,0,4.1343,1,http://tinyurl.com/auth5740
77,17,3,0,0,0,1,0,0,12,2,4,0.1948,0.2338,0,0,4.7588,1,http://93.53.183.38:3000/signin/auth?redirect=account?verify=94894&user=login
80,57,4,3,0,3,0,0,0,16,0,2,0.1625,0.025,0,0,4.3833,1,http://wellsfargo-security.apple.com.account-verification-14.icu/dispute/center/
84,37,1,4,0,0,0,0,0,25,1,2,0.1667,0.0714,0,0,4.4279,1,http://binance-trade-verification-update.icu/secure/portal/client-id/?session=328267
26,11,1,0,0,0,0,0,1,8,0,0,0.1923,0.1538,0,0,4.1808,1,http://tinyurl.com/sec7099
59,12,3,0,0,0,1,0,0,16,2,2,0.2203,0.2373,0,0,4.76,1,http://71.43.25.153/dispute/center/?verify=98367&user=login
62,35,2,4,0,0,0,0,0,20,0,4,0.1613,0.0,0,1,4.3607,1,http://usps-redelivery-security-update.xyz/verify-account.html
21,6,1,0,0,0,0,0,1,8,0,0,0.2381,0.1905,0,0,3.6538,1,http://bit.ly/pay6433
61,20,4,0,0,0,1,0,0,10,2,2,0.2131,0.3443,0,0,4.6186,1,http://112.112.112.225:3000/login.php?verify=62857&user=login
20,5,1,0,0,0,0,0,1,8,0,0,0.25,0.2,0,0,3.7842,1,http://rb.gy/pay5876
67,40,2,4,0,0,0,0,0,20,0,4,0.1493,0.0,0,1,4.3939,1,http://metamask-validation-security-update.work/verify-account.html
88,56,4,4,0,3,0,0,0,25,0,2,0.1705,0.0227,0,1,4.325,1,http://metamask-validation.apple.com.account-verification-84.ga/secure/portal/client-id/
85,53,4,4,0,3,0,0,0,25,0,3,0.1765,0.0235,0,1,4.3291,1,http://microsoft-login.paypal.com.account-verification-52.cf/secure/portal/client-id/
97,42,2,4,0,0,0,0,0,33,1,3,0.134,0.0619,0,1,4.6242,1,http://facebook-security-verification-portal.work/confirmation/payment-failed.aspx?session=277100
74,36,1,3,0,0,0,0,0,16,1,1,0.1622,0.0811,0,1,4.583,1,http://amazon-support-verification-auth.xyz/dispute/center/?session=896259
65,35,2,3,0,0,0,0,0,14,0,3,0.1692,0.0,0,0,4.4086,1,http://netflix-billing-security-update.icu/authorize.cgi?session=
80,57,4,3,0,3,0,0,0,16,0,3,0.1625,0.025,0,1,4.3631,1,http://bankofamerica-alert.google.com.account-verification-87.cf/dispute/center/
89,53,4,3,0,3,0,0,0,12,1,2,0.1573,0.0225,0,1,4.3745,1,http://dhl-tracking.microsoft.com.account-verification-81.tk/signin/auth?redirect=account
96,56,5,4,0,3,0,0,0,33,0,4,0.1458,0.0208,0,1,4.5133,1,http://facebook-security.google.com.account-verification-94.xyz/confirmation/payment-failed.aspx
22,7,1,0,0,0,0,0,1,8,0,0,0.2273,0.1818,0,0,3.4817,1,http://cutt.ly/pay2220
58,28,2,2,0,0,0,0,0,14,0,2,0.1724,0.0,0,1,4.3219,1,http://appleid-security-update.loan/authorize.cgi?session=
72,30,2,3,0,0,0,0,0,20,1,3,0.1528,0.0833,0,1,4.6261,1,http://appleid-verification-secure.ga/verify-account.html?session=116462
27,11,1,0,0,0,0,0,1,9,0,0,0.1852,0.1481,0,0,4.0603,1,http://tinyurl.com/auth4342
67,32,1,5,0,0,0,0,0,28,0,3,0.1642,0.0,0,1,4.2953,1,http://coinbase-auth-security-update.cf/update-billing-information/
86,51,4,5,0,3,0,0,0,28,0,3,0.1628,0.0233,0,1,4.3471,1,http://coinbase-auth.google.com.account-verification-31.cf/update-billing-information/
26,11,1,0,0,0,0,0,1,8,0,0,0.1923,0.1538,0,0,4.1329,1,http://tinyurl.com/act9273
76,40,1,4,0,0,0,0,0,12,1,4,0.1579,0.0,0,1,4.3208,1,http://google-drive-share-security-update.click/signin/auth?redirect=account
76,12,4,1,0,0,1,0,0,33,2,4,0.1842,0.1842,0,0,4.9239,1,http://165.3.78.141/confirmation/payment-failed.aspx?verify=13002&user=login
20,5,1,0,0,0,0,0,1,8,0,0,0.25,0.2,0,0,3.7842,1,http://rb.gy/pay3527
20,5,1,0,0,0,0,0,1,8,0,0,0.25,0.2,0,0,3.8464,1,http://rb.gy/act6948
22,7,1,0,0,0,0,0,1,8,0,0,0.2273,0.1818,0,0,3.7888,1,http://cutt.ly/sec8935
46,29,2,2,0,0,0,0,0,10,0,3,0.1739,0.0,0,1,4.1642,1,http://appleid-security-update.click/login.php
71,34,2,4,0,0,0,0,0,30,0,3,0.1549,0.0,0,1,4.2148,1,http://amazon-support-security-update.top/security-checkpoint/index.php
22,7,1,0,0,0,0,0,1,8,0,0,0.2273,0.1818,0,0,3.7888,1,http://cutt.ly/sec1237
90,53,5,4,0,3,0,0,0,30,0,2,0.1556,0.0222,0,1,4.4679,1,http://usps-redelivery.google.com.account-verification-63.cf/security-checkpoint/index.php
72,40,2,3,0,0,0,0,0,10,1,3,0.1528,0.0833,0,1,4.5345,1,http://netflix-billing-verification-update.loan/login.php?session=880350
22,7,1,0,0,0,0,0,1,8,0,0,0.2273,0.1818,0,0,3.6069,1,http://cutt.ly/pay9211
23,7,1,0,0,0,0,0,1,9,0,0,0.2174,0.1739,0,0,3.5512,1,http://cutt.ly/auth8155
86,54,4,4,0,3,0,0,0,25,0,3,0.1744,0.0233,0,1,4.3602,1,http://microsoft-login.apple.com.account-verification-48.work/secure/portal/client-id/
21,5,1,0,0,0,0,0,1,9,0,0,0.2381,0.1905,0,0,3.8442,1,http://rb.gy/auth2483
74,37,2,5,0,0,0,0,0,30,0,2,0.1622,0.0,0,1,4.3315,1,http://google-drive-share-security-update.cf/security-checkpoint/index.php
82,47,5,3,0,3,0,0,0,28,0,2,0.1585,0.0244,0,1,4.3903,1,http://appleid.google.com.account-verification-89.loan/wallet/recovery-phrase.html
80,30,2,3,0,0,0,0,0,28,1,2,0.15,0.075,0,1,4.6156,1,http://appleid-verification-update.ga/wallet/recovery-phrase.html?session=160563
78,40,1,3,0,0,0,0,0,16,1,2,0.1538,0.0769,0,1,4.4744,1,http://netflix-billing-verification-secure.loan/dispute/center/?session=776252
86,50,4,3,0,3,0,0,0,12,1,2,0.1628,0.0233,0,1,4.414,1,http://coinbase-auth.apple.com.account-verification-48.gq/signin/auth?redirect=account
93,38,2,4,0,0,0,0,0,33,1,2,0.1398,0.0645,0,1,4.5934,1,http://usps-redelivery-verification-auth.loan/confirmation/payment-failed.aspx?session=723760
77,50,5,4,0,3,0,0,0,20,0,2,0.1688,0.026,0,1,4.3698,1,http://chase-verify.paypal.com.account-verification-97.ga/verify-account.html
83,51,4,4,0,3,0,0,0,25,0,2,0.1807,0.0241,0,1,4.3292,1,http://coinbase-auth.paypal.com.account-verification-67.cf/secure/portal/client-id/
74,13,4,1,0,0,1,0,0,30,2,3,0.1892,0.2027,0,0,4.8447,1,http://12.134.140.12/security-checkpoint/index.php?verify=64998&user=login
75,38,2,4,0,0,0,0,0,30,0,2,0.1467,0.0,0,1,4.2915,1,http://metamask-validation-security-update.tk/security-checkpoint/index.php
90,45,2,4,0,0,0,0,0,14,1,2,0.1556,0.0667,0,1,4.674,1,http://instagram-badge-verify-verification-update.gq/authorize.cgi?session=?session=389621
62,39,1,3,0,0,0,0,0,16,0,2,0.1613,0.0,0,1,4.1581,1,http://metamask-validation-security-update.vip/dispute/center/
73,14,3,2,0,0,1,0,0,28,2,4,0.1918,0.2192,0,0,4.9016,1,http://179.190.226.21/update-billing-information/?verify=33254&user=login
77,18,4,1,0,0,1,0,0,28,2,3,0.1948,0.2468,0,0,4.856,1,http://218.87.12.253:3000/wallet/recovery-phrase.html?verify=56025&user=login
21,6,1,0,0,0,0,0,1,8,0,0,0.2381,0.1905,0,0,3.9395,1,http://bit.ly/sec1694
80,57,4,3,0,3,0,0,0,16,0,2,0.1625,0.025,0,1,4.2848,1,http://amazon-support.microsoft.com.account-verification-38.loan/dispute/center/
87,40,1,4,0,0,0,0,0,25,1,3,0.1609,0.069,0,1,4.5713,1,http://bankofamerica-alert-verification-auth.ga/secure/portal/client-id/?session=536190
20,5,1,0,0,0,0,0,1,8,0,0,0.25,0.2,0,0,3.9842,1,http://rb.gy/sec2645
66,34,2,3,0,0,0,0,0,10,1,1,0.1667,0.0909,0,1,4.6045,1,http://dhl-tracking-verification-auth.vip/login.php?session=903649
74,18,3,1,0,0,1,0,0,25,2,3,0.2162,0.2568,0,0,4.8008,1,http://53.151.87.202:8443/secure/portal/client-id/?verify=11515&user=login
71,12,4,1,0,0,1,0,0,28,2,3,0.1972,0.1972,0,0,4.8345,1,http://18.18.48.220/wallet/recovery-phrase.html?verify=71039&user=login
77,13,4,1,0,0,1,0,0,33,2,4,0.1818,0.1948,0,0,4.9403,1,http://149.24.234.96/confirmation/payment-failed.aspx?verify=95730&user=login
79,19,3,0,0,0,1,0,0,12,2,4,0.1899,0.2532,0,0,4.8182,1,http://164.76.156.146:8080/signin/auth?redirect=account?verify=62582&user=login
22,7,1,0,0,0,0,0,1,8,0,0,0.2273,0.1818,0,0,3.6978,1,http://cutt.ly/sec6836
76,53,4,3,0,3,0,0,0,16,0,2,0.1711,0.0263,0,0,4.32,1,http://amazon-support.paypal.com.account-verification-38.icu/dispute/center/
69,15,4,0,0,0,1,0,0,14,2,2,0.2029,0.2464,0,0,4.6732,1,http://139.111.204.170/authorize.cgi?session=?verify=11020&user=login
22,7,1,0,0,0,0,0,1,8,0,0,0.2273,0.1818,0,0,3.6069,1,http://cutt.ly/pay4342
26,11,1,0,0,0,0,0,1,8,0,0,0.1923,0.1538,0,0,4.056,1,http://tinyurl.com/act1282
76,36,2,4,0,0,0,0,0,33,0,5,0.1447,0.0,0,1,4.3605,1,http://amazon-support-security-update.click/confirmation/payment-failed.aspx
72,13,3,2,0,0,1,0,0,28,2,4,0.1944,0.2083,0,0,4.8706,1,http://50.247.152.57/update-billing-information/?verify=19728&user=login
89,39,1,6,0,0,0,0,0,28,1,2,0.1573,0.0674,0,1,4.5297,1,http://google-drive-share-verification-auth.ga/update-billing-information/?session=144135
70,19,4,1,0,0,1,0,0,20,2,3,0.2,0.2857,0,0,4.9395,1,http://181.14.242.254:3000/verify-account.html?verify=71759&user=login
68,36,1,4,0,0,0,0,0,25,0,3,0.1765,0.0,0,1,4.1037,1,http://usps-redelivery-security-update.loan/secure/portal/client-id/
81,51,5,3,0,3,0,0,0,14,0,1,0.1728,0.0247,0,1,4.4105,1,http://coinbase-auth.apple.com.account-verification-42.vip/authorize.cgi?session=
59,32,2,4,0,0,0,0,0,20,0,4,0.1695,0.0,0,1,4.3247,1,http://coinbase-auth-security-update.ml/verify-account.html
27,11,1,0,0,0,0,0,1,9,0,0,0.1852,0.1481,0,0,4.0603,1,http://tinyurl.com/auth3151
21,6,1,0,0,0,0,0,1,8,0,0,0.2381,0.1905,0,0,3.749,1,http://bit.ly/pay1975
74,34,2,4,0,0,0,0,0,33,0,4,0.1486,0.0,0,1,4.3376,1,http://usps-redelivery-security-update.ml/confirmation/payment-failed.aspx
87,60,5,5,0,3,0,0,0,20,0,2,0.1609,0.023,0,1,4.4463,1,http://instagram-badge-verify.paypal.com.account-verification-25.ga/verify-account.html
78,18,3,0,0,0,1,0,0,12,2,4,0.1923,0.2436,0,0,4.8721,1,http://175.17.139.21:8443/signin/auth?redirect=account?verify=99069&user=login
81,31,2,3,0,0,0,0,0,28,1,1,0.1481,0.0741,0,1,4.6026,1,http://appleid-verification-portal.xyz/wallet/recovery-phrase.html?session=712071
20,5,1,0,0,0,0,0,1,8,0,0,0.25,0.2,0,0,3.7842,1,http://rb.gy/pay1975
65,38,2,4,0,0,0,0,0,20,0,4,0.1538,0.0,0,1,4.3584,1,http://wellsfargo-security-security-update.cf/verify-account.html
84,52,4,4,0,3,0,0,0,25,0,2,0.1786,0.0238,0,1,4.307,1,http://dhl-tracking.google.com.account-verification-99.loan/secure/portal/client-id/
79,15,4,1,0,0,1,0,0,33,2,4,0.1772,0.2152,0,0,4.797,1,http://160.181.100.163/confirmation/payment-failed.aspx?verify=81771&user=login
61,10,4,1,0,0,1,0,0,20,2,3,0.2131,0.1967,0,0,4.7401,1,http://84.92.8.89/verify-account.html?verify=28478&user=login
76,12,4,1,0,0,1,0,0,33,2,4,0.1842,0.1842,0,0,4.9139,1,http://66.203.109.2/confirmation/payment-failed.aspx?verify=45924&user=login
76,15,4,1,0,0,1,0,0,30,2,3,0.1842,0.2237,0,0,4.9091,1,http://187.228.143.197/security-checkpoint/index.php?verify=63355&user=login
80,19,4,1,0,0,1,0,0,30,2,3,0.1875,0.25,0,0,4.8189,1,http://149.180.20.178:8080/security-checkpoint/index.php?verify=14999&user=login
97,60,5,4,0,3,0,0,0,30,0,2,0.1443,0.0206,0,1,4.4627,1,http://metamask-validation.microsoft.com.account-verification-82.gq/security-checkpoint/index.php
67,44,4,2,0,3,0,0,0,16,0,1,0.1791,0.0299,0,1,4.3818,1,http://paypal.google.com.account-verification-97.tk/dispute/center/
22,7,1,0,0,0,0,0,1,8,0,0,0.2273,0.1818,0,0,3.6978,1,http://cutt.ly/sec7782
90,35,2,4,0,0,0,0,0,33,1,2,0.1444,0.0667,0,1,4.627,1,http://binance-trade-verification-auth.xyz/confirmation/payment-failed.aspx?session=553192
22,7,1,0,0,0,0,0,1,8,0,0,0.2273,0.1818,0,0,3.6978,1,http://cutt.ly/sec8980
97,60,5,4,0,3,0,0,0,30,0,2,0.1443,0.0206,0,1,4.482,1,http://wellsfargo-security.microsoft.com.account-verification-28.ml/security-checkpoint/index.php
21,6,1,0,0,0,0,0,1,8,0,0,0.2381,0.1905,0,0,3.6897,1,http://bit.ly/act6883
68,33,1,5,0,0,0,0,0,28,0,3,0.1618,0.0,0,1,4.2203,1,http://binance-trade-security-update.top/update-billing-information/
102,62,5,4,0,3,0,0,0,33,0,5,0.1373,0.0196,0,1,4.3821,1,http://bankofamerica-alert.microsoft.com.account-verification-59.work/confirmation/payment-failed.aspx
83,31,2,3,0,0,0,0,0,30,1,2,0.1446,0.0723,0,1,4.5359,1,http://appleid-verification-secure.top/security-checkpoint/index.php?session=619432
90,38,2,4,0,0,0,0,0,30,1,2,0.1444,0.0667,0,1,4.589,1,http://coinbase-auth-verification-secure.work/security-checkpoint/index.php?session=804953
20,5,1,0,0,0,0,0,1,8,0,0,0.25,0.2,0,0,3.8464,1,http://rb.gy/act1234
84,39,2,3,0,0,0,0,0,14,1,0,0.1548,0.0714,0,1,4.5465,1,http://coinbase-auth-verification-portal.click/authorize.cgi?session=?session=506936
70,14,3,1,0,0,1,0,0,25,2,3,0.2143,0.2286,0,0,4.7273,1,http://41.195.100.100/secure/portal/client-id/?verify=62300&user=login
62,25,2,3,0,0,0,0,0,30,0,2,0.1613,0.0,0,1,4.2098,1,http://paypal-security-update.cf/security-checkpoint/index.php
70,53,5,3,0,3,0,0,0,10,0,2,0.1714,0.0286,0,1,4.4012,1,http://coinbase-auth.google.com.account-verification-25.work/login.php
70,35,1,5,0,0,0,0,0,28,0,3,0.1571,0.0,0,1,4.2947,1,http://usps-redelivery-security-update.top/update-billing-information/
79,42,2,5,0,0,0,0,0,30,0,3,0.1519,0.0,0,0,4.36,1,http://instagram-badge-verify-security-update.icu/security-checkpoint/index.php
76,17,3,2,0,0,1,0,0,28,2,4,0.1974,0.2368,0,0,4.8578,1,http://51.17.230.94:3000/update-billing-information/?verify=37037&user=login
72,13,3,2,0,0,1,0,0,28,2,4,0.1944,0.2083,0,0,4.8811,1,http://194.241.38.83/update-billing-information/?verify=36617&user=login
101,61,5,4,0,3,0,0,0,33,0,4,0.1386,0.0198,0,1,4.4341,1,http://wellsfargo-security.microsoft.com.account-verification-14.vip/confirmation/payment-failed.aspx
61,14,3,0,0,0,1,0,0,16,2,2,0.2131,0.2623,0,0,4.7013,1,http://144.83.191.215/dispute/center/?verify=50488&user=login
76,17,4,1,0,0,1,0,0,28,2,3,0.1974,0.2368,0,0,4.8876,1,http://126.47.28.93:8080/wallet/recovery-phrase.html?verify=29686&user=login
79,19,3,0,0,0,1,0,0,12,2,4,0.1899,0.2532,0,0,4.8133,1,http://171.93.233.188:8000/signin/auth?redirect=account?verify=21489&user=login
91,36,2,4,0,0,0,0,0,33,1,3,0.1429,0.0659,0,1,4.5978,1,http://amazon-support-verification-auth.xyz/confirmation/payment-failed.aspx?session=117467
92,57,4,5,0,3,0,0,0,28,0,3,0.1522,0.0217,0,0,4.3271,1,http://netflix-billing.microsoft.com.account-verification-41.icu/update-billing-information/
80,42,1,3,0,0,0,0,0,16,1,2,0.15,0.075,0,1,4.5272,1,http://wellsfargo-security-verification-secure.tk/dispute/center/?session=189335
91,40,1,4,0,0,0,0,0,12,1,2,0.1538,0.0659,0,1,4.5062,1,http://google-drive-share-verification-auth.vip/signin/auth?redirect=account?session=860781
80,19,4,1,0,0,1,0,0,30,2,3,0.1875,0.25,0,0,4.9156,1,http://213.209.71.233:8080/security-checkpoint/index.php?verify=14059&user=login
82,59,4,3,0,3,0,0,0,16,0,3,0.1585,0.0244,0,1,4.4117,1,http://bankofamerica-alert.google.com.account-verification-79.work/dispute/center/
82,40,2,4,0,0,0,0,0,20,1,4,0.1463,0.0732,0,1,4.5963,1,http://facebook-security-verification-secure.ga/verify-account.html?session=220331
89,47,2,5,0,0,0,0,0,20,1,3,0.1461,0.0674,0,1,4.6215,1,http://instagram-badge-verify-verification-secure.loan/verify-account.html?session=784870
75,14,4,1,0,0,1,0,0,30,2,3,0.1867,0.2133,0,0,4.8442,1,http://21.206.175.146/security-checkpoint/index.php?verify=31315&user=login
68,36,1,4,0,0,0,0,0,25,0,3,0.1765,0.0,0,1,4.164,1,http://usps-redelivery-security-update.work/secure/portal/client-id/
80,35,2,3,0,0,0,0,0,14,1,0,0.1625,0.075,0,1,4.5861,1,http://dhl-tracking-verification-auth.loan/authorize.cgi?session=?session=573598
89,53,4,3,0,3,0,0,0,12,1,2,0.1573,0.0225,0,1,4.4026,1,http://usps-redelivery.apple.com.account-verification-99.top/signin/auth?redirect=account
87,57,5,3,0,3,0,0,0,14,0,2,0.1609,0.023,0,1,4.5045,1,http://wellsfargo-security.apple.com.account-verification-90.vip/authorize.cgi?session=
83,33,1,5,0,0,0,0,0,28,1,2,0.1566,0.0723,0,1,4.6469,1,http://dhl-tracking-verification-auth.gq/update-billing-information/?session=234491
22,7,1,0,0,0,0,0,1,8,0,0,0.2273,0.1818,0,0,3.6069,1,http://cutt.ly/pay6356
70,14,3,1,0,0,1,0,0,25,2,3,0.2143,0.2286,0,0,4.7844,1,http://28.231.120.249/secure/portal/client-id/?verify=34453&user=login
79,44,5,3,0,3,0,0,0,28,0,2,0.1646,0.0253,0,1,4.4238,1,http://appleid.apple.com.account-verification-56.gq/wallet/recovery-phrase.html
67,35,2,3,0,0,0,0,0,10,1,3,0.1642,0.0896,0,1,4.5901,1,http://chase-verify-verification-update.ga/login.php?session=374722
74,34,2,4,0,0,0,0,0,33,0,4,0.1486,0.0,0,1,4.4048,1,http://coinbase-auth-security-update.work/confirmation/payment-failed.aspx
50,33,2,3,0,0,0,0,0,10,0,3,0.18,0.0,0,1,4.2489,1,http://coinbase-auth-security-update.vip/login.php
85,50,4,5,0,3,0,0,0,28,0,3,0.1647,0.0235,0,1,4.368,1,http://dhl-tracking.google.com.account-verification-17.ml/update-billing-information/
20,5,1,0,0,0,0,0,1,8,0,0,0.25,0.2,0,0,3.7464,1,http://rb.gy/act4401
75,19,3,1,0,0,1,0,0,25,2,3,0.2133,0.2667,0,0,4.8188,1,http://186.216.211.56:3000/secure/portal/client-id/?verify=57173&user=login
74,15,3,2,0,0,1,0,0,28,2,4,0.1892,0.2297,0,0,4.8642,1,http://106.199.193.182/update-billing-information/?verify=22488&user=login
22,6,1,0,0,0,0,0,1,9,0,0,0.2273,0.1818,0,0,3.7888,1,http://bit.ly/auth5842
21,6,1,0,0,0,0,0,1,8,0,0,0.2381,0.1905,0,0,3.7849,1,http://bit.ly/act5314
84,29,2,3,0,0,0,0,0,33,1,3,0.1429,0.0714,0,1,4.5808,1,http://paypal-verification-secure.tk/confirmation/payment-failed.aspx?session=185584
81,58,4,3,0,3,0,0,0,16,0,2,0.1605,0.0247,0,1,4.3392,1,http://facebook-security.microsoft.com.account-verification-86.ga/dispute/center/
67,37,2,3,0,0,0,0,0,14,0,2,0.1642,0.0,0,1,4.4241,1,http://facebook-security-security-update.xyz/authorize.cgi?session=
82,55,5,5,0,3,0,0,0,20,0,2,0.1707,0.0244,0,1,4.4075,1,http://google-drive-share.apple.com.account-verification-86.cf/verify-account.html
74,14,3,0,0,0,1,0,0,12,2,4,0.1892,0.2162,0,0,4.7432,1,http://218.32.175.218/signin/auth?redirect=account?verify=41855&user=login
93,53,5,4,0,3,0,0,0,33,0,3,0.1505,0.0215,0,1,4.3328,1,http://binance-trade.apple.com.account-verification-88.click/confirmation/payment-failed.aspx
42,25,2,2,0,0,0,0,0,10,0,3,0.1905,0.0,0,1,4.1596,1,http://paypal-security-update.ml/login.php
75,14,4,1,0,0,1,0,0,30,2,3,0.1867,0.2133,0,0,4.8556,1,http://202.53.203.163/security-checkpoint/index.php?verify=49521&user=login
81,54,5,4,0,3,0,0,0,20,0,2,0.1605,0.0247,0,0,4.4007,1,http://usps-redelivery.google.com.account-verification-77.icu/verify-account.html
67,32,1,5,0,0,0,0,0,28,0,3,0.1642,0.0,0,1,4.3013,1,http://coinbase-auth-security-update.tk/update-billing-information/
75,14,4,1,0,0,1,0,0,30,2,3,0.1867,0.2133,0,0,4.8455,1,http://104.147.152.40/security-checkpoint/index.php?verify=38488&user=login
70,38,1,4,0,0,0,0,0,25,0,3,0.1714,0.0,0,1,4.234,1,http://metamask-validation-security-update.cf/secure/portal/client-id/
78,46,2,4,0,0,0,0,0,10,1,2,0.1538,0.0769,0,1,4.6795,1,http://instagram-badge-verify-verification-auth.click/login.php?session=320888
87,37,1,5,0,0,0,0,0,28,1,3,0.1494,0.069,0,1,4.5442,1,http://amazon-support-verification-portal.ga/update-billing-information/?session=340241
82,45,5,3,0,3,0,0,0,30,0,2,0.1585,0.0244,0,1,4.4142,1,http://appleid.google.com.account-verification-67.tk/security-checkpoint/index.php
83,36,1,4,0,0,0,0,0,25,1,2,0.1687,0.0723,0,1,4.5152,1,http://amazon-support-verification-auth.vip/secure/portal/client-id/?session=328949
62,32,2,3,0,0,0,0,0,14,0,2,0.1774,0.0,0,1,4.3549,1,http://binance-trade-security-update.gq/authorize.cgi?session=
58,41,2,4,0,0,0,0,0,10,0,4,0.1724,0.0,0,1,4.4249,1,http://instagram-badge-verify-security-update.gq/login.php
65,25,2,3,0,0,0,0,0,33,0,4,0.1538,0.0,0,1,4.2617,1,http://paypal-security-update.cf/confirmation/payment-failed.aspx
79,39,2,4,0,0,0,0,0,33,0,4,0.1392,0.0,0,1,4.3713,1,http://metamask-validation-security-update.xyz/confirmation/payment-failed.aspx
73,14,3,2,0,0,1,0,0,28,2,4,0.1918,0.2192,0,0,4.8365,1,http://11.173.248.116/update-billing-information/?verify=31240&user=login
65,14,4,1,0,0,1,0,0,20,2,3,0.2,0.2462,0,0,4.8318,1,http://57.202.176.166/verify-account.html?verify=86156&user=login
91,44,1,4,0,0,0,0,0,25,1,1,0.1538,0.0659,0,1,4.5418,1,http://metamask-validation-verification-portal.work/secure/portal/client-id/?session=928517
88,51,5,4,0,3,0,0,0,30,0,2,0.1591,0.0227,0,1,4.3367,1,http://binance-trade.apple.com.account-verification-37.top/security-checkpoint/index.php
78,28,2,3,0,0,0,0,0,28,1,1,0.1538,0.0769,0,1,4.5416,1,http://paypal-verification-auth.vip/wallet/recovery-phrase.html?session=775122
22,6,1,0,0,0,0,0,1,9,0,0,0.2273,0.1818,0,0,3.7888,1,http://bit.ly/auth7568
20,5,1,0,0,0,0,0,1,8,0,0,0.25,0.2,0,0,3.8842,1,http://rb.gy/sec5475
89,37,2,4,0,0,0,0,0,30,1,2,0.1461,0.0674,0,1,4.6144,1,http://amazon-support-verification-portal.cf/security-checkpoint/index.php?session=785172
99,62,5,4,0,3,0,0,0,30,0,4,0.1414,0.0202,0,1,4.4002,1,http://bankofamerica-alert.microsoft.com.account-verification-84.loan/security-checkpoint/index.php
78,19,4,1,0,0,1,0,0,28,2,3,0.1923,0.2564,0,0,4.8927,1,http://144.169.80.252:3000/wallet/recovery-phrase.html?verify=22855&user=login
73,41,2,4,0,0,0,0,0,10,1,1,0.1644,0.0822,0,1,4.5679,1,http://google-drive-share-verification-portal.ml/login.php?session=507684
27,11,1,0,0,0,0,0,1,9,0,0,0.1852,0.1481,0,0,4.0603,1,http://tinyurl.com/auth2447
57,25,1,3,0,0,0,0,0,25,0,3,0.193,0.0,0,1,4.1352,1,http://paypal-security-update.gq/secure/portal/client-id/
27,11,1,0,0,0,0,0,1,9,0,0,0.1852,0.1481,0,0,4.0603,1,http://tinyurl.com/auth5135
21,6,1,0,0,0,0,0,1,8,0,0,0.2381,0.1905,0,0,3.8442,1,http://bit.ly/sec7730
22,7,1,0,0,0,0,0,1,8,0,0,0.2273,0.1818,0,0,3.6247,1,http://cutt.ly/act6921
22,7,1,0,0,0,0,0,1,8,0,0,0.2273,0.1818,0,0,3.5338,1,http://cutt.ly/act3734
79,19,3,0,0,0,1,0,0,12,2,4,0.1899,0.2532,0,0,4.8606,1,http://170.64.128.147:8080/signin/auth?redirect=account?verify=63754&user=login
82,37,2,3,0,0,0,0,0,14,1,0,0.1585,0.0732,0,1,4.5235,1,http://coinbase-auth-verification-auth.click/authorize.cgi?session=?session=285876
65,42,1,4,0,0,0,0,0,16,0,3,0.1692,0.0,0,1,4.2887,1,http://instagram-badge-verify-security-update.xyz/dispute/center/
89,38,1,3,0,0,0,0,0,12,1,3,0.1461,0.0674,0,1,4.5499,1,http://usps-redelivery-verification-update.ml/signin/auth?redirect=account?session=973934
76,53,4,3,0,3,0,0,0,16,0,2,0.1711,0.0263,0,1,4.3348,1,http://microsoft-login.google.com.account-verification-19.gq/dispute/center/
82,27,2,3,0,0,0,0,0,33,1,2,0.1463,0.0732,0,1,4.5963,1,http://paypal-verification-auth.ga/confirmation/payment-failed.aspx?session=924833
21,5,1,0,0,0,0,0,1,9,0,0,0.2381,0.1905,0,0,3.749,1,http://rb.gy/auth2883
71,44,5,3,0,3,0,0,0,20,0,2,0.169,0.0282,0,1,4.2671,1,http://paypal.paypal.com.account-verification-20.ml/verify-account.html
82,35,1,4,0,0,0,0,0,25,1,2,0.1707,0.0732,0,1,4.5695,1,http://amazon-support-verification-auth.gq/secure/portal/client-id/?session=100233
91,55,4,3,0,3,0,0,0,12,1,3,0.1538,0.022,0,1,4.4482,1,http://facebook-security.apple.com.account-verification-62.vip/signin/auth?redirect=account
96,59,5,5,0,3,0,0,0,30,0,3,0.1562,0.0208,0,1,4.5192,1,http://instagram-badge-verify.apple.com.account-verification-84.ml/security-checkpoint/index.php
83,19,4,1,0,0,1,0,0,33,2,4,0.1807,0.241,0,0,4.9849,1,http://11.222.186.135:8080/confirmation/payment-failed.aspx?verify=42779&user=login
78,61,5,4,0,3,0,0,0,10,0,3,0.1667,0.0256,0,1,4.4363,1,http://instagram-badge-verify.apple.com.account-verification-58.loan/login.php
70,34,1,3,0,0,0,0,0,12,1,4,0.1571,0.0,0,1,4.2855,1,http://coinbase-auth-security-update.work/signin/auth?redirect=account
49,32,2,3,0,0,0,0,0,10,0,3,0.1837,0.0,0,1,4.2141,1,http://binance-trade-security-update.ga/login.php
72,13,3,2,0,0,1,0,0,28,2,4,0.1944,0.2083,0,0,4.8692,1,http://22.206.47.195/update-billing-information/?verify=66668&user=login
87,52,5,4,0,3,0,0,0,28,0,3,0.1609,0.023,0,1,4.4614,1,http://netflix-billing.apple.com.account-verification-75.tk/wallet/recovery-phrase.html
69,32,2,4,0,0,0,0,0,30,0,2,0.1594,0.0,0,1,4.2078,1,http://binance-trade-security-update.ga/security-checkpoint/index.php
96,61,5,5,0,3,0,0,0,28,0,3,0.1562,0.0208,0,0,4.4875,1,http://instagram-badge-verify.paypal.com.account-verification-56.icu/wallet/recovery-phrase.html
20,5,1,0,0,0,0,0,1,8,0,0,0.25,0.2,0,0,3.7842,1,http://rb.gy/pay3571
72,18,4,0,0,0,1,0,0,14,2,2,0.2083,0.2639,0,0,4.8797,1,http://185.86.79.174:3000/authorize.cgi?session=?verify=36948&user=login
27,11,1,0,0,0,0,0,1,9,0,0,0.1852,0.1481,0,0,4.1343,1,http://tinyurl.com/auth1075
55,38,2,3,0,0,0,0,0,10,0,3,0.1636,0.0,0,1,4.3106,1,http://metamask-validation-security-update.ml/login.php
20,5,1,0,0,0,0,0,1,8,0,0,0.25,0.2,0,0,3.6842,1,http://rb.gy/pay6681
67,37,2,4,0,0,0,0,0,14,0,2,0.1791,0.0,0,1,4.3721,1,http://google-drive-share-security-update.gq/authorize.cgi?session=
65,11,4,0,0,0,1,0,0,14,2,2,0.2154,0.2,0,0,4.7471,1,http://54.98.52.39/authorize.cgi?session=?verify=96226&user=login
77,37,2,4,0,0,0,0,0,33,0,4,0.1429,0.0,0,1,4.375,1,http://usps-redelivery-security-update.click/confirmation/payment-failed.aspx
91,51,5,4,0,3,0,0,0,33,0,3,0.1538,0.022,0,0,4.4391,1,http://dhl-tracking.google.com.account-verification-59.icu/confirmation/payment-failed.aspx
70,35,2,4,0,0,0,0,0,28,0,4,0.1571,0.0,0,1,4.4428,1,http://microsoft-login-security-update.xyz/wallet/recovery-phrase.html
26,11,1,0,0,0,0,0,1,8,0,0,0.1923,0.1538,0,0,4.1329,1,http://tinyurl.com/act8263
86,51,4,5,0,3,0,0,0,28,0,3,0.1628,0.0233,0,1,4.3968,1,http://dhl-tracking.paypal.com.account-verification-42.vip/update-billing-information/
60,13,3,0,0,0,1,0,0,16,2,2,0.2167,0.25,0,0,4.7237,1,http://209.94.62.114/dispute/center/?verify=94863&user=login
78,19,4,1,0,0,1,0,0,28,2,3,0.1923,0.2564,0,0,4.9343,1,http://154.186.70.174:3000/wallet/recovery-phrase.html?verify=39752&user=login
22,7,1,0,0,0,0,0,1,8,0,0,0.2273,0.1818,0,0,3.5338,1,http://cutt.ly/act1442
81,34,1,4,0,0,0,0,0,25,1,1,0.1728,0.0741,0,1,4.498,1,http://binance-trade-verification-auth.gq/secure/portal/client-id/?session=134118
62,26,1,2,0,0,0,0,0,12,1,4,0.1613,0.0,0,1,4.3167,1,http://paypal-security-update.xyz/signin/auth?redirect=account
92,41,1,3,0,0,0,0,0,12,1,3,0.1413,0.0652,0,1,4.5297,1,http://usps-redelivery-verification-update.click/signin/auth?redirect=account?session=295590
21,6,1,0,0,0,0,0,1,8,0,0,0.2381,0.1905,0,0,3.6538,1,http://bit.ly/pay7669
78,48,5,2,0,3,0,0,0,14,0,1,0.1667,0.0256,0,1,4.4464,1,http://appleid.microsoft.com.account-verification-38.tk/authorize.cgi?session=
75,38,2,4,0,0,0,0,0,30,0,4,0.1467,0.0,0,1,4.3207,1,http://bankofamerica-alert-security-update.tk/security-checkpoint/index.php
72,13,3,2,0,0,1,0,0,28,2,4,0.1944,0.2083,0,0,4.9299,1,http://101.1.185.226/update-billing-information/?verify=43759&user=login
81,17,4,1,0,0,1,0,0,33,2,4,0.1852,0.2222,0,0,4.9894,1,http://91.27.12.206:8443/confirmation/payment-failed.aspx?verify=57312&user=login
20,5,1,0,0,0,0,0,1,8,0,0,0.25,0.2,0,0,3.6842,1,http://rb.gy/pay4311
91,51,5,4,0,3,0,0,0,33,0,3,0.1538,0.022,0,1,4.4357,1,http://coinbase-auth.google.com.account-verification-44.gq/confirmation/payment-failed.aspx
21,5,1,0,0,0,0,0,1,9,0,0,0.2381,0.1905,0,0,3.6178,1,http://rb.gy/auth1611
95,44,1,3,0,0,0,0,0,12,1,4,0.1368,0.0632,0,1,4.5852,1,http://bankofamerica-alert-verification-portal.work/signin/auth?redirect=account?session=962177
93,58,4,5,0,3,0,0,0,28,0,4,0.1505,0.0215,0,1,4.3714,1,http://amazon-support.microsoft.com.account-verification-16.click/update-billing-information/
22,7,1,0,0,0,0,0,1,8,0,0,0.2273,0.1818,0,0,3.7888,1,http://cutt.ly/sec1874
67,13,4,0,0,0,1,0,0,14,2,2,0.209,0.2239,0,0,4.7618,1,http://16.46.161.126/authorize.cgi?session=?verify=79903&user=login
75,14,4,1,0,0,1,0,0,30,2,3,0.1867,0.2133,0,0,4.8722,1,http://185.224.153.84/security-checkpoint/index.php?verify=77862&user=login
84,54,5,3,0,3,0,0,0,14,0,1,0.1667,0.0238,0,1,4.4486,1,http://binance-trade.google.com.account-verification-35.click/authorize.cgi?session=
81,29,2,3,0,0,0,0,0,30,1,2,0.1481,0.0741,0,1,4.5548,1,http://paypal-verification-update.ml/security-checkpoint/index.php?session=363833
86,36,2,4,0,0,0,0,0,28,1,2,0.1512,0.0698,0,0,4.6786,1,http://dhl-tracking-verification-update.icu/wallet/recovery-phrase.html?session=382687
20,5,1,0,0,0,0,0,1,8,0,0,0.25,0.2,0,0,3.7842,1,http://rb.gy/pay6593
83,19,4,1,0,0,1,0,0,33,2,4,0.1807,0.241,0,0,4.9367,1,http://217.234.89.172:8443/confirmation/payment-failed.aspx?verify=14155&user=login
92,37,2,4,0,0,0,0,0,33,1,3,0.1413,0.0652,0,1,4.5702,1,http://binance-trade-verification-secure.vip/confirmation/payment-failed.aspx?session=653498
62,32,2,3,0,0,0,0,0,14,0,2,0.1774,0.0,0,1,4.3727,1,http://dhl-tracking-security-update.top/authorize.cgi?session=
78,19,3,2,0,0,1,0,0,28,2,4,0.1923,0.2564,0,0,4.9322,1,http://134.22.163.217:8080/update-billing-information/?verify=88605&user=login
89,38,1,3,0,0,0,0,0,12,1,4,0.1461,0.0674,0,1,4.5724,1,http://netflix-billing-verification-update.ml/signin/auth?redirect=account?session=697672
60,13,3,0,0,0,1,0,0,16,2,2,0.2167,0.25,0,0,4.6362,1,http://43.49.126.119/dispute/center/?verify=94490&user=login
21,6,1,0,0,0,0,0,1,8,0,0,0.2381,0.1905,0,0,3.6538,1,http://bit.ly/pay5070
70,40,2,3,0,0,0,0,0,14,0,2,0.1571,0.0,0,1,4.4,1,http://metamask-validation-security-update.loan/authorize.cgi?session=
73,19,4,0,0,0,1,0,0,14,2,2,0.2055,0.274,0,0,4.8405,1,http://96.235.178.130:8080/authorize.cgi?session=?verify=85861&user=login
70,19,4,1,0,0,1,0,0,20,2,3,0.2,0.2857,0,0,4.8917,1,http://205.12.161.206:8000/verify-account.html?verify=13927&user=login
67,37,2,4,0,0,0,0,0,14,0,2,0.1791,0.0,0,1,4.3623,1,http://google-drive-share-security-update.tk/authorize.cgi?session=
75,14,4,1,0,0,1,0,0,30,2,3,0.1867,0.2133,0,0,4.8988,1,http://127.136.53.195/security-checkpoint/index.php?verify=67850&user=login
78,18,3,0,0,0,1,0,0,12,2,4,0.1923,0.2436,0,0,4.7661,1,http://69.66.133.216:3000/signin/auth?redirect=account?verify=66735&user=login
92,55,5,4,0,3,0,0,0,30,0,2,0.1522,0.0217,0,1,4.4953,1,http://facebook-security.paypal.com.account-verification-89.gq/security-checkpoint/index.php
79,47,2,4,0,0,0,0,0,10,1,2,0.1519,0.0759,0,1,4.579,1,http://instagram-badge-verify-verification-portal.loan/login.php?session=744181
69,13,3,1,0,0,1,0,0,25,2,3,0.2174,0.2174,0,0,4.7841,1,http://59.31.222.116/secure/portal/client-id/?verify=42094&user=login
20,5,1,0,0,0,0,0,1,8,0,0,0.25,0.2,0,0,3.7464,1,http://rb.gy/act5025
22,6,1,0,0,0,0,0,1,9,0,0,0.2273,0.1818,0,0,3.7888,1,http://bit.ly/auth9068
22,7,1,0,0,0,0,0,1,8,0,0,0.2273,0.1818,0,0,3.5338,1,http://cutt.ly/act5277
72,49,4,2,0,3,0,0,0,16,0,1,0.1667,0.0278,0,1,4.26,1,http://appleid.microsoft.com.account-verification-37.vip/dispute/center/
72,13,4,1,0,0,1,0,0,28,2,3,0.1944,0.2083,0,0,4.8451,1,http://62.48.249.161/wallet/recovery-phrase.html?verify=67109&user=login
60,13,3,0,0,0,1,0,0,16,2,2,0.2167,0.25,0,0,4.7237,1,http://193.212.88.40/dispute/center/?verify=17089&user=login
76,17,3,2,0,0,1,0,0,28,2,4,0.1974,0.2368,0,0,4.9743,1,http://201.93.41.53:8080/update-billing-information/?verify=89567&user=login
55,38,2,3,0,0,0,0,0,10,0,5,0.1636,0.0,0,1,4.3815,1,http://bankofamerica-alert-security-update.cf/login.php
91,39,2,4,0,0,0,0,0,30,1,2,0.1429,0.0659,0,1,4.5783,1,http://usps-redelivery-verification-update.xyz/security-checkpoint/index.php?session=103373
70,32,1,2,0,0,0,0,0,16,1,1,0.1571,0.0857,0,1,4.4935,1,http://paypal-verification-update.click/dispute/center/?session=223039
86,56,5,4,0,3,0,0,0,14,0,1,0.1744,0.0233,0,1,4.4924,1,http://google-drive-share.paypal.com.account-verification-36.ga/authorize.cgi?session=
67,29,1,2,0,0,0,0,0,16,1,1,0.1642,0.0896,0,1,4.4787,1,http://paypal-verification-secure.ga/dispute/center/?session=474637
68,36,2,3,0,0,0,0,0,10,1,1,0.1618,0.0882,0,1,4.4927,1,http://microsoft-login-verification-auth.tk/login.php?session=406400
90,43,1,4,0,0,0,0,0,25,1,3,0.1556,0.0667,0,0,4.4785,1,http://bankofamerica-alert-verification-secure.icu/secure/portal/client-id/?session=246833
22,6,1,0,0,0,0,0,1,9,0,0,0.2273,0.1818,0,0,3.7888,1,http://bit.ly/auth9473
72,30,2,3,0,0,0,0,0,20,1,2,0.1528,0.0833,0,1,4.5878,1,http://appleid-verification-auth.loan/verify-account.html?session=919737
21,6,1,0,0,0,0,0,1,8,0,0,0.2381,0.1905,0,0,3.6538,1,http://bit.ly/pay1916
89,59,5,3,0,3,0,0,0,14,0,2,0.1573,0.0225,0,1,4.416,1,http://facebook-security.microsoft.com.account-verification-37.vip/authorize.cgi?session=
74,44,2,4,0,0,0,0,0,14,0,3,0.1622,0.0,0,1,4.5047,1,http://instagram-badge-verify-security-update.click/authorize.cgi?session=
91,41,2,4,0,0,0,0,0,28,1,2,0.1429,0.0659,0,1,4.5994,1,http://wellsfargo-security-verification-auth.vip/wallet/recovery-phrase.html?session=769080
22,7,1,0,0,0,0,0,1,8,0,0,0.2273,0.1818,0,0,3.6069,1,http://cutt.ly/pay9622
73,14,3,2,0,0,1,0,0,28,2,4,0.1918,0.2192,0,0,4.8468,1,http://106.220.22.138/update-billing-information/?verify=98931&user=login
92,42,1,5,0,0,0,0,0,28,1,3,0.1413,0.0652,0,1,4.6892,1,http://wellsfargo-security-verification-update.gq/update-billing-information/?session=715389
90,55,5,4,0,3,0,0,0,28,0,3,0.1556,0.0222,0,1,4.4151,1,http://amazon-support.microsoft.com.account-verification-56.ga/wallet/recovery-phrase.html
21,5,1,0,0,0,0,0,1,9,0,0,0.2381,0.1905,0,0,3.8442,1,http://rb.gy/auth9648
67,50,5,3,0,3,0,0,0,10,0,2,0.1791,0.0299,0,1,4.356,1,http://dhl-tracking.paypal.com.account-verification-75.cf/login.php
81,20,4,1,0,0,1,0,0,30,2,3,0.1852,0.2593,0,0,4.8509,1,http://158.109.187.187:8000/security-checkpoint/index.php?verify=44314&user=login
21,5,1,0,0,0,0,0,1,9,0,0,0.2381,0.1905,0,0,3.749,1,http://rb.gy/auth2692
22,7,1,0,0,0,0,0,1,8,0,0,0.2273,0.1818,0,0,3.7888,1,http://cutt.ly/sec5819
22,7,1,0,0,0,0,0,1,8,0,0,0.2273,0.1818,0,0,3.7888,1,http://cutt.ly/sec9362
22,7,1,0,0,0,0,0,1,8,0,0,0.2273,0.1818,0,0,3.5338,1,http://cutt.ly/act7671
22,7,1,0,0,0,0,0,1,8,0,0,0.2273,0.1818,0,0,3.5726,1,http://cutt.ly/sec4888
68,45,4,2,0,3,0,0,0,16,0,1,0.1765,0.0294,0,1,4.3175,1,http://paypal.google.com.account-verification-56.top/dispute/center/
88,53,5,4,0,3,0,0,0,28,0,2,0.1591,0.0227,0,1,4.4752,1,http://usps-redelivery.apple.com.account-verification-75.xyz/wallet/recovery-phrase.html
73,19,4,0,0,0,1,0,0,14,2,2,0.2055,0.274,0,0,4.801,1,http://140.194.183.35:3000/authorize.cgi?session=?verify=53219&user=login
82,52,5,3,0,3,0,0,0,14,0,1,0.1707,0.0244,0,0,4.4102,1,http://binance-trade.google.com.account-verification-73.icu/authorize.cgi?session=
90,53,5,4,0,3,0,0,0,30,0,2,0.1556,0.0222,0,1,4.4713,1,http://usps-redelivery.apple.com.account-verification-25.xyz/security-checkpoint/index.php
94,42,2,4,0,0,0,0,0,30,1,4,0.1383,0.0638,0,1,4.6222,1,http://bankofamerica-alert-verification-update.ga/security-checkpoint/index.php?session=872444
61,44,2,4,0,0,0,0,0,10,0,4,0.1639,0.0,0,1,4.4514,1,http://instagram-badge-verify-security-update.click/login.php
65,18,3,0,0,0,1,0,0,16,2,2,0.2154,0.2923,0,0,4.7763,1,http://137.16.182.73:8000/dispute/center/?verify=47251&user=login
65,38,2,5,0,0,0,0,0,20,0,4,0.1692,0.0,0,1,4.3505,1,http://google-drive-share-security-update.vip/verify-account.html
74,38,1,3,0,0,0,0,0,12,1,4,0.1486,0.0,0,1,4.3085,1,http://metamask-validation-security-update.ga/signin/auth?redirect=account
23,7,1,0,0,0,0,0,1,9,0,0,0.2174,0.1739,0,0,3.5512,1,http://cutt.ly/auth9004
53,12,4,0,0,0,1,0,0,10,2,2,0.2264,0.2642,0,0,4.6898,1,http://50.85.94.151/login.php?verify=32119&user=login
77,40,2,4,0,0,0,0,0,30,0,2,0.1429,0.0,0,1,4.3671,1,http://metamask-validation-security-update.work/security-checkpoint/index.php
91,46,2,4,0,0,0,0,0,14,1,1,0.1538,0.0659,0,0,4.608,1,http://instagram-badge-verify-verification-portal.icu/authorize.cgi?session=?session=516600
92,57,5,4,0,3,0,0,0,28,0,4,0.1522,0.0217,0,1,4.4514,1,http://bankofamerica-alert.paypal.com.account-verification-24.gq/wallet/recovery-phrase.html
26,11,1,0,0,0,0,0,1,8,0,0,0.1923,0.1538,0,0,4.1329,1,http://tinyurl.com/act2691
61,26,2,3,0,0,0,0,0,28,0,3,0.1639,0.0,0,1,4.1861,1,http://appleid-security-update.tk/wallet/recovery-phrase.html
94,58,4,3,0,3,0,0,0,12,1,2,0.1489,0.0213,0,1,4.4211,1,http://usps-redelivery.microsoft.com.account-verification-47.loan/signin/auth?redirect=account
97,57,5,4,0,3,0,0,0,33,0,3,0.1443,0.0206,0,1,4.441,1,http://usps-redelivery.microsoft.com.account-verification-33.xyz/confirmation/payment-failed.aspx
80,20,3,0,0,0,1,0,0,12,2,4,0.1875,0.2625,0,0,4.78,1,http://119.254.143.245:8443/signin/auth?redirect=account?verify=58891&user=login
21,5,1,0,0,0,0,0,1,9,0,0,0.2381,0.1905,0,0,3.749,1,http://rb.gy/auth7795
55,14,4,0,0,0,1,0,0,10,2,2,0.2182,0.2909,0,0,4.7673,1,http://88.254.206.191/login.php?verify=75895&user=login
62,26,1,2,0,0,0,0,0,12,1,4,0.1613,0.0,0,1,4.2585,1,http://appleid-security-update.gq/signin/auth?redirect=account
67,13,4,0,0,0,1,0,0,14,2,2,0.209,0.2239,0,0,4.732,1,http://132.23.95.234/authorize.cgi?session=?verify=83289&user=login
74,51,4,3,0,3,0,0,0,16,0,2,0.1757,0.027,0,0,4.3287,1,http://chase-verify.paypal.com.account-verification-68.icu/dispute/center/
74,36,1,3,0,0,0,0,0,16,1,1,0.1622,0.0811,0,1,4.4506,1,http://coinbase-auth-verification-update.tk/dispute/center/?session=814761
85,38,1,4,0,0,0,0,0,25,1,3,0.1647,0.0706,0,1,4.5223,1,http://microsoft-login-verification-update.tk/secure/portal/client-id/?session=703721
21,6,1,0,0,0,0,0,1,8,0,0,0.2381,0.1905,0,0,3.9395,1,http://bit.ly/sec1547
82,55,5,4,0,3,0,0,0,20,0,2,0.1585,0.0244,0,1,4.4166,1,http://usps-redelivery.apple.com.account-verification-21.click/verify-account.html
77,13,4,1,0,0,1,0,0,33,2,4,0.1818,0.1948,0,0,4.9241,1,http://105.216.53.45/confirmation/payment-failed.aspx?verify=47360&user=login
78,18,3,0,0,0,1,0,0,12,2,4,0.1923,0.2436,0,0,4.8014,1,http://19.157.182.49:8443/signin/auth?redirect=account?verify=84798&user=login
73,17,3,1,0,0,1,0,0,25,2,3,0.2192,0.2466,0,0,4.8077,1,http://58.233.1.171:8443/secure/portal/client-id/?verify=83467&user=login
20,5,1,0,0,0,0,0,1,8,0,0,0.25,0.2,0,0,3.6842,1,http://rb.gy/pay2028
82,52,5,3,0,3,0,0,0,14,0,1,0.1707,0.0244,0,1,4.4573,1,http://binance-trade.paypal.com.account-verification-65.top/authorize.cgi?session=
72,35,2,4,0,0,0,0,0,30,0,3,0.1528,0.0,0,1,4.3236,1,http://netflix-billing-security-update.vip/security-checkpoint/index.php
76,29,1,3,0,0,0,0,0,25,1,1,0.1711,0.0789,0,1,4.4634,1,http://paypal-verification-portal.gq/secure/portal/client-id/?session=833331
78,17,4,1,0,0,1,0,0,30,2,3,0.1923,0.2308,0,0,4.8931,1,http://58.76.48.191:3000/security-checkpoint/index.php?verify=73010&user=login
94,57,5,4,0,3,0,0,0,30,0,2,0.1489,0.0213,0,1,4.5334,1,http://wellsfargo-security.google.com.account-verification-13.gq/security-checkpoint/index.php
86,51,4,5,0,3,0,0,0,28,0,3,0.1628,0.0233,0,0,4.2857,1,http://binance-trade.apple.com.account-verification-73.icu/update-billing-information/
22,7,1,0,0,0,0,0,1,8,0,0,0.2273,0.1818,0,0,3.6978,1,http://cutt.ly/sec8772
59,36,1,3,0,0,0,0,0,16,0,2,0.1695,0.0,0,1,4.21,1,http://facebook-security-security-update.gq/dispute/center/
79,52,5,4,0,3,0,0,0,20,0,2,0.1646,0.0253,0,0,4.3349,1,http://coinbase-auth.google.com.account-verification-49.icu/verify-account.html
76,53,4,3,0,3,0,0,0,16,0,1,0.1711,0.0263,0,1,4.3085,1,http://coinbase-auth.apple.com.account-verification-52.click/dispute/center/
92,37,2,4,0,0,0,0,0,33,1,3,0.1413,0.0652,0,1,4.6162,1,http://microsoft-login-verification-auth.xyz/confirmation/payment-failed.aspx?session=522969
96,59,5,4,0,3,0,0,0,30,0,2,0.1458,0.0208,0,1,4.4442,1,http://wellsfargo-security.apple.com.account-verification-11.click/security-checkpoint/index.php
76,38,1,3,0,0,0,0,0,16,1,1,0.1579,0.0789,0,1,4.432,1,http://coinbase-auth-verification-secure.loan/dispute/center/?session=944317
80,40,2,5,0,0,0,0,0,33,0,4,0.15,0.0,0,1,4.4368,1,http://google-drive-share-security-update.click/confirmation/payment-failed.aspx
71,39,1,4,0,0,0,0,0,25,0,3,0.169,0.0,0,0,4.1805,1,http://metamask-validation-security-update.icu/secure/portal/client-id/
73,14,3,2,0,0,1,0,0,28,2,4,0.1918,0.2192,0,0,4.9187,1,http://42.170.253.138/update-billing-information/?verify=85568&user=login
93,38,2,4,0,0,0,0,0,33,1,3,0.1398,0.0645,0,1,4.6078,1,http://netflix-billing-verification-portal.gq/confirmation/payment-failed.aspx?session=687396
55,38,2,3,0,0,0,0,0,10,0,3,0.1636,0.0,0,1,4.3195,1,http://wellsfargo-security-security-update.ga/login.php
81,36,2,3,0,0,0,0,0,14,1,0,0.1605,0.0741,0,1,4.5514,1,http://binance-trade-verification-portal.cf/authorize.cgi?session=?session=841345
78,14,4,1,0,0,1,0,0,33,2,4,0.1795,0.2051,0,0,4.8464,1,http://110.173.183.17/confirmation/payment-failed.aspx?verify=74479&user=login
88,52,4,3,0,3,0,0,0,12,1,2,0.1591,0.0227,0,1,4.3744,1,http://dhl-tracking.google.com.account-verification-16.loan/signin/auth?redirect=account
96,56,5,4,0,3,0,0,0,33,0,3,0.1458,0.0208,0,1,4.4001,1,http://dhl-tracking.microsoft.com.account-verification-97.click/confirmation/payment-failed.aspx
87,52,5,4,0,3,0,0,0,28,0,2,0.1609,0.023,0,0,4.421,1,http://binance-trade.google.com.account-verification-68.icu/wallet/recovery-phrase.html
72,18,4,0,0,0,1,0,0,14,2,2,0.2083,0.2639,0,0,4.8123,1,http://101.87.18.218:3000/authorize.cgi?session=?verify=95414&user=login
75,38,2,5,0,0,0,0,0,30,0,2,0.16,0.0,0,0,4.2806,1,http://google-drive-share-security-update.icu/security-checkpoint/index.php
87,42,2,3,0,0,0,0,0,14,1,0,0.1494,0.069,0,1,4.5669,1,http://metamask-validation-verification-portal.ga/authorize.cgi?session=?session=138190
97,57,5,4,0,3,0,0,0,33,0,3,0.1443,0.0206,0,1,4.3939,1,http://metamask-validation.paypal.com.account-verification-55.gq/confirmation/payment-failed.aspx
71,39,2,4,0,0,0,0,0,10,1,1,0.169,0.0845,0,1,4.5195,1,http://google-drive-share-verification-auth.ga/login.php?session=164436
90,58,4,4,0,3,0,0,0,25,0,3,0.1667,0.0222,0,0,4.3788,1,http://wellsfargo-security.paypal.com.account-verification-65.icu/secure/portal/client-id/
66,39,2,5,0,0,0,0,0,20,0,4,0.1667,0.0,0,1,4.4267,1,http://google-drive-share-security-update.work/verify-account.html
92,57,5,4,0,3,0,0,0,28,0,3,0.1522,0.0217,0,1,4.4163,1,http://wellsfargo-security.paypal.com.account-verification-20.cf/wallet/recovery-phrase.html
21,6,1,0,0,0,0,0,1,8,0,0,0.2381,0.1905,0,0,3.6897,1,http://bit.ly/act1355
88,61,5,4,0,3,0,0,0,20,0,2,0.1477,0.0227,0,0,4.3051,1,http://metamask-validation.microsoft.com.account-verification-40.icu/verify-account.html
80,33,1,4,0,0,0,0,0,25,1,1,0.175,0.075,0,1,4.534,1,http://dhl-tracking-verification-auth.tk/secure/portal/client-id/?session=191845
22,7,1,0,0,0,0,0,1,8,0,0,0.2273,0.1818,0,0,3.6069,1,http://cutt.ly/pay4041
97,46,1,4,0,0,0,0,0,12,1,4,0.1443,0.0619,0,1,4.5575,1,http://instagram-badge-verify-verification-update.top/signin/auth?redirect=account?session=295210
61,26,1,4,0,0,0,0,0,28,0,3,0.1639,0.0,0,1,4.2972,1,http://appleid-security-update.gq/update-billing-information/
97,42,2,4,0,0,0,0,0,33,1,5,0.134,0.0619,0,1,4.579,1,http://bankofamerica-alert-verification-secure.tk/confirmation/payment-failed.aspx?session=142527
22,6,1,0,0,0,0,0,1,9,0,0,0.2273,0.1818,0,0,3.7888,1,http://bit.ly/auth1708
74,13,4,1,0,0,1,0,0,30,2,3,0.1892,0.2027,0,0,4.8074,1,http://104.39.33.155/security-checkpoint/index.php?verify=55819&user=login
79,39,2,4,0,0,0,0,0,33,0,4,0.1392,0.0,0,1,4.3769,1,http://facebook-security-security-update.click/confirmation/payment-failed.aspx
77,47,5,2,0,3,0,0,0,14,0,1,0.1688,0.026,0,1,4.4328,1,http://paypal.microsoft.com.account-verification-12.ga/authorize.cgi?session=
26,11,1,0,0,0,0,0,1,8,0,0,0.1923,0.1538,0,0,4.1329,1,http://tinyurl.com/act8032
68,12,3,1,0,0,1,0,0,25,2,3,0.2206,0.2059,0,0,4.7436,1,http://39.206.75.56/secure/portal/client-id/?verify=35393&user=login
76,17,4,1,0,0,1,0,0,28,2,3,0.1974,0.2368,0,0,4.835,1,http://90.242.223.2:3000/wallet/recovery-phrase.html?verify=26187&user=login
62,30,2,2,0,0,0,0,0,10,1,2,0.1613,0.0968,0,1,4.5421,1,http://appleid-verification-update.ml/login.php?session=724257
90,43,1,4,0,0,0,0,0,25,1,2,0.1556,0.0667,0,1,4.4836,1,http://wellsfargo-security-verification-secure.top/secure/portal/client-id/?session=716220
73,37,1,3,0,0,0,0,0,12,1,4,0.1507,0.0,0,1,4.3814,1,http://facebook-security-security-update.xyz/signin/auth?redirect=account
63,33,2,3,0,0,0,0,0,14,0,3,0.1746,0.0,0,1,4.368,1,http://amazon-support-security-update.gq/authorize.cgi?session=
93,42,1,3,0,0,0,0,0,12,1,4,0.1398,0.0645,0,1,4.5667,1,http://wellsfargo-security-verification-secure.gq/signin/auth?redirect=account?session=186701
63,36,2,4,0,0,0,0,0,20,0,4,0.1587,0.0,0,1,4.3256,1,http://facebook-security-security-update.cf/verify-account.html
93,43,2,4,0,0,0,0,0,28,1,2,0.1398,0.0645,0,1,4.6007,1,http://metamask-validation-verification-update.top/wallet/recovery-phrase.html?session=517483
76,12,4,1,0,0,1,0,0,33,2,4,0.1842,0.1842,0,0,4.825,1,http://55.57.52.103/confirmation/payment-failed.aspx?verify=56635&user=login
81,44,5,3,0,3,0,0,0,30,0,2,0.1605,0.0247,0,1,4.4289,1,http://paypal.google.com.account-verification-68.ga/security-checkpoint/index.php
93,53,5,4,0,3,0,0,0,33,0,3,0.1505,0.0215,0,1,4.4109,1,http://dhl-tracking.microsoft.com.account-verification-68.ga/confirmation/payment-failed.aspx
76,31,2,2,0,0,0,0,0,14,1,0,0.1579,0.0789,0,1,4.5109,1,http://appleid-verification-portal.top/authorize.cgi?session=?session=883694
54,13,4,0,0,0,1,0,0,10,2,2,0.2222,0.2778,0,0,4.699,1,http://47.117.186.81/login.php?verify=56693&user=login
21,5,1,0,0,0,0,0,1,9,0,0,0.2381,0.1905,0,0,3.8442,1,http://rb.gy/auth1682
56,26,2,2,0,0,0,0,0,14,0,2,0.1786,0.0,0,1,4.381,1,http://paypal-security-update.xyz/authorize.cgi?session=
69,13,3,1,0,0,1,0,0,25,2,3,0.2174,0.2174,0,0,4.7732,1,http://208.19.249.46/secure/portal/client-id/?verify=21968&user=login
56,33,1,3,0,0,0,0,0,16,0,2,0.1786,0.0,0,1,3.9824,1,http://binance-trade-security-update.vip/dispute/center/
87,36,1,3,0,0,0,0,0,12,1,3,0.1494,0.069,0,1,4.6186,1,http://chase-verify-verification-portal.xyz/signin/auth?redirect=account?session=702249
89,39,2,4,0,0,0,0,0,28,1,3,0.1461,0.0674,0,0,4.5905,1,http://netflix-billing-verification-secure.icu/wallet/recovery-phrase.html?session=385887
22,7,1,0,0,0,0,0,1,8,0,0,0.2273,0.1818,0,0,3.6978,1,http://cutt.ly/sec7858
85,62,4,4,0,3,0,0,0,16,0,2,0.1647,0.0235,0,1,4.5135,1,http://instagram-badge-verify.paypal.com.account-verification-47.work/dispute/center/
90,43,1,4,0,0,0,0,0,25,1,2,0.1556,0.0667,0,1,4.4464,1,http://wellsfargo-security-verification-secure.vip/secure/portal/client-id/?session=338238
73,17,3,1,0,0,1,0,0,25,2,3,0.2192,0.2466,0,0,4.8441,1,http://48.70.46.102:3000/secure/portal/client-id/?verify=53821&user=login
22,7,1,0,0,0,0,0,1,8,0,0,0.2273,0.1818,0,0,3.7888,1,http://cutt.ly/sec1402
70,28,2,3,0,0,0,0,0,20,1,2,0.1571,0.0857,0,1,4.6177,1,http://appleid-verification-auth.ml/verify-account.html?session=438683
22,7,1,0,0,0,0,0,1,8,0,0,0.2273,0.1818,0,0,3.7888,1,http://cutt.ly/sec6178
71,12,4,1,0,0,1,0,0,28,2,3,0.1972,0.1972,0,0,4.8733,1,http://23.156.57.49/wallet/recovery-phrase.html?verify=42481&user=login
74,42,2,3,0,0,0,0,0,10,1,1,0.1486,0.0811,0,1,4.5703,1,http://metamask-validation-verification-portal.cf/login.php?session=431045
72,35,2,4,0,0,0,0,0,30,0,2,0.1528,0.0,0,1,4.1847,1,http://usps-redelivery-security-update.vip/security-checkpoint/index.php
74,36,1,3,0,0,0,0,0,16,1,1,0.1622,0.0811,0,1,4.3712,1,http://binance-trade-verification-secure.tk/dispute/center/?session=959446
68,14,4,0,0,0,1,0,0,14,2,2,0.2059,0.2353,0,0,4.7913,1,http://114.198.254.68/authorize.cgi?session=?verify=14326&user=login
26,11,1,0,0,0,0,0,1,8,0,0,0.1923,0.1538,0,0,4.2578,1,http://tinyurl.com/sec8576
72,13,3,2,0,0,1,0,0,28,2,4,0.1944,0.2083,0,0,4.9089,1,http://202.70.113.16/update-billing-information/?verify=54696&user=login
26,11,1,0,0,0,0,0,1,8,0,0,0.1923,0.1538,0,0,4.1039,1,http://tinyurl.com/pay4476
20,5,1,0,0,0,0,0,1,8,0,0,0.25,0.2,0,0,3.9842,1,http://rb.gy/sec8357
23,7,1,0,0,0,0,0,1,9,0,0,0.2174,0.1739,0,0,3.6381,1,http://cutt.ly/auth9670
73,14,4,1,0,0,1,0,0,28,2,3,0.1918,0.2192,0,0,4.8387,1,http://127.97.155.114/wallet/recovery-phrase.html?verify=89207&user=login
60,19,4,0,0,0,1,0,0,10,2,2,0.2167,0.3333,0,0,4.7691,1,http://137.244.190.61:8443/login.php?verify=19068&user=login
82,18,4,1,0,0,1,0,0,33,2,4,0.1829,0.2317,0,0,4.8648,1,http://186.89.185.93:8080/confirmation/payment-failed.aspx?verify=89505&user=login
92,41,1,3,0,0,0,0,0,12,1,4,0.1413,0.0652,0,1,4.5086,1,http://microsoft-login-verification-update.click/signin/auth?redirect=account?session=494047
85,62,4,4,0,3,0,0,0,16,0,2,0.1647,0.0235,0,1,4.4388,1,http://instagram-badge-verify.paypal.com.account-verification-42.loan/dispute/center/
22,7,1,0,0,0,0,0,1,8,0,0,0.2273,0.1818,0,0,3.7888,1,http://cutt.ly/sec7319
93,58,5,4,0,3,0,0,0,28,0,3,0.1505,0.0215,0,1,4.4352,1,http://facebook-security.microsoft.com.account-verification-83.ga/wallet/recovery-phrase.html
83,38,2,3,0,0,0,0,0,14,1,1,0.1566,0.0723,0,1,4.5582,1,http://usps-redelivery-verification-update.tk/authorize.cgi?session=?session=993902
57,34,1,3,0,0,0,0,0,16,0,2,0.1754,0.0,0,1,3.9816,1,http://usps-redelivery-security-update.tk/dispute/center/
80,50,5,3,0,3,0,0,0,14,0,1,0.175,0.025,0,1,4.4366,1,http://coinbase-auth.apple.com.account-verification-78.tk/authorize.cgi?session=
23,7,1,0,0,0,0,0,1,9,0,0,0.2174,0.1739,0,0,3.5512,1,http://cutt.ly/auth3411
27,11,1,0,0,0,0,0,1,9,0,0,0.1852,0.1481,0,0,4.1343,1,http://tinyurl.com/auth2813
65,25,2,3,0,0,0,0,0,33,0,4,0.1538,0.0,0,1,4.2795,1,http://paypal-security-update.ga/confirmation/payment-failed.aspx
21,6,1,0,0,0,0,0,1,8,0,0,0.2381,0.1905,0,0,3.9395,1,http://bit.ly/sec8145
21,6,1,0,0,0,0,0,1,8,0,0,0.2381,0.1905,0,0,3.9395,1,http://bit.ly/sec4609
55,28,2,3,0,0,0,0,0,20,0,4,0.1636,0.0,0,1,4.2831,1,http://paypal-security-update.click/verify-account.html
20,5,1,0,0,0,0,0,1,8,0,0,0.25,0.2,0,0,3.9842,1,http://rb.gy/sec1802
98,43,2,4,0,0,0,0,0,33,1,4,0.1327,0.0612,0,1,4.6419,1,http://wellsfargo-security-verification-update.vip/confirmation/payment-failed.aspx?session=799160
75,28,1,3,0,0,0,0,0,25,1,1,0.1733,0.08,0,0,4.4899,1,http://paypal-verification-auth.icu/secure/portal/client-id/?session=584266
60,43,2,4,0,0,0,0,0,10,0,4,0.1667,0.0,0,1,4.4882,1,http://instagram-badge-verify-security-update.work/login.php
78,14,4,1,0,0,1,0,0,33,2,4,0.1795,0.2051,0,0,4.9234,1,http://82.172.151.119/confirmation/payment-failed.aspx?verify=76390&user=login
90,40,2,4,0,0,0,0,0,28,1,3,0.1444,0.0667,0,1,4.5977,1,http://amazon-support-verification-secure.click/wallet/recovery-phrase.html?session=547534
20,5,1,0,0,0,0,0,1,8,0,0,0.25,0.2,0,0,3.7464,1,http://rb.gy/act8110
61,14,3,0,0,0,1,0,0,16,2,2,0.2131,0.2623,0,0,4.7013,1,http://136.116.52.163/dispute/center/?verify=57450&user=login
71,36,1,5,0,0,0,0,0,28,0,4,0.1549,0.0,0,1,4.3609,1,http://amazon-support-security-update.click/update-billing-information/
79,28,1,2,0,0,0,0,0,12,1,2,0.1519,0.0759,0,1,4.579,1,http://appleid-verification-auth.ml/signin/auth?redirect=account?session=486290
58,35,1,3,0,0,0,0,0,16,0,3,0.1724,0.0,0,1,4.1804,1,http://netflix-billing-security-update.vip/dispute/center/
20,5,1,0,0,0,0,0,1,8,0,0,0.25,0.2,0,0,3.7464,1,http://rb.gy/act9694
26,11,1,0,0,0,0,0,1,8,0,0,0.1923,0.1538,0,0,4.1329,1,http://tinyurl.com/act1735
74,13,4,1,0,0,1,0,0,30,2,3,0.1892,0.2027,0,0,4.8717,1,http://137.92.28.109/security-checkpoint/index.php?verify=78805&user=login
76,41,2,5,0,0,0,0,0,28,0,4,0.1579,0.0,0,1,4.3852,1,http://instagram-badge-verify-security-update.cf/wallet/recovery-phrase.html
22,6,1,0,0,0,0,0,1,9,0,0,0.2273,0.1818,0,0,3.7888,1,http://bit.ly/auth9136
86,56,5,3,0,3,0,0,0,14,0,1,0.1628,0.0233,0,1,4.4395,1,http://binance-trade.microsoft.com.account-verification-87.work/authorize.cgi?session=
84,37,1,4,0,0,0,0,0,25,1,1,0.1667,0.0714,0,0,4.4648,1,http://usps-redelivery-verification-auth.icu/secure/portal/client-id/?session=421802
75,37,1,3,0,0,0,0,0,16,1,1,0.16,0.08,0,1,4.4988,1,http://netflix-billing-verification-auth.top/dispute/center/?session=706799
63,12,4,1,0,0,1,0,0,20,2,3,0.2063,0.2222,0,0,4.8578,1,http://56.90.38.198/verify-account.html?verify=90168&user=login
85,30,2,3,0,0,0,0,0,33,1,3,0.1412,0.0706,0,1,4.6205,1,http://appleid-verification-update.gq/confirmation/payment-failed.aspx?session=771520
74,36,1,3,0,0,0,0,0,16,1,1,0.1622,0.0811,0,1,4.5094,1,http://coinbase-auth-verification-update.ml/dispute/center/?session=193372
71,39,2,3,0,0,0,0,0,10,1,1,0.1549,0.0845,0,0,4.5124,1,http://usps-redelivery-verification-portal.icu/login.php?session=323228
21,6,1,0,0,0,0,0,1,8,0,0,0.2381,0.1905,0,0,3.6538,1,http://bit.ly/pay8837
68,14,4,0,0,0,1,0,0,14,2,2,0.2059,0.2353,0,0,4.7214,1,http://93.165.101.136/authorize.cgi?session=?verify=59009&user=login
87,37,1,5,0,0,0,0,0,28,1,2,0.1494,0.069,0,1,4.6259,1,http://netflix-billing-verification-auth.xyz/update-billing-information/?session=544098
26,11,1,0,0,0,0,0,1,8,0,0,0.1923,0.1538,0,0,4.1808,1,http://tinyurl.com/sec3224
95,60,4,6,0,3,0,0,0,28,0,4,0.1579,0.0211,0,1,4.4346,1,http://instagram-badge-verify.paypal.com.account-verification-81.ml/update-billing-information/
86,36,2,4,0,0,0,0,0,28,1,1,0.1512,0.0698,0,1,4.6412,1,http://coinbase-auth-verification-portal.gq/wallet/recovery-phrase.html?session=228157
72,37,1,5,0,0,0,0,0,28,0,3,0.1528,0.0,0,1,4.3098,1,http://netflix-billing-security-update.click/update-billing-information/
87,42,2,3,0,0,0,0,0,14,1,1,0.1494,0.069,0,1,4.5905,1,http://wellsfargo-security-verification-portal.ml/authorize.cgi?session=?session=776110
56,39,2,3,0,0,0,0,0,10,0,3,0.1607,0.0,0,1,4.4255,1,http://metamask-validation-security-update.xyz/login.php
74,42,2,4,0,0,0,0,0,10,1,2,0.1622,0.0811,0,1,4.7073,1,http://google-drive-share-verification-update.xyz/login.php?session=431628
91,61,5,4,0,3,0,0,0,14,0,2,0.1648,0.022,0,1,4.5182,1,http://instagram-badge-verify.google.com.account-verification-82.vip/authorize.cgi?session=
77,17,3,0,0,0,1,0,0,12,2,4,0.1948,0.2338,0,0,4.8577,1,http://128.77.53.19:8000/signin/auth?redirect=account?verify=49558&user=login
22,7,1,0,0,0,0,0,1,8,0,0,0.2273,0.1818,0,0,3.6978,1,http://cutt.ly/pay6730
89,39,2,4,0,0,0,0,0,28,1,3,0.1461,0.0674,0,1,4.5492,1,http://microsoft-login-verification-secure.vip/wallet/recovery-phrase.html?session=618996
81,46,4,4,0,3,0,0,0,28,0,3,0.1605,0.0247,0,1,4.3842,1,http://appleid.apple.com.account-verification-16.work/update-billing-information/
27,11,1,0,0,0,0,0,1,9,0,0,0.1852,0.1481,0,0,4.0603,1,http://tinyurl.com/auth7113
90,43,1,4,0,0,0,0,0,25,1,3,0.1556,0.0667,0,1,4.4841,1,http://bankofamerica-alert-verification-secure.top/secure/portal/client-id/?session=495908
59,27,1,3,0,0,0,0,0,25,0,3,0.1864,0.0,0,1,4.0585,1,http://paypal-security-update.loan/secure/portal/client-id/
74,51,4,3,0,3,0,0,0,16,0,1,0.1757,0.027,0,1,4.3519,1,http://dhl-tracking.paypal.com.account-verification-44.top/dispute/center/
71,39,2,4,0,0,0,0,0,10,1,1,0.169,0.0845,0,1,4.5615,1,http://google-drive-share-verification-auth.ml/login.php?session=924022
21,6,1,0,0,0,0,0,1,8,0,0,0.2381,0.1905,0,0,3.9395,1,http://bit.ly/sec5912
83,45,1,4,0,0,0,0,0,16,1,2,0.1566,0.0723,0,1,4.563,1,http://instagram-badge-verify-verification-update.gq/dispute/center/?session=302324
72,55,5,4,0,3,0,0,0,10,0,2,0.1806,0.0278,0,1,4.3682,1,http://google-drive-share.apple.com.account-verification-23.ml/login.php
88,43,2,3,0,0,0,0,0,14,1,1,0.1477,0.0682,0,1,4.6422,1,http://wellsfargo-security-verification-portal.xyz/authorize.cgi?session=?session=436550
82,40,2,4,0,0,0,0,0,20,1,4,0.1463,0.0732,0,1,4.6115,1,http://facebook-security-verification-secure.ml/verify-account.html?session=440735
20,5,1,0,0,0,0,0,1,8,0,0,0.25,0.2,0,0,3.8842,1,http://rb.gy/sec4090
72,55,5,3,0,3,0,0,0,10,0,2,0.1667,0.0278,0,1,4.301,1,http://binance-trade.microsoft.com.account-verification-92.top/login.php
83,19,4,1,0,0,1,0,0,33,2,4,0.1807,0.241,0,0,4.9758,1,http://116.74.216.239:8443/confirmation/payment-failed.aspx?verify=34559&user=login
93,53,5,4,0,3,0,0,0,33,0,3,0.1505,0.0215,0,1,4.4576,1,http://dhl-tracking.microsoft.com.account-verification-30.gq/confirmation/payment-failed.aspx
74,13,4,1,0,0,1,0,0,30,2,3,0.1892,0.2027,0,0,4.8615,1,http://56.247.32.213/security-checkpoint/index.php?verify=61037&user=login
81,36,2,3,0,0,0,0,0,14,1,1,0.1605,0.0741,0,1,4.5945,1,http://netflix-billing-verification-auth.tk/authorize.cgi?session=?session=977168
75,14,4,1,0,0,1,0,0,30,2,3,0.1867,0.2133,0,0,4.8556,1,http://203.114.64.171/security-checkpoint/index.php?verify=60452&user=login
64,29,2,3,0,0,0,0,0,28,0,3,0.1562,0.0,0,1,4.2087,1,http://appleid-security-update.click/wallet/recovery-phrase.html
78,61,5,4,0,3,0,0,0,10,0,3,0.1667,0.0256,0,1,4.4417,1,http://instagram-badge-verify.paypal.com.account-verification-63.vip/login.php
65,14,4,1,0,0,1,0,0,20,2,3,0.2,0.2462,0,0,4.8949,1,http://214.203.64.238/verify-account.html?verify=16746&user=login
87,35,2,4,0,0,0,0,0,30,1,1,0.1494,0.069,0,1,4.6544,1,http://dhl-tracking-verification-portal.ml/security-checkpoint/index.php?session=763126
21,6,1,0,0,0,0,0,1,8,0,0,0.2381,0.1905,0,0,3.6538,1,http://bit.ly/pay1007
76,34,2,4,0,0,0,0,0,20,1,2,0.1579,0.0789,0,0,4.5418,1,http://chase-verify-verification-auth.icu/verify-account.html?session=611290
84,52,4,4,0,3,0,0,0,25,0,2,0.1786,0.0238,0,1,4.3052,1,http://coinbase-auth.paypal.com.account-verification-15.top/secure/portal/client-id/
87,51,4,3,0,3,0,0,0,12,1,3,0.1609,0.023,0,1,4.3907,1,http://amazon-support.apple.com.account-verification-65.cf/signin/auth?redirect=account
52,35,2,3,0,0,0,0,0,10,0,3,0.1731,0.0,0,1,4.1833,1,http://usps-redelivery-security-update.vip/login.php
91,36,2,4,0,0,0,0,0,33,1,3,0.1429,0.0659,0,1,4.7148,1,http://dhl-tracking-verification-secure.xyz/confirmation/payment-failed.aspx?session=830482
76,53,4,3,0,3,0,0,0,16,0,2,0.1711,0.0263,0,0,4.3117,1,http://amazon-support.google.com.account-verification-22.icu/dispute/center/
23,7,1,0,0,0,0,0,1,9,0,0,0.2174,0.1739,0,0,3.4314,1,http://cutt.ly/auth9991
80,28,2,3,0,0,0,0,0,30,1,1,0.15,0.075,0,1,4.5964,1,http://appleid-verification-auth.ga/security-checkpoint/index.php?session=721437
80,38,2,4,0,0,0,0,0,20,1,3,0.15,0.075,0,1,4.5537,1,http://chase-verify-verification-secure.click/verify-account.html?session=774365
21,6,1,0,0,0,0,0,1,8,0,0,0.2381,0.1905,0,0,3.7849,1,http://bit.ly/act3621
82,55,5,4,0,3,0,0,0,20,0,3,0.1585,0.0244,0,1,4.3328,1,http://amazon-support.microsoft.com.account-verification-37.tk/verify-account.html
20,5,1,0,0,0,0,0,1,8,0,0,0.25,0.2,0,0,3.6842,1,http://rb.gy/pay2982
86,51,4,5,0,3,0,0,0,28,0,4,0.1628,0.0233,0,1,4.5166,1,http://chase-verify.google.com.account-verification-10.xyz/update-billing-information/
73,12,4,1,0,0,1,0,0,30,2,3,0.1918,0.1918,0,0,4.8063,1,http://52.211.182.8/security-checkpoint/index.php?verify=15630&user=login
81,29,2,3,0,0,0,0,0,30,1,1,0.1481,0.0741,0,1,4.5193,1,http://appleid-verification-auth.vip/security-checkpoint/index.php?session=557011
74,37,2,4,0,0,0,0,0,30,0,2,0.1486,0.0,0,1,4.2053,1,http://usps-redelivery-security-update.click/security-checkpoint/index.php
27,11,1,0,0,0,0,0,1,9,0,0,0.1852,0.1481,0,0,4.1343,1,http://tinyurl.com/auth4057
87,37,2,4,0,0,0,0,0,28,1,2,0.1494,0.069,0,0,4.6349,1,http://coinbase-auth-verification-update.icu/wallet/recovery-phrase.html?session=736140
77,18,4,1,0,0,1,0,0,28,2,3,0.1948,0.2468,0,0,4.8351,1,http://117.80.245.70:8080/wallet/recovery-phrase.html?verify=35085&user=login
79,37,2,4,0,0,0,0,0,20,1,4,0.1519,0.0759,0,1,4.5858,1,http://amazon-support-verification-secure.ml/verify-account.html?session=299950
72,13,4,1,0,0,1,0,0,28,2,3,0.1944,0.2083,0,0,4.8451,1,http://143.81.226.36/wallet/recovery-phrase.html?verify=62775&user=login
94,42,2,4,0,0,0,0,0,30,1,1,0.1383,0.0638,0,1,4.5673,1,http://facebook-security-verification-portal.loan/security-checkpoint/index.php?session=850010
82,18,4,1,0,0,1,0,0,33,2,4,0.1829,0.2317,0,0,4.9168,1,http://197.33.38.226:8000/confirmation/payment-failed.aspx?verify=32826&user=login
77,41,1,4,0,0,0,0,0,12,1,5,0.1558,0.0,0,1,4.3914,1,http://instagram-badge-verify-security-update.ml/signin/auth?redirect=account
81,30,1,2,0,0,0,0,0,12,1,2,0.1481,0.0741,0,1,4.5722,1,http://paypal-verification-portal.xyz/signin/auth?redirect=account?session=975595
91,51,5,4,0,3,0,0,0,33,0,4,0.1538,0.022,0,1,4.3406,1,http://chase-verify.apple.com.account-verification-66.loan/confirmation/payment-failed.aspx
73,14,3,2,0,0,1,0,0,28,2,4,0.1918,0.2192,0,0,4.7439,1,http://219.115.122.99/update-billing-information/?verify=91143&user=login
27,11,1,0,0,0,0,0,1,9,0,0,0.1852,0.1481,0,0,4.0603,1,http://tinyurl.com/auth7989
21,5,1,0,0,0,0,0,1,9,0,0,0.2381,0.1905,0,0,3.749,1,http://rb.gy/auth5954
79,20,3,2,0,0,1,0,0,28,2,4,0.1899,0.2658,0,0,4.8967,1,http://149.180.225.230:3000/update-billing-information/?verify=19835&user=login
59,18,4,0,0,0,1,0,0,10,2,2,0.2203,0.322,0,0,4.7211,1,http://125.167.87.46:8080/login.php?verify=41601&user=login
60,28,2,2,0,0,0,0,0,10,1,1,0.1667,0.1,0,1,4.5876,1,http://appleid-verification-auth.ml/login.php?session=821339
20,5,1,0,0,0,0,0,1,8,0,0,0.25,0.2,0,0,3.7842,1,http://rb.gy/pay5647
76,39,2,4,0,0,0,0,0,30,0,2,0.1447,0.0,0,1,4.3942,1,http://wellsfargo-security-security-update.xyz/security-checkpoint/index.php
82,40,2,4,0,0,0,0,0,20,1,2,0.1463,0.0732,0,1,4.6371,1,http://metamask-validation-verification-auth.gq/verify-account.html?session=558089
26,11,1,0,0,0,0,0,1,8,0,0,0.1923,0.1538,0,0,4.1808,1,http://tinyurl.com/pay8952
69,37,1,4,0,0,0,0,0,25,0,4,0.1739,0.0,0,1,4.2178,1,http://netflix-billing-security-update.click/secure/portal/client-id/
78,51,5,4,0,3,0,0,0,20,0,2,0.1667,0.0256,0,1,4.3316,1,http://chase-verify.apple.com.account-verification-80.loan/verify-account.html
94,43,1,3,0,0,0,0,0,12,1,5,0.1383,0.0638,0,0,4.5379,1,http://bankofamerica-alert-verification-update.icu/signin/auth?redirect=account?session=803193
27,11,1,0,0,0,0,0,1,9,0,0,0.1852,0.1481,0,0,3.838,1,http://tinyurl.com/auth9999
20,5,1,0,0,0,0,0,1,8,0,0,0.25,0.2,0,0,3.7842,1,http://rb.gy/sec8833
21,6,1,0,0,0,0,0,1,8,0,0,0.2381,0.1905,0,0,3.6897,1,http://bit.ly/act3959
26,11,1,0,0,0,0,0,1,8,0,0,0.1923,0.1538,0,0,4.056,1,http://tinyurl.com/act8481
26,11,1,0,0,0,0,0,1,8,0,0,0.1923,0.1538,0,0,4.2578,1,http://tinyurl.com/sec9537
73,14,3,2,0,0,1,0,0,28,2,4,0.1918,0.2192,0,0,4.8899,1,http://31.186.110.175/update-billing-information/?verify=98403&user=login
66,12,4,0,0,0,1,0,0,14,2,2,0.2121,0.2121,0,0,4.7204,1,http://177.49.82.64/authorize.cgi?session=?verify=17474&user=login
62,45,5,2,0,3,0,0,0,10,0,2,0.1774,0.0323,0,0,4.2612,1,http://paypal.google.com.account-verification-73.icu/login.php
66,34,1,4,0,0,0,0,0,25,0,3,0.1818,0.0,0,1,4.0893,1,http://usps-redelivery-security-update.tk/secure/portal/client-id/
20,5,1,0,0,0,0,0,1,8,0,0,0.25,0.2,0,0,3.5842,1,http://rb.gy/pay6677
74,34,2,4,0,0,0,0,0,33,0,4,0.1486,0.0,0,1,4.3075,1,http://coinbase-auth-security-update.loan/confirmation/payment-failed.aspx
20,5,1,0,0,0,0,0,1,8,0,0,0.25,0.2,0,0,3.7842,1,http://rb.gy/pay2158
80,30,2,3,0,0,0,0,0,28,1,1,0.15,0.075,0,1,4.6312,1,http://paypal-verification-auth.click/wallet/recovery-phrase.html?session=176503
22,7,1,0,0,0,0,0,1,8,0,0,0.2273,0.1818,0,0,3.6247,1,http://cutt.ly/act3806
79,37,2,4,0,0,0,0,0,20,1,2,0.1519,0.0759,0,1,4.7224,1,http://usps-redelivery-verification-auth.xyz/verify-account.html?session=305672
73,31,2,3,0,0,0,0,0,20,1,2,0.1507,0.0822,0,1,4.6445,1,http://appleid-verification-auth.click/verify-account.html?session=468069
87,52,5,4,0,3,0,0,0,28,0,3,0.1609,0.023,0,1,4.4381,1,http://amazon-support.google.com.account-verification-24.cf/wallet/recovery-phrase.html
21,6,1,0,0,0,0,0,1,8,0,0,0.2381,0.1905,0,0,3.8442,1,http://bit.ly/sec7729
64,37,2,4,0,0,0,0,0,20,0,4,0.1562,0.0,0,1,4.4274,1,http://facebook-security-security-update.xyz/verify-account.html
27,11,1,0,0,0,0,0,1,9,0,0,0.1852,0.1481,0,0,4.1343,1,http://tinyurl.com/auth4758
58,35,1,3,0,0,0,0,0,16,0,2,0.1724,0.0,0,1,3.9573,1,http://usps-redelivery-security-update.vip/dispute/center/
71,11,3,0,0,0,1,0,0,12,2,4,0.1972,0.1831,0,0,4.7836,1,http://96.188.8.65/signin/auth?redirect=account?verify=75093&user=login
92,42,1,5,0,0,0,0,0,28,1,3,0.1413,0.0652,0,1,4.6407,1,http://wellsfargo-security-verification-portal.gq/update-billing-information/?session=540201
21,5,1,0,0,0,0,0,1,9,0,0,0.2381,0.1905,0,0,3.8442,1,http://rb.gy/auth1647
26,11,1,0,0,0,0,0,1,8,0,0,0.1923,0.1538,0,0,4.1039,1,http://tinyurl.com/pay4546
21,6,1,0,0,0,0,0,1,8,0,0,0.2381,0.1905,0,0,3.749,1,http://bit.ly/pay9453
78,19,4,1,0,0,1,0,0,28,2,3,0.1923,0.2564,0,0,4.8977,1,http://123.17.228.203:8443/wallet/recovery-phrase.html?verify=50266&user=login
20,5,1,0,0,0,0,0,1,8,0,0,0.25,0.2,0,0,3.7464,1,http://rb.gy/act3277
78,18,3,0,0,0,1,0,0,12,2,4,0.1923,0.2436,0,0,4.8065,1,http://29.232.42.113:3000/signin/auth?redirect=account?verify=75279&user=login
76,38,1,3,0,0,0,0,0,16,1,2,0.1579,0.0789,0,1,4.5072,1,http://microsoft-login-verification-secure.gq/dispute/center/?session=982127
85,38,1,4,0,0,0,0,0,25,1,2,0.1647,0.0706,0,1,4.512,1,http://netflix-billing-verification-secure.tk/secure/portal/client-id/?session=628344
71,34,2,4,0,0,0,0,0,30,0,2,0.1549,0.0,0,1,4.237,1,http://dhl-tracking-security-update.click/security-checkpoint/index.php
21,6,1,0,0,0,0,0,1,8,0,0,0.2381,0.1905,0,0,3.749,1,http://bit.ly/sec4848
92,42,2,4,0,0,0,0,0,28,1,1,0.1413,0.0652,0,1,4.5368,1,http://metamask-validation-verification-auth.loan/wallet/recovery-phrase.html?session=850007
69,13,3,1,0,0,1,0,0,25,2,3,0.2174,0.2174,0,0,4.7912,1,http://184.10.235.12/secure/portal/client-id/?verify=30062&user=login
88,56,4,4,0,3,0,0,0,25,0,3,0.1705,0.0227,0,1,4.2782,1,http://microsoft-login.microsoft.com.account-verification-21.tk/secure/portal/client-id/
58,26,1,3,0,0,0,0,0,25,0,3,0.1897,0.0,0,1,4.0534,1,http://appleid-security-update.ga/secure/portal/client-id/
90,58,4,4,0,3,0,0,0,25,0,2,0.1667,0.0222,0,1,4.3144,1,http://metamask-validation.paypal.com.account-verification-70.top/secure/portal/client-id/
26,11,1,0,0,0,0,0,1,8,0,0,0.1923,0.1538,0,0,4.1039,1,http://tinyurl.com/pay2052
95,60,4,6,0,3,0,0,0,28,0,4,0.1579,0.0211,0,1,4.4308,1,http://instagram-badge-verify.paypal.com.account-verification-12.cf/update-billing-information/
91,61,5,3,0,3,0,0,0,14,0,3,0.1538,0.022,0,0,4.3931,1,http://bankofamerica-alert.microsoft.com.account-verification-42.icu/authorize.cgi?session=
90,40,1,5,0,0,0,0,0,28,1,4,0.1444,0.0667,0,1,4.6387,1,http://bankofamerica-alert-verification-auth.gq/update-billing-information/?session=209548
54,13,4,0,0,0,1,0,0,10,2,2,0.2222,0.2778,0,0,4.773,1,http://116.93.17.223/login.php?verify=48565&user=login
22,7,1,0,0,0,0,0,1,8,0,0,0.2273,0.1818,0,0,3.6978,1,http://cutt.ly/sec4264
63,16,3,0,0,0,1,0,0,16,2,2,0.2222,0.2698,0,0,4.7671,1,http://71.87.94.86:3000/dispute/center/?verify=49775&user=login
80,30,1,4,0,0,0,0,0,28,1,2,0.15,0.075,0,1,4.4795,1,http://appleid-verification-update.ga/update-billing-information/?session=811999
84,39,2,3,0,0,0,0,0,14,1,1,0.1548,0.0714,0,1,4.5748,1,http://usps-redelivery-verification-update.vip/authorize.cgi?session=?session=236814
22,6,1,0,0,0,0,0,1,9,0,0,0.2273,0.1818,0,0,3.7888,1,http://bit.ly/auth7189
71,15,3,1,0,0,1,0,0,25,2,3,0.2113,0.2394,0,0,4.8238,1,http://192.134.205.196/secure/portal/client-id/?verify=86291&user=login
21,5,1,0,0,0,0,0,1,9,0,0,0.2381,0.1905,0,0,3.8442,1,http://rb.gy/auth7938
60,33,2,4,0,0,0,0,0,20,0,4,0.1667,0.0,0,1,4.377,1,http://binance-trade-security-update.xyz/verify-account.html
88,46,2,5,0,0,0,0,0,20,1,3,0.1477,0.0682,0,0,4.6861,1,http://instagram-badge-verify-verification-update.icu/verify-account.html?session=235048
86,41,2,3,0,0,0,0,0,14,1,1,0.1512,0.0698,0,1,4.5075,1,http://microsoft-login-verification-portal.click/authorize.cgi?session=?session=774468
26,11,1,0,0,0,0,0,1,8,0,0,0.1923,0.1538,0,0,4.0749,1,http://tinyurl.com/sec5550
71,29,2,3,0,0,0,0,0,20,1,2,0.1549,0.0845,0,1,4.7546,1,http://appleid-verification-auth.xyz/verify-account.html?session=715439
86,54,4,4,0,3,0,0,0,25,0,2,0.1744,0.0233,0,1,4.3549,1,http://dhl-tracking.microsoft.com.account-verification-62.vip/secure/portal/client-id/
20,5,1,0,0,0,0,0,1,8,0,0,0.25,0.2,0,0,3.6842,1,http://rb.gy/pay5596
62,15,3,0,0,0,1,0,0,16,2,2,0.2097,0.2742,0,0,4.7308,1,http://148.143.231.176/dispute/center/?verify=96156&user=login
54,37,2,3,0,0,0,0,0,10,0,3,0.1667,0.0,0,1,4.3661,1,http://facebook-security-security-update.vip/login.php
87,37,2,4,0,0,0,0,0,28,1,2,0.1494,0.069,0,1,4.6405,1,http://amazon-support-verification-auth.work/wallet/recovery-phrase.html?session=634772
94,59,5,4,0,3,0,0,0,28,0,4,0.1489,0.0213,0,1,4.3576,1,http://bankofamerica-alert.paypal.com.account-verification-40.loan/wallet/recovery-phrase.html
20,5,1,0,0,0,0,0,1,8,0,0,0.25,0.2,0,0,3.7842,1,http://rb.gy/pay1540
98,62,4,4,0,3,0,0,0,12,1,2,0.1531,0.0204,0,1,4.4004,1,http://google-drive-share.microsoft.com.account-verification-40.click/signin/auth?redirect=account
58,35,1,3,0,0,0,0,0,16,0,3,0.1724,0.0,0,0,4.1639,1,http://microsoft-login-security-update.icu/dispute/center/
93,57,4,4,0,3,0,0,0,12,1,2,0.1613,0.0215,0,1,4.4359,1,http://google-drive-share.paypal.com.account-verification-76.top/signin/auth?redirect=account
92,57,4,5,0,3,0,0,0,28,0,3,0.1522,0.0217,0,1,4.3612,1,http://metamask-validation.google.com.account-verification-16.tk/update-billing-information/
20,5,1,0,0,0,0,0,1,8,0,0,0.25,0.2,0,0,3.8842,1,http://rb.gy/sec6818
66,34,2,3,0,0,0,0,0,10,1,1,0.1667,0.0909,0,1,4.5767,1,http://binance-trade-verification-auth.ga/login.php?session=820144
92,57,5,4,0,3,0,0,0,28,0,2,0.1522,0.0217,0,1,4.4045,1,http://usps-redelivery.microsoft.com.account-verification-38.vip/wallet/recovery-phrase.html
22,7,1,0,0,0,0,0,1,8,0,0,0.2273,0.1818,0,0,3.6247,1,http://cutt.ly/act5627
62,15,3,0,0,0,1,0,0,16,2,2,0.2097,0.2742,0,0,4.7769,1,http://126.195.241.236/dispute/center/?verify=98805&user=login
66,34,1,4,0,0,0,0,0,25,0,3,0.1818,0.0,0,1,4.1741,1,http://binance-trade-security-update.work/secure/portal/client-id/
26,11,1,0,0,0,0,0,1,8,0,0,0.1923,0.1538,0,0,4.1808,1,http://tinyurl.com/sec1512
22,6,1,0,0,0,0,0,1,9,0,0,0.2273,0.1818,0,0,3.7888,1,http://bit.ly/auth3291
21,6,1,0,0,0,0,0,1,8,0,0,0.2381,0.1905,0,0,3.7849,1,http://bit.ly/act1354
69,34,1,5,0,0,0,0,0,28,0,4,0.1594,0.0,0,1,4.2962,1,http://microsoft-login-security-update.ml/update-billing-information/
82,52,5,3,0,3,0,0,0,14,0,1,0.1707,0.0244,0,1,4.4452,1,http://coinbase-auth.paypal.com.account-verification-56.vip/authorize.cgi?session=
20,5,1,0,0,0,0,0,1,8,0,0,0.25,0.2,0,0,3.8842,1,http://rb.gy/sec5579
78,14,4,1,0,0,1,0,0,33,2,4,0.1795,0.2051,0,0,4.9696,1,http://16.244.178.253/confirmation/payment-failed.aspx?verify=63589&user=login
76,36,2,4,0,0,0,0,0,33,0,5,0.1447,0.0,0,1,4.3227,1,http://microsoft-login-security-update.loan/confirmation/payment-failed.aspx
91,56,4,6,0,3,0,0,0,28,0,3,0.1648,0.022,0,1,4.3742,1,http://google-drive-share.apple.com.account-verification-47.top/update-billing-information/
98,61,5,5,0,3,0,0,0,30,0,3,0.1531,0.0204,0,1,4.4949,1,http://instagram-badge-verify.paypal.com.account-verification-82.vip/security-checkpoint/index.php
51,34,2,3,0,0,0,0,0,10,0,3,0.1765,0.0,0,1,4.3023,1,http://microsoft-login-security-update.ml/login.php
75,15,3,0,0,0,1,0,0,12,2,4,0.1867,0.2267,0,0,4.7489,1,http://139.119.120.200/signin/auth?redirect=account?verify=30582&user=login
89,52,5,4,0,3,0,0,0,30,0,2,0.1573,0.0225,0,1,4.3752,1,http://binance-trade.paypal.com.account-verification-94.vip/security-checkpoint/index.php
91,55,4,3,0,3,0,0,0,12,1,3,0.1538,0.022,0,1,4.5384,1,http://netflix-billing.paypal.com.account-verification-27.work/signin/auth?redirect=account
76,53,4,3,0,3,0,0,0,16,0,1,0.1711,0.0263,0,1,4.297,1,http://coinbase-auth.google.com.account-verification-88.loan/dispute/center/
57,40,2,4,0,0,0,0,0,10,0,3,0.1754,0.0,0,1,4.3084,1,http://google-drive-share-security-update.click/login.php
75,28,1,3,0,0,0,0,0,25,1,1,0.1733,0.08,0,1,4.4427,1,http://appleid-verification-auth.cf/secure/portal/client-id/?session=206011
58,35,1,3,0,0,0,0,0,16,0,2,0.1724,0.0,0,1,4.0337,1,http://binance-trade-security-update.click/dispute/center/
26,11,1,0,0,0,0,0,1,8,0,0,0.1923,0.1538,0,0,4.1329,1,http://tinyurl.com/act7618
83,51,4,4,0,3,0,0,0,25,0,2,0.1807,0.0241,0,1,4.3769,1,http://binance-trade.paypal.com.account-verification-25.gq/secure/portal/client-id/
73,12,4,1,0,0,1,0,0,30,2,3,0.1918,0.1918,0,0,4.8234,1,http://185.50.16.24/security-checkpoint/index.php?verify=42120&user=login
88,38,2,4,0,0,0,0,0,28,1,3,0.1477,0.0682,0,1,4.6163,1,http://netflix-billing-verification-secure.gq/wallet/recovery-phrase.html?session=822825
66,34,1,4,0,0,0,0,0,25,0,3,0.1818,0.0,0,1,4.1029,1,http://usps-redelivery-security-update.ml/secure/portal/client-id/
67,13,4,0,0,0,1,0,0,14,2,2,0.209,0.2239,0,0,4.6909,1,http://53.119.95.153/authorize.cgi?session=?verify=17453&user=login
77,17,3,0,0,0,1,0,0,12,2,4,0.1948,0.2338,0,0,4.7525,1,http://73.70.62.232:8000/signin/auth?redirect=account?verify=30258&user=login
68,51,5,3,0,3,0,0,0,10,0,2,0.1765,0.0294,0,1,4.3542,1,http://coinbase-auth.google.com.account-verification-98.gq/login.php
92,57,5,4,0,3,0,0,0,28,0,4,0.1522,0.0217,0,1,4.403,1,http://bankofamerica-alert.google.com.account-verification-21.ga/wallet/recovery-phrase.html
26,11,1,0,0,0,0,0,1,8,0,0,0.1923,0.1538,0,0,4.1039,1,http://tinyurl.com/pay3022
59,12,3,0,0,0,1,0,0,16,2,2,0.2203,0.2373,0,0,4.76,1,http://97.67.28.164/dispute/center/?verify=13541&user=login
26,11,1,0,0,0,0,0,1,8,0,0,0.1923,0.1538,0,0,4.1808,1,http://tinyurl.com/sec7212
60,13,3,0,0,0,1,0,0,16,2,2,0.2167,0.25,0,0,4.7696,1,http://136.27.64.189/dispute/center/?verify=36725&user=login
63,12,4,1,0,0,1,0,0,20,2,3,0.2063,0.2222,0,0,4.8895,1,http://211.9.93.224/verify-account.html?verify=98460&user=login
96,56,5,5,0,3,0,0,0,33,0,3,0.1562,0.0208,0,0,4.4076,1,http://google-drive-share.apple.com.account-verification-66.icu/confirmation/payment-failed.aspx
26,11,1,0,0,0,0,0,1,8,0,0,0.1923,0.1538,0,0,4.1329,1,http://tinyurl.com/act4279
26,11,1,0,0,0,0,0,1,8,0,0,0.1923,0.1538,0,0,4.1329,1,http://tinyurl.com/act7953
65,18,3,0,0,0,1,0,0,16,2,2,0.2154,0.2923,0,0,4.6341,1,http://42.214.105.28:8000/dispute/center/?verify=84825&user=login
22,7,1,0,0,0,0,0,1,8,0,0,0.2273,0.1818,0,0,3.5338,1,http://cutt.ly/act3321
73,36,2,4,0,0,0,0,0,30,0,3,0.1507,0.0,0,1,4.3457,1,http://microsoft-login-security-update.loan/security-checkpoint/index.php
86,51,5,4,0,3,0,0,0,28,0,2,0.1628,0.0233,0,1,4.458,1,http://dhl-tracking.apple.com.account-verification-78.work/wallet/recovery-phrase.html
75,37,1,3,0,0,0,0,0,16,1,0,0.16,0.08,0,1,4.4281,1,http://coinbase-auth-verification-portal.vip/dispute/center/?session=486656
59,18,4,0,0,0,1,0,0,10,2,2,0.2203,0.322,0,0,4.7128,1,http://147.28.70.218:8000/login.php?verify=33982&user=login
90,43,1,4,0,0,0,0,0,25,1,2,0.1556,0.0667,0,1,4.5784,1,http://wellsfargo-security-verification-portal.xyz/secure/portal/client-id/?session=488432
80,45,5,3,0,3,0,0,0,28,0,2,0.1625,0.025,0,0,4.3466,1,http://appleid.apple.com.account-verification-92.icu/wallet/recovery-phrase.html
72,27,2,2,0,0,0,0,0,14,1,0,0.1667,0.0833,0,1,4.6241,1,http://paypal-verification-auth.tk/authorize.cgi?session=?session=431509
69,15,4,0,0,0,1,0,0,14,2,2,0.2029,0.2464,0,0,4.6643,1,http://138.184.171.131/authorize.cgi?session=?verify=37763&user=login
94,59,5,5,0,3,0,0,0,28,0,2,0.1596,0.0213,0,1,4.3826,1,http://google-drive-share.microsoft.com.account-verification-33.ga/wallet/recovery-phrase.html
92,62,5,4,0,3,0,0,0,14,0,2,0.163,0.0217,0,1,4.5701,1,http://instagram-badge-verify.google.com.account-verification-42.work/authorize.cgi?session=
79,56,4,4,0,3,0,0,0,16,0,1,0.1772,0.0253,0,1,4.3657,1,http://google-drive-share.google.com.account-verification-41.gq/dispute/center/
77,13,4,1,0,0,1,0,0,33,2,4,0.1818,0.1948,0,0,4.8624,1,http://89.110.73.207/confirmation/payment-failed.aspx?verify=11141&user=login
76,39,2,4,0,0,0,0,0,30,0,2,0.1447,0.0,0,1,4.3184,1,http://wellsfargo-security-security-update.top/security-checkpoint/index.php
86,35,1,3,0,0,0,0,0,12,1,2,0.1512,0.0698,0,1,4.5739,1,http://binance-trade-verification-auth.xyz/signin/auth?redirect=account?session=620973
23,7,1,0,0,0,0,0,1,9,0,0,0.2174,0.1739,0,0,3.5512,1,http://cutt.ly/auth1339
69,37,2,3,0,0,0,0,0,10,1,3,0.1594,0.087,0,1,4.6091,1,http://amazon-support-verification-secure.gq/login.php?session=590511
88,37,1,3,0,0,0,0,0,12,1,2,0.1477,0.0682,0,1,4.6152,1,http://usps-redelivery-verification-auth.xyz/signin/auth?redirect=account?session=732346
66,26,2,3,0,0,0,0,0,33,0,4,0.1515,0.0,0,1,4.2637,1,http://appleid-security-update.ml/confirmation/payment-failed.aspx
79,20,3,2,0,0,1,0,0,28,2,4,0.1899,0.2658,0,0,4.9171,1,http://157.214.254.158:8443/update-billing-information/?verify=92868&user=login
23,7,1,0,0,0,0,0,1,9,0,0,0.2174,0.1739,0,0,3.6381,1,http://cutt.ly/auth1509
74,39,1,5,0,0,0,0,0,28,0,3,0.1486,0.0,0,1,4.3414,1,http://wellsfargo-security-security-update.top/update-billing-information/
88,52,4,3,0,3,0,0,0,12,1,3,0.1591,0.0227,0,1,4.4402,1,http://amazon-support.google.com.account-verification-25.gq/signin/auth?redirect=account
20,5,1,0,0,0,0,0,1,8,0,0,0.25,0.2,0,0,3.8842,1,http://rb.gy/sec4565
90,39,1,3,0,0,0,0,0,12,1,3,0.1444,0.0667,0,0,4.431,1,http://usps-redelivery-verification-secure.icu/signin/auth?redirect=account?session=885928
22,7,1,0,0,0,0,0,1,8,0,0,0.2273,0.1818,0,0,3.6069,1,http://cutt.ly/pay9331
82,59,4,3,0,3,0,0,0,16,0,2,0.1585,0.0244,0,1,4.3734,1,http://wellsfargo-security.google.com.account-verification-55.loan/dispute/center/
83,38,2,3,0,0,0,0,0,14,1,2,0.1566,0.0723,0,1,4.6446,1,http://netflix-billing-verification-update.ml/authorize.cgi?session=?session=720264
98,61,5,4,0,3,0,0,0,30,0,2,0.1429,0.0204,0,1,4.4584,1,http://metamask-validation.microsoft.com.account-verification-87.xyz/security-checkpoint/index.php
22,7,1,0,0,0,0,0,1,8,0,0,0.2273,0.1818,0,0,3.5338,1,http://cutt.ly/act8477
21,6,1,0,0,0,0,0,1,8,0,0,0.2381,0.1905,0,0,3.749,1,http://bit.ly/pay8350
26,11,1,0,0,0,0,0,1,8,0,0,0.1923,0.1538,0,0,4.1808,1,http://tinyurl.com/sec9077
22,7,1,0,0,0,0,0,1,8,0,0,0.2273,0.1818,0,0,3.6069,1,http://cutt.ly/pay8199
21,6,1,0,0,0,0,0,1,8,0,0,0.2381,0.1905,0,0,3.749,1,http://bit.ly/pay3174
92,41,1,4,0,0,0,0,0,12,1,3,0.1522,0.0652,0,1,4.4474,1,http://google-drive-share-verification-secure.ga/signin/auth?redirect=account?session=728832
93,38,2,4,0,0,0,0,0,33,1,2,0.1398,0.0645,0,1,4.6301,1,http://coinbase-auth-verification-portal.work/confirmation/payment-failed.aspx?session=207334
55,38,2,3,0,0,0,0,0,10,0,3,0.1636,0.0,0,1,4.3744,1,http://metamask-validation-security-update.gq/login.php
22,7,1,0,0,0,0,0,1,8,0,0,0.2273,0.1818,0,0,3.5726,1,http://cutt.ly/sec5557
20,5,1,0,0,0,0,0,1,8,0,0,0.25,0.2,0,0,3.7464,1,http://rb.gy/act7006
63,12,4,1,0,0,1,0,0,20,2,3,0.2063,0.2222,0,0,4.8895,1,http://31.42.142.97/verify-account.html?verify=26091&user=login
73,17,3,1,0,0,1,0,0,25,2,3,0.2192,0.2466,0,0,4.8284,1,http://100.2.241.35:8443/secure/portal/client-id/?verify=89049&user=login
83,31,2,3,0,0,0,0,0,30,1,2,0.1446,0.0723,0,0,4.5018,1,http://appleid-verification-update.icu/security-checkpoint/index.php?session=812162
22,7,1,0,0,0,0,0,1,8,0,0,0.2273,0.1818,0,0,3.6247,1,http://cutt.ly/act3780
70,40,2,3,0,0,0,0,0,14,0,2,0.1571,0.0,0,1,4.4591,1,http://metamask-validation-security-update.work/authorize.cgi?session=
88,52,4,3,0,3,0,0,0,12,1,3,0.1591,0.0227,0,1,4.4308,1,http://chase-verify.apple.com.account-verification-50.click/signin/auth?redirect=account
22,7,1,0,0,0,0,0,1,8,0,0,0.2273,0.1818,0,0,3.6069,1,http://cutt.ly/pay4755
20,5,1,0,0,0,0,0,1,8,0,0,0.25,0.2,0,0,3.7842,1,http://rb.gy/pay3182
20,5,1,0,0,0,0,0,1,8,0,0,0.25,0.2,0,0,3.7842,1,http://rb.gy/pay7852
26,11,1,0,0,0,0,0,1,8,0,0,0.1923,0.1538,0,0,4.1808,1,http://tinyurl.com/sec6647
64,10,4,0,0,0,1,0,0,14,2,2,0.2188,0.1875,0,0,4.7478,1,http://21.4.36.98/authorize.cgi?session=?verify=31644&user=login
65,18,3,0,0,0,1,0,0,16,2,2,0.2154,0.2923,0,0,4.7572,1,http://76.50.229.161:3000/dispute/center/?verify=97357&user=login
61,31,2,3,0,0,0,0,0,14,0,2,0.1803,0.0,0,1,4.4283,1,http://dhl-tracking-security-update.cf/authorize.cgi?session=
55,14,4,0,0,0,1,0,0,10,2,2,0.2182,0.2909,0,0,4.7291,1,http://103.232.92.122/login.php?verify=56674&user=login
76,29,1,3,0,0,0,0,0,25,1,1,0.1711,0.0789,0,1,4.4949,1,http://paypal-verification-portal.ml/secure/portal/client-id/?session=575189
72,27,2,2,0,0,0,0,0,14,1,0,0.1667,0.0833,0,1,4.5963,1,http://paypal-verification-auth.tk/authorize.cgi?session=?session=752944
91,40,1,3,0,0,0,0,0,12,1,4,0.1429,0.0659,0,1,4.6326,1,http://netflix-billing-verification-update.work/signin/auth?redirect=account?session=210572
87,45,2,5,0,0,0,0,0,20,1,2,0.1494,0.069,0,1,4.7025,1,http://instagram-badge-verify-verification-portal.gq/verify-account.html?session=878123
80,50,5,3,0,3,0,0,0,14,0,1,0.175,0.025,0,1,4.5272,1,http://dhl-tracking.paypal.com.account-verification-95.ga/authorize.cgi?session=
76,44,4,3,0,3,0,0,0,25,0,2,0.1842,0.0263,0,1,4.2357,1,http://paypal.apple.com.account-verification-12.top/secure/portal/client-id/
69,13,3,1,0,0,1,0,0,25,2,3,0.2174,0.2174,0,0,4.7732,1,http://166.16.121.39/secure/portal/client-id/?verify=95879&user=login
20,5,1,0,0,0,0,0,1,8,0,0,0.25,0.2,0,0,3.8842,1,http://rb.gy/sec3566
79,20,3,2,0,0,1,0,0,28,2,4,0.1899,0.2658,0,0,4.9158,1,http://144.150.217.193:8000/update-billing-information/?verify=42153&user=login
75,16,4,1,0,0,1,0,0,28,2,3,0.2,0.2267,0,0,4.839,1,http://44.61.54.20:3000/wallet/recovery-phrase.html?verify=25071&user=login
59,36,1,3,0,0,0,0,0,16,0,2,0.1695,0.0,0,1,4.1031,1,http://usps-redelivery-security-update.work/dispute/center/
79,15,4,1,0,0,1,0,0,33,2,4,0.1899,0.2025,0,0,4.9349,1,http://61.43.51.4:8080/confirmation/payment-failed.aspx?verify=10396&user=login
67,16,4,1,0,0,1,0,0,20,2,3,0.209,0.2537,0,0,4.8642,1,http://130.87.4.44:8000/verify-account.html?verify=38971&user=login
68,14,4,0,0,0,1,0,0,14,2,2,0.2059,0.2353,0,0,4.7508,1,http://23.114.132.161/authorize.cgi?session=?verify=95147&user=login
96,64,4,5,0,3,0,0,0,25,0,3,0.1667,0.0208,0,1,4.4904,1,http://instagram-badge-verify.microsoft.com.account-verification-53.xyz/secure/portal/client-id/
73,14,4,1,0,0,1,0,0,28,2,3,0.1918,0.2192,0,0,4.8167,1,http://161.87.148.193/wallet/recovery-phrase.html?verify=15648&user=login
90,50,5,4,0,3,0,0,0,33,0,3,0.1556,0.0222,0,1,4.3254,1,http://binance-trade.apple.com.account-verification-62.cf/confirmation/payment-failed.aspx
20,5,1,0,0,0,0,0,1,8,0,0,0.25,0.2,0,0,3.7842,1,http://rb.gy/pay8296
87,40,1,4,0,0,0,0,0,25,1,1,0.1609,0.069,0,1,4.5056,1,http://metamask-validation-verification-auth.ml/secure/portal/client-id/?session=230904
93,57,4,3,0,3,0,0,0,12,1,3,0.1505,0.0215,0,1,4.5229,1,http://wellsfargo-security.paypal.com.account-verification-93.gq/signin/auth?redirect=account
22,7,1,0,0,0,0,0,1,8,0,0,0.2273,0.1818,0,0,3.7888,1,http://cutt.ly/sec5247
68,38,2,3,0,0,0,0,0,14,0,2,0.1618,0.0,0,1,4.4306,1,http://wellsfargo-security-security-update.ml/authorize.cgi?session=
74,38,1,4,0,0,0,0,0,12,1,4,0.1622,0.0,0,0,4.2612,1,http://google-drive-share-security-update.icu/signin/auth?redirect=account
100,60,5,4,0,3,0,0,0,33,0,5,0.14,0.02,0,1,4.3455,1,http://bankofamerica-alert.microsoft.com.account-verification-58.ml/confirmation/payment-failed.aspx
67,40,2,5,0,0,0,0,0,20,0,4,0.1642,0.0,0,1,4.383,1,http://google-drive-share-security-update.click/verify-account.html
78,19,3,2,0,0,1,0,0,28,2,4,0.1923,0.2564,0,0,4.793,1,http://24.102.166.208:3000/update-billing-information/?verify=66202&user=login
92,56,4,3,0,3,0,0,0,12,1,3,0.1522,0.0217,0,1,4.3491,1,http://microsoft-login.google.com.account-verification-93.click/signin/auth?redirect=account
78,36,2,4,0,0,0,0,0,20,1,3,0.1538,0.0769,0,1,4.6282,1,http://binance-trade-verification-update.tk/verify-account.html?session=267885
95,58,5,4,0,3,0,0,0,30,0,4,0.1474,0.0211,0,1,4.3773,1,http://bankofamerica-alert.paypal.com.account-verification-55.top/security-checkpoint/index.php
26,11,1,0,0,0,0,0,1,8,0,0,0.1923,0.1538,0,0,4.056,1,http://tinyurl.com/act5044
77,13,4,1,0,0,1,0,0,33,2,4,0.1818,0.1948,0,0,4.8006,1,http://85.11.124.161/confirmation/payment-failed.aspx?verify=55162&user=login
62,15,3,0,0,0,1,0,0,16,2,2,0.2097,0.2742,0,0,4.6156,1,http://216.131.215.115/dispute/center/?verify=33387&user=login
74,38,1,3,0,0,0,0,0,12,1,4,0.1486,0.0,0,1,4.3448,1,http://wellsfargo-security-security-update.tk/signin/auth?redirect=account
27,11,1,0,0,0,0,0,1,9,0,0,0.1852,0.1481,0,0,4.0603,1,http://tinyurl.com/auth4413
95,60,5,5,0,3,0,0,0,28,0,3,0.1579,0.0211,0,1,4.4751,1,http://instagram-badge-verify.paypal.com.account-verification-59.ga/wallet/recovery-phrase.html
66,31,1,5,0,0,0,0,0,28,0,4,0.1667,0.0,0,1,4.3775,1,http://chase-verify-security-update.ml/update-billing-information/
81,31,2,3,0,0,0,0,0,28,1,2,0.1481,0.0741,0,1,4.5501,1,http://paypal-verification-secure.loan/wallet/recovery-phrase.html?session=580074
22,7,1,0,0,0,0,0,1,8,0,0,0.2273,0.1818,0,0,3.7888,1,http://cutt.ly/sec7019
90,40,2,4,0,0,0,0,0,28,1,2,0.1444,0.0667,0,1,4.6235,1,http://wellsfargo-security-verification-auth.ga/wallet/recovery-phrase.html?session=913268
49,32,2,3,0,0,0,0,0,10,0,3,0.1837,0.0,0,1,4.2516,1,http://coinbase-auth-security-update.tk/login.php
83,60,4,4,0,3,0,0,0,16,0,2,0.1687,0.0241,0,1,4.4052,1,http://instagram-badge-verify.apple.com.account-verification-15.top/dispute/center/
26,11,1,0,0,0,0,0,1,8,0,0,0.1923,0.1538,0,0,4.2578,1,http://tinyurl.com/sec4312
93,53,5,4,0,3,0,0,0,33,0,4,0.1505,0.0215,0,0,4.3486,1,http://microsoft-login.apple.com.account-verification-53.icu/confirmation/payment-failed.aspx
26,11,1,0,0,0,0,0,1,8,0,0,0.1923,0.1538,0,0,4.1039,1,http://tinyurl.com/pay9447
86,63,4,3,0,3,0,0,0,16,0,1,0.1512,0.0233,0,1,4.2747,1,http://metamask-validation.microsoft.com.account-verification-66.click/dispute/center/
20,5,1,0,0,0,0,0,1,8,0,0,0.25,0.2,0,0,3.9842,1,http://rb.gy/sec9164
76,12,4,1,0,0,1,0,0,33,2,4,0.1842,0.1842,0,0,4.8186,1,http://120.12.7.128/confirmation/payment-failed.aspx?verify=23017&user=login
71,54,5,3,0,3,0,0,0,10,0,3,0.169,0.0282,0,1,4.3986,1,http://netflix-billing.apple.com.account-verification-16.work/login.php
90,53,5,4,0,3,0,0,0,30,0,3,0.1556,0.0222,0,1,4.4416,1,http://microsoft-login.google.com.account-verification-35.gq/security-checkpoint/index.php
72,32,2,4,0,0,0,0,0,33,0,4,0.1528,0.0,0,1,4.2942,1,http://binance-trade-security-update.ml/confirmation/payment-failed.aspx
78,36,2,4,0,0,0,0,0,20,1,3,0.1538,0.0769,0,1,4.634,1,http://binance-trade-verification-update.ga/verify-account.html?session=475167
22,7,1,0,0,0,0,0,1,8,0,0,0.2273,0.1818,0,0,3.6247,1,http://cutt.ly/act7138
70,35,1,5,0,0,0,0,0,28,0,4,0.1571,0.0,0,1,4.2797,1,http://amazon-support-security-update.loan/update-billing-information/
100,63,5,5,0,3,0,0,0,30,0,3,0.15,0.02,0,1,4.5052,1,http://instagram-badge-verify.microsoft.com.account-verification-31.ml/security-checkpoint/index.php
61,34,2,4,0,0,0,0,0,20,0,4,0.1639,0.0,0,1,4.2784,1,http://usps-redelivery-security-update.cf/verify-account.html
92,52,5,4,0,3,0,0,0,33,0,4,0.1522,0.0217,0,1,4.4059,1,http://amazon-support.google.com.account-verification-36.ga/confirmation/payment-failed.aspx
22,7,1,0,0,0,0,0,1,8,0,0,0.2273,0.1818,0,0,3.6978,1,http://cutt.ly/pay2346
26,11,1,0,0,0,0,0,1,8,0,0,0.1923,0.1538,0,0,4.1808,1,http://tinyurl.com/pay4357
26,11,1,0,0,0,0,0,1,8,0,0,0.1923,0.1538,0,0,4.1039,1,http://tinyurl.com/pay3009
73,46,5,3,0,3,0,0,0,20,0,2,0.1644,0.0274,0,1,4.3538,1,http://paypal.paypal.com.account-verification-37.work/verify-account.html
80,28,2,3,0,0,0,0,0,30,1,1,0.15,0.075,0,1,4.5184,1,http://paypal-verification-auth.vip/security-checkpoint/index.php?session=636300
85,55,5,3,0,3,0,0,0,14,0,1,0.1647,0.0235,0,1,4.552,1,http://usps-redelivery.google.com.account-verification-19.work/authorize.cgi?session=
87,57,5,4,0,3,0,0,0,14,0,1,0.1724,0.023,0,1,4.4973,1,http://google-drive-share.paypal.com.account-verification-93.vip/authorize.cgi?session=
21,5,1,0,0,0,0,0,1,9,0,0,0.2381,0.1905,0,0,3.6178,1,http://rb.gy/auth1115
75,52,4,3,0,3,0,0,0,16,0,1,0.1733,0.0267,0,1,4.3604,1,http://dhl-tracking.google.com.account-verification-39.loan/dispute/center/
69,15,4,0,0,0,1,0,0,14,2,2,0.2029,0.2464,0,0,4.7788,1,http://113.176.210.190/authorize.cgi?session=?verify=95577&user=login
72,42,2,4,0,0,0,0,0,14,0,3,0.1667,0.0,0,0,4.4178,1,http://instagram-badge-verify-security-update.icu/authorize.cgi?session=
76,36,2,4,0,0,0,0,0,33,0,4,0.1447,0.0,0,1,4.4141,1,http://usps-redelivery-security-update.work/confirmation/payment-failed.aspx
62,32,2,3,0,0,0,0,0,14,0,2,0.1774,0.0,0,1,4.3395,1,http://coinbase-auth-security-update.gq/authorize.cgi?session=
63,28,2,3,0,0,0,0,0,28,0,3,0.1587,0.0,0,1,4.2074,1,http://appleid-security-update.loan/wallet/recovery-phrase.html
78,28,1,4,0,0,0,0,0,28,1,2,0.1538,0.0769,0,0,4.6165,1,http://paypal-verification-auth.icu/update-billing-information/?session=714586
72,37,2,4,0,0,0,0,0,28,0,3,0.1528,0.0,0,1,4.3951,1,http://facebook-security-security-update.xyz/wallet/recovery-phrase.html
71,39,2,3,0,0,0,0,0,10,1,2,0.1549,0.0845,0,1,4.6597,1,http://microsoft-login-verification-update.xyz/login.php?session=401484
86,34,2,4,0,0,0,0,0,30,1,1,0.1512,0.0698,0,1,4.5898,1,http://binance-trade-verification-auth.gq/security-checkpoint/index.php?session=248628
76,29,1,3,0,0,0,0,0,25,1,2,0.1711,0.0789,0,1,4.5238,1,http://paypal-verification-update.ml/secure/portal/client-id/?session=479390
22,6,1,0,0,0,0,0,1,9,0,0,0.2273,0.1818,0,0,3.6978,1,http://bit.ly/auth3788
27,11,1,0,0,0,0,0,1,9,0,0,0.1852,0.1481,0,0,3.9582,1,http://tinyurl.com/auth5515
77,13,4,1,0,0,1,0,0,33,2,4,0.1818,0.1948,0,0,4.9045,1,http://26.98.205.123/confirmation/payment-failed.aspx?verify=66595&user=login
72,30,2,3,0,0,0,0,0,20,1,2,0.1528,0.0833,0,1,4.6433,1,http://appleid-verification-portal.ga/verify-account.html?session=369424
77,30,1,3,0,0,0,0,0,25,1,1,0.1688,0.0779,0,1,4.453,1,http://appleid-verification-portal.ml/secure/portal/client-id/?session=830121
80,38,2,4,0,0,0,0,0,20,1,3,0.15,0.075,0,1,4.6751,1,http://netflix-billing-verification-portal.tk/verify-account.html?session=213764
78,19,4,1,0,0,1,0,0,28,2,3,0.1923,0.2564,0,0,4.8893,1,http://216.223.131.68:3000/wallet/recovery-phrase.html?verify=42976&user=login
99,64,4,6,0,3,0,0,0,28,0,4,0.1515,0.0202,0,1,4.4726,1,http://instagram-badge-verify.microsoft.com.account-verification-99.xyz/update-billing-information/
95,55,5,4,0,3,0,0,0,33,0,3,0.1474,0.0211,0,1,4.4323,1,http://usps-redelivery.apple.com.account-verification-23.click/confirmation/payment-failed.aspx
96,56,5,4,0,3,0,0,0,33,0,4,0.1458,0.0208,0,1,4.2958,1,http://microsoft-login.microsoft.com.account-verification-87.cf/confirmation/payment-failed.aspx
68,38,2,4,0,0,0,0,0,14,0,2,0.1765,0.0,0,1,4.4072,1,http://google-drive-share-security-update.xyz/authorize.cgi?session=
26,11,1,0,0,0,0,0,1,8,0,0,0.1923,0.1538,0,0,4.1329,1,http://tinyurl.com/act2193
71,39,1,4,0,0,0,0,0,25,0,5,0.169,0.0,0,0,4.1968,1,http://bankofamerica-alert-security-update.icu/secure/portal/client-id/
77,54,4,3,0,3,0,0,0,16,0,1,0.1688,0.026,0,1,4.3576,1,http://usps-redelivery.google.com.account-verification-65.top/dispute/center/
88,41,1,4,0,0,0,0,0,25,1,3,0.1591,0.0682,0,1,4.5096,1,http://bankofamerica-alert-verification-auth.vip/secure/portal/client-id/?session=558608
22,7,1,0,0,0,0,0,1,8,0,0,0.2273,0.1818,0,0,3.7888,1,http://cutt.ly/sec8601
26,11,1,0,0,0,0,0,1,8,0,0,0.1923,0.1538,0,0,4.1329,1,http://tinyurl.com/act7341
83,19,4,1,0,0,1,0,0,33,2,4,0.1807,0.241,0,0,4.9426,1,http://188.32.154.158:8080/confirmation/payment-failed.aspx?verify=26896&user=login
91,61,5,3,0,3,0,0,0,14,0,1,0.1538,0.022,0,0,4.3895,1,http://metamask-validation.microsoft.com.account-verification-63.icu/authorize.cgi?session=
26,11,1,0,0,0,0,0,1,8,0,0,0.1923,0.1538,0,0,3.998,1,http://tinyurl.com/pay7444
22,7,1,0,0,0,0,0,1,8,0,0,0.2273,0.1818,0,0,3.6978,1,http://cutt.ly/pay8071
69,15,4,0,0,0,1,0,0,14,2,2,0.2029,0.2464,0,0,4.7498,1,http://135.248.152.118/authorize.cgi?session=?verify=84001&user=login
21,6,1,0,0,0,0,0,1,8,0,0,0.2381,0.1905,0,0,3.9395,1,http://bit.ly/sec1064
80,48,2,4,0,0,0,0,0,10,1,3,0.15,0.075,0,1,4.6952,1,http://instagram-badge-verify-verification-secure.click/login.php?session=812691
26,11,1,0,0,0,0,0,1,8,0,0,0.1923,0.1538,0,0,4.2578,1,http://tinyurl.com/sec4078
87,37,2,4,0,0,0,0,0,28,1,2,0.1494,0.069,0,1,4.5489,1,http://amazon-support-verification-portal.ml/wallet/recovery-phrase.html?session=767881
77,18,3,2,0,0,1,0,0,28,2,4,0.1948,0.2468,0,0,4.8849,1,http://157.11.163.71:3000/update-billing-information/?verify=49943&user=login
23,7,1,0,0,0,0,0,1,9,0,0,0.2174,0.1739,0,0,3.5512,1,http://cutt.ly/auth3996
81,31,2,3,0,0,0,0,0,28,1,2,0.1481,0.0741,0,1,4.5282,1,http://appleid-verification-secure.top/wallet/recovery-phrase.html?session=545668
75,39,1,3,0,0,0,0,0,12,1,5,0.1467,0.0,0,0,4.3068,1,http://bankofamerica-alert-security-update.icu/signin/auth?redirect=account
22,7,1,0,0,0,0,0,1,8,0,0,0.2273,0.1818,0,0,3.6978,1,http://cutt.ly/sec9551
91,41,1,5,0,0,0,0,0,28,1,3,0.1429,0.0659,0,1,4.6042,1,http://facebook-security-verification-portal.vip/update-billing-information/?session=501878
83,36,1,4,0,0,0,0,0,25,1,1,0.1687,0.0723,0,0,4.5347,1,http://dhl-tracking-verification-portal.icu/secure/portal/client-id/?session=195780
73,43,5,2,0,3,0,0,0,14,0,1,0.1781,0.0274,0,1,4.4743,1,http://paypal.apple.com.account-verification-50.tk/authorize.cgi?session=
93,56,5,4,0,3,0,0,0,30,0,2,0.1505,0.0215,0,0,4.4006,1,http://facebook-security.paypal.com.account-verification-30.icu/security-checkpoint/index.php
72,13,4,1,0,0,1,0,0,28,2,3,0.1944,0.2083,0,0,4.8106,1,http://47.227.73.136/wallet/recovery-phrase.html?verify=16457&user=login
55,38,2,4,0,0,0,0,0,10,0,3,0.1818,0.0,0,1,4.3607,1,http://google-drive-share-security-update.xyz/login.php
26,11,1,0,0,0,0,0,1,8,0,0,0.1923,0.1538,0,0,4.1808,1,http://tinyurl.com/pay4016
70,10,3,0,0,0,1,0,0,12,2,4,0.2,0.1714,0,0,4.7329,1,http://46.68.70.2/signin/auth?redirect=account?verify=21277&user=login
69,13,3,1,0,0,1,0,0,25,2,3,0.2174,0.2174,0,0,4.7841,1,http://169.4.120.124/secure/portal/client-id/?verify=32792&user=login
80,35,2,3,0,0,0,0,0,14,1,0,0.1625,0.075,0,1,4.5623,1,http://dhl-tracking-verification-portal.ga/authorize.cgi?session=?session=597774
27,11,1,0,0,0,0,0,1,9,0,0,0.1852,0.1481,0,0,4.1343,1,http://tinyurl.com/auth8146
95,55,5,4,0,3,0,0,0,33,0,3,0.1474,0.0211,0,1,4.4484,1,http://dhl-tracking.microsoft.com.account-verification-18.work/confirmation/payment-failed.aspx
75,40,2,4,0,0,0,0,0,28,0,3,0.1467,0.0,0,1,4.3062,1,http://wellsfargo-security-security-update.work/wallet/recovery-phrase.html
70,35,2,4,0,0,0,0,0,28,0,4,0.1571,0.0,0,1,4.446,1,http://netflix-billing-security-update.xyz/wallet/recovery-phrase.html
84,57,5,4,0,3,0,0,0,20,0,3,0.1548,0.0238,0,1,4.349,1,http://amazon-support.microsoft.com.account-verification-33.work/verify-account.html
66,39,2,4,0,0,0,0,0,20,0,4,0.1515,0.0,0,1,4.3085,1,http://metamask-validation-security-update.top/verify-account.html
90,55,4,5,0,3,0,0,0,28,0,3,0.1556,0.0222,0,1,4.3352,1,http://netflix-billing.apple.com.account-verification-87.click/update-billing-information/
68,51,5,3,0,3,0,0,0,10,0,3,0.1765,0.0294,0,1,4.3592,1,http://chase-verify.google.com.account-verification-27.vip/login.php
74,13,4,1,0,0,1,0,0,30,2,3,0.1892,0.2027,0,0,4.8885,1,http://99.16.240.165/security-checkpoint/index.php?verify=39174&user=login
26,11,1,0,0,0,0,0,1,8,0,0,0.1923,0.1538,0,0,4.2578,1,http://tinyurl.com/sec8154
95,45,1,6,0,0,0,0,0,28,1,3,0.1474,0.0632,0,1,4.5539,1,http://instagram-badge-verify-verification-auth.loan/update-billing-information/?session=402012
77,41,1,4,0,0,0,0,0,12,1,5,0.1558,0.0,0,1,4.3445,1,http://instagram-badge-verify-security-update.cf/signin/auth?redirect=account
21,6,1,0,0,0,0,0,1,8,0,0,0.2381,0.1905,0,0,3.5226,1,http://bit.ly/pay1711
75,37,1,3,0,0,0,0,0,16,1,1,0.16,0.08,0,1,4.405,1,http://binance-trade-verification-secure.vip/dispute/center/?session=214968
88,37,1,3,0,0,0,0,0,12,1,2,0.1477,0.0682,0,1,4.4523,1,http://binance-trade-verification-auth.click/signin/auth?redirect=account?session=694919
22,7,1,0,0,0,0,0,1,8,0,0,0.2273,0.1818,0,0,3.5338,1,http://cutt.ly/act8568
21,6,1,0,0,0,0,0,1,8,0,0,0.2381,0.1905,0,0,3.7849,1,http://bit.ly/act3961
78,19,3,2,0,0,1,0,0,28,2,4,0.1923,0.2564,0,0,4.849,1,http://213.190.23.108:8443/update-billing-information/?verify=14403&user=login
20,5,1,0,0,0,0,0,1,8,0,0,0.25,0.2,0,0,3.7464,1,http://rb.gy/act2455
77,13,4,1,0,0,1,0,0,33,2,4,0.1818,0.1948,0,0,4.8415,1,http://11.184.71.214/confirmation/payment-failed.aspx?verify=42923&user=login
86,34,2,4,0,0,0,0,0,30,1,1,0.1512,0.0698,0,1,4.6314,1,http://coinbase-auth-verification-auth.gq/security-checkpoint/index.php?session=320479
92,42,1,5,0,0,0,0,0,28,1,3,0.1413,0.0652,0,1,4.6036,1,http://metamask-validation-verification-secure.gq/update-billing-information/?session=263903
21,6,1,0,0,0,0,0,1,8,0,0,0.2381,0.1905,0,0,3.9395,1,http://bit.ly/sec8592
26,11,1,0,0,0,0,0,1,8,0,0,0.1923,0.1538,0,0,4.1039,1,http://tinyurl.com/pay8232
70,35,1,5,0,0,0,0,0,28,0,3,0.1571,0.0,0,1,4.3472,1,http://netflix-billing-security-update.xyz/update-billing-information/
59,27,1,3,0,0,0,0,0,25,0,3,0.1864,0.0,0,0,3.9924,1,http://appleid-security-update.icu/secure/portal/client-id/
62,32,2,3,0,0,0,0,0,14,0,2,0.1774,0.0,0,0,4.3607,1,http://dhl-tracking-security-update.icu/authorize.cgi?session=
72,13,4,1,0,0,1,0,0,28,2,3,0.1944,0.2083,0,0,4.7896,1,http://25.155.235.56/wallet/recovery-phrase.html?verify=38579&user=login
77,17,3,0,0,0,1,0,0,12,2,4,0.1948,0.2338,0,0,4.7519,1,http://14.12.151.12:3000/signin/auth?redirect=account?verify=93117&user=login
81,36,2,3,0,0,0,0,0,14,1,1,0.1605,0.0741,0,0,4.5659,1,http://dhl-tracking-verification-update.icu/authorize.cgi?session=?session=567606
88,56,4,4,0,3,0,0,0,25,0,3,0.1705,0.0227,0,1,4.4755,1,http://facebook-security.google.com.account-verification-62.xyz/secure/portal/client-id/
68,14,4,0,0,0,1,0,0,14,2,2,0.2059,0.2353,0,0,4.839,1,http://133.43.142.169/authorize.cgi?session=?verify=95750&user=login
72,12,3,0,0,0,1,0,0,12,2,4,0.1944,0.1944,0,0,4.8228,1,http://72.75.71.206/signin/auth?redirect=account?verify=38864&user=login
96,41,2,4,0,0,0,0,0,33,1,4,0.1354,0.0625,0,1,4.6767,1,http://facebook-security-verification-update.xyz/confirmation/payment-failed.aspx?session=997235
69,18,4,1,0,0,1,0,0,20,2,3,0.2029,0.2754,0,0,4.8311,1,http://96.76.192.106:8000/verify-account.html?verify=71019&user=login
87,60,5,5,0,3,0,0,0,20,0,2,0.1609,0.023,0,1,4.5386,1,http://instagram-badge-verify.apple.com.account-verification-75.xyz/verify-account.html
76,53,4,3,0,3,0,0,0,16,0,2,0.1711,0.0263,0,1,4.3176,1,http://amazon-support.google.com.account-verification-96.top/dispute/center/
78,61,5,3,0,3,0,0,0,10,0,2,0.1538,0.0256,0,1,4.3124,1,http://metamask-validation.microsoft.com.account-verification-15.top/login.php
26,11,1,0,0,0,0,0,1,8,0,0,0.1923,0.1538,0,0,4.1039,1,http://tinyurl.com/pay8335
22,7,1,0,0,0,0,0,1,8,0,0,0.2273,0.1818,0,0,3.6978,1,http://cutt.ly/pay3987
22,7,1,0,0,0,0,0,1,8,0,0,0.2273,0.1818,0,0,3.5338,1,http://cutt.ly/act3288
76,17,4,1,0,0,1,0,0,28,2,3,0.1974,0.2368,0,0,4.7461,1,http://13.145.41.48:8443/wallet/recovery-phrase.html?verify=22134&user=login
22,7,1,0,0,0,0,0,1,8,0,0,0.2273,0.1818,0,0,3.6247,1,http://cutt.ly/act6785
71,35,1,3,0,0,0,0,0,12,1,4,0.1549,0.0,0,1,4.2476,1,http://usps-redelivery-security-update.vip/signin/auth?redirect=account
54,13,4,0,0,0,1,0,0,10,2,2,0.2222,0.2778,0,0,4.6461,1,http://83.37.240.110/login.php?verify=34233&user=login
72,13,3,2,0,0,1,0,0,28,2,4,0.1944,0.2083,0,0,4.8811,1,http://150.20.57.203/update-billing-information/?verify=87376&user=login
72,13,3,2,0,0,1,0,0,28,2,4,0.1944,0.2083,0,0,4.7754,1,http://15.159.200.52/update-billing-information/?verify=50815&user=login
26,11,1,0,0,0,0,0,1,8,0,0,0.1923,0.1538,0,0,4.1039,1,http://tinyurl.com/pay3722
66,19,3,0,0,0,1,0,0,16,2,2,0.2121,0.303,0,0,4.7943,1,http://33.184.254.173:8000/dispute/center/?verify=61658&user=login
98,43,2,5,0,0,0,0,0,33,1,3,0.1429,0.0612,0,1,4.6575,1,http://google-drive-share-verification-secure.work/confirmation/payment-failed.aspx?session=809750
22,7,1,0,0,0,0,0,1,8,0,0,0.2273,0.1818,0,0,3.6069,1,http://cutt.ly/pay1891
23,7,1,0,0,0,0,0,1,9,0,0,0.2174,0.1739,0,0,3.5512,1,http://cutt.ly/auth7600
96,56,5,4,0,3,0,0,0,33,0,4,0.1458,0.0208,0,1,4.4348,1,http://facebook-security.google.com.account-verification-58.top/confirmation/payment-failed.aspx
27,11,1,0,0,0,0,0,1,9,0,0,0.1852,0.1481,0,0,4.1343,1,http://tinyurl.com/auth1079
22,7,1,0,0,0,0,0,1,8,0,0,0.2273,0.1818,0,0,3.6978,1,http://cutt.ly/pay9487
67,32,2,4,0,0,0,0,0,28,0,4,0.1642,0.0,0,0,4.2206,1,http://chase-verify-security-update.icu/wallet/recovery-phrase.html
21,6,1,0,0,0,0,0,1,8,0,0,0.2381,0.1905,0,0,3.7849,1,http://bit.ly/act6495
89,59,5,3,0,3,0,0,0,14,0,1,0.1573,0.0225,0,1,4.427,1,http://metamask-validation.apple.com.account-verification-33.click/authorize.cgi?session=
70,35,1,5,0,0,0,0,0,28,0,3,0.1571,0.0,0,1,4.318,1,http://coinbase-auth-security-update.click/update-billing-information/
92,42,1,5,0,0,0,0,0,28,1,3,0.1413,0.0652,0,1,4.6664,1,http://wellsfargo-security-verification-auth.work/update-billing-information/?session=611539
80,42,1,3,0,0,0,0,0,16,1,2,0.15,0.075,0,1,4.5343,1,http://facebook-security-verification-update.loan/dispute/center/?session=846171
98,46,2,5,0,0,0,0,0,30,1,3,0.1429,0.0612,0,1,4.6241,1,http://instagram-badge-verify-verification-secure.vip/security-checkpoint/index.php?session=590235
94,42,2,4,0,0,0,0,0,30,1,3,0.1383,0.0638,0,1,4.6438,1,http://bankofamerica-alert-verification-portal.gq/security-checkpoint/index.php?session=551331
49,32,2,3,0,0,0,0,0,10,0,3,0.1837,0.0,0,1,4.2903,1,http://coinbase-auth-security-update.ml/login.php
98,58,5,4,0,3,0,0,0,33,0,4,0.1429,0.0204,0,1,4.366,1,http://amazon-support.microsoft.com.account-verification-21.click/confirmation/payment-failed.aspx
64,32,1,4,0,0,0,0,0,25,0,3,0.1875,0.0,0,1,4.1477,1,http://coinbase-auth-security-update.ga/secure/portal/client-id/
20,5,1,0,0,0,0,0,1,8,0,0,0.25,0.2,0,0,3.6842,1,http://rb.gy/pay5453
79,56,4,4,0,3,0,0,0,16,0,1,0.1772,0.0253,0,1,4.4068,1,http://google-drive-share.paypal.com.account-verification-56.cf/dispute/center/
71,20,4,1,0,0,1,0,0,20,2,3,0.1972,0.2958,0,0,4.8164,1,http://144.246.110.160:3000/verify-account.html?verify=40087&user=login
22,7,1,0,0,0,0,0,1,8,0,0,0.2273,0.1818,0,0,3.5338,1,http://cutt.ly/act1770
26,11,1,0,0,0,0,0,1,8,0,0,0.1923,0.1538,0,0,4.1808,1,http://tinyurl.com/sec9920
68,30,1,2,0,0,0,0,0,16,1,1,0.1618,0.0882,0,1,4.4496,1,http://paypal-verification-secure.top/dispute/center/?session=877206
80,42,1,4,0,0,0,0,0,16,1,1,0.1625,0.075,0,1,4.4621,1,http://google-drive-share-verification-update.top/dispute/center/?session=171425
82,44,1,3,0,0,0,0,0,16,1,3,0.1463,0.0732,0,1,4.5752,1,http://bankofamerica-alert-verification-update.work/dispute/center/?session=923183
80,30,1,4,0,0,0,0,0,28,1,3,0.15,0.075,0,0,4.5721,1,http://paypal-verification-secure.icu/update-billing-information/?session=267712
70,11,4,1,0,0,1,0,0,28,2,3,0.2,0.1857,0,0,4.806,1,http://30.99.56.25/wallet/recovery-phrase.html?verify=33642&user=login
71,12,4,1,0,0,1,0,0,28,2,3,0.1972,0.1972,0,0,4.7606,1,http://12.161.40.62/wallet/recovery-phrase.html?verify=29910&user=login
93,38,2,4,0,0,0,0,0,33,1,3,0.1398,0.0645,0,1,4.5184,1,http://microsoft-login-verification-portal.cf/confirmation/payment-failed.aspx?session=768110
26,11,1,0,0,0,0,0,1,8,0,0,0.1923,0.1538,0,0,4.2578,1,http://tinyurl.com/sec5769
54,13,4,0,0,0,1,0,0,10,2,2,0.2222,0.2778,0,0,4.62,1,http://162.142.46.21/login.php?verify=34063&user=login
89,39,1,5,0,0,0,0,0,28,1,3,0.1461,0.0674,0,1,4.5987,1,http://amazon-support-verification-update.work/update-billing-information/?session=136662
73,13,3,0,0,0,1,0,0,12,2,4,0.1918,0.2055,0,0,4.8234,1,http://57.160.90.155/signin/auth?redirect=account?verify=22803&user=login
21,5,1,0,0,0,0,0,1,9,0,0,0.2381,0.1905,0,0,3.749,1,http://rb.gy/auth6246
42,25,2,2,0,0,0,0,0,10,0,3,0.1905,0.0,0,1,4.1392,1,http://paypal-security-update.tk/login.php
21,6,1,0,0,0,0,0,1,8,0,0,0.2381,0.1905,0,0,3.8442,1,http://bit.ly/sec8584
66,31,1,5,0,0,0,0,0,28,0,3,0.1667,0.0,0,1,4.3466,1,http://dhl-tracking-security-update.cf/update-billing-information/
90,54,4,3,0,3,0,0,0,12,1,3,0.1556,0.0222,0,1,4.4937,1,http://facebook-security.apple.com.account-verification-75.gq/signin/auth?redirect=account
61,34,2,4,0,0,0,0,0,20,0,5,0.1639,0.0,0,1,4.3868,1,http://amazon-support-security-update.xyz/verify-account.html
95,55,5,4,0,3,0,0,0,33,0,4,0.1474,0.0211,0,1,4.4974,1,http://facebook-security.google.com.account-verification-89.gq/confirmation/payment-failed.aspx
70,14,3,1,0,0,1,0,0,25,2,3,0.2143,0.2286,0,0,4.7844,1,http://40.120.250.161/secure/portal/client-id/?verify=69270&user=login
79,18,4,1,0,0,1,0,0,30,2,3,0.1899,0.2405,0,0,4.9652,1,http://45.124.37.137:8080/security-checkpoint/index.php?verify=16976&user=login
75,19,3,1,0,0,1,0,0,25,2,3,0.2133,0.2667,0,0,4.8936,1,http://170.61.169.254:8080/secure/portal/client-id/?verify=36490&user=login
86,51,4,5,0,3,0,0,0,28,0,4,0.1628,0.0233,0,1,4.3638,1,http://amazon-support.apple.com.account-verification-24.cf/update-billing-information/
60,25,2,3,0,0,0,0,0,28,0,3,0.1667,0.0,0,1,4.1628,1,http://paypal-security-update.tk/wallet/recovery-phrase.html
94,43,1,4,0,0,0,0,0,12,1,3,0.1489,0.0638,0,1,4.4741,1,http://google-drive-share-verification-secure.loan/signin/auth?redirect=account?session=245576
22,7,1,0,0,0,0,0,1,8,0,0,0.2273,0.1818,0,0,3.6069,1,http://cutt.ly/pay8387
67,32,1,5,0,0,0,0,0,28,0,4,0.1642,0.0,0,1,4.454,1,http://chase-verify-security-update.xyz/update-billing-information/
21,6,1,0,0,0,0,0,1,8,0,0,0.2381,0.1905,0,0,3.6538,1,http://bit.ly/pay2446
83,38,2,3,0,0,0,0,0,14,1,2,0.1566,0.0723,0,1,4.4553,1,http://amazon-support-verification-secure.top/authorize.cgi?session=?session=691396
92,56,4,3,0,3,0,0,0,12,1,3,0.1522,0.0217,0,1,4.4365,1,http://facebook-security.apple.com.account-verification-31.loan/signin/auth?redirect=account
59,42,2,4,0,0,0,0,0,10,0,4,0.1695,0.0,0,0,4.3871,1,http://instagram-badge-verify-security-update.icu/login.php
65,14,4,1,0,0,1,0,0,20,2,3,0.2,0.2462,0,0,4.8318,1,http://202.194.22.103/verify-account.html?verify=24803&user=login
65,33,1,4,0,0,0,0,0,25,0,3,0.1846,0.0,0,1,4.1041,1,http://binance-trade-security-update.vip/secure/portal/client-id/
58,41,2,3,0,0,0,0,0,10,0,3,0.1552,0.0,0,1,4.3514,1,http://wellsfargo-security-security-update.click/login.php
87,36,1,3,0,0,0,0,0,12,1,3,0.1494,0.069,0,1,4.599,1,http://dhl-tracking-verification-secure.xyz/signin/auth?redirect=account?session=631838
77,37,2,5,0,0,0,0,0,33,0,4,0.1558,0.0,0,1,4.383,1,http://google-drive-share-security-update.ga/confirmation/payment-failed.aspx
69,34,1,5,0,0,0,0,0,28,0,3,0.1594,0.0,0,1,4.2956,1,http://netflix-billing-security-update.tk/update-billing-information/
73,28,2,2,0,0,0,0,0,14,1,0,0.1644,0.0822,0,1,4.5768,1,http://appleid-verification-auth.ml/authorize.cgi?session=?session=819081
74,57,5,3,0,3,0,0,0,10,0,4,0.1622,0.027,0,1,4.4063,1,http://bankofamerica-alert.paypal.com.account-verification-56.gq/login.php
68,36,2,3,0,0,0,0,0,10,1,1,0.1618,0.0882,0,1,4.5206,1,http://microsoft-login-verification-auth.ml/login.php?session=797033
80,45,5,3,0,3,0,0,0,28,0,2,0.1625,0.025,0,1,4.4733,1,http://paypal.google.com.account-verification-10.xyz/wallet/recovery-phrase.html
87,42,2,3,0,0,0,0,0,14,1,2,0.1494,0.069,0,1,4.6328,1,http://facebook-security-verification-update.work/authorize.cgi?session=?session=165310
89,44,2,4,0,0,0,0,0,14,1,1,0.1573,0.0674,0,1,4.6249,1,http://instagram-badge-verify-verification-auth.top/authorize.cgi?session=?session=739601
44,27,2,2,0,0,0,0,0,10,0,3,0.1818,0.0,0,1,4.1149,1,http://appleid-security-update.vip/login.php
78,19,4,1,0,0,1,0,0,28,2,3,0.1923,0.2564,0,0,4.7536,1,http://177.116.101.70:8080/wallet/recovery-phrase.html?verify=76838&user=login
66,34,2,3,0,0,0,0,0,10,1,1,0.1667,0.0909,0,1,4.5742,1,http://dhl-tracking-verification-auth.vip/login.php?session=188301
68,33,1,5,0,0,0,0,0,28,0,4,0.1618,0.0,0,1,4.4513,1,http://chase-verify-security-update.work/update-billing-information/
67,32,1,5,0,0,0,0,0,28,0,3,0.1642,0.0,0,1,4.2545,1,http://binance-trade-security-update.cf/update-billing-information/
73,14,4,1,0,0,1,0,0,28,2,3,0.1918,0.2192,0,0,4.7893,1,http://187.141.233.61/wallet/recovery-phrase.html?verify=24147&user=login
54,13,4,0,0,0,1,0,0,10,2,2,0.2222,0.2778,0,0,4.736,1,http://203.41.17.212/login.php?verify=65991&user=login
74,36,1,3,0,0,0,0,0,16,1,1,0.1622,0.0811,0,1,4.4437,1,http://coinbase-auth-verification-secure.ml/dispute/center/?session=725515
70,11,4,1,0,0,1,0,0,28,2,3,0.2,0.1857,0,0,4.7559,1,http://104.8.46.78/wallet/recovery-phrase.html?verify=18416&user=login
71,20,4,1,0,0,1,0,0,20,2,3,0.1972,0.2958,0,0,4.8322,1,http://183.121.164.183:3000/verify-account.html?verify=21628&user=login
67,27,2,3,0,0,0,0,0,33,0,4,0.1493,0.0,0,0,4.2538,1,http://appleid-security-update.icu/confirmation/payment-failed.aspx
96,56,5,4,0,3,0,0,0,33,0,3,0.1458,0.0208,0,1,4.4864,1,http://usps-redelivery.google.com.account-verification-75.click/confirmation/payment-failed.aspx
70,38,2,3,0,0,0,0,0,10,1,1,0.1571,0.0857,0,1,4.5195,1,http://microsoft-login-verification-portal.gq/login.php?session=569584
21,6,1,0,0,0,0,0,1,8,0,0,0.2381,0.1905,0,0,3.6897,1,http://bit.ly/act5878
79,37,2,4,0,0,0,0,0,20,1,4,0.1519,0.0759,0,1,4.5953,1,http://amazon-support-verification-secure.ml/verify-account.html?session=889644
92,52,5,4,0,3,0,0,0,33,0,3,0.1522,0.0217,0,1,4.4871,1,http://dhl-tracking.google.com.account-verification-69.work/confirmation/payment-failed.aspx
61,38,1,3,0,0,0,0,0,16,0,2,0.1639,0.0,0,1,4.1724,1,http://metamask-validation-security-update.ml/dispute/center/
103,63,5,4,0,3,0,0,0,33,0,4,0.1359,0.0194,0,1,4.4388,1,http://wellsfargo-security.microsoft.com.account-verification-13.click/confirmation/payment-failed.aspx
82,18,4,1,0,0,1,0,0,33,2,4,0.1829,0.2317,0,0,4.8253,1,http://134.10.146.40:3000/confirmation/payment-failed.aspx?verify=50163&user=login
72,55,5,3,0,3,0,0,0,10,0,2,0.1667,0.0278,0,1,4.3181,1,http://microsoft-login.google.com.account-verification-26.work/login.php
92,42,2,4,0,0,0,0,0,28,1,4,0.1413,0.0652,0,1,4.6457,1,http://bankofamerica-alert-verification-secure.gq/wallet/recovery-phrase.html?session=341175
82,52,5,3,0,3,0,0,0,14,0,1,0.1707,0.0244,0,1,4.5107,1,http://binance-trade.apple.com.account-verification-94.work/authorize.cgi?session=
86,36,1,5,0,0,0,0,0,28,1,2,0.1512,0.0698,0,1,4.5574,1,http://dhl-tracking-verification-portal.vip/update-billing-information/?session=162200
26,11,1,0,0,0,0,0,1,8,0,0,0.1923,0.1538,0,0,4.1329,1,http://tinyurl.com/act9587
83,38,2,3,0,0,0,0,0,14,1,1,0.1566,0.0723,0,1,4.5511,1,http://usps-redelivery-verification-update.ga/authorize.cgi?session=?session=279723
68,36,2,3,0,0,0,0,0,10,1,2,0.1618,0.0882,0,0,4.6566,1,http://dhl-tracking-verification-update.icu/login.php?session=271346
22,7,1,0,0,0,0,0,1,8,0,0,0.2273,0.1818,0,0,3.7888,1,http://cutt.ly/sec4976
20,5,1,0,0,0,0,0,1,8,0,0,0.25,0.2,0,0,3.6842,1,http://rb.gy/pay9659
93,56,5,4,0,3,0,0,0,30,0,2,0.1505,0.0215,0,1,4.3549,1,http://coinbase-auth.microsoft.com.account-verification-44.loan/security-checkpoint/index.php
86,39,1,4,0,0,0,0,0,25,1,1,0.1628,0.0698,0,1,4.4186,1,http://binance-trade-verification-portal.click/secure/portal/client-id/?session=343813
90,54,4,3,0,3,0,0,0,12,1,2,0.1556,0.0222,0,1,4.3126,1,http://coinbase-auth.microsoft.com.account-verification-87.ga/signin/auth?redirect=account
79,20,3,2,0,0,1,0,0,28,2,4,0.1899,0.2658,0,0,4.881,1,http://152.188.142.107:3000/update-billing-information/?verify=30384&user=login
71,35,1,3,0,0,0,0,0,12,1,5,0.1549,0.0,0,1,4.4048,1,http://netflix-billing-security-update.xyz/signin/auth?redirect=account
91,41,1,5,0,0,0,0,0,28,1,4,0.1429,0.0659,0,1,4.5894,1,http://facebook-security-verification-secure.top/update-billing-information/?session=159266
54,13,4,0,0,0,1,0,0,10,2,2,0.2222,0.2778,0,0,4.736,1,http://116.109.50.63/login.php?verify=25294&user=login
98,58,5,4,0,3,0,0,0,33,0,4,0.1429,0.0204,0,1,4.5045,1,http://wellsfargo-security.paypal.com.account-verification-98.xyz/confirmation/payment-failed.aspx
94,39,2,5,0,0,0,0,0,33,1,2,0.1489,0.0638,0,1,4.6129,1,http://google-drive-share-verification-auth.ga/confirmation/payment-failed.aspx?session=322067
65,33,1,4,0,0,0,0,0,25,0,4,0.1846,0.0,0,1,4.181,1,http://chase-verify-security-update.loan/secure/portal/client-id/
67,31,1,3,0,0,0,0,0,12,1,5,0.1642,0.0,0,1,4.2556,1,http://chase-verify-security-update.cf/signin/auth?redirect=account
88,51,5,4,0,3,0,0,0,30,0,2,0.1591,0.0227,0,1,4.4315,1,http://binance-trade.paypal.com.account-verification-44.gq/security-checkpoint/index.php
91,54,5,4,0,3,0,0,0,30,0,2,0.1538,0.022,0,1,4.4177,1,http://usps-redelivery.paypal.com.account-verification-36.vip/security-checkpoint/index.php
81,54,5,4,0,3,0,0,0,20,0,3,0.1605,0.0247,0,1,4.3937,1,http://facebook-security.apple.com.account-verification-23.ml/verify-account.html
54,31,1,3,0,0,0,0,0,16,0,2,0.1852,0.0,0,1,4.1594,1,http://dhl-tracking-security-update.gq/dispute/center/
97,60,5,4,0,3,0,0,0,30,0,2,0.1443,0.0206,0,1,4.404,1,http://facebook-security.microsoft.com.account-verification-31.work/security-checkpoint/index.php
76,15,4,1,0,0,1,0,0,30,2,3,0.1842,0.2237,0,0,4.8815,1,http://172.142.137.184/security-checkpoint/index.php?verify=59619&user=login
85,35,1,5,0,0,0,0,0,28,1,3,0.1529,0.0706,0,1,4.5557,1,http://amazon-support-verification-auth.ml/update-billing-information/?session=754353
68,14,4,0,0,0,1,0,0,14,2,2,0.2059,0.2353,0,0,4.8096,1,http://42.251.233.105/authorize.cgi?session=?verify=94106&user=login
77,54,4,3,0,3,0,0,0,16,0,1,0.1688,0.026,0,1,4.286,1,http://coinbase-auth.microsoft.com.account-verification-86.ga/dispute/center/
93,42,1,4,0,0,0,0,0,12,1,3,0.1505,0.0645,0,1,4.5095,1,http://google-drive-share-verification-update.vip/signin/auth?redirect=account?session=438908
82,44,1,4,0,0,0,0,0,16,1,1,0.1585,0.0732,0,0,4.557,1,http://instagram-badge-verify-verification-auth.icu/dispute/center/?session=951424
71,12,4,1,0,0,1,0,0,28,2,3,0.1972,0.1972,0,0,4.8169,1,http://103.62.219.1/wallet/recovery-phrase.html?verify=25627&user=login
91,55,4,3,0,3,0,0,0,12,1,2,0.1538,0.022,0,1,4.4516,1,http://usps-redelivery.paypal.com.account-verification-45.loan/signin/auth?redirect=account
80,19,4,1,0,0,1,0,0,30,2,3,0.1875,0.25,0,0,4.9345,1,http://97.246.120.209:8443/security-checkpoint/index.php?verify=52504&user=login
26,11,1,0,0,0,0,0,1,8,0,0,0.1923,0.1538,0,0,4.1808,1,http://tinyurl.com/sec1421
21,6,1,0,0,0,0,0,1,8,0,0,0.2381,0.1905,0,0,3.6538,1,http://bit.ly/pay5112
66,36,2,3,0,0,0,0,0,14,0,2,0.1667,0.0,0,1,4.3646,1,http://facebook-security-security-update.cf/authorize.cgi?session=
73,41,2,3,0,0,0,0,0,10,1,2,0.1507,0.0822,0,1,4.6157,1,http://facebook-security-verification-portal.vip/login.php?session=957703
21,6,1,0,0,0,0,0,1,8,0,0,0.2381,0.1905,0,0,3.6897,1,http://bit.ly/act7811
66,15,4,1,0,0,1,0,0,20,2,3,0.197,0.2576,0,0,4.7448,1,http://119.108.189.191/verify-account.html?verify=13471&user=login
68,38,2,3,0,0,0,0,0,14,0,2,0.1618,0.0,0,1,4.4453,1,http://metamask-validation-security-update.cf/authorize.cgi?session=
83,51,4,4,0,3,0,0,0,25,0,3,0.1807,0.0241,0,1,4.3036,1,http://amazon-support.apple.com.account-verification-72.ml/secure/portal/client-id/
71,31,2,4,0,0,0,0,0,33,0,4,0.1549,0.0,0,1,4.3838,1,http://dhl-tracking-security-update.tk/confirmation/payment-failed.aspx
54,13,4,0,0,0,1,0,0,10,2,2,0.2222,0.2778,0,0,4.699,1,http://208.69.113.22/login.php?verify=23418&user=login
66,15,4,1,0,0,1,0,0,20,2,3,0.2121,0.2424,0,0,4.8357,1,http://53.82.1.36:8443/verify-account.html?verify=64436&user=login
67,13,4,0,0,0,1,0,0,14,2,2,0.209,0.2239,0,0,4.7207,1,http://11.233.66.195/authorize.cgi?session=?verify=31634&user=login
26,11,1,0,0,0,0,0,1,8,0,0,0.1923,0.1538,0,0,4.1808,1,http://tinyurl.com/sec3828
61,14,3,0,0,0,1,0,0,16,2,2,0.2131,0.2623,0,0,4.5626,1,http://152.101.228.21/dispute/center/?verify=81826&user=login
90,60,5,3,0,3,0,0,0,14,0,2,0.1556,0.0222,0,1,4.4722,1,http://wellsfargo-security.microsoft.com.account-verification-89.tk/authorize.cgi?session=
58,35,1,3,0,0,0,0,0,16,0,2,0.1724,0.0,0,1,4.1097,1,http://coinbase-auth-security-update.click/dispute/center/
20,5,1,0,0,0,0,0,1,8,0,0,0.25,0.2,0,0,3.8464,1,http://rb.gy/act3685
73,12,4,1,0,0,1,0,0,30,2,3,0.1918,0.1918,0,0,4.8234,1,http://26.166.18.74/security-checkpoint/index.php?verify=27880&user=login
82,52,5,3,0,3,0,0,0,14,0,1,0.1707,0.0244,0,0,4.4191,1,http://coinbase-auth.paypal.com.account-verification-38.icu/authorize.cgi?session=
63,31,1,4,0,0,0,0,0,25,0,4,0.1905,0.0,0,1,4.1471,1,http://chase-verify-security-update.cf/secure/portal/client-id/
70,35,2,4,0,0,0,0,0,28,0,4,0.1571,0.0,0,1,4.3608,1,http://microsoft-login-security-update.vip/wallet/recovery-phrase.html
85,35,2,4,0,0,0,0,0,28,1,1,0.1529,0.0706,0,1,4.6799,1,http://dhl-tracking-verification-auth.work/wallet/recovery-phrase.html?session=791743
26,11,1,0,0,0,0,0,1,8,0,0,0.1923,0.1538,0,0,4.1808,1,http://tinyurl.com/pay1470
75,52,4,3,0,3,0,0,0,16,0,1,0.1733,0.0267,0,1,4.4186,1,http://dhl-tracking.google.com.account-verification-70.work/dispute/center/
27,11,1,0,0,0,0,0,1,9,0,0,0.1852,0.1481,0,0,4.1343,1,http://tinyurl.com/auth8267
64,27,2,3,0,0,0,0,0,30,0,2,0.1562,0.0,0,1,4.2609,1,http://paypal-security-update.work/security-checkpoint/index.php
21,6,1,0,0,0,0,0,1,8,0,0,0.2381,0.1905,0,0,3.9395,1,http://bit.ly/sec7045
21,6,1,0,0,0,0,0,1,8,0,0,0.2381,0.1905,0,0,3.7849,1,http://bit.ly/act1072
88,53,5,4,0,3,0,0,0,28,0,3,0.1591,0.0227,0,1,4.4542,1,http://netflix-billing.paypal.com.account-verification-65.cf/wallet/recovery-phrase.html
21,6,1,0,0,0,0,0,1,8,0,0,0.2381,0.1905,0,0,3.6538,1,http://bit.ly/pay9695
75,58,5,3,0,3,0,0,0,10,0,2,0.16,0.0267,0,1,4.3247,1,http://metamask-validation.google.com.account-verification-89.top/login.php
76,39,2,4,0,0,0,0,0,30,0,4,0.1447,0.0,0,1,4.3958,1,http://bankofamerica-alert-security-update.xyz/security-checkpoint/index.php
21,5,1,0,0,0,0,0,1,9,0,0,0.2381,0.1905,0,0,3.8442,1,http://rb.gy/auth1280
66,31,1,5,0,0,0,0,0,28,0,3,0.1667,0.0,0,1,4.3392,1,http://dhl-tracking-security-update.ml/update-billing-information/
71,12,3,2,0,0,1,0,0,28,2,4,0.1972,0.1972,0,0,4.871,1,http://25.23.129.75/update-billing-information/?verify=96938&user=login
87,35,2,4,0,0,0,0,0,30,1,1,0.1494,0.069,0,0,4.4886,1,http://coinbase-auth-verification-auth.icu/security-checkpoint/index.php?session=208824
94,42,2,5,0,0,0,0,0,30,1,1,0.1489,0.0638,0,1,4.6318,1,http://google-drive-share-verification-auth.click/security-checkpoint/index.php?session=163842
89,54,5,4,0,3,0,0,0,28,0,2,0.1573,0.0225,0,1,4.3715,1,http://coinbase-auth.microsoft.com.account-verification-30.cf/wallet/recovery-phrase.html
78,55,4,3,0,3,0,0,0,16,0,2,0.1667,0.0256,0,1,4.4467,1,http://netflix-billing.google.com.account-verification-52.work/dispute/center/
79,20,4,1,0,0,1,0,0,28,2,3,0.1899,0.2658,0,0,4.8324,1,http://125.186.229.107:8000/wallet/recovery-phrase.html?verify=70128&user=login
95,45,2,5,0,0,0,0,0,28,1,2,0.1474,0.0632,0,1,4.6473,1,http://instagram-badge-verify-verification-auth.loan/wallet/recovery-phrase.html?session=862755
26,11,1,0,0,0,0,0,1,8,0,0,0.1923,0.1538,0,0,4.056,1,http://tinyurl.com/act2245
81,34,1,4,0,0,0,0,0,25,1,2,0.1728,0.0741,0,1,4.4873,1,http://chase-verify-verification-auth.vip/secure/portal/client-id/?session=969741
77,60,5,3,0,3,0,0,0,10,0,2,0.1558,0.026,0,1,4.3451,1,http://metamask-validation.google.com.account-verification-20.click/login.php
20,5,1,0,0,0,0,0,1,8,0,0,0.25,0.2,0,0,3.7464,1,http://rb.gy/act3783
100,48,2,5,0,0,0,0,0,30,1,2,0.14,0.06,0,1,4.6794,1,http://instagram-badge-verify-verification-portal.click/security-checkpoint/index.php?session=689937
20,5,1,0,0,0,0,0,1,8,0,0,0.25,0.2,0,0,3.7464,1,http://rb.gy/act3655
74,36,1,3,0,0,0,0,0,16,1,1,0.1622,0.0811,0,1,4.5094,1,http://coinbase-auth-verification-update.gq/dispute/center/?session=691123
78,31,1,3,0,0,0,0,0,25,1,1,0.1667,0.0769,0,0,4.4181,1,http://appleid-verification-portal.icu/secure/portal/client-id/?session=455906
62,45,5,2,0,3,0,0,0,10,0,2,0.1774,0.0323,0,1,4.3013,1,http://appleid.google.com.account-verification-81.tk/login.php
86,59,5,4,0,3,0,0,0,20,0,3,0.1512,0.0233,0,1,4.2679,1,http://microsoft-login.microsoft.com.account-verification-26.click/verify-account.html
95,60,5,4,0,3,0,0,0,28,0,3,0.1474,0.0211,0,1,4.4271,1,http://wellsfargo-security.google.com.account-verification-70.click/wallet/recovery-phrase.html
92,56,4,3,0,3,0,0,0,12,1,3,0.1522,0.0217,0,1,4.4156,1,http://netflix-billing.microsoft.com.account-verification-96.ml/signin/auth?redirect=account
69,34,1,5,0,0,0,0,0,28,0,4,0.1594,0.0,0,1,4.3432,1,http://microsoft-login-security-update.gq/update-billing-information/
20,5,1,0,0,0,0,0,1,8,0,0,0.25,0.2,0,0,3.7842,1,http://rb.gy/pay1356
65,48,5,2,0,3,0,0,0,10,0,2,0.1692,0.0308,0,1,4.3152,1,http://appleid.microsoft.com.account-verification-60.ga/login.php
83,41,2,4,0,0,0,0,0,20,1,4,0.1446,0.0723,0,1,4.575,1,http://bankofamerica-alert-verification-auth.top/verify-account.html?session=172297
88,38,1,5,0,0,0,0,0,28,1,2,0.1477,0.0682,0,1,4.5041,1,http://binance-trade-verification-portal.loan/update-billing-information/?session=782315
73,37,1,3,0,0,0,0,0,12,1,4,0.1507,0.0,0,1,4.2814,1,http://usps-redelivery-security-update.click/signin/auth?redirect=account
26,11,1,0,0,0,0,0,1,8,0,0,0.1923,0.1538,0,0,4.1808,1,http://tinyurl.com/sec5699
78,14,4,1,0,0,1,0,0,33,2,4,0.1795,0.2051,0,0,4.9184,1,http://193.245.157.17/confirmation/payment-failed.aspx?verify=16326&user=login
89,42,1,4,0,0,0,0,0,25,1,3,0.1573,0.0674,0,1,4.5169,1,http://bankofamerica-alert-verification-portal.tk/secure/portal/client-id/?session=954801
90,58,4,4,0,3,0,0,0,25,0,3,0.1667,0.0222,0,1,4.3436,1,http://facebook-security.microsoft.com.account-verification-93.ml/secure/portal/client-id/
94,54,5,4,0,3,0,0,0,33,0,4,0.1489,0.0213,0,0,4.4026,1,http://netflix-billing.google.com.account-verification-16.icu/confirmation/payment-failed.aspx
26,11,1,0,0,0,0,0,1,8,0,0,0.1923,0.1538,0,0,4.2578,1,http://tinyurl.com/sec4263
73,14,3,2,0,0,1,0,0,28,2,4,0.1918,0.2192,0,0,4.8639,1,http://67.121.234.142/update-billing-information/?verify=99673&user=login
77,13,4,1,0,0,1,0,0,33,2,4,0.1818,0.1948,0,0,4.9143,1,http://19.149.62.239/confirmation/payment-failed.aspx?verify=75361&user=login
70,34,1,3,0,0,0,0,0,12,1,4,0.1571,0.0,0,1,4.2569,1,http://binance-trade-security-update.work/signin/auth?redirect=account
73,33,2,4,0,0,0,0,0,33,0,4,0.1507,0.0,0,1,4.4496,1,http://dhl-tracking-security-update.work/confirmation/payment-failed.aspx
91,56,5,4,0,3,0,0,0,28,0,2,0.1538,0.022,0,1,4.4796,1,http://usps-redelivery.microsoft.com.account-verification-89.gq/wallet/recovery-phrase.html
60,13,3,0,0,0,1,0,0,16,2,2,0.2167,0.25,0,0,4.6903,1,http://64.65.231.247/dispute/center/?verify=53361&user=login
22,7,1,0,0,0,0,0,1,8,0,0,0.2273,0.1818,0,0,3.6069,1,http://cutt.ly/pay6869
21,6,1,0,0,0,0,0,1,8,0,0,0.2381,0.1905,0,0,3.9395,1,http://bit.ly/sec1827
89,39,2,4,0,0,0,0,0,28,1,1,0.1461,0.0674,0,1,4.5894,1,http://coinbase-auth-verification-portal.click/wallet/recovery-phrase.html?session=489508
78,40,1,3,0,0,0,0,0,16,1,2,0.1538,0.0769,0,1,4.5257,1,http://netflix-billing-verification-secure.loan/dispute/center/?session=867120
84,42,2,4,0,0,0,0,0,20,1,4,0.1429,0.0714,0,1,4.5886,1,http://bankofamerica-alert-verification-portal.cf/verify-account.html?session=315770
89,57,4,4,0,3,0,0,0,25,0,3,0.1685,0.0225,0,0,4.2371,1,http://microsoft-login.microsoft.com.account-verification-50.icu/secure/portal/client-id/
79,44,4,4,0,3,0,0,0,28,0,3,0.1646,0.0253,0,1,4.385,1,http://paypal.google.com.account-verification-58.tk/update-billing-information/
84,44,5,3,0,3,0,0,0,33,0,3,0.1548,0.0238,0,1,4.3517,1,http://paypal.google.com.account-verification-11.ga/confirmation/payment-failed.aspx
59,32,2,4,0,0,0,0,0,20,0,4,0.1695,0.0,0,1,4.3736,1,http://binance-trade-security-update.gq/verify-account.html
87,55,4,4,0,3,0,0,0,25,0,3,0.1724,0.023,0,1,4.3722,1,http://amazon-support.microsoft.com.account-verification-71.gq/secure/portal/client-id/
92,57,4,5,0,3,0,0,0,28,0,3,0.1522,0.0217,0,0,4.3271,1,http://netflix-billing.microsoft.com.account-verification-68.icu/update-billing-information/
20,5,1,0,0,0,0,0,1,8,0,0,0.25,0.2,0,0,3.7842,1,http://rb.gy/pay1893
79,41,1,3,0,0,0,0,0,16,1,2,0.1519,0.0759,0,1,4.4424,1,http://facebook-security-verification-secure.top/dispute/center/?session=443085
21,6,1,0,0,0,0,0,1,8,0,0,0.2381,0.1905,0,0,3.749,1,http://bit.ly/pay4750
22,7,1,0,0,0,0,0,1,8,0,0,0.2273,0.1818,0,0,3.6978,1,http://cutt.ly/pay8437
68,33,2,4,0,0,0,0,0,28,0,4,0.1618,0.0,0,1,4.2983,1,http://amazon-support-security-update.ga/wallet/recovery-phrase.html
66,19,3,0,0,0,1,0,0,16,2,2,0.2121,0.303,0,0,4.7149,1,http://109.174.186.86:8080/dispute/center/?verify=46214&user=login
94,54,5,4,0,3,0,0,0,33,0,3,0.1489,0.0213,0,1,4.4159,1,http://coinbase-auth.microsoft.com.account-verification-42.gq/confirmation/payment-failed.aspx
76,59,5,3,0,3,0,0,0,10,0,3,0.1579,0.0263,0,1,4.4291,1,http://wellsfargo-security.apple.com.account-verification-13.click/login.php
93,56,5,4,0,3,0,0,0,30,0,3,0.1505,0.0215,0,1,4.3824,1,http://microsoft-login.microsoft.com.account-verification-29.ga/security-checkpoint/index.php
21,5,1,0,0,0,0,0,1,9,0,0,0.2381,0.1905,0,0,3.8442,1,http://rb.gy/auth9820
72,55,5,3,0,3,0,0,0,10,0,2,0.1667,0.0278,0,1,4.3982,1,http://dhl-tracking.microsoft.com.account-verification-18.work/login.php
61,34,2,4,0,0,0,0,0,20,0,4,0.1639,0.0,0,1,4.2965,1,http://usps-redelivery-security-update.tk/verify-account.html
23,7,1,0,0,0,0,0,1,9,0,0,0.2174,0.1739,0,0,3.6381,1,http://cutt.ly/auth8396
74,20,4,0,0,0,1,0,0,14,2,2,0.2027,0.2838,0,0,4.8833,1,http://202.239.158.174:3000/authorize.cgi?session=?verify=28776&user=login
22,7,1,0,0,0,0,0,1,8,0,0,0.2273,0.1818,0,0,3.6978,1,http://cutt.ly/sec3100
68,14,4,0,0,0,1,0,0,14,2,2,0.2059,0.2353,0,0,4.7676,1,http://215.177.80.171/authorize.cgi?session=?verify=14253&user=login
20,5,1,0,0,0,0,0,1,8,0,0,0.25,0.2,0,0,3.7842,1,http://rb.gy/pay5421
20,5,1,0,0,0,0,0,1,8,0,0,0.25,0.2,0,0,3.8842,1,http://rb.gy/sec5066
67,13,4,0,0,0,1,0,0,14,2,2,0.209,0.2239,0,0,4.799,1,http://116.26.57.170/authorize.cgi?session=?verify=86992&user=login
22,6,1,0,0,0,0,0,1,9,0,0,0.2273,0.1818,0,0,3.7888,1,http://bit.ly/auth5394
93,63,5,4,0,3,0,0,0,14,0,2,0.1613,0.0215,0,1,4.4564,1,http://instagram-badge-verify.microsoft.com.account-verification-54.ga/authorize.cgi?session=
81,49,4,4,0,3,0,0,0,25,0,3,0.1852,0.0247,0,1,4.354,1,http://chase-verify.apple.com.account-verification-61.ga/secure/portal/client-id/
66,31,2,4,0,0,0,0,0,28,0,3,0.1667,0.0,0,1,4.3188,1,http://dhl-tracking-security-update.ml/wallet/recovery-phrase.html
22,6,1,0,0,0,0,0,1,9,0,0,0.2273,0.1818,0,0,3.7888,1,http://bit.ly/auth7410
88,53,5,4,0,3,0,0,0,28,0,2,0.1591,0.0227,0,1,4.4417,1,http://usps-redelivery.google.com.account-verification-56.ml/wallet/recovery-phrase.html
78,38,2,4,0,0,0,0,0,33,0,4,0.141,0.0,0,1,4.3075,1,http://metamask-validation-security-update.ml/confirmation/payment-failed.aspx
59,36,1,3,0,0,0,0,0,16,0,2,0.1695,0.0,0,1,4.1024,1,http://facebook-security-security-update.tk/dispute/center/
95,43,2,4,0,0,0,0,0,30,1,1,0.1368,0.0632,0,1,4.5717,1,http://metamask-validation-verification-portal.top/security-checkpoint/index.php?session=527118
21,6,1,0,0,0,0,0,1,8,0,0,0.2381,0.1905,0,0,3.5945,1,http://bit.ly/act7070
79,52,5,4,0,3,0,0,0,20,0,3,0.1646,0.0253,0,1,4.3935,1,http://amazon-support.google.com.account-verification-38.ml/verify-account.html
85,35,1,5,0,0,0,0,0,28,1,2,0.1529,0.0706,0,1,4.6424,1,http://dhl-tracking-verification-update.cf/update-billing-information/?session=238096
90,55,4,5,0,3,0,0,0,28,0,3,0.1556,0.0222,0,1,4.4321,1,http://usps-redelivery.paypal.com.account-verification-57.loan/update-billing-information/
55,32,1,3,0,0,0,0,0,16,0,2,0.1818,0.0,0,1,4.1214,1,http://coinbase-auth-security-update.ml/dispute/center/
94,39,2,4,0,0,0,0,0,33,1,3,0.1383,0.0638,0,0,4.5438,1,http://microsoft-login-verification-portal.icu/confirmation/payment-failed.aspx?session=695075
26,11,1,0,0,0,0,0,1,8,0,0,0.1923,0.1538,0,0,4.2578,1,http://tinyurl.com/sec7960
73,28,2,2,0,0,0,0,0,14,1,0,0.1644,0.0822,0,1,4.5548,1,http://appleid-verification-auth.ga/authorize.cgi?session=?session=757430
72,13,3,2,0,0,1,0,0,28,2,4,0.1944,0.2083,0,0,4.9472,1,http://77.182.53.100/update-billing-information/?verify=33649&user=login
88,53,4,5,0,3,0,0,0,28,0,4,0.1591,0.0227,0,1,4.3372,1,http://microsoft-login.google.com.account-verification-40.gq/update-billing-information/
53,12,4,0,0,0,1,0,0,10,2,2,0.2264,0.2642,0,0,4.7041,1,http://41.35.124.73/login.php?verify=24496&user=login
88,38,2,4,0,0,0,0,0,28,1,2,0.1477,0.0682,0,1,4.5039,1,http://binance-trade-verification-secure.loan/wallet/recovery-phrase.html?session=799774
93,53,5,4,0,3,0,0,0,33,0,4,0.1505,0.0215,0,1,4.4311,1,http://netflix-billing.google.com.account-verification-29.tk/confirmation/payment-failed.aspx
94,43,1,3,0,0,0,0,0,12,1,5,0.1383,0.0638,0,1,4.5236,1,http://bankofamerica-alert-verification-secure.top/signin/auth?redirect=account?session=465216
73,33,2,4,0,0,0,0,0,33,0,4,0.1507,0.0,0,1,4.3398,1,http://binance-trade-security-update.xyz/confirmation/payment-failed.aspx
92,40,2,4,0,0,0,0,0,30,1,2,0.1413,0.0652,0,1,4.5103,1,http://facebook-security-verification-secure.tk/security-checkpoint/index.php?session=108807
21,6,1,0,0,0,0,0,1,8,0,0,0.2381,0.1905,0,0,3.749,1,http://bit.ly/pay3610
74,38,1,3,0,0,0,0,0,12,1,5,0.1486,0.0,0,1,4.3274,1,http://bankofamerica-alert-security-update.tk/signin/auth?redirect=account
86,41,2,3,0,0,0,0,0,14,1,1,0.1512,0.0698,0,1,4.5906,1,http://facebook-security-verification-portal.vip/authorize.cgi?session=?session=419402
20,5,1,0,0,0,0,0,1,8,0,0,0.25,0.2,0,0,3.6842,1,http://rb.gy/pay6322
79,37,2,4,0,0,0,0,0,20,1,3,0.1519,0.0759,0,1,4.6311,1,http://netflix-billing-verification-auth.top/verify-account.html?session=221567
78,14,4,1,0,0,1,0,0,33,2,4,0.1795,0.2051,0,0,4.96,1,http://73.214.250.139/confirmation/payment-failed.aspx?verify=98158&user=login
23,7,1,0,0,0,0,0,1,9,0,0,0.2174,0.1739,0,0,3.5512,1,http://cutt.ly/auth3273
21,6,1,0,0,0,0,0,1,8,0,0,0.2381,0.1905,0,0,3.6897,1,http://bit.ly/act4274
21,6,1,0,0,0,0,0,1,8,0,0,0.2381,0.1905,0,0,3.9395,1,http://bit.ly/sec2538
26,11,1,0,0,0,0,0,1,8,0,0,0.1923,0.1538,0,0,4.2578,1,http://tinyurl.com/sec8645
69,33,1,3,0,0,0,0,0,12,1,4,0.1594,0.0,0,1,4.1794,1,http://coinbase-auth-security-update.top/signin/auth?redirect=account
73,38,1,5,0,0,0,0,0,28,0,3,0.1507,0.0,0,1,4.4055,1,http://facebook-security-security-update.work/update-billing-information/
26,11,1,0,0,0,0,0,1,8,0,0,0.1923,0.1538,0,0,4.1039,1,http://tinyurl.com/pay7785
95,59,4,4,0,3,0,0,0,12,1,2,0.1579,0.0211,0,1,4.4037,1,http://google-drive-share.microsoft.com.account-verification-35.tk/signin/auth?redirect=account
20,5,1,0,0,0,0,0,1,8,0,0,0.25,0.2,0,0,3.8842,1,http://rb.gy/sec3834
22,7,1,0,0,0,0,0,1,8,0,0,0.2273,0.1818,0,0,3.7888,1,http://cutt.ly/sec4685
69,34,2,4,0,0,0,0,0,28,0,3,0.1594,0.0,0,1,4.2053,1,http://usps-redelivery-security-update.cf/wallet/recovery-phrase.html
26,11,1,0,0,0,0,0,1,8,0,0,0.1923,0.1538,0,0,4.2578,1,http://tinyurl.com/sec4291
84,39,2,4,0,0,0,0,0,14,1,0,0.1667,0.0714,0,1,4.493,1,http://google-drive-share-verification-auth.ga/authorize.cgi?session=?session=822115
80,57,4,3,0,3,0,0,0,16,0,1,0.1625,0.025,0,1,4.3623,1,http://metamask-validation.google.com.account-verification-90.ml/dispute/center/
79,44,5,3,0,3,0,0,0,28,0,2,0.1646,0.0253,0,1,4.3714,1,http://appleid.apple.com.account-verification-61.tk/wallet/recovery-phrase.html
74,34,2,4,0,0,0,0,0,33,0,5,0.1486,0.0,0,1,4.3438,1,http://microsoft-login-security-update.ga/confirmation/payment-failed.aspx
100,63,5,4,0,3,0,0,0,30,0,2,0.14,0.02,0,1,4.4565,1,http://wellsfargo-security.microsoft.com.account-verification-79.click/security-checkpoint/index.php
80,38,2,4,0,0,0,0,0,20,1,3,0.15,0.075,0,1,4.6001,1,http://netflix-billing-verification-portal.tk/verify-account.html?session=443939
75,14,4,1,0,0,1,0,0,30,2,3,0.1867,0.2133,0,0,4.7554,1,http://81.151.120.114/security-checkpoint/index.php?verify=85280&user=login
72,13,4,1,0,0,1,0,0,28,2,3,0.1944,0.2083,0,0,4.8069,1,http://73.103.186.22/wallet/recovery-phrase.html?verify=67732&user=login
66,34,1,4,0,0,0,0,0,25,0,3,0.1818,0.0,0,1,4.1103,1,http://usps-redelivery-security-update.ga/secure/portal/client-id/
80,42,1,3,0,0,0,0,0,16,1,2,0.15,0.075,0,1,4.5929,1,http://wellsfargo-security-verification-update.ml/dispute/center/?session=787354
79,56,4,4,0,3,0,0,0,16,0,1,0.1772,0.0253,0,1,4.3972,1,http://google-drive-share.paypal.com.account-verification-49.ga/dispute/center/
86,41,2,4,0,0,0,0,0,14,1,0,0.1628,0.0698,0,1,4.584,1,http://google-drive-share-verification-auth.work/authorize.cgi?session=?session=974151
68,51,5,3,0,3,0,0,0,10,0,2,0.1765,0.0294,0,1,4.3451,1,http://dhl-tracking.paypal.com.account-verification-84.vip/login.php
74,18,3,1,0,0,1,0,0,25,2,3,0.2162,0.2568,0,0,4.8358,1,http://189.95.153.89:3000/secure/portal/client-id/?verify=34577&user=login
94,43,1,3,0,0,0,0,0,12,1,4,0.1383,0.0638,0,1,4.5219,1,http://bankofamerica-alert-verification-auth.click/signin/auth?redirect=account?session=502258
67,13,4,0,0,0,1,0,0,14,2,2,0.209,0.2239,0,0,4.7393,1,http://40.149.200.73/authorize.cgi?session=?verify=14022&user=login
64,32,1,4,0,0,0,0,0,25,0,3,0.1875,0.0,0,1,4.1611,1,http://coinbase-auth-security-update.ml/secure/portal/client-id/
85,53,4,4,0,3,0,0,0,25,0,3,0.1765,0.0235,0,1,4.3691,1,http://netflix-billing.google.com.account-verification-73.tk/secure/portal/client-id/
73,38,1,5,0,0,0,0,0,28,0,3,0.1507,0.0,0,1,4.385,1,http://wellsfargo-security-security-update.tk/update-billing-information/
70,14,3,1,0,0,1,0,0,25,2,3,0.2143,0.2286,0,0,4.6486,1,http://68.238.163.183/secure/portal/client-id/?verify=23133&user=login
76,12,4,1,0,0,1,0,0,33,2,4,0.1842,0.1842,0,0,4.9139,1,http://51.3.195.234/confirmation/payment-failed.aspx?verify=61906&user=login
75,30,2,2,0,0,0,0,0,14,1,0,0.16,0.08,0,0,4.494,1,http://paypal-verification-portal.icu/authorize.cgi?session=?session=334404
91,56,5,5,0,3,0,0,0,28,0,2,0.1648,0.022,0,1,4.3797,1,http://google-drive-share.apple.com.account-verification-63.top/wallet/recovery-phrase.html
54,27,2,3,0,0,0,0,0,20,0,4,0.1667,0.0,0,1,4.3698,1,http://paypal-security-update.work/verify-account.html
93,56,5,4,0,3,0,0,0,30,0,2,0.1505,0.0215,0,1,4.4008,1,http://coinbase-auth.microsoft.com.account-verification-34.work/security-checkpoint/index.php
76,41,2,5,0,0,0,0,0,28,0,4,0.1579,0.0,0,1,4.3906,1,http://instagram-badge-verify-security-update.tk/wallet/recovery-phrase.html
74,51,4,3,0,3,0,0,0,16,0,1,0.1757,0.027,0,1,4.3304,1,http://coinbase-auth.google.com.account-verification-41.cf/dispute/center/
73,14,4,1,0,0,1,0,0,28,2,3,0.1918,0.2192,0,0,4.7255,1,http://111.65.186.153/wallet/recovery-phrase.html?verify=45461&user=login
78,42,1,4,0,0,0,0,0,12,1,5,0.1538,0.0,0,1,4.3457,1,http://instagram-badge-verify-security-update.vip/signin/auth?redirect=account
21,6,1,0,0,0,0,0,1,8,0,0,0.2381,0.1905,0,0,3.7849,1,http://bit.ly/act9478
59,12,3,0,0,0,1,0,0,16,2,2,0.2203,0.2373,0,0,4.5971,1,http://52.85.55.252/dispute/center/?verify=33081&user=login
73,38,2,4,0,0,0,0,0,28,0,3,0.1507,0.0,0,1,4.3073,1,http://metamask-validation-security-update.ga/wallet/recovery-phrase.html
78,61,5,4,0,3,0,0,0,10,0,3,0.1667,0.0256,0,0,4.4551,1,http://instagram-badge-verify.paypal.com.account-verification-82.icu/login.php
75,48,5,3,0,3,0,0,0,20,0,2,0.16,0.0267,0,1,4.3579,1,http://appleid.microsoft.com.account-verification-47.tk/verify-account.html
57,34,1,3,0,0,0,0,0,16,0,3,0.1754,0.0,0,1,4.1575,1,http://amazon-support-security-update.xyz/dispute/center/
73,19,4,0,0,0,1,0,0,14,2,2,0.2055,0.274,0,0,4.8625,1,http://159.172.15.248:8080/authorize.cgi?session=?verify=37477&user=login
88,52,4,3,0,3,0,0,0,12,1,2,0.1591,0.0227,0,1,4.3765,1,http://coinbase-auth.google.com.account-verification-90.vip/signin/auth?redirect=account
103,63,5,5,0,3,0,0,0,33,0,4,0.1456,0.0194,0,1,4.4055,1,http://instagram-badge-verify.microsoft.com.account-verification-83.cf/confirmation/payment-failed.aspx
79,28,1,2,0,0,0,0,0,12,1,2,0.1519,0.0759,0,1,4.4935,1,http://appleid-verification-auth.ml/signin/auth?redirect=account?session=212525
72,36,1,3,0,0,0,0,0,12,1,5,0.1528,0.0,0,1,4.3109,1,http://microsoft-login-security-update.loan/signin/auth?redirect=account
87,37,2,4,0,0,0,0,0,28,1,2,0.1494,0.069,0,1,4.572,1,http://amazon-support-verification-portal.tk/wallet/recovery-phrase.html?session=408064
84,42,2,5,0,0,0,0,0,20,1,2,0.1548,0.0714,0,1,4.7044,1,http://google-drive-share-verification-portal.xyz/verify-account.html?session=208595
59,18,4,0,0,0,1,0,0,10,2,2,0.2203,0.322,0,0,4.6388,1,http://160.168.11.51:8000/login.php?verify=85736&user=login
88,53,4,5,0,3,0,0,0,28,0,4,0.1591,0.0227,0,1,4.4035,1,http://chase-verify.microsoft.com.account-verification-50.ml/update-billing-information/
26,11,1,0,0,0,0,0,1,8,0,0,0.1923,0.1538,0,0,4.1039,1,http://tinyurl.com/pay5045
21,5,1,0,0,0,0,0,1,9,0,0,0.2381,0.1905,0,0,3.749,1,http://rb.gy/auth7376
87,35,2,4,0,0,0,0,0,30,1,2,0.1494,0.069,0,1,4.5948,1,http://dhl-tracking-verification-secure.cf/security-checkpoint/index.php?session=117506
27,11,1,0,0,0,0,0,1,9,0,0,0.1852,0.1481,0,0,4.1343,1,http://tinyurl.com/auth4569
86,54,4,4,0,3,0,0,0,25,0,3,0.1744,0.0233,0,1,4.3326,1,http://facebook-security.apple.com.account-verification-22.tk/secure/portal/client-id/
57,34,1,3,0,0,0,0,0,16,0,3,0.1754,0.0,0,1,4.181,1,http://netflix-billing-security-update.ga/dispute/center/
27,11,1,0,0,0,0,0,1,9,0,0,0.1852,0.1481,0,0,4.0603,1,http://tinyurl.com/auth1139
83,36,1,4,0,0,0,0,0,25,1,2,0.1687,0.0723,0,1,4.4768,1,http://coinbase-auth-verification-update.cf/secure/portal/client-id/?session=274948
64,13,4,1,0,0,1,0,0,20,2,3,0.2031,0.2344,0,0,4.7848,1,http://131.32.90.239/verify-account.html?verify=82211&user=login
78,51,5,4,0,3,0,0,0,20,0,3,0.1667,0.0256,0,1,4.3358,1,http://amazon-support.apple.com.account-verification-19.cf/verify-account.html
73,38,2,4,0,0,0,0,0,28,0,3,0.1507,0.0,0,1,4.2774,1,http://metamask-validation-security-update.tk/wallet/recovery-phrase.html
63,33,2,3,0,0,0,0,0,14,0,2,0.1746,0.0,0,1,4.2819,1,http://binance-trade-security-update.top/authorize.cgi?session=
72,37,1,5,0,0,0,0,0,28,0,4,0.1528,0.0,0,1,4.3276,1,http://microsoft-login-security-update.click/update-billing-information/
26,11,1,0,0,0,0,0,1,8,0,0,0.1923,0.1538,0,0,4.2578,1,http://tinyurl.com/sec4730
73,19,4,0,0,0,1,0,0,14,2,2,0.2055,0.274,0,0,4.8455,1,http://50.136.249.252:8000/authorize.cgi?session=?verify=45365&user=login
61,20,4,0,0,0,1,0,0,10,2,2,0.2131,0.3443,0,0,4.7541,1,http://102.129.160.193:8443/login.php?verify=37422&user=login
56,26,2,2,0,0,0,0,0,14,0,2,0.1786,0.0,0,1,4.2826,1,http://paypal-security-update.top/authorize.cgi?session=
64,41,1,4,0,0,0,0,0,16,0,3,0.1719,0.0,0,1,4.2511,1,http://instagram-badge-verify-security-update.ml/dispute/center/
26,11,1,0,0,0,0,0,1,8,0,0,0.1923,0.1538,0,0,4.1329,1,http://tinyurl.com/act8735
27,11,1,0,0,0,0,0,1,9,0,0,0.1852,0.1481,0,0,4.1343,1,http://tinyurl.com/auth6302
91,51,5,4,0,3,0,0,0,33,0,3,0.1538,0.022,0,1,4.3345,1,http://binance-trade.paypal.com.account-verification-46.cf/confirmation/payment-failed.aspx
73,38,2,5,0,0,0,0,0,28,0,3,0.1644,0.0,0,1,4.2422,1,http://google-drive-share-security-update.vip/wallet/recovery-phrase.html
72,13,4,1,0,0,1,0,0,28,2,3,0.1944,0.2083,0,0,4.7326,1,http://188.191.80.81/wallet/recovery-phrase.html?verify=33291&user=login
86,54,4,4,0,3,0,0,0,25,0,2,0.1744,0.0233,0,1,4.3448,1,http://binance-trade.microsoft.com.account-verification-78.gq/secure/portal/client-id/
91,36,2,4,0,0,0,0,0,33,1,2,0.1429,0.0659,0,1,4.6086,1,http://dhl-tracking-verification-portal.vip/confirmation/payment-failed.aspx?session=786497
21,6,1,0,0,0,0,0,1,8,0,0,0.2381,0.1905,0,0,3.6897,1,http://bit.ly/act2707
73,13,3,0,0,0,1,0,0,12,2,4,0.1918,0.2055,0,0,4.7398,1,http://39.81.189.111/signin/auth?redirect=account?verify=40437&user=login
59,18,4,0,0,0,1,0,0,10,2,2,0.2203,0.322,0,0,4.7661,1,http://92.118.110.74:3000/login.php?verify=95066&user=login
64,47,5,2,0,3,0,0,0,10,0,2,0.1719,0.0312,0,1,4.2384,1,http://appleid.google.com.account-verification-87.loan/login.php
54,13,4,0,0,0,1,0,0,10,2,2,0.2222,0.2778,0,0,4.708,1,http://160.58.67.112/login.php?verify=33262&user=login
73,33,2,4,0,0,0,0,0,33,0,4,0.1507,0.0,0,1,4.3775,1,http://dhl-tracking-security-update.loan/confirmation/payment-failed.aspx
82,18,4,1,0,0,1,0,0,33,2,4,0.1829,0.2317,0,0,4.9656,1,http://74.236.161.77:8000/confirmation/payment-failed.aspx?verify=36574&user=login
26,11,1,0,0,0,0,0,1,8,0,0,0.1923,0.1538,0,0,4.1039,1,http://tinyurl.com/pay9855
90,38,2,4,0,0,0,0,0,30,1,1,0.1444,0.0667,0,1,4.5774,1,http://facebook-security-verification-auth.ga/security-checkpoint/index.php?session=906676
79,52,5,4,0,3,0,0,0,20,0,2,0.1646,0.0253,0,1,4.4202,1,http://binance-trade.paypal.com.account-verification-50.xyz/verify-account.html
96,60,4,4,0,3,0,0,0,12,1,3,0.1562,0.0208,0,1,4.4607,1,http://instagram-badge-verify.apple.com.account-verification-78.top/signin/auth?redirect=account
26,11,1,0,0,0,0,0,1,8,0,0,0.1923,0.1538,0,0,4.1808,1,http://tinyurl.com/pay5412
27,11,1,0,0,0,0,0,1,9,0,0,0.1852,0.1481,0,0,4.0603,1,http://tinyurl.com/auth2452
66,34,1,4,0,0,0,0,0,25,0,4,0.1818,0.0,0,0,4.1429,1,http://amazon-support-security-update.icu/secure/portal/client-id/
20,5,1,0,0,0,0,0,1,8,0,0,0.25,0.2,0,0,3.7842,1,http://rb.gy/pay9376
21,5,1,0,0,0,0,0,1,9,0,0,0.2381,0.1905,0,0,3.6178,1,http://rb.gy/auth5111
74,39,1,5,0,0,0,0,0,28,0,3,0.1486,0.0,0,1,4.3036,1,http://metamask-validation-security-update.vip/update-billing-information/
92,45,1,5,0,0,0,0,0,25,1,2,0.163,0.0652,0,1,4.5789,1,http://instagram-badge-verify-verification-secure.cf/secure/portal/client-id/?session=461279
23,7,1,0,0,0,0,0,1,9,0,0,0.2174,0.1739,0,0,3.5512,1,http://cutt.ly/auth8272
27,11,1,0,0,0,0,0,1,9,0,0,0.1852,0.1481,0,0,4.1343,1,http://tinyurl.com/auth9627
78,19,3,2,0,0,1,0,0,28,2,4,0.1923,0.2564,0,0,4.9309,1,http://157.254.223.49:8443/update-billing-information/?verify=84961&user=login
89,53,4,3,0,3,0,0,0,12,1,3,0.1573,0.0225,0,1,4.3767,1,http://microsoft-login.apple.com.account-verification-27.vip/signin/auth?redirect=account
68,32,1,3,0,0,0,0,0,12,1,5,0.1618,0.0,0,1,4.3499,1,http://chase-verify-security-update.xyz/signin/auth?redirect=account
22,7,1,0,0,0,0,0,1,8,0,0,0.2273,0.1818,0,0,3.6978,1,http://cutt.ly/sec9221
97,60,5,5,0,3,0,0,0,30,0,2,0.1546,0.0206,0,1,4.5005,1,http://google-drive-share.microsoft.com.account-verification-18.xyz/security-checkpoint/index.php
70,53,5,3,0,3,0,0,0,10,0,3,0.1714,0.0286,0,1,4.3869,1,http://netflix-billing.paypal.com.account-verification-16.gq/login.php
70,38,2,3,0,0,0,0,0,10,1,2,0.1571,0.0857,0,1,4.6148,1,http://usps-redelivery-verification-update.cf/login.php?session=312887
95,44,1,3,0,0,0,0,0,12,1,4,0.1368,0.0632,0,1,4.5923,1,http://wellsfargo-security-verification-update.work/signin/auth?redirect=account?session=442237
22,7,1,0,0,0,0,0,1,8,0,0,0.2273,0.1818,0,0,3.7888,1,http://cutt.ly/sec6052
63,33,2,3,0,0,0,0,0,14,0,2,0.1746,0.0,0,1,4.3564,1,http://coinbase-auth-security-update.xyz/authorize.cgi?session=
79,15,4,1,0,0,1,0,0,33,2,4,0.1772,0.2152,0,0,4.9192,1,http://120.213.204.129/confirmation/payment-failed.aspx?verify=95753&user=login
88,38,2,4,0,0,0,0,0,28,1,2,0.1477,0.0682,0,1,4.554,1,http://microsoft-login-verification-portal.ga/wallet/recovery-phrase.html?session=162581
93,41,2,4,0,0,0,0,0,30,1,1,0.1398,0.0645,0,1,4.5551,1,http://metamask-validation-verification-auth.top/security-checkpoint/index.php?session=755472
73,41,2,3,0,0,0,0,0,10,1,3,0.1507,0.0822,0,1,4.6347,1,http://facebook-security-verification-update.top/login.php?session=818507
26,11,1,0,0,0,0,0,1,8,0,0,0.1923,0.1538,0,0,4.1039,1,http://tinyurl.com/pay1332
75,52,4,3,0,3,0,0,0,16,0,1,0.1733,0.0267,0,1,4.248,1,http://binance-trade.apple.com.account-verification-93.loan/dispute/center/
23,7,1,0,0,0,0,0,1,9,0,0,0.2174,0.1739,0,0,3.5512,1,http://cutt.ly/auth8648
27,11,1,0,0,0,0,0,1,9,0,0,0.1852,0.1481,0,0,4.0603,1,http://tinyurl.com/auth4429
80,16,4,1,0,0,1,0,0,33,2,4,0.1875,0.2125,0,0,4.9608,1,http://112.52.63.5:8000/confirmation/payment-failed.aspx?verify=15489&user=login
75,19,3,1,0,0,1,0,0,25,2,3,0.2133,0.2667,0,0,4.6474,1,http://131.41.191.101:8443/secure/portal/client-id/?verify=11871&user=login
80,42,1,3,0,0,0,0,0,16,1,3,0.15,0.075,0,1,4.6057,1,http://bankofamerica-alert-verification-update.gq/dispute/center/?session=151486
20,5,1,0,0,0,0,0,1,8,0,0,0.25,0.2,0,0,3.6087,1,http://rb.gy/act2322
22,6,1,0,0,0,0,0,1,9,0,0,0.2273,0.1818,0,0,3.6978,1,http://bit.ly/auth4924
80,53,5,4,0,3,0,0,0,20,0,3,0.1625,0.025,0,1,4.3762,1,http://netflix-billing.paypal.com.account-verification-17.cf/verify-account.html
22,6,1,0,0,0,0,0,1,9,0,0,0.2273,0.1818,0,0,3.6978,1,http://bit.ly/auth7751
86,36,1,5,0,0,0,0,0,28,1,2,0.1512,0.0698,0,1,4.5463,1,http://coinbase-auth-verification-update.ga/update-billing-information/?session=649623
83,56,5,4,0,3,0,0,0,20,0,2,0.1566,0.0241,0,1,4.4571,1,http://usps-redelivery.microsoft.com.account-verification-47.gq/verify-account.html
78,19,3,2,0,0,1,0,0,28,2,4,0.1923,0.2564,0,0,4.859,1,http://147.163.85.117:3000/update-billing-information/?verify=31343&user=login
75,14,4,1,0,0,1,0,0,30,2,3,0.1867,0.2133,0,0,4.8988,1,http://206.215.27.163/security-checkpoint/index.php?verify=79081&user=login
74,34,2,4,0,0,0,0,0,33,0,5,0.1486,0.0,0,1,4.3648,1,http://microsoft-login-security-update.tk/confirmation/payment-failed.aspx
20,5,1,0,0,0,0,0,1,8,0,0,0.25,0.2,0,0,3.9842,1,http://rb.gy/sec1985
91,36,2,4,0,0,0,0,0,33,1,3,0.1429,0.0659,0,1,4.6649,1,http://coinbase-auth-verification-secure.gq/confirmation/payment-failed.aspx?session=719852
78,18,3,0,0,0,1,0,0,12,2,4,0.1923,0.2436,0,0,4.843,1,http://174.27.114.68:8000/signin/auth?redirect=account?verify=76992&user=login
22,6,1,0,0,0,0,0,1,9,0,0,0.2273,0.1818,0,0,3.7888,1,http://bit.ly/auth3197
96,56,5,5,0,3,0,0,0,33,0,3,0.1562,0.0208,0,1,4.4672,1,http://google-drive-share.paypal.com.account-verification-59.tk/confirmation/payment-failed.aspx
20,5,1,0,0,0,0,0,1,8,0,0,0.25,0.2,0,0,3.7464,1,http://rb.gy/act6233
61,34,2,4,0,0,0,0,0,20,0,5,0.1639,0.0,0,1,4.4056,1,http://netflix-billing-security-update.ga/verify-account.html
69,34,1,5,0,0,0,0,0,28,0,3,0.1594,0.0,0,1,4.3396,1,http://usps-redelivery-security-update.tk/update-billing-information/
22,7,1,0,0,0,0,0,1,8,0,0,0.2273,0.1818,0,0,3.4817,1,http://cutt.ly/pay4464
89,59,5,4,0,3,0,0,0,14,0,1,0.1685,0.0225,0,1,4.4415,1,http://google-drive-share.microsoft.com.account-verification-19.tk/authorize.cgi?session=
72,13,3,2,0,0,1,0,0,28,2,4,0.1944,0.2083,0,0,4.9194,1,http://175.237.4.176/update-billing-information/?verify=90811&user=login
72,13,4,1,0,0,1,0,0,28,2,3,0.1944,0.2083,0,0,4.8556,1,http://54.63.170.169/wallet/recovery-phrase.html?verify=93714&user=login
22,6,1,0,0,0,0,0,1,9,0,0,0.2273,0.1818,0,0,3.7888,1,http://bit.ly/auth8106
65,33,1,4,0,0,0,0,0,25,0,4,0.1846,0.0,0,1,4.247,1,http://amazon-support-security-update.gq/secure/portal/client-id/
89,53,4,3,0,3,0,0,0,12,1,3,0.1573,0.0225,0,0,4.4043,1,http://netflix-billing.apple.com.account-verification-25.icu/signin/auth?redirect=account
64,34,2,3,0,0,0,0,0,14,0,3,0.1719,0.0,0,1,4.4255,1,http://microsoft-login-security-update.gq/authorize.cgi?session=
79,56,4,4,0,3,0,0,0,16,0,1,0.1772,0.0253,0,1,4.3972,1,http://google-drive-share.paypal.com.account-verification-80.ga/dispute/center/
26,11,1,0,0,0,0,0,1,8,0,0,0.1923,0.1538,0,0,4.1329,1,http://tinyurl.com/act3912
78,31,1,3,0,0,0,0,0,25,1,1,0.1667,0.0769,0,1,4.4138,1,http://paypal-verification-portal.loan/secure/portal/client-id/?session=175733
75,52,4,3,0,3,0,0,0,16,0,2,0.1733,0.0267,0,1,4.3519,1,http://chase-verify.paypal.com.account-verification-97.loan/dispute/center/
99,59,5,4,0,3,0,0,0,33,0,4,0.1414,0.0202,0,1,4.4949,1,http://wellsfargo-security.paypal.com.account-verification-80.work/confirmation/payment-failed.aspx
77,13,4,1,0,0,1,0,0,33,2,4,0.1818,0.1948,0,0,4.8786,1,http://41.249.209.41/confirmation/payment-failed.aspx?verify=31790&user=login
78,48,5,2,0,3,0,0,0,14,0,1,0.1667,0.0256,0,1,4.4464,1,http://appleid.microsoft.com.account-verification-39.tk/authorize.cgi?session=
26,11,1,0,0,0,0,0,1,8,0,0,0.1923,0.1538,0,0,4.1329,1,http://tinyurl.com/act2038
91,40,1,3,0,0,0,0,0,12,1,3,0.1429,0.0659,0,1,4.5627,1,http://facebook-security-verification-portal.tk/signin/auth?redirect=account?session=958087
26,11,1,0,0,0,0,0,1,8,0,0,0.1923,0.1538,0,0,4.1329,1,http://tinyurl.com/act1750
27,11,1,0,0,0,0,0,1,9,0,0,0.1852,0.1481,0,0,4.0603,1,http://tinyurl.com/auth5105
92,40,2,4,0,0,0,0,0,30,1,2,0.1413,0.0652,0,1,4.5765,1,http://netflix-billing-verification-portal.loan/security-checkpoint/index.php?session=410051
74,20,4,0,0,0,1,0,0,14,2,2,0.2027,0.2838,0,0,4.7804,1,http://205.234.239.243:8443/authorize.cgi?session=?verify=94195&user=login
70,34,1,3,0,0,0,0,0,12,1,4,0.1571,0.0,0,1,4.302,1,http://usps-redelivery-security-update.gq/signin/auth?redirect=account
89,38,1,3,0,0,0,0,0,12,1,3,0.1461,0.0674,0,1,4.4916,1,http://usps-redelivery-verification-secure.cf/signin/auth?redirect=account?session=127578
22,7,1,0,0,0,0,0,1,8,0,0,0.2273,0.1818,0,0,3.7888,1,http://cutt.ly/sec5710
26,11,1,0,0,0,0,0,1,8,0,0,0.1923,0.1538,0,0,4.1039,1,http://tinyurl.com/pay1766
69,18,4,1,0,0,1,0,0,20,2,3,0.2029,0.2754,0,0,4.9343,1,http://96.250.15.194:3000/verify-account.html?verify=53854&user=login
81,51,5,3,0,3,0,0,0,14,0,2,0.1728,0.0247,0,1,4.4148,1,http://amazon-support.apple.com.account-verification-72.cf/authorize.cgi?session=
72,40,2,3,0,0,0,0,0,10,1,3,0.1528,0.0833,0,1,4.5955,1,http://amazon-support-verification-secure.click/login.php?session=606779
83,60,4,3,0,3,0,0,0,16,0,2,0.1566,0.0241,0,1,4.3417,1,http://facebook-security.microsoft.com.account-verification-98.work/dispute/center/
81,39,2,4,0,0,0,0,0,20,1,4,0.1481,0.0741,0,1,4.6643,1,http://amazon-support-verification-secure.work/verify-account.html?session=607956
81,44,5,3,0,3,0,0,0,30,0,2,0.1605,0.0247,0,1,4.3349,1,http://paypal.paypal.com.account-verification-55.cf/security-checkpoint/index.php
79,39,2,5,0,0,0,0,0,33,0,4,0.1519,0.0,0,1,4.3809,1,http://google-drive-share-security-update.loan/confirmation/payment-failed.aspx
98,61,5,5,0,3,0,0,0,30,0,3,0.1531,0.0204,0,1,4.5456,1,http://instagram-badge-verify.apple.com.account-verification-45.work/security-checkpoint/index.php
62,32,2,3,0,0,0,0,0,14,0,2,0.1774,0.0,0,1,4.3049,1,http://coinbase-auth-security-update.tk/authorize.cgi?session=
71,39,2,3,0,0,0,0,0,10,1,3,0.1549,0.0845,0,1,4.5865,1,http://netflix-billing-verification-update.top/login.php?session=904768
98,63,4,6,0,3,0,0,0,28,0,4,0.1531,0.0204,0,1,4.4118,1,http://instagram-badge-verify.microsoft.com.account-verification-10.ml/update-billing-information/
94,44,1,5,0,0,0,0,0,28,1,2,0.1383,0.0638,0,1,4.5063,1,http://metamask-validation-verification-portal.loan/update-billing-information/?session=472863
91,40,1,3,0,0,0,0,0,12,1,4,0.1429,0.0659,0,1,4.5171,1,http://facebook-security-verification-secure.gq/signin/auth?redirect=account?session=709080
71,39,2,3,0,0,0,0,0,10,1,2,0.1549,0.0845,0,1,4.5083,1,http://usps-redelivery-verification-secure.top/login.php?session=243374
63,33,2,3,0,0,0,0,0,14,0,2,0.1746,0.0,0,1,4.4471,1,http://dhl-tracking-security-update.work/authorize.cgi?session=
90,58,4,4,0,3,0,0,0,25,0,3,0.1667,0.0222,0,1,4.3661,1,http://wellsfargo-security.google.com.account-verification-47.top/secure/portal/client-id/
92,37,2,4,0,0,0,0,0,33,1,4,0.1413,0.0652,0,1,4.5745,1,http://amazon-support-verification-update.cf/confirmation/payment-failed.aspx?session=592705
68,31,2,4,0,0,0,0,0,30,0,2,0.1618,0.0,0,1,4.2659,1,http://dhl-tracking-security-update.ga/security-checkpoint/index.php
21,6,1,0,0,0,0,0,1,8,0,0,0.2381,0.1905,0,0,3.749,1,http://bit.ly/pay6542
95,45,1,6,0,0,0,0,0,28,1,3,0.1474,0.0632,0,1,4.6192,1,http://instagram-badge-verify-verification-update.gq/update-billing-information/?session=739436
66,19,3,0,0,0,1,0,0,16,2,2,0.2121,0.303,0,0,4.7795,1,http://64.245.160.196:8443/dispute/center/?verify=58063&user=login
85,38,1,4,0,0,0,0,0,25,1,1,0.1647,0.0706,0,1,4.4549,1,http://coinbase-auth-verification-secure.loan/secure/portal/client-id/?session=462519
87,35,2,4,0,0,0,0,0,30,1,3,0.1494,0.069,0,1,4.5434,1,http://chase-verify-verification-update.cf/security-checkpoint/index.php?session=839053
78,17,4,1,0,0,1,0,0,30,2,3,0.1923,0.2308,0,0,4.8931,1,http://34.22.66.159:3000/security-checkpoint/index.php?verify=69676&user=login
86,56,5,4,0,3,0,0,0,14,0,1,0.1744,0.0233,0,1,4.4212,1,http://google-drive-share.google.com.account-verification-69.cf/authorize.cgi?session=
73,19,4,0,0,0,1,0,0,14,2,2,0.2055,0.274,0,0,4.8455,1,http://81.195.151.244:3000/authorize.cgi?session=?verify=79993&user=login
65,18,3,0,0,0,1,0,0,16,2,2,0.2154,0.2923,0,0,4.7572,1,http://165.80.94.211:8000/dispute/center/?verify=72819&user=login
77,37,2,4,0,0,0,0,0,33,0,5,0.1429,0.0,0,1,4.3857,1,http://netflix-billing-security-update.click/confirmation/payment-failed.aspx
74,13,4,1,0,0,1,0,0,30,2,3,0.1892,0.2027,0,0,4.8345,1,http://210.238.9.170/security-checkpoint/index.php?verify=12783&user=login
92,60,4,5,0,3,0,0,0,25,0,3,0.1739,0.0217,0,1,4.4022,1,http://instagram-badge-verify.apple.com.account-verification-84.top/secure/portal/client-id/
65,14,4,1,0,0,1,0,0,20,2,3,0.2,0.2462,0,0,4.8026,1,http://24.133.222.191/verify-account.html?verify=98398&user=login
55,32,1,3,0,0,0,0,0,16,0,2,0.1818,0.0,0,1,4.1132,1,http://dhl-tracking-security-update.top/dispute/center/
22,7,1,0,0,0,0,0,1,8,0,0,0.2273,0.1818,0,0,3.6069,1,http://cutt.ly/pay1519
63,31,1,4,0,0,0,0,0,25,0,4,0.1905,0.0,0,1,4.1924,1,http://chase-verify-security-update.ml/secure/portal/client-id/
21,5,1,0,0,0,0,0,1,9,0,0,0.2381,0.1905,0,0,3.749,1,http://rb.gy/auth2119
20,5,1,0,0,0,0,0,1,8,0,0,0.25,0.2,0,0,3.8842,1,http://rb.gy/sec7343
90,50,5,4,0,3,0,0,0,33,0,3,0.1556,0.0222,0,1,4.3254,1,http://binance-trade.apple.com.account-verification-41.cf/confirmation/payment-failed.aspx
90,53,5,4,0,3,0,0,0,30,0,3,0.1556,0.0222,0,1,4.4264,1,http://microsoft-login.paypal.com.account-verification-78.tk/security-checkpoint/index.php
80,53,5,4,0,3,0,0,0,20,0,2,0.1625,0.025,0,1,4.425,1,http://binance-trade.google.com.account-verification-28.work/verify-account.html
94,44,1,6,0,0,0,0,0,28,1,3,0.1489,0.0638,0,0,4.5732,1,http://instagram-badge-verify-verification-auth.icu/update-billing-information/?session=370799
74,18,3,1,0,0,1,0,0,25,2,3,0.2162,0.2568,0,0,4.8833,1,http://174.136.75.26:8000/secure/portal/client-id/?verify=53874&user=login
94,58,4,3,0,3,0,0,0,12,1,4,0.1489,0.0213,0,1,4.4211,1,http://bankofamerica-alert.google.com.account-verification-17.vip/signin/auth?redirect=account
22,7,1,0,0,0,0,0,1,8,0,0,0.2273,0.1818,0,0,3.6069,1,http://cutt.ly/pay8466
70,38,1,4,0,0,0,0,0,25,0,5,0.1714,0.0,0,1,4.223,1,http://bankofamerica-alert-security-update.ml/secure/portal/client-id/
72,55,5,3,0,3,0,0,0,10,0,2,0.1667,0.0278,0,1,4.4997,1,http://usps-redelivery.google.com.account-verification-73.work/login.php
71,15,3,1,0,0,1,0,0,25,2,3,0.2113,0.2394,0,0,4.7434,1,http://122.193.160.214/secure/portal/client-id/?verify=22514&user=login
72,55,5,3,0,3,0,0,0,10,0,3,0.1667,0.0278,0,1,4.3923,1,http://facebook-security.paypal.com.account-verification-44.tk/login.php
74,14,3,0,0,0,1,0,0,12,2,4,0.1892,0.2162,0,0,4.706,1,http://211.114.95.106/signin/auth?redirect=account?verify=26126&user=login
66,19,3,0,0,0,1,0,0,16,2,2,0.2121,0.303,0,0,4.7511,1,http://197.109.80.249:3000/dispute/center/?verify=73736&user=login
89,42,1,4,0,0,0,0,0,25,1,1,0.1573,0.0674,0,1,4.501,1,http://metamask-validation-verification-portal.ga/secure/portal/client-id/?session=627750
22,7,1,0,0,0,0,0,1,8,0,0,0.2273,0.1818,0,0,3.6247,1,http://cutt.ly/act3520
76,39,2,4,0,0,0,0,0,30,0,4,0.1447,0.0,0,1,4.3557,1,http://bankofamerica-alert-security-update.vip/security-checkpoint/index.php
87,60,5,5,0,3,0,0,0,20,0,2,0.1609,0.023,0,1,4.5386,1,http://instagram-badge-verify.apple.com.account-verification-92.xyz/verify-account.html
27,11,1,0,0,0,0,0,1,9,0,0,0.1852,0.1481,0,0,4.1343,1,http://tinyurl.com/auth7682
22,7,1,0,0,0,0,0,1,8,0,0,0.2273,0.1818,0,0,3.6247,1,http://cutt.ly/act8296
23,7,1,0,0,0,0,0,1,9,0,0,0.2174,0.1739,0,0,3.6381,1,http://cutt.ly/auth4987
20,5,1,0,0,0,0,0,1,8,0,0,0.25,0.2,0,0,3.9842,1,http://rb.gy/sec1980
22,7,1,0,0,0,0,0,1,8,0,0,0.2273,0.1818,0,0,3.6069,1,http://cutt.ly/pay3340
76,46,5,2,0,3,0,0,0,14,0,1,0.1711,0.0263,0,1,4.4439,1,http://appleid.google.com.account-verification-68.vip/authorize.cgi?session=
64,13,4,1,0,0,1,0,0,20,2,3,0.2031,0.2344,0,0,4.8591,1,http://153.83.50.183/verify-account.html?verify=72320&user=login
70,53,5,3,0,3,0,0,0,10,0,3,0.1714,0.0286,0,1,4.3869,1,http://netflix-billing.paypal.com.account-verification-30.gq/login.php
88,51,5,4,0,3,0,0,0,30,0,2,0.1591,0.0227,0,1,4.3928,1,http://coinbase-auth.paypal.com.account-verification-25.tk/security-checkpoint/index.php
93,38,2,4,0,0,0,0,0,33,1,4,0.1398,0.0645,0,0,4.5695,1,http://amazon-support-verification-update.icu/confirmation/payment-failed.aspx?session=987852
68,33,1,5,0,0,0,0,0,28,0,3,0.1618,0.0,0,1,4.3431,1,http://binance-trade-security-update.xyz/update-billing-information/
81,36,2,3,0,0,0,0,0,14,1,1,0.1605,0.0741,0,1,4.5755,1,http://binance-trade-verification-update.ml/authorize.cgi?session=?session=550860
88,36,2,4,0,0,0,0,0,30,1,2,0.1477,0.0682,0,1,4.5771,1,http://dhl-tracking-verification-secure.top/security-checkpoint/index.php?session=287116
20,5,1,0,0,0,0,0,1,8,0,0,0.25,0.2,0,0,3.7842,1,http://rb.gy/pay1385
22,7,1,0,0,0,0,0,1,8,0,0,0.2273,0.1818,0,0,3.6978,1,http://cutt.ly/pay9384
80,40,2,4,0,0,0,0,0,33,0,4,0.1375,0.0,0,1,4.373,1,http://metamask-validation-security-update.work/confirmation/payment-failed.aspx
85,35,1,5,0,0,0,0,0,28,1,3,0.1529,0.0706,0,1,4.659,1,http://chase-verify-verification-update.tk/update-billing-information/?session=874103
94,54,5,4,0,3,0,0,0,33,0,4,0.1489,0.0213,0,1,4.4221,1,http://facebook-security.apple.com.account-verification-91.ml/confirmation/payment-failed.aspx
90,38,2,4,0,0,0,0,0,30,1,2,0.1444,0.0667,0,1,4.5843,1,http://microsoft-login-verification-auth.loan/security-checkpoint/index.php?session=541458
100,60,5,5,0,3,0,0,0,33,0,4,0.15,0.02,0,1,4.4969,1,http://instagram-badge-verify.apple.com.account-verification-16.xyz/confirmation/payment-failed.aspx
88,53,4,5,0,3,0,0,0,28,0,3,0.1591,0.0227,0,1,4.3206,1,http://coinbase-auth.google.com.account-verification-93.loan/update-billing-information/
65,14,4,1,0,0,1,0,0,20,2,3,0.2,0.2462,0,0,4.8127,1,http://185.53.112.159/verify-account.html?verify=51978&user=login
22,7,1,0,0,0,0,0,1,8,0,0,0.2273,0.1818,0,0,3.7888,1,http://cutt.ly/sec4027
71,34,2,4,0,0,0,0,0,30,0,3,0.1549,0.0,0,1,4.3235,1,http://microsoft-login-security-update.cf/security-checkpoint/index.php
66,15,4,1,0,0,1,0,0,20,2,3,0.197,0.2576,0,0,4.9266,1,http://190.160.223.254/verify-account.html?verify=27703&user=login
76,31,2,2,0,0,0,0,0,14,1,1,0.1579,0.0789,0,1,4.4846,1,http://appleid-verification-update.top/authorize.cgi?session=?session=556578
48,31,2,3,0,0,0,0,0,10,0,3,0.1875,0.0,0,1,4.3061,1,http://dhl-tracking-security-update.gq/login.php
87,52,4,5,0,3,0,0,0,28,0,3,0.1609,0.023,0,1,4.3697,1,http://netflix-billing.apple.com.account-verification-90.gq/update-billing-information/
22,6,1,0,0,0,0,0,1,9,0,0,0.2273,0.1818,0,0,3.6978,1,http://bit.ly/auth5547
86,36,1,5,0,0,0,0,0,28,1,2,0.1512,0.0698,0,1,4.6039,1,http://dhl-tracking-verification-portal.vip/update-billing-information/?session=624895
20,5,1,0,0,0,0,0,1,8,0,0,0.25,0.2,0,0,3.9842,1,http://rb.gy/sec8640
71,54,5,3,0,3,0,0,0,10,0,2,0.169,0.0282,0,1,4.2474,1,http://microsoft-login.apple.com.account-verification-52.loan/login.php
85,38,1,4,0,0,0,0,0,25,1,2,0.1647,0.0706,0,1,4.435,1,http://coinbase-auth-verification-update.loan/secure/portal/client-id/?session=503543
92,57,4,5,0,3,0,0,0,28,0,3,0.1522,0.0217,0,1,4.5191,1,http://usps-redelivery.microsoft.com.account-verification-62.xyz/update-billing-information/
70,11,4,1,0,0,1,0,0,28,2,3,0.2,0.1857,0,0,4.8168,1,http://91.31.8.113/wallet/recovery-phrase.html?verify=97240&user=login
96,61,4,6,0,3,0,0,0,28,0,4,0.1562,0.0208,0,1,4.5109,1,http://instagram-badge-verify.paypal.com.account-verification-89.xyz/update-billing-information/
77,47,5,2,0,3,0,0,0,14,0,1,0.1688,0.026,0,1,4.4035,1,http://appleid.google.com.account-verification-44.loan/authorize.cgi?session=
87,52,5,4,0,3,0,0,0,28,0,3,0.1609,0.023,0,1,4.3794,1,http://microsoft-login.apple.com.account-verification-96.cf/wallet/recovery-phrase.html
26,11,1,0,0,0,0,0,1,8,0,0,0.1923,0.1538,0,0,4.1329,1,http://tinyurl.com/act7506
75,35,2,4,0,0,0,0,0,33,0,5,0.1467,0.0,0,1,4.4102,1,http://netflix-billing-security-update.xyz/confirmation/payment-failed.aspx
71,12,4,1,0,0,1,0,0,28,2,3,0.1972,0.1972,0,0,4.8063,1,http://19.99.166.48/wallet/recovery-phrase.html?verify=18245&user=login
86,56,5,3,0,3,0,0,0,14,0,2,0.1628,0.0233,0,1,4.3723,1,http://microsoft-login.google.com.account-verification-98.click/authorize.cgi?session=
86,54,4,4,0,3,0,0,0,25,0,3,0.1744,0.0233,0,1,4.3602,1,http://microsoft-login.apple.com.account-verification-42.work/secure/portal/client-id/
91,40,1,3,0,0,0,0,0,12,1,3,0.1429,0.0659,0,1,4.535,1,http://microsoft-login-verification-portal.work/signin/auth?redirect=account?session=380093
78,51,5,4,0,3,0,0,0,20,0,2,0.1667,0.0256,0,0,4.3776,1,http://dhl-tracking.paypal.com.account-verification-89.icu/verify-account.html
79,18,4,1,0,0,1,0,0,30,2,3,0.1899,0.2405,0,0,4.9146,1,http://61.241.69.107:3000/security-checkpoint/index.php?verify=99554&user=login
20,5,1,0,0,0,0,0,1,8,0,0,0.25,0.2,0,0,3.8464,1,http://rb.gy/act5067
95,43,2,4,0,0,0,0,0,30,1,1,0.1368,0.0632,0,0,4.6256,1,http://wellsfargo-security-verification-portal.icu/security-checkpoint/index.php?session=911367
59,27,1,3,0,0,0,0,0,25,0,3,0.1864,0.0,0,1,4.0363,1,http://appleid-security-update.vip/secure/portal/client-id/
64,17,3,0,0,0,1,0,0,16,2,2,0.2188,0.2812,0,0,4.797,1,http://11.28.70.136:8443/dispute/center/?verify=68029&user=login
70,14,3,1,0,0,1,0,0,25,2,3,0.2143,0.2286,0,0,4.7437,1,http://168.143.138.70/secure/portal/client-id/?verify=88786&user=login
22,7,1,0,0,0,0,0,1,8,0,0,0.2273,0.1818,0,0,3.6069,1,http://cutt.ly/pay8330
84,52,4,4,0,3,0,0,0,25,0,3,0.1786,0.0238,0,1,4.2666,1,http://amazon-support.apple.com.account-verification-24.top/secure/portal/client-id/
51,34,2,3,0,0,0,0,0,10,0,4,0.1765,0.0,0,1,4.2972,1,http://netflix-billing-security-update.tk/login.php
80,48,4,3,0,3,0,0,0,25,0,2,0.175,0.025,0,0,4.285,1,http://paypal.microsoft.com.account-verification-15.icu/secure/portal/client-id/
80,43,5,3,0,3,0,0,0,30,0,2,0.1625,0.025,0,1,4.355,1,http://paypal.apple.com.account-verification-13.cf/security-checkpoint/index.php
63,46,5,2,0,3,0,0,0,10,0,2,0.1746,0.0317,0,1,4.2472,1,http://appleid.paypal.com.account-verification-53.vip/login.php
67,35,1,4,0,0,0,0,0,25,0,4,0.1791,0.0,0,1,4.2815,1,http://netflix-billing-security-update.xyz/secure/portal/client-id/
20,5,1,0,0,0,0,0,1,8,0,0,0.25,0.2,0,0,3.8842,1,http://rb.gy/sec4020
76,12,4,1,0,0,1,0,0,33,2,4,0.1842,0.1842,0,0,4.8777,1,http://210.61.18.25/confirmation/payment-failed.aspx?verify=84500&user=login
84,57,5,4,0,3,0,0,0,20,0,2,0.1548,0.0238,0,1,4.3776,1,http://metamask-validation.paypal.com.account-verification-30.ga/verify-account.html
95,58,5,4,0,3,0,0,0,30,0,2,0.1474,0.0211,0,1,4.4273,1,http://metamask-validation.google.com.account-verification-28.top/security-checkpoint/index.php
89,39,1,5,0,0,0,0,0,28,1,2,0.1461,0.0674,0,1,4.5741,1,http://usps-redelivery-verification-portal.top/update-billing-information/?session=154079
89,39,1,5,0,0,0,0,0,28,1,3,0.1461,0.0674,0,1,4.5115,1,http://coinbase-auth-verification-secure.click/update-billing-information/?session=100511
91,39,2,4,0,0,0,0,0,30,1,3,0.1429,0.0659,0,1,4.5553,1,http://netflix-billing-verification-secure.vip/security-checkpoint/index.php?session=881280
70,35,2,4,0,0,0,0,0,28,0,3,0.1571,0.0,0,1,4.1533,1,http://usps-redelivery-security-update.top/wallet/recovery-phrase.html
74,34,2,4,0,0,0,0,0,33,0,5,0.1486,0.0,0,1,4.2644,1,http://amazon-support-security-update.top/confirmation/payment-failed.aspx
77,60,5,4,0,3,0,0,0,10,0,3,0.1688,0.026,0,1,4.4567,1,http://instagram-badge-verify.paypal.com.account-verification-46.cf/login.php
77,13,4,1,0,0,1,0,0,33,2,4,0.1818,0.1948,0,0,4.8884,1,http://88.61.238.129/confirmation/payment-failed.aspx?verify=48102&user=login
22,6,1,0,0,0,0,0,1,9,0,0,0.2273,0.1818,0,0,3.6978,1,http://bit.ly/auth5434
68,45,4,2,0,3,0,0,0,16,0,1,0.1765,0.0294,0,1,4.3085,1,http://appleid.google.com.account-verification-51.ga/dispute/center/
74,42,2,3,0,0,0,0,0,10,1,2,0.1486,0.0811,0,1,4.6302,1,http://wellsfargo-security-verification-portal.cf/login.php?session=594680
94,42,2,5,0,0,0,0,0,30,1,2,0.1489,0.0638,0,1,4.5766,1,http://google-drive-share-verification-update.top/security-checkpoint/index.php?session=198592
80,42,1,3,0,0,0,0,0,16,1,1,0.15,0.075,0,1,4.5182,1,http://metamask-validation-verification-secure.cf/dispute/center/?session=481759
96,64,4,5,0,3,0,0,0,25,0,3,0.1667,0.0208,0,1,4.4904,1,http://instagram-badge-verify.microsoft.com.account-verification-60.xyz/secure/portal/client-id/
69,13,3,1,0,0,1,0,0,25,2,3,0.2174,0.2174,0,0,4.7841,1,http://140.191.4.177/secure/portal/client-id/?verify=36224&user=login
82,45,5,3,0,3,0,0,0,30,0,2,0.1585,0.0244,0,1,4.4131,1,http://appleid.apple.com.account-verification-91.xyz/security-checkpoint/index.php
91,59,4,4,0,3,0,0,0,25,0,3,0.1648,0.022,0,1,4.3433,1,http://wellsfargo-security.google.com.account-verification-55.loan/secure/portal/client-id/
73,13,3,0,0,0,1,0,0,12,2,4,0.1918,0.2055,0,0,4.7686,1,http://121.157.99.96/signin/auth?redirect=account?verify=33301&user=login
98,58,5,4,0,3,0,0,0,33,0,3,0.1429,0.0204,0,1,4.395,1,http://metamask-validation.apple.com.account-verification-98.work/confirmation/payment-failed.aspx
90,43,1,4,0,0,0,0,0,25,1,2,0.1556,0.0667,0,1,4.4951,1,http://wellsfargo-security-verification-portal.top/secure/portal/client-id/?session=347418
74,13,4,1,0,0,1,0,0,30,2,3,0.1892,0.2027,0,0,4.8717,1,http://217.45.121.88/security-checkpoint/index.php?verify=26091&user=login
95,60,4,6,0,3,0,0,0,28,0,4,0.1579,0.0211,0,1,4.4194,1,http://instagram-badge-verify.paypal.com.account-verification-75.ga/update-billing-information/
55,14,4,0,0,0,1,0,0,10,2,2,0.2182,0.2909,0,0,4.6081,1,http://33.221.117.128/login.php?verify=65115&user=login
88,38,1,5,0,0,0,0,0,28,1,3,0.1477,0.0682,0,1,4.5929,1,http://facebook-security-verification-auth.tk/update-billing-information/?session=885278
80,38,2,4,0,0,0,0,0,20,1,2,0.15,0.075,0,1,4.6496,1,http://usps-redelivery-verification-portal.gq/verify-account.html?session=979691
22,7,1,0,0,0,0,0,1,8,0,0,0.2273,0.1818,0,0,3.6069,1,http://cutt.ly/pay2199
64,13,4,1,0,0,1,0,0,20,2,3,0.2031,0.2344,0,0,4.9605,1,http://201.56.48.244/verify-account.html?verify=79283&user=login
63,40,1,3,0,0,0,0,0,16,0,2,0.1587,0.0,0,1,4.243,1,http://metamask-validation-security-update.work/dispute/center/
22,6,1,0,0,0,0,0,1,9,0,0,0.2273,0.1818,0,0,3.7888,1,http://bit.ly/auth7914
20,5,1,0,0,0,0,0,1,8,0,0,0.25,0.2,0,0,3.7464,1,http://rb.gy/act8711
65,38,2,4,0,0,0,0,0,20,0,4,0.1538,0.0,0,1,4.3895,1,http://wellsfargo-security-security-update.tk/verify-account.html
73,13,3,0,0,0,1,0,0,12,2,4,0.1918,0.2055,0,0,4.796,1,http://180.224.16.76/signin/auth?redirect=account?verify=76754&user=login
90,55,4,5,0,3,0,0,0,28,0,3,0.1556,0.0222,0,1,4.2863,1,http://netflix-billing.google.com.account-verification-60.loan/update-billing-information/
68,14,4,0,0,0,1,0,0,14,2,2,0.2059,0.2353,0,0,4.8207,1,http://213.22.165.140/authorize.cgi?session=?verify=91379&user=login
90,53,5,4,0,3,0,0,0,30,0,3,0.1556,0.0222,0,1,4.4217,1,http://netflix-billing.apple.com.account-verification-28.vip/security-checkpoint/index.php
89,38,1,3,0,0,0,0,0,12,1,2,0.1461,0.0674,0,1,4.53,1,http://dhl-tracking-verification-portal.click/signin/auth?redirect=account?session=745886
90,40,2,4,0,0,0,0,0,28,1,2,0.1444,0.0667,0,1,4.6012,1,http://wellsfargo-security-verification-auth.ga/wallet/recovery-phrase.html?session=901296
78,43,1,6,0,0,0,0,0,28,0,4,0.1538,0.0,0,1,4.4224,1,http://instagram-badge-verify-security-update.work/update-billing-information/
67,32,2,4,0,0,0,0,0,28,0,3,0.1642,0.0,0,1,4.3364,1,http://binance-trade-security-update.gq/wallet/recovery-phrase.html
66,31,1,5,0,0,0,0,0,28,0,3,0.1667,0.0,0,1,4.3224,1,http://dhl-tracking-security-update.tk/update-billing-information/
71,20,4,1,0,0,1,0,0,20,2,3,0.1972,0.2958,0,0,4.9698,1,http://179.206.134.135:8443/verify-account.html?verify=23081&user=login
91,55,4,3,0,3,0,0,0,12,1,3,0.1538,0.022,0,1,4.4314,1,http://facebook-security.google.com.account-verification-58.tk/signin/auth?redirect=account
86,39,1,4,0,0,0,0,0,25,1,3,0.1628,0.0698,0,1,4.5161,1,http://netflix-billing-verification-update.vip/secure/portal/client-id/?session=612949
79,29,2,3,0,0,0,0,0,28,1,1,0.1519,0.0759,0,1,4.5963,1,http://paypal-verification-auth.work/wallet/recovery-phrase.html?session=821484
26,11,1,0,0,0,0,0,1,8,0,0,0.1923,0.1538,0,0,4.1329,1,http://tinyurl.com/act9240
81,41,2,5,0,0,0,0,0,33,0,5,0.1481,0.0,0,1,4.4089,1,http://instagram-badge-verify-security-update.tk/confirmation/payment-failed.aspx
26,11,1,0,0,0,0,0,1,8,0,0,0.1923,0.1538,0,0,4.056,1,http://tinyurl.com/act4954
83,31,2,3,0,0,0,0,0,30,1,1,0.1446,0.0723,0,1,4.6197,1,http://appleid-verification-portal.xyz/security-checkpoint/index.php?session=527087
84,20,4,1,0,0,1,0,0,33,2,4,0.1786,0.25,0,0,4.8222,1,http://118.183.171.181:8000/confirmation/payment-failed.aspx?verify=68340&user=login
20,5,1,0,0,0,0,0,1,8,0,0,0.25,0.2,0,0,3.9842,1,http://rb.gy/sec9516
80,42,1,3,0,0,0,0,0,16,1,1,0.15,0.075,0,1,4.4932,1,http://metamask-validation-verification-secure.cf/dispute/center/?session=441382
22,7,1,0,0,0,0,0,1,8,0,0,0.2273,0.1818,0,0,3.6978,1,http://cutt.ly/pay2059
74,14,3,0,0,0,1,0,0,12,2,4,0.1892,0.2162,0,0,4.7738,1,http://193.144.86.192/signin/auth?redirect=account?verify=92910&user=login
85,48,5,3,0,3,0,0,0,30,0,2,0.1529,0.0235,0,1,4.349,1,http://appleid.paypal.com.account-verification-68.click/security-checkpoint/index.php
103,48,2,5,0,0,0,0,0,33,1,4,0.1359,0.0583,0,1,4.6351,1,http://instagram-badge-verify-verification-update.click/confirmation/payment-failed.aspx?session=244325
63,40,1,3,0,0,0,0,0,16,0,4,0.1587,0.0,0,1,4.2161,1,http://bankofamerica-alert-security-update.loan/dispute/center/
57,34,1,3,0,0,0,0,0,16,0,2,0.1754,0.0,0,1,4.0542,1,http://usps-redelivery-security-update.gq/dispute/center/
20,5,1,0,0,0,0,0,1,8,0,0,0.25,0.2,0,0,3.8842,1,http://rb.gy/sec8842
73,31,2,3,0,0,0,0,0,20,1,3,0.1507,0.0822,0,1,4.6253,1,http://paypal-verification-secure.loan/verify-account.html?session=124370
76,12,4,1,0,0,1,0,0,33,2,4,0.1842,0.1842,0,0,4.9139,1,http://35.191.66.46/confirmation/payment-failed.aspx?verify=97530&user=login
62,27,1,4,0,0,0,0,0,28,0,3,0.1613,0.0,0,1,4.2051,1,http://appleid-security-update.top/update-billing-information/
93,58,5,4,0,3,0,0,0,28,0,3,0.1505,0.0215,0,1,4.3857,1,http://microsoft-login.microsoft.com.account-verification-85.work/wallet/recovery-phrase.html
75,58,5,3,0,3,0,0,0,10,0,3,0.16,0.0267,0,1,4.3234,1,http://amazon-support.microsoft.com.account-verification-82.click/login.php
21,5,1,0,0,0,0,0,1,9,0,0,0.2381,0.1905,0,0,3.8442,1,http://rb.gy/auth2608
21,6,1,0,0,0,0,0,1,8,0,0,0.2381,0.1905,0,0,3.9395,1,http://bit.ly/sec1025
22,7,1,0,0,0,0,0,1,8,0,0,0.2273,0.1818,0,0,3.6247,1,http://cutt.ly/act9435
20,5,1,0,0,0,0,0,1,8,0,0,0.25,0.2,0,0,3.7842,1,http://rb.gy/pay5471
88,36,2,4,0,0,0,0,0,30,1,3,0.1477,0.0682,0,0,4.53,1,http://chase-verify-verification-update.icu/security-checkpoint/index.php?session=855704
21,5,1,0,0,0,0,0,1,9,0,0,0.2381,0.1905,0,0,3.749,1,http://rb.gy/auth6727
26,11,1,0,0,0,0,0,1,8,0,0,0.1923,0.1538,0,0,4.1329,1,http://tinyurl.com/act9458
73,28,2,2,0,0,0,0,0,14,1,0,0.1644,0.0822,0,1,4.5665,1,http://appleid-verification-auth.ml/authorize.cgi?session=?session=230335
86,35,1,3,0,0,0,0,0,12,1,3,0.1512,0.0698,0,1,4.5102,1,http://dhl-tracking-verification-secure.ga/signin/auth?redirect=account?session=368455
91,36,2,4,0,0,0,0,0,33,1,3,0.1429,0.0659,0,1,4.5654,1,http://netflix-billing-verification-auth.cf/confirmation/payment-failed.aspx?session=585800
83,53,5,3,0,3,0,0,0,14,0,1,0.1687,0.0241,0,1,4.4952,1,http://binance-trade.google.com.account-verification-37.work/authorize.cgi?session=
90,58,4,4,0,3,0,0,0,25,0,3,0.1667,0.0222,0,1,4.4711,1,http://wellsfargo-security.google.com.account-verification-71.xyz/secure/portal/client-id/
72,45,5,3,0,3,0,0,0,20,0,2,0.1667,0.0278,0,0,4.2633,1,http://appleid.apple.com.account-verification-11.icu/verify-account.html
68,51,5,3,0,3,0,0,0,10,0,2,0.1765,0.0294,0,1,4.3899,1,http://binance-trade.paypal.com.account-verification-70.gq/login.php
70,35,1,5,0,0,0,0,0,28,0,4,0.1571,0.0,0,0,4.2807,1,http://microsoft-login-security-update.icu/update-billing-information/
78,38,2,5,0,0,0,0,0,33,0,4,0.1538,0.0,0,1,4.3685,1,http://google-drive-share-security-update.top/confirmation/payment-failed.aspx
21,5,1,0,0,0,0,0,1,9,0,0,0.2381,0.1905,0,0,3.8442,1,http://rb.gy/auth5472
66,39,2,4,0,0,0,0,0,20,0,4,0.1515,0.0,0,1,4.3809,1,http://wellsfargo-security-security-update.vip/verify-account.html
70,33,2,4,0,0,0,0,0,30,0,3,0.1571,0.0,0,1,4.2909,1,http://amazon-support-security-update.ga/security-checkpoint/index.php
86,39,1,4,0,0,0,0,0,25,1,2,0.1628,0.0698,0,1,4.4425,1,http://usps-redelivery-verification-update.top/secure/portal/client-id/?session=788320
80,30,2,3,0,0,0,0,0,28,1,1,0.15,0.075,0,1,4.5392,1,http://appleid-verification-portal.ga/wallet/recovery-phrase.html?session=893948
85,35,1,5,0,0,0,0,0,28,1,2,0.1529,0.0706,0,1,4.5109,1,http://coinbase-auth-verification-auth.vip/update-billing-information/?session=480011
89,53,4,3,0,3,0,0,0,12,1,2,0.1573,0.0225,0,1,4.41,1,http://binance-trade.google.com.account-verification-50.work/signin/auth?redirect=account
22,6,1,0,0,0,0,0,1,9,0,0,0.2273,0.1818,0,0,3.6978,1,http://bit.ly/auth2533
22,6,1,0,0,0,0,0,1,9,0,0,0.2273,0.1818,0,0,3.6978,1,http://bit.ly/auth3881
23,7,1,0,0,0,0,0,1,9,0,0,0.2174,0.1739,0,0,3.6381,1,http://cutt.ly/auth7324
97,57,5,4,0,3,0,0,0,33,0,3,0.1443,0.0206,0,1,4.362,1,http://metamask-validation.paypal.com.account-verification-21.ga/confirmation/payment-failed.aspx
94,58,4,3,0,3,0,0,0,12,1,4,0.1489,0.0213,0,0,4.381,1,http://bankofamerica-alert.google.com.account-verification-23.icu/signin/auth?redirect=account
87,35,2,4,0,0,0,0,0,30,1,1,0.1494,0.069,0,1,4.5218,1,http://binance-trade-verification-auth.top/security-checkpoint/index.php?session=368085
66,28,1,2,0,0,0,0,0,16,1,0,0.1667,0.0909,0,1,4.474,1,http://appleid-verification-auth.ml/dispute/center/?session=977489
68,51,5,3,0,3,0,0,0,10,0,2,0.1765,0.0294,0,1,4.3151,1,http://coinbase-auth.google.com.account-verification-17.cf/login.php
20,5,1,0,0,0,0,0,1,8,0,0,0.25,0.2,0,0,3.7842,1,http://rb.gy/pay7390
80,38,2,4,0,0,0,0,0,20,1,4,0.15,0.075,0,1,4.6693,1,http://amazon-support-verification-secure.xyz/verify-account.html?session=507729
77,47,5,2,0,3,0,0,0,14,0,1,0.1688,0.026,0,1,4.4295,1,http://appleid.google.com.account-verification-92.loan/authorize.cgi?session=
74,14,3,0,0,0,1,0,0,12,2,4,0.1892,0.2162,0,0,4.7636,1,http://87.215.233.129/signin/auth?redirect=account?verify=95725&user=login
94,58,4,3,0,3,0,0,0,12,1,4,0.1489,0.0213,0,1,4.4211,1,http://bankofamerica-alert.google.com.account-verification-87.vip/signin/auth?redirect=account
64,34,2,3,0,0,0,0,0,14,0,2,0.1719,0.0,0,1,4.3219,1,http://usps-redelivery-security-update.ga/authorize.cgi?session=
26,11,1,0,0,0,0,0,1,8,0,0,0.1923,0.1538,0,0,4.056,1,http://tinyurl.com/act9914
64,34,2,3,0,0,0,0,0,14,0,2,0.1719,0.0,0,1,4.3881,1,http://binance-trade-security-update.work/authorize.cgi?session=
21,6,1,0,0,0,0,0,1,8,0,0,0.2381,0.1905,0,0,3.7849,1,http://bit.ly/act6907
80,45,4,4,0,3,0,0,0,28,0,3,0.1625,0.025,0,1,4.3282,1,http://appleid.google.com.account-verification-98.ml/update-billing-information/
73,56,5,3,0,3,0,0,0,10,0,3,0.1644,0.0274,0,1,4.4553,1,http://facebook-security.apple.com.account-verification-16.work/login.php
26,11,1,0,0,0,0,0,1,8,0,0,0.1923,0.1538,0,0,4.1039,1,http://tinyurl.com/pay4553
21,6,1,0,0,0,0,0,1,8,0,0,0.2381,0.1905,0,0,3.749,1,http://bit.ly/pay3108
77,40,2,4,0,0,0,0,0,30,0,4,0.1429,0.0,0,1,4.382,1,http://bankofamerica-alert-security-update.work/security-checkpoint/index.php
52,25,2,3,0,0,0,0,0,20,0,4,0.1731,0.0,0,1,4.2841,1,http://paypal-security-update.ga/verify-account.html
90,40,2,4,0,0,0,0,0,28,1,1,0.1444,0.0667,0,1,4.5597,1,http://metamask-validation-verification-auth.ml/wallet/recovery-phrase.html?session=623996
70,35,1,5,0,0,0,0,0,28,0,4,0.1571,0.0,0,1,4.3201,1,http://microsoft-login-security-update.vip/update-billing-information/
21,6,1,0,0,0,0,0,1,8,0,0,0.2381,0.1905,0,0,3.6897,1,http://bit.ly/act3830
22,7,1,0,0,0,0,0,1,8,0,0,0.2273,0.1818,0,0,3.6978,1,http://cutt.ly/sec6786
76,36,2,4,0,0,0,0,0,33,0,5,0.1447,0.0,0,1,4.415,1,http://microsoft-login-security-update.work/confirmation/payment-failed.aspx
22,7,1,0,0,0,0,0,1,8,0,0,0.2273,0.1818,0,0,3.6247,1,http://cutt.ly/act3564
87,37,1,5,0,0,0,0,0,28,1,2,0.1494,0.069,0,1,4.6489,1,http://netflix-billing-verification-auth.xyz/update-billing-information/?session=824359
22,6,1,0,0,0,0,0,1,9,0,0,0.2273,0.1818,0,0,3.6978,1,http://bit.ly/auth4194
73,14,3,2,0,0,1,0,0,28,2,4,0.1918,0.2192,0,0,4.787,1,http://211.171.39.197/update-billing-information/?verify=89738&user=login
83,36,1,4,0,0,0,0,0,25,1,2,0.1687,0.0723,0,1,4.5114,1,http://netflix-billing-verification-auth.ga/secure/portal/client-id/?session=995338
76,41,2,5,0,0,0,0,0,28,0,4,0.1579,0.0,0,1,4.3688,1,http://instagram-badge-verify-security-update.ml/wallet/recovery-phrase.html
26,11,1,0,0,0,0,0,1,8,0,0,0.1923,0.1538,0,0,4.056,1,http://tinyurl.com/act7716
92,60,4,5,0,3,0,0,0,25,0,3,0.1739,0.0217,0,1,4.4022,1,http://instagram-badge-verify.apple.com.account-verification-95.top/secure/portal/client-id/
101,64,5,5,0,3,0,0,0,30,0,3,0.1485,0.0198,0,1,4.4513,1,http://instagram-badge-verify.microsoft.com.account-verification-96.top/security-checkpoint/index.php
87,52,4,5,0,3,0,0,0,28,0,3,0.1609,0.023,0,1,4.4482,1,http://dhl-tracking.paypal.com.account-verification-76.work/update-billing-information/
84,37,1,4,0,0,0,0,0,25,1,2,0.1667,0.0714,0,1,4.5064,1,http://amazon-support-verification-secure.ml/secure/portal/client-id/?session=470590
21,6,1,0,0,0,0,0,1,8,0,0,0.2381,0.1905,0,0,3.8442,1,http://bit.ly/sec9844
76,49,5,3,0,3,0,0,0,20,0,2,0.1579,0.0263,0,1,4.2878,1,http://paypal.microsoft.com.account-verification-93.loan/verify-account.html
67,11,3,1,0,0,1,0,0,25,2,3,0.2239,0.194,0,0,4.7618,1,http://92.136.3.28/secure/portal/client-id/?verify=99185&user=login
84,57,5,5,0,3,0,0,0,20,0,2,0.1667,0.0238,0,1,4.3708,1,http://google-drive-share.google.com.account-verification-85.top/verify-account.html
88,37,1,3,0,0,0,0,0,12,1,3,0.1477,0.0682,0,1,4.4143,1,http://binance-trade-verification-update.top/signin/auth?redirect=account?session=970397
72,37,2,4,0,0,0,0,0,28,0,3,0.1528,0.0,0,1,4.2896,1,http://facebook-security-security-update.top/wallet/recovery-phrase.html
83,38,2,3,0,0,0,0,0,14,1,1,0.1566,0.0723,0,1,4.63,1,http://netflix-billing-verification-portal.gq/authorize.cgi?session=?session=564189
86,56,5,3,0,3,0,0,0,14,0,1,0.1628,0.0233,0,1,4.4622,1,http://metamask-validation.apple.com.account-verification-83.cf/authorize.cgi?session=
89,42,1,4,0,0,0,0,0,25,1,3,0.1573,0.0674,0,1,4.4609,1,http://wellsfargo-security-verification-update.ga/secure/portal/client-id/?session=220002
73,43,5,2,0,3,0,0,0,14,0,1,0.1781,0.0274,0,1,4.4469,1,http://paypal.apple.com.account-verification-47.cf/authorize.cgi?session=
95,45,2,5,0,0,0,0,0,28,1,2,0.1474,0.0632,0,1,4.6387,1,http://instagram-badge-verify-verification-portal.gq/wallet/recovery-phrase.html?session=152721
90,53,5,4,0,3,0,0,0,30,0,3,0.1556,0.0222,0,1,4.3754,1,http://chase-verify.paypal.com.account-verification-11.click/security-checkpoint/index.php
84,49,4,4,0,3,0,0,0,28,0,3,0.1548,0.0238,0,1,4.4323,1,http://paypal.microsoft.com.account-verification-63.work/update-billing-information/
79,20,3,2,0,0,1,0,0,28,2,4,0.1899,0.2658,0,0,4.7701,1,http://170.123.222.233:3000/update-billing-information/?verify=88010&user=login
73,13,3,0,0,0,1,0,0,12,2,4,0.1918,0.2055,0,0,4.8337,1,http://80.91.244.151/signin/auth?redirect=account?verify=63698&user=login
60,28,1,3,0,0,0,0,0,25,0,3,0.1833,0.0,0,1,4.0717,1,http://paypal-security-update.click/secure/portal/client-id/
22,7,1,0,0,0,0,0,1,8,0,0,0.2273,0.1818,0,0,3.6069,1,http://cutt.ly/sec2525
74,38,1,3,0,0,0,0,0,12,1,4,0.1486,0.0,0,1,4.3431,1,http://facebook-security-security-update.work/signin/auth?redirect=account
75,39,1,3,0,0,0,0,0,12,1,4,0.1467,0.0,0,1,4.4112,1,http://metamask-validation-security-update.xyz/signin/auth?redirect=account
23,7,1,0,0,0,0,0,1,9,0,0,0.2174,0.1739,0,0,3.6381,1,http://cutt.ly/auth5906
23,7,1,0,0,0,0,0,1,9,0,0,0.2174,0.1739,0,0,3.6381,1,http://cutt.ly/auth2908
87,35,2,4,0,0,0,0,0,30,1,2,0.1494,0.069,0,1,4.6411,1,http://amazon-support-verification-auth.gq/security-checkpoint/index.php?session=931149
20,5,1,0,0,0,0,0,1,8,0,0,0.25,0.2,0,0,3.9842,1,http://rb.gy/sec8129
81,36,2,3,0,0,0,0,0,14,1,0,0.1605,0.0741,0,1,4.6652,1,http://dhl-tracking-verification-portal.xyz/authorize.cgi?session=?session=363165
80,43,2,5,0,0,0,0,0,30,0,3,0.15,0.0,0,1,4.4448,1,http://instagram-badge-verify-security-update.work/security-checkpoint/index.php
86,36,1,5,0,0,0,0,0,28,1,2,0.1512,0.0698,0,1,4.491,1,http://binance-trade-verification-portal.ml/update-billing-information/?session=333056
62,35,2,4,0,0,0,0,0,20,0,4,0.1613,0.0,0,1,4.2617,1,http://usps-redelivery-security-update.top/verify-account.html
88,56,4,4,0,3,0,0,0,25,0,2,0.1705,0.0227,0,1,4.3779,1,http://usps-redelivery.google.com.account-verification-38.click/secure/portal/client-id/
68,36,2,3,0,0,0,0,0,10,1,3,0.1618,0.0882,0,0,4.5461,1,http://chase-verify-verification-secure.icu/login.php?session=162637
82,47,5,3,0,3,0,0,0,28,0,2,0.1585,0.0244,0,1,4.4396,1,http://paypal.microsoft.com.account-verification-24.gq/wallet/recovery-phrase.html
70,35,2,4,0,0,0,0,0,28,0,4,0.1571,0.0,0,1,4.3768,1,http://netflix-billing-security-update.top/wallet/recovery-phrase.html
72,49,4,2,0,3,0,0,0,16,0,1,0.1667,0.0278,0,1,4.26,1,http://appleid.microsoft.com.account-verification-18.vip/dispute/center/
94,54,5,4,0,3,0,0,0,33,0,4,0.1489,0.0213,0,1,4.4859,1,http://facebook-security.apple.com.account-verification-26.gq/confirmation/payment-failed.aspx
20,5,1,0,0,0,0,0,1,8,0,0,0.25,0.2,0,0,3.9842,1,http://rb.gy/sec3207
93,38,2,4,0,0,0,0,0,33,1,3,0.1398,0.0645,0,1,4.5826,1,http://netflix-billing-verification-portal.tk/confirmation/payment-failed.aspx?session=452567
90,40,2,4,0,0,0,0,0,28,1,3,0.1444,0.0667,0,1,4.5998,1,http://bankofamerica-alert-verification-auth.cf/wallet/recovery-phrase.html?session=742286
66,34,1,4,0,0,0,0,0,25,0,3,0.1818,0.0,0,1,4.1518,1,http://dhl-tracking-security-update.click/secure/portal/client-id/
65,14,4,1,0,0,1,0,0,20,2,3,0.2,0.2462,0,0,4.8874,1,http://157.102.208.41/verify-account.html?verify=87910&user=login
57,27,2,2,0,0,0,0,0,14,0,2,0.1754,0.0,0,1,4.3332,1,http://paypal-security-update.loan/authorize.cgi?session=
23,7,1,0,0,0,0,0,1,9,0,0,0.2174,0.1739,0,0,3.6381,1,http://cutt.ly/auth9261
27,11,1,0,0,0,0,0,1,9,0,0,0.1852,0.1481,0,0,4.0603,1,http://tinyurl.com/auth4118
55,38,2,3,0,0,0,0,0,10,0,3,0.1636,0.0,0,1,4.3744,1,http://metamask-validation-security-update.cf/login.php
27,11,1,0,0,0,0,0,1,9,0,0,0.1852,0.1481,0,0,4.1343,1,http://tinyurl.com/auth7304
58,28,2,2,0,0,0,0,0,14,0,2,0.1724,0.0,0,1,4.3627,1,http://paypal-security-update.click/authorize.cgi?session=
20,5,1,0,0,0,0,0,1,8,0,0,0.25,0.2,0,0,3.7464,1,http://rb.gy/act6488
80,19,4,1,0,0,1,0,0,30,2,3,0.1875,0.25,0,0,4.9656,1,http://213.226.194.15:8000/security-checkpoint/index.php?verify=57683&user=login
22,6,1,0,0,0,0,0,1,9,0,0,0.2273,0.1818,0,0,3.6978,1,http://bit.ly/auth3301
74,29,2,2,0,0,0,0,0,14,1,1,0.1622,0.0811,0,1,4.5852,1,http://paypal-verification-secure.tk/authorize.cgi?session=?session=741889
86,36,2,4,0,0,0,0,0,28,1,2,0.1512,0.0698,0,1,4.5296,1,http://chase-verify-verification-portal.top/wallet/recovery-phrase.html?session=254891
69,32,2,4,0,0,0,0,0,30,0,3,0.1594,0.0,0,1,4.2787,1,http://chase-verify-security-update.xyz/security-checkpoint/index.php
69,34,2,4,0,0,0,0,0,28,0,4,0.1594,0.0,0,1,4.4067,1,http://netflix-billing-security-update.tk/wallet/recovery-phrase.html
21,6,1,0,0,0,0,0,1,8,0,0,0.2381,0.1905,0,0,3.6897,1,http://bit.ly/act7969
63,33,2,3,0,0,0,0,0,14,0,3,0.1746,0.0,0,1,4.368,1,http://amazon-support-security-update.ml/authorize.cgi?session=
54,31,1,3,0,0,0,0,0,16,0,2,0.1852,0.0,0,1,4.1364,1,http://dhl-tracking-security-update.cf/dispute/center/
83,41,2,5,0,0,0,0,0,20,1,2,0.1566,0.0723,0,1,4.6127,1,http://google-drive-share-verification-auth.loan/verify-account.html?session=851491
21,6,1,0,0,0,0,0,1,8,0,0,0.2381,0.1905,0,0,3.5585,1,http://bit.ly/act1117
67,32,2,4,0,0,0,0,0,28,0,3,0.1642,0.0,0,1,4.3306,1,http://dhl-tracking-security-update.vip/wallet/recovery-phrase.html
82,27,2,3,0,0,0,0,0,33,1,2,0.1463,0.0732,0,1,4.5448,1,http://paypal-verification-auth.cf/confirmation/payment-failed.aspx?session=455185
95,45,2,4,0,0,0,0,0,28,1,1,0.1368,0.0632,0,1,4.5549,1,http://metamask-validation-verification-portal.click/wallet/recovery-phrase.html?session=134851
53,26,2,3,0,0,0,0,0,20,0,4,0.1698,0.0,0,1,4.3452,1,http://paypal-security-update.xyz/verify-account.html
88,33,2,3,0,0,0,0,0,33,1,3,0.1364,0.0682,0,1,4.5806,1,http://appleid-verification-update.click/confirmation/payment-failed.aspx?session=570217
82,40,2,4,0,0,0,0,0,20,1,3,0.1463,0.0732,0,1,4.5383,1,http://microsoft-login-verification-portal.loan/verify-account.html?session=432998
66,36,2,3,0,0,0,0,0,14,0,3,0.1667,0.0,0,1,4.4301,1,http://netflix-billing-security-update.loan/authorize.cgi?session=
73,14,4,1,0,0,1,0,0,28,2,3,0.1918,0.2192,0,0,4.7529,1,http://57.124.222.242/wallet/recovery-phrase.html?verify=39411&user=login
75,38,2,4,0,0,0,0,0,30,0,2,0.1467,0.0,0,1,4.3835,1,http://wellsfargo-security-security-update.ml/security-checkpoint/index.php
26,11,1,0,0,0,0,0,1,8,0,0,0.1923,0.1538,0,0,4.056,1,http://tinyurl.com/act2383
98,47,1,4,0,0,0,0,0,12,1,4,0.1429,0.0612,0,1,4.5996,1,http://instagram-badge-verify-verification-secure.work/signin/auth?redirect=account?session=102644
58,41,2,3,0,0,0,0,0,10,0,5,0.1552,0.0,0,1,4.3711,1,http://bankofamerica-alert-security-update.click/login.php
83,19,4,1,0,0,1,0,0,33,2,4,0.1807,0.241,0,0,4.8782,1,http://115.144.67.175:8443/confirmation/payment-failed.aspx?verify=77618&user=login
77,13,4,1,0,0,1,0,0,33,2,4,0.1818,0.1948,0,0,4.8773,1,http://119.114.42.51/confirmation/payment-failed.aspx?verify=54036&user=login
20,5,1,0,0,0,0,0,1,8,0,0,0.25,0.2,0,0,3.9842,1,http://rb.gy/sec7538
77,42,2,5,0,0,0,0,0,28,0,4,0.1558,0.0,0,1,4.4479,1,http://instagram-badge-verify-security-update.xyz/wallet/recovery-phrase.html
70,35,2,4,0,0,0,0,0,28,0,4,0.1571,0.0,0,1,4.3874,1,http://netflix-billing-security-update.vip/wallet/recovery-phrase.html
83,53,5,3,0,3,0,0,0,14,0,2,0.1687,0.0241,0,1,4.4994,1,http://amazon-support.paypal.com.account-verification-71.xyz/authorize.cgi?session=
26,11,1,0,0,0,0,0,1,8,0,0,0.1923,0.1538,0,0,4.056,1,http://tinyurl.com/act1195
77,45,4,3,0,3,0,0,0,25,0,2,0.1818,0.026,0,1,4.3586,1,http://appleid.apple.com.account-verification-93.xyz/secure/portal/client-id/
78,19,3,2,0,0,1,0,0,28,2,4,0.1923,0.2564,0,0,4.9419,1,http://171.139.234.82:3000/update-billing-information/?verify=37686&user=login
94,64,5,4,0,3,0,0,0,14,0,2,0.1596,0.0213,0,1,4.53,1,http://instagram-badge-verify.microsoft.com.account-verification-90.xyz/authorize.cgi?session=
82,30,2,3,0,0,0,0,0,30,1,2,0.1463,0.0732,0,1,4.6001,1,http://appleid-verification-secure.ga/security-checkpoint/index.php?session=219685
66,12,4,0,0,0,1,0,0,14,2,2,0.2121,0.2121,0,0,4.7164,1,http://214.74.22.95/authorize.cgi?session=?verify=49711&user=login
68,17,4,1,0,0,1,0,0,20,2,3,0.2059,0.2647,0,0,4.8849,1,http://114.98.4.134:3000/verify-account.html?verify=21270&user=login
81,54,5,4,0,3,0,0,0,20,0,2,0.1605,0.0247,0,1,4.4284,1,http://usps-redelivery.google.com.account-verification-39.top/verify-account.html
22,7,1,0,0,0,0,0,1,8,0,0,0.2273,0.1818,0,0,3.6978,1,http://cutt.ly/sec5513
68,12,3,1,0,0,1,0,0,25,2,3,0.2206,0.2059,0,0,4.7913,1,http://90.86.142.78/secure/portal/client-id/?verify=86960&user=login
97,42,2,4,0,0,0,0,0,33,1,4,0.134,0.0619,0,1,4.6665,1,http://wellsfargo-security-verification-update.tk/confirmation/payment-failed.aspx?session=698400
20,5,1,0,0,0,0,0,1,8,0,0,0.25,0.2,0,0,3.8464,1,http://rb.gy/act6042
93,61,4,4,0,3,0,0,0,25,0,2,0.1613,0.0215,0,1,4.301,1,http://metamask-validation.microsoft.com.account-verification-15.vip/secure/portal/client-id/
27,11,1,0,0,0,0,0,1,9,0,0,0.1852,0.1481,0,0,4.0603,1,http://tinyurl.com/auth4459
86,39,1,4,0,0,0,0,0,25,1,2,0.1628,0.0698,0,1,4.6262,1,http://facebook-security-verification-auth.xyz/secure/portal/client-id/?session=879931
73,14,4,1,0,0,1,0,0,28,2,3,0.1918,0.2192,0,0,4.7996,1,http://135.10.135.187/wallet/recovery-phrase.html?verify=18470&user=login
76,53,4,3,0,3,0,0,0,16,0,2,0.1711,0.0263,0,1,4.3622,1,http://chase-verify.microsoft.com.account-verification-90.gq/dispute/center/
21,5,1,0,0,0,0,0,1,9,0,0,0.2381,0.1905,0,0,3.749,1,http://rb.gy/auth5059
21,6,1,0,0,0,0,0,1,8,0,0,0.2381,0.1905,0,0,3.8442,1,http://bit.ly/sec1571
87,55,4,4,0,3,0,0,0,25,0,2,0.1724,0.023,0,1,4.3307,1,http://usps-redelivery.apple.com.account-verification-12.click/secure/portal/client-id/
93,58,4,5,0,3,0,0,0,28,0,3,0.1505,0.0215,0,0,4.3514,1,http://metamask-validation.google.com.account-verification-50.icu/update-billing-information/
66,12,4,0,0,0,1,0,0,14,2,2,0.2121,0.2121,0,0,4.7467,1,http://88.3.176.148/authorize.cgi?session=?verify=16675&user=login
76,38,1,3,0,0,0,0,0,16,1,2,0.1579,0.0789,0,1,4.4978,1,http://microsoft-login-verification-update.tk/dispute/center/?session=625425
71,15,3,1,0,0,1,0,0,25,2,3,0.2113,0.2394,0,0,4.7781,1,http://112.249.105.246/secure/portal/client-id/?verify=23454&user=login
77,30,1,3,0,0,0,0,0,25,1,1,0.1688,0.0779,0,0,4.4615,1,http://paypal-verification-portal.icu/secure/portal/client-id/?session=408341
69,34,1,5,0,0,0,0,0,28,0,4,0.1594,0.0,0,0,4.2953,1,http://amazon-support-security-update.icu/update-billing-information/
83,46,5,3,0,3,0,0,0,30,0,2,0.1566,0.0241,0,1,4.3337,1,http://appleid.paypal.com.account-verification-51.top/security-checkpoint/index.php
92,57,5,4,0,3,0,0,0,28,0,2,0.1522,0.0217,0,1,4.4008,1,http://metamask-validation.google.com.account-verification-66.ga/wallet/recovery-phrase.html
89,38,1,3,0,0,0,0,0,12,1,3,0.1461,0.0674,0,1,4.6228,1,http://amazon-support-verification-portal.xyz/signin/auth?redirect=account?session=542188
78,14,4,1,0,0,1,0,0,33,2,4,0.1795,0.2051,0,0,4.8734,1,http://43.113.104.152/confirmation/payment-failed.aspx?verify=32572&user=login
77,39,1,3,0,0,0,0,0,16,1,1,0.1558,0.0779,0,1,4.4201,1,http://usps-redelivery-verification-update.vip/dispute/center/?session=424093
20,5,1,0,0,0,0,0,1,8,0,0,0.25,0.2,0,0,3.8842,1,http://rb.gy/sec8638
84,39,2,3,0,0,0,0,0,14,1,2,0.1548,0.0714,0,1,4.5886,1,http://netflix-billing-verification-secure.xyz/authorize.cgi?session=?session=198616
71,34,2,4,0,0,0,0,0,30,0,3,0.1549,0.0,0,1,4.3784,1,http://microsoft-login-security-update.gq/security-checkpoint/index.php
70,35,2,4,0,0,0,0,0,28,0,4,0.1571,0.0,0,1,4.3221,1,http://microsoft-login-security-update.top/wallet/recovery-phrase.html
76,12,4,1,0,0,1,0,0,33,2,4,0.1842,0.1842,0,0,4.904,1,http://78.68.197.27/confirmation/payment-failed.aspx?verify=44240&user=login
95,55,5,4,0,3,0,0,0,33,0,3,0.1474,0.0211,0,1,4.4323,1,http://usps-redelivery.apple.com.account-verification-86.click/confirmation/payment-failed.aspx
79,56,4,3,0,3,0,0,0,16,0,1,0.1646,0.0253,0,1,4.3427,1,http://usps-redelivery.microsoft.com.account-verification-24.ml/dispute/center/
74,36,1,3,0,0,0,0,0,16,1,1,0.1622,0.0811,0,1,4.4272,1,http://binance-trade-verification-secure.gq/dispute/center/?session=630560
55,38,2,3,0,0,0,0,0,10,0,3,0.1636,0.0,0,1,4.3035,1,http://metamask-validation-security-update.ga/login.php
83,53,5,3,0,3,0,0,0,14,0,2,0.1687,0.0241,0,1,4.3868,1,http://chase-verify.microsoft.com.account-verification-95.ga/authorize.cgi?session=
56,26,2,2,0,0,0,0,0,14,0,2,0.1786,0.0,0,1,4.337,1,http://paypal-security-update.vip/authorize.cgi?session=
93,56,5,4,0,3,0,0,0,30,0,3,0.1505,0.0215,0,1,4.3176,1,http://amazon-support.microsoft.com.account-verification-44.top/security-checkpoint/index.php
73,14,4,1,0,0,1,0,0,28,2,3,0.1918,0.2192,0,0,4.8167,1,http://214.44.112.178/wallet/recovery-phrase.html?verify=35071&user=login
96,61,5,4,0,3,0,0,0,28,0,3,0.1458,0.0208,0,1,4.4801,1,http://wellsfargo-security.microsoft.com.account-verification-59.xyz/wallet/recovery-phrase.html
69,18,4,1,0,0,1,0,0,20,2,3,0.2029,0.2754,0,0,4.929,1,http://153.51.37.210:8443/verify-account.html?verify=37239&user=login
78,17,4,1,0,0,1,0,0,30,2,3,0.1923,0.2308,0,0,4.843,1,http://187.93.89.19:8000/security-checkpoint/index.php?verify=27370&user=login
22,7,1,0,0,0,0,0,1,8,0,0,0.2273,0.1818,0,0,3.4817,1,http://cutt.ly/pay8884
80,48,4,3,0,3,0,0,0,25,0,2,0.175,0.025,0,1,4.2743,1,http://paypal.microsoft.com.account-verification-74.top/secure/portal/client-id/
21,6,1,0,0,0,0,0,1,8,0,0,0.2381,0.1905,0,0,3.6897,1,http://bit.ly/act9611
74,29,2,2,0,0,0,0,0,14,1,1,0.1622,0.0811,0,1,4.623,1,http://paypal-verification-update.ga/authorize.cgi?session=?session=175309
88,36,2,4,0,0,0,0,0,30,1,1,0.1477,0.0682,0,1,4.5746,1,http://coinbase-auth-verification-portal.cf/security-checkpoint/index.php?session=134203
26,11,1,0,0,0,0,0,1,8,0,0,0.1923,0.1538,0,0,4.1039,1,http://tinyurl.com/pay9007
26,11,1,0,0,0,0,0,1,8,0,0,0.1923,0.1538,0,0,4.1039,1,http://tinyurl.com/pay7663
69,33,1,3,0,0,0,0,0,12,1,5,0.1594,0.0,0,1,4.3548,1,http://chase-verify-security-update.work/signin/auth?redirect=account
87,42,2,3,0,0,0,0,0,14,1,2,0.1494,0.069,0,1,4.5934,1,http://wellsfargo-security-verification-update.ga/authorize.cgi?session=?session=568877
21,5,1,0,0,0,0,0,1,9,0,0,0.2381,0.1905,0,0,3.749,1,http://rb.gy/auth5774
65,33,1,4,0,0,0,0,0,25,0,3,0.1846,0.0,0,1,4.1794,1,http://dhl-tracking-security-update.loan/secure/portal/client-id/
73,19,4,0,0,0,1,0,0,14,2,2,0.2055,0.274,0,0,4.907,1,http://159.163.217.75:3000/authorize.cgi?session=?verify=48564&user=login
97,57,5,4,0,3,0,0,0,33,0,5,0.1443,0.0206,0,1,4.3506,1,http://bankofamerica-alert.paypal.com.account-verification-72.cf/confirmation/payment-failed.aspx
100,60,5,5,0,3,0,0,0,33,0,4,0.15,0.02,0,1,4.4326,1,http://instagram-badge-verify.apple.com.account-verification-62.vip/confirmation/payment-failed.aspx
21,6,1,0,0,0,0,0,1,8,0,0,0.2381,0.1905,0,0,3.6897,1,http://bit.ly/act4766
72,40,1,4,0,0,0,0,0,25,0,3,0.1667,0.0,0,1,4.2613,1,http://metamask-validation-security-update.work/secure/portal/client-id/
77,35,2,4,0,0,0,0,0,20,1,3,0.1558,0.0779,0,1,4.5211,1,http://chase-verify-verification-secure.cf/verify-account.html?session=516109
73,19,4,0,0,0,1,0,0,14,2,2,0.2055,0.274,0,0,4.739,1,http://193.183.199.53:3000/authorize.cgi?session=?verify=88233&user=login
76,16,3,0,0,0,1,0,0,12,2,4,0.1974,0.2237,0,0,4.8202,1,http://98.63.78.11:8443/signin/auth?redirect=account?verify=36175&user=login
75,19,3,1,0,0,1,0,0,25,2,3,0.2133,0.2667,0,0,4.7603,1,http://178.82.204.250:8080/secure/portal/client-id/?verify=12060&user=login
79,19,3,0,0,0,1,0,0,12,2,4,0.1899,0.2532,0,0,4.8735,1,http://112.104.72.139:8443/signin/auth?redirect=account?verify=65492&user=login
84,33,1,2,0,0,0,0,0,12,1,3,0.1429,0.0714,0,1,4.4777,1,http://appleid-verification-secure.click/signin/auth?redirect=account?session=625056
91,39,2,4,0,0,0,0,0,30,1,3,0.1429,0.0659,0,1,4.6552,1,http://microsoft-login-verification-secure.xyz/security-checkpoint/index.php?session=912534
27,11,1,0,0,0,0,0,1,9,0,0,0.1852,0.1481,0,0,4.0603,1,http://tinyurl.com/auth9915
65,18,3,0,0,0,1,0,0,16,2,2,0.2154,0.2923,0,0,4.7032,1,http://103.125.63.67:8000/dispute/center/?verify=21070&user=login
78,14,4,1,0,0,1,0,0,33,2,4,0.1795,0.2051,0,0,4.899,1,http://183.97.199.110/confirmation/payment-failed.aspx?verify=34032&user=login
86,34,2,4,0,0,0,0,0,30,1,1,0.1512,0.0698,0,1,4.5344,1,http://coinbase-auth-verification-auth.tk/security-checkpoint/index.php?session=516471
80,19,4,1,0,0,1,0,0,30,2,3,0.1875,0.25,0,0,4.9251,1,http://47.106.234.254:8443/security-checkpoint/index.php?verify=74809&user=login
83,36,1,4,0,0,0,0,0,25,1,1,0.1687,0.0723,0,0,4.4905,1,http://dhl-tracking-verification-secure.icu/secure/portal/client-id/?session=830134
92,42,2,4,0,0,0,0,0,28,1,2,0.1413,0.0652,0,1,4.6162,1,http://metamask-validation-verification-secure.cf/wallet/recovery-phrase.html?session=145206
55,38,2,3,0,0,0,0,0,10,0,3,0.1636,0.0,0,1,4.3607,1,http://wellsfargo-security-security-update.ml/login.php
59,18,4,0,0,0,1,0,0,10,2,2,0.2203,0.322,0,0,4.6177,1,http://30.83.222.123:3000/login.php?verify=61731&user=login
79,41,1,3,0,0,0,0,0,16,1,2,0.1519,0.0759,0,1,4.479,1,http://microsoft-login-verification-secure.click/dispute/center/?session=600814
22,7,1,0,0,0,0,0,1,8,0,0,0.2273,0.1818,0,0,3.6978,1,http://cutt.ly/pay7924
90,43,1,4,0,0,0,0,0,25,1,1,0.1556,0.0667,0,1,4.4513,1,http://metamask-validation-verification-secure.top/secure/portal/client-id/?session=948847
26,11,1,0,0,0,0,0,1,8,0,0,0.1923,0.1538,0,0,4.1808,1,http://tinyurl.com/sec5766
75,19,3,1,0,0,1,0,0,25,2,3,0.2133,0.2667,0,0,4.7935,1,http://124.245.58.121:8080/secure/portal/client-id/?verify=99902&user=login
61,29,2,2,0,0,0,0,0,10,1,1,0.1639,0.0984,0,1,4.525,1,http://paypal-verification-portal.tk/login.php?session=457867
20,5,1,0,0,0,0,0,1,8,0,0,0.25,0.2,0,0,3.6842,1,http://rb.gy/pay7517
71,17,4,0,0,0,1,0,0,14,2,2,0.2113,0.2535,0,0,4.7957,1,http://134.2.162.46:8000/authorize.cgi?session=?verify=47410&user=login
20,5,1,0,0,0,0,0,1,8,0,0,0.25,0.2,0,0,3.7842,1,http://rb.gy/pay2034
82,35,1,4,0,0,0,0,0,25,1,3,0.1707,0.0732,0,1,4.4592,1,http://chase-verify-verification-update.cf/secure/portal/client-id/?session=222897
88,52,4,3,0,3,0,0,0,12,1,3,0.1591,0.0227,0,1,4.4308,1,http://chase-verify.apple.com.account-verification-32.click/signin/auth?redirect=account
89,37,2,4,0,0,0,0,0,30,1,1,0.1461,0.0674,0,1,4.6242,1,http://binance-trade-verification-portal.xyz/security-checkpoint/index.php?session=138978
73,19,4,0,0,0,1,0,0,14,2,2,0.2055,0.274,0,0,4.7857,1,http://86.152.172.219:8000/authorize.cgi?session=?verify=58211&user=login
87,55,4,4,0,3,0,0,0,25,0,3,0.1724,0.023,0,1,4.3588,1,http://netflix-billing.paypal.com.account-verification-61.loan/secure/portal/client-id/
90,58,4,4,0,3,0,0,0,25,0,2,0.1667,0.0222,0,1,4.3897,1,http://usps-redelivery.microsoft.com.account-verification-16.work/secure/portal/client-id/
81,20,4,1,0,0,1,0,0,30,2,3,0.1852,0.2593,0,0,4.8615,1,http://132.209.162.213:8443/security-checkpoint/index.php?verify=66164&user=login
86,39,1,4,0,0,0,0,0,25,1,2,0.1628,0.0698,0,1,4.4895,1,http://coinbase-auth-verification-update.click/secure/portal/client-id/?session=353946
70,35,2,4,0,0,0,0,0,28,0,3,0.1571,0.0,0,1,4.2462,1,http://usps-redelivery-security-update.xyz/wallet/recovery-phrase.html
21,6,1,0,0,0,0,0,1,8,0,0,0.2381,0.1905,0,0,3.7849,1,http://bit.ly/act6508
76,46,5,2,0,3,0,0,0,14,0,1,0.1711,0.0263,0,1,4.4621,1,http://appleid.paypal.com.account-verification-69.vip/authorize.cgi?session=
68,14,4,0,0,0,1,0,0,14,2,2,0.2059,0.2353,0,0,4.7199,1,http://168.149.14.188/authorize.cgi?session=?verify=28980&user=login
73,14,4,1,0,0,1,0,0,28,2,3,0.1918,0.2192,0,0,4.7633,1,http://172.225.20.204/wallet/recovery-phrase.html?verify=87012&user=login
21,6,1,0,0,0,0,0,1,8,0,0,0.2381,0.1905,0,0,3.6897,1,http://bit.ly/act4161
94,39,2,4,0,0,0,0,0,33,1,4,0.1383,0.0638,0,1,4.6581,1,http://netflix-billing-verification-secure.xyz/confirmation/payment-failed.aspx?session=708893
64,37,2,5,0,0,0,0,0,20,0,4,0.1719,0.0,0,1,4.3741,1,http://google-drive-share-security-update.tk/verify-account.html
58,11,3,0,0,0,1,0,0,16,2,2,0.2241,0.2241,0,0,4.7504,1,http://32.80.104.8/dispute/center/?verify=98759&user=login
72,40,2,3,0,0,0,0,0,10,1,3,0.1528,0.0833,0,1,4.6241,1,http://bankofamerica-alert-verification-auth.ga/login.php?session=990458
77,18,3,2,0,0,1,0,0,28,2,4,0.1948,0.2468,0,0,4.8577,1,http://186.146.54.20:8000/update-billing-information/?verify=60636&user=login
61,34,2,4,0,0,0,0,0,20,0,5,0.1639,0.0,0,1,4.3852,1,http://netflix-billing-security-update.cf/verify-account.html
50,33,2,3,0,0,0,0,0,10,0,4,0.18,0.0,0,1,4.306,1,http://amazon-support-security-update.gq/login.php
82,37,2,3,0,0,0,0,0,14,1,2,0.1585,0.0732,0,1,4.5184,1,http://amazon-support-verification-secure.ml/authorize.cgi?session=?session=189878
20,5,1,0,0,0,0,0,1,8,0,0,0.25,0.2,0,0,3.9842,1,http://rb.gy/sec5834
89,54,5,4,0,3,0,0,0,28,0,2,0.1573,0.0225,0,1,4.4101,1,http://binance-trade.microsoft.com.account-verification-24.tk/wallet/recovery-phrase.html
78,19,4,1,0,0,1,0,0,28,2,3,0.1923,0.2564,0,0,4.888,1,http://152.19.154.230:8080/wallet/recovery-phrase.html?verify=64141&user=login
70,35,2,4,0,0,0,0,0,28,0,4,0.1571,0.0,0,0,4.3836,1,http://netflix-billing-security-update.icu/wallet/recovery-phrase.html
81,43,1,3,0,0,0,0,0,16,1,0,0.1481,0.0741,0,1,4.5849,1,http://metamask-validation-verification-portal.xyz/dispute/center/?session=487008
75,14,4,1,0,0,1,0,0,30,2,3,0.1867,0.2133,0,0,4.7908,1,http://131.205.111.62/security-checkpoint/index.php?verify=24342&user=login
80,30,1,4,0,0,0,0,0,28,1,2,0.15,0.075,0,1,4.5151,1,http://paypal-verification-portal.vip/update-billing-information/?session=945452
73,33,2,4,0,0,0,0,0,33,0,5,0.1507,0.0,0,1,4.3243,1,http://amazon-support-security-update.tk/confirmation/payment-failed.aspx
72,32,2,4,0,0,0,0,0,33,0,4,0.1528,0.0,0,1,4.4124,1,http://dhl-tracking-security-update.vip/confirmation/payment-failed.aspx
71,17,4,0,0,0,1,0,0,14,2,2,0.2113,0.2535,0,0,4.8483,1,http://54.76.149.43:8000/authorize.cgi?session=?verify=67711&user=login
73,36,2,4,0,0,0,0,0,30,0,2,0.1507,0.0,0,1,4.3295,1,http://facebook-security-security-update.ml/security-checkpoint/index.php
97,62,5,5,0,3,0,0,0,28,0,3,0.1546,0.0206,0,1,4.5246,1,http://instagram-badge-verify.paypal.com.account-verification-34.work/wallet/recovery-phrase.html
81,43,1,3,0,0,0,0,0,16,1,2,0.1481,0.0741,0,0,4.5596,1,http://wellsfargo-security-verification-update.icu/dispute/center/?session=748163
74,34,2,4,0,0,0,0,0,33,0,4,0.1486,0.0,0,1,4.3593,1,http://usps-redelivery-security-update.ga/confirmation/payment-failed.aspx
83,19,4,1,0,0,1,0,0,33,2,4,0.1807,0.241,0,0,4.9276,1,http://91.135.119.242:8080/confirmation/payment-failed.aspx?verify=82592&user=login
87,37,2,4,0,0,0,0,0,28,1,3,0.1494,0.069,0,1,4.6324,1,http://amazon-support-verification-update.ml/wallet/recovery-phrase.html?session=218830
71,12,3,2,0,0,1,0,0,28,2,4,0.1972,0.1972,0,0,4.8428,1,http://28.67.42.186/update-billing-information/?verify=48372&user=login
22,7,1,0,0,0,0,0,1,8,0,0,0.2273,0.1818,0,0,3.5338,1,http://cutt.ly/act6002
59,32,2,4,0,0,0,0,0,20,0,4,0.1695,0.0,0,1,4.2785,1,http://binance-trade-security-update.cf/verify-account.html
27,11,1,0,0,0,0,0,1,9,0,0,0.1852,0.1481,0,0,4.0603,1,http://tinyurl.com/auth2218
20,5,1,0,0,0,0,0,1,8,0,0,0.25,0.2,0,0,3.8464,1,http://rb.gy/act2514
21,5,1,0,0,0,0,0,1,9,0,0,0.2381,0.1905,0,0,3.6538,1,http://rb.gy/auth6262
87,52,5,4,0,3,0,0,0,28,0,2,0.1609,0.023,0,1,4.4302,1,http://dhl-tracking.paypal.com.account-verification-70.loan/wallet/recovery-phrase.html
21,6,1,0,0,0,0,0,1,8,0,0,0.2381,0.1905,0,0,3.749,1,http://bit.ly/pay5164
68,14,4,0,0,0,1,0,0,14,2,2,0.2059,0.2353,0,0,4.797,1,http://42.167.252.204/authorize.cgi?session=?verify=62863&user=login
53,12,4,0,0,0,1,0,0,10,2,2,0.2264,0.2642,0,0,4.7276,1,http://129.8.100.27/login.php?verify=24857&user=login
64,13,4,1,0,0,1,0,0,20,2,3,0.2031,0.2344,0,0,4.8221,1,http://183.33.116.55/verify-account.html?verify=97119&user=login
67,31,1,3,0,0,0,0,0,12,1,5,0.1642,0.0,0,1,4.2788,1,http://chase-verify-security-update.tk/signin/auth?redirect=account
101,61,5,5,0,3,0,0,0,33,0,4,0.1485,0.0198,0,1,4.5078,1,http://instagram-badge-verify.google.com.account-verification-43.xyz/confirmation/payment-failed.aspx
78,17,4,1,0,0,1,0,0,30,2,3,0.1923,0.2308,0,0,4.8624,1,http://18.17.146.17:8000/security-checkpoint/index.php?verify=27023&user=login
57,27,2,2,0,0,0,0,0,14,0,2,0.1754,0.0,0,1,4.3135,1,http://appleid-security-update.vip/authorize.cgi?session=
91,54,5,4,0,3,0,0,0,30,0,3,0.1538,0.022,0,1,4.3937,1,http://microsoft-login.paypal.com.account-verification-36.top/security-checkpoint/index.php
81,54,5,4,0,3,0,0,0,20,0,2,0.1605,0.0247,0,0,4.2722,1,http://chase-verify.microsoft.com.account-verification-25.icu/verify-account.html
103,63,5,5,0,3,0,0,0,33,0,4,0.1456,0.0194,0,1,4.4569,1,http://instagram-badge-verify.microsoft.com.account-verification-65.gq/confirmation/payment-failed.aspx
92,41,1,4,0,0,0,0,0,12,1,2,0.1522,0.0652,0,1,4.5039,1,http://google-drive-share-verification-portal.ga/signin/auth?redirect=account?session=983906
66,15,4,1,0,0,1,0,0,20,2,3,0.197,0.2576,0,0,4.9266,1,http://175.109.230.226/verify-account.html?verify=20385&user=login
55,38,2,4,0,0,0,0,0,10,0,3,0.1818,0.0,0,1,4.2068,1,http://google-drive-share-security-update.top/login.php
89,39,2,4,0,0,0,0,0,28,1,2,0.1461,0.0674,0,0,4.5009,1,http://usps-redelivery-verification-secure.icu/wallet/recovery-phrase.html?session=743177
92,37,2,4,0,0,0,0,0,33,1,3,0.1413,0.0652,0,1,4.5754,1,http://netflix-billing-verification-auth.vip/confirmation/payment-failed.aspx?session=509899
96,59,5,4,0,3,0,0,0,30,0,2,0.1458,0.0208,0,1,4.5179,1,http://wellsfargo-security.paypal.com.account-verification-64.work/security-checkpoint/index.php
76,49,5,4,0,3,0,0,0,20,0,2,0.1711,0.0263,0,1,4.3826,1,http://dhl-tracking.apple.com.account-verification-65.cf/verify-account.html
68,51,5,3,0,3,0,0,0,10,0,2,0.1765,0.0294,0,1,4.3215,1,http://dhl-tracking.paypal.com.account-verification-51.top/login.php
22,7,1,0,0,0,0,0,1,8,0,0,0.2273,0.1818,0,0,3.7888,1,http://cutt.ly/sec2574
27,11,1,0,0,0,0,0,1,9,0,0,0.1852,0.1481,0,0,4.0603,1,http://tinyurl.com/auth2707
92,41,1,3,0,0,0,0,0,12,1,4,0.1413,0.0652,0,1,4.5492,1,http://facebook-security-verification-update.vip/signin/auth?redirect=account?session=763472
60,13,3,0,0,0,1,0,0,16,2,2,0.2167,0.25,0,0,4.7488,1,http://204.176.4.243/dispute/center/?verify=99645&user=login
74,15,4,1,0,0,1,0,0,28,2,3,0.1892,0.2297,0,0,4.8921,1,http://174.124.138.110/wallet/recovery-phrase.html?verify=69358&user=login
20,5,1,0,0,0,0,0,1,8,0,0,0.25,0.2,0,0,3.8842,1,http://rb.gy/sec2826
74,13,4,1,0,0,1,0,0,30,2,3,0.1892,0.2027,0,0,4.7804,1,http://81.28.179.173/security-checkpoint/index.php?verify=93719&user=login
101,65,4,4,0,3,0,0,0,12,1,3,0.1485,0.0198,0,1,4.471,1,http://instagram-badge-verify.microsoft.com.account-verification-40.work/signin/auth?redirect=account
80,57,4,3,0,3,0,0,0,16,0,2,0.1625,0.025,0,0,4.342,1,http://netflix-billing.microsoft.com.account-verification-70.icu/dispute/center/
84,42,2,4,0,0,0,0,0,20,1,3,0.1429,0.0714,0,1,4.5773,1,http://metamask-validation-verification-update.tk/verify-account.html?session=797149
69,34,2,4,0,0,0,0,0,28,0,3,0.1594,0.0,0,1,4.1982,1,http://usps-redelivery-security-update.ga/wallet/recovery-phrase.html
71,39,2,3,0,0,0,0,0,10,1,2,0.1549,0.0845,0,1,4.6597,1,http://microsoft-login-verification-update.xyz/login.php?session=366456
65,14,4,1,0,0,1,0,0,20,2,3,0.2,0.2462,0,0,4.8641,1,http://214.145.55.122/verify-account.html?verify=77939&user=login
68,51,5,3,0,3,0,0,0,10,0,2,0.1765,0.0294,0,1,4.3542,1,http://coinbase-auth.google.com.account-verification-89.gq/login.php
86,51,5,4,0,3,0,0,0,28,0,3,0.1628,0.0233,0,1,4.4461,1,http://chase-verify.paypal.com.account-verification-14.xyz/wallet/recovery-phrase.html
67,40,2,4,0,0,0,0,0,20,0,4,0.1493,0.0,0,1,4.379,1,http://wellsfargo-security-security-update.loan/verify-account.html
79,39,2,4,0,0,0,0,0,33,0,4,0.1392,0.0,0,1,4.37,1,http://wellsfargo-security-security-update.top/confirmation/payment-failed.aspx
62,39,1,3,0,0,0,0,0,16,0,4,0.1613,0.0,0,1,4.2318,1,http://bankofamerica-alert-security-update.vip/dispute/center/
81,54,5,4,0,3,0,0,0,20,0,3,0.1605,0.0247,0,0,4.2876,1,http://microsoft-login.google.com.account-verification-21.icu/verify-account.html
75,45,5,2,0,3,0,0,0,14,0,1,0.1733,0.0267,0,1,4.4372,1,http://appleid.google.com.account-verification-75.ga/authorize.cgi?session=
21,6,1,0,0,0,0,0,1,8,0,0,0.2381,0.1905,0,0,3.9395,1,http://bit.ly/sec7451
72,18,4,0,0,0,1,0,0,14,2,2,0.2083,0.2639,0,0,4.8032,1,http://206.32.39.246:8080/authorize.cgi?session=?verify=86358&user=login
92,56,4,3,0,3,0,0,0,12,1,3,0.1522,0.0217,0,1,4.4647,1,http://wellsfargo-security.apple.com.account-verification-40.ga/signin/auth?redirect=account
72,13,4,1,0,0,1,0,0,28,2,3,0.1944,0.2083,0,0,4.7618,1,http://58.85.100.125/wallet/recovery-phrase.html?verify=10302&user=login
26,11,1,0,0,0,0,0,1,8,0,0,0.1923,0.1538,0,0,4.1329,1,http://tinyurl.com/act8027
70,19,4,1,0,0,1,0,0,20,2,3,0.2,0.2857,0,0,4.8987,1,http://119.45.177.118:8000/verify-account.html?verify=34835&user=login
81,51,5,3,0,3,0,0,0,14,0,2,0.1728,0.0247,0,0,4.4224,1,http://chase-verify.google.com.account-verification-34.icu/authorize.cgi?session=
86,41,2,3,0,0,0,0,0,14,1,2,0.1512,0.0698,0,0,4.5502,1,http://bankofamerica-alert-verification-auth.icu/authorize.cgi?session=?session=343818
20,5,1,0,0,0,0,0,1,8,0,0,0.25,0.2,0,0,3.8464,1,http://rb.gy/act3947
61,14,3,0,0,0,1,0,0,16,2,2,0.2131,0.2623,0,0,4.6809,1,http://184.230.80.185/dispute/center/?verify=43112&user=login
84,33,1,2,0,0,0,0,0,12,1,3,0.1429,0.0714,0,1,4.518,1,http://appleid-verification-update.click/signin/auth?redirect=account?session=604520
88,56,4,4,0,3,0,0,0,25,0,3,0.1705,0.0227,0,0,4.2789,1,http://amazon-support.microsoft.com.account-verification-68.icu/secure/portal/client-id/
55,14,4,0,0,0,1,0,0,10,2,2,0.2182,0.2909,0,0,4.7536,1,http://169.182.158.74/login.php?verify=96836&user=login
77,60,5,3,0,3,0,0,0,10,0,3,0.1558,0.026,0,1,4.397,1,http://wellsfargo-security.microsoft.com.account-verification-83.cf/login.php
78,55,4,3,0,3,0,0,0,16,0,1,0.1667,0.0256,0,1,4.4491,1,http://usps-redelivery.google.com.account-verification-87.work/dispute/center/
85,35,1,5,0,0,0,0,0,28,1,2,0.1529,0.0706,0,0,4.5198,1,http://coinbase-auth-verification-auth.icu/update-billing-information/?session=612295
86,36,1,5,0,0,0,0,0,28,1,2,0.1512,0.0698,0,1,4.4898,1,http://binance-trade-verification-auth.work/update-billing-information/?session=333336
81,39,2,4,0,0,0,0,0,20,1,3,0.1481,0.0741,0,1,4.6765,1,http://microsoft-login-verification-portal.xyz/verify-account.html?session=206931
21,6,1,0,0,0,0,0,1,8,0,0,0.2381,0.1905,0,0,3.6538,1,http://bit.ly/pay4399
52,11,4,0,0,0,1,0,0,10,2,2,0.2308,0.25,0,0,4.6424,1,http://38.8.122.85/login.php?verify=33346&user=login
93,56,5,4,0,3,0,0,0,30,0,2,0.1505,0.0215,0,1,4.3764,1,http://coinbase-auth.microsoft.com.account-verification-23.loan/security-checkpoint/index.php
93,43,1,5,0,0,0,0,0,28,1,4,0.1398,0.0645,0,1,4.5367,1,http://bankofamerica-alert-verification-portal.vip/update-billing-information/?session=290169
82,37,2,3,0,0,0,0,0,14,1,2,0.1585,0.0732,0,1,4.5298,1,http://chase-verify-verification-secure.loan/authorize.cgi?session=?session=923501
73,35,1,3,0,0,0,0,0,16,1,1,0.1644,0.0822,0,1,4.5027,1,http://dhl-tracking-verification-update.tk/dispute/center/?session=419193
71,39,2,3,0,0,0,0,0,10,1,2,0.1549,0.0845,0,1,4.6302,1,http://amazon-support-verification-portal.work/login.php?session=652381
75,52,4,3,0,3,0,0,0,16,0,1,0.1733,0.0267,0,1,4.3354,1,http://binance-trade.apple.com.account-verification-31.work/dispute/center/
69,13,3,1,0,0,1,0,0,25,2,3,0.2174,0.2174,0,0,4.7442,1,http://68.244.253.29/secure/portal/client-id/?verify=34353&user=login
70,38,2,3,0,0,0,0,0,10,1,2,0.1571,0.0857,0,1,4.5047,1,http://coinbase-auth-verification-secure.loan/login.php?session=747255
62,35,2,4,0,0,0,0,0,20,0,5,0.1613,0.0,0,1,4.4473,1,http://microsoft-login-security-update.xyz/verify-account.html
61,14,3,0,0,0,1,0,0,16,2,2,0.2131,0.2623,0,0,4.7589,1,http://125.216.140.78/dispute/center/?verify=81364&user=login
80,35,2,3,0,0,0,0,0,14,1,0,0.1625,0.075,0,0,4.4963,1,http://binance-trade-verification-auth.icu/authorize.cgi?session=?session=876396
88,37,1,3,0,0,0,0,0,12,1,4,0.1477,0.0682,0,1,4.5085,1,http://amazon-support-verification-secure.cf/signin/auth?redirect=account?session=567022
74,13,4,1,0,0,1,0,0,30,2,3,0.1892,0.2027,0,0,4.8717,1,http://182.65.148.69/security-checkpoint/index.php?verify=58004&user=login
87,57,5,3,0,3,0,0,0,14,0,2,0.1609,0.023,0,1,4.5198,1,http://facebook-security.paypal.com.account-verification-11.work/authorize.cgi?session=
69,13,3,1,0,0,1,0,0,25,2,3,0.2174,0.2174,0,0,4.8022,1,http://93.234.60.236/secure/portal/client-id/?verify=77998&user=login
84,42,2,4,0,0,0,0,0,20,1,4,0.1429,0.0714,0,1,4.5856,1,http://bankofamerica-alert-verification-auth.loan/verify-account.html?session=799542
72,13,3,2,0,0,1,0,0,28,2,4,0.1944,0.2083,0,0,4.8415,1,http://210.131.8.171/update-billing-information/?verify=84009&user=login
26,11,1,0,0,0,0,0,1,8,0,0,0.1923,0.1538,0,0,4.056,1,http://tinyurl.com/act1949
81,43,1,4,0,0,0,0,0,16,1,1,0.1605,0.0741,0,1,4.5496,1,http://google-drive-share-verification-update.work/dispute/center/?session=680212
86,36,2,4,0,0,0,0,0,28,1,2,0.1512,0.0698,0,1,4.6466,1,http://dhl-tracking-verification-update.vip/wallet/recovery-phrase.html?session=329828
75,35,2,4,0,0,0,0,0,33,0,5,0.1467,0.0,0,1,4.4034,1,http://microsoft-login-security-update.xyz/confirmation/payment-failed.aspx
91,55,4,3,0,3,0,0,0,12,1,3,0.1538,0.022,0,1,4.3334,1,http://amazon-support.microsoft.com.account-verification-14.cf/signin/auth?redirect=account
66,26,2,3,0,0,0,0,0,33,0,4,0.1515,0.0,0,1,4.2266,1,http://paypal-security-update.top/confirmation/payment-failed.aspx
76,38,1,3,0,0,0,0,0,16,1,2,0.1579,0.0789,0,1,4.5295,1,http://netflix-billing-verification-secure.ml/dispute/center/?session=927082
78,19,4,1,0,0,1,0,0,28,2,3,0.1923,0.2564,0,0,4.8784,1,http://194.111.179.24:8000/wallet/recovery-phrase.html?verify=38864&user=login
79,18,4,1,0,0,1,0,0,30,2,3,0.1899,0.2405,0,0,4.9494,1,http://163.63.126.53:8443/security-checkpoint/index.php?verify=99807&user=login
68,14,4,0,0,0,1,0,0,14,2,2,0.2059,0.2353,0,0,4.7508,1,http://69.125.127.160/authorize.cgi?session=?verify=11103&user=login
100,45,2,5,0,0,0,0,0,33,1,3,0.14,0.06,0,1,4.5836,1,http://instagram-badge-verify-verification-portal.tk/confirmation/payment-failed.aspx?session=202259
72,13,3,2,0,0,1,0,0,28,2,4,0.1944,0.2083,0,0,4.9299,1,http://14.74.253.236/update-billing-information/?verify=15909&user=login
78,38,2,4,0,0,0,0,0,33,0,4,0.141,0.0,0,1,4.3935,1,http://wellsfargo-security-security-update.ml/confirmation/payment-failed.aspx
94,42,2,5,0,0,0,0,0,30,1,2,0.1489,0.0638,0,1,4.5847,1,http://google-drive-share-verification-update.vip/security-checkpoint/index.php?session=233146
98,62,4,3,0,3,0,0,0,12,1,2,0.1429,0.0204,0,1,4.3991,1,http://metamask-validation.microsoft.com.account-verification-28.work/signin/auth?redirect=account
86,51,5,4,0,3,0,0,0,28,0,2,0.1628,0.0233,0,1,4.4312,1,http://dhl-tracking.paypal.com.account-verification-27.top/wallet/recovery-phrase.html
78,55,4,3,0,3,0,0,0,16,0,2,0.1667,0.0256,0,1,4.4467,1,http://netflix-billing.google.com.account-verification-91.work/dispute/center/
64,17,3,0,0,0,1,0,0,16,2,2,0.2188,0.2812,0,0,4.8088,1,http://44.7.209.116:8080/dispute/center/?verify=55296&user=login
60,25,2,3,0,0,0,0,0,28,0,3,0.1667,0.0,0,1,4.1859,1,http://paypal-security-update.cf/wallet/recovery-phrase.html
22,7,1,0,0,0,0,0,1,8,0,0,0.2273,0.1818,0,0,3.6978,1,http://cutt.ly/sec9800
76,20,3,1,0,0,1,0,0,25,2,3,0.2105,0.2763,0,0,4.8941,1,http://156.155.193.206:3000/secure/portal/client-id/?verify=44478&user=login
81,51,5,3,0,3,0,0,0,14,0,1,0.1728,0.0247,0,1,4.541,1,http://dhl-tracking.google.com.account-verification-99.xyz/authorize.cgi?session=
22,6,1,0,0,0,0,0,1,9,0,0,0.2273,0.1818,0,0,3.7888,1,http://bit.ly/auth5317
88,51,5,4,0,3,0,0,0,30,0,3,0.1591,0.0227,0,1,4.4577,1,http://chase-verify.paypal.com.account-verification-17.xyz/security-checkpoint/index.php
22,7,1,0,0,0,0,0,1,8,0,0,0.2273,0.1818,0,0,3.6978,1,http://cutt.ly/sec7060
23,7,1,0,0,0,0,0,1,9,0,0,0.2174,0.1739,0,0,3.6381,1,http://cutt.ly/auth8935
70,43,5,3,0,3,0,0,0,20,0,2,0.1714,0.0286,0,1,4.3055,1,http://paypal.apple.com.account-verification-60.tk/verify-account.html
20,5,1,0,0,0,0,0,1,8,0,0,0.25,0.2,0,0,3.8464,1,http://rb.gy/act4976
63,12,4,1,0,0,1,0,0,20,2,3,0.2063,0.2222,0,0,4.9015,1,http://17.19.58.227/verify-account.html?verify=49743&user=login
69,15,4,0,0,0,1,0,0,14,2,2,0.2029,0.2464,0,0,4.8078,1,http://100.189.162.138/authorize.cgi?session=?verify=12504&user=login
94,57,5,5,0,3,0,0,0,30,0,2,0.1596,0.0213,0,1,4.5037,1,http://google-drive-share.google.com.account-verification-76.xyz/security-checkpoint/index.php
61,44,5,2,0,3,0,0,0,10,0,2,0.1803,0.0328,0,1,4.248,1,http://paypal.paypal.com.account-verification-47.tk/login.php
72,13,4,1,0,0,1,0,0,28,2,3,0.1944,0.2083,0,0,4.8661,1,http://16.75.183.106/wallet/recovery-phrase.html?verify=43019&user=login
70,38,1,4,0,0,0,0,0,25,0,5,0.1714,0.0,0,1,4.2979,1,http://bankofamerica-alert-security-update.gq/secure/portal/client-id/
86,51,5,4,0,3,0,0,0,28,0,2,0.1628,0.0233,0,1,4.3886,1,http://coinbase-auth.google.com.account-verification-66.ga/wallet/recovery-phrase.html
62,26,1,2,0,0,0,0,0,12,1,4,0.1613,0.0,0,1,4.2585,1,http://appleid-security-update.ml/signin/auth?redirect=account
20,5,1,0,0,0,0,0,1,8,0,0,0.25,0.2,0,0,3.7464,1,http://rb.gy/act2296
77,18,4,1,0,0,1,0,0,28,2,3,0.1948,0.2468,0,0,4.83,1,http://140.29.44.171:3000/wallet/recovery-phrase.html?verify=33184&user=login
22,7,1,0,0,0,0,0,1,8,0,0,0.2273,0.1818,0,0,3.6978,1,http://cutt.ly/sec2925
86,50,4,3,0,3,0,0,0,12,1,2,0.1628,0.0233,0,1,4.4804,1,http://dhl-tracking.paypal.com.account-verification-23.gq/signin/auth?redirect=account
74,44,5,2,0,3,0,0,0,14,0,1,0.1757,0.027,0,1,4.478,1,http://paypal.google.com.account-verification-42.ml/authorize.cgi?session=
68,14,4,0,0,0,1,0,0,14,2,2,0.2059,0.2353,0,0,4.6515,1,http://172.111.176.71/authorize.cgi?session=?verify=96678&user=login
55,38,2,3,0,0,0,0,0,10,0,5,0.1636,0.0,0,1,4.3815,1,http://bankofamerica-alert-security-update.ml/login.php
26,11,1,0,0,0,0,0,1,8,0,0,0.1923,0.1538,0,0,3.998,1,http://tinyurl.com/pay5055
74,15,4,1,0,0,1,0,0,28,2,3,0.1892,0.2297,0,0,4.8022,1,http://160.118.103.121/wallet/recovery-phrase.html?verify=50277&user=login
66,34,1,4,0,0,0,0,0,25,0,4,0.1818,0.0,0,1,4.1218,1,http://amazon-support-security-update.top/secure/portal/client-id/
82,59,4,3,0,3,0,0,0,16,0,2,0.1585,0.0244,0,1,4.279,1,http://facebook-security.microsoft.com.account-verification-63.top/dispute/center/
89,52,5,4,0,3,0,0,0,30,0,2,0.1573,0.0225,0,1,4.4859,1,http://usps-redelivery.apple.com.account-verification-20.gq/security-checkpoint/index.php
26,11,1,0,0,0,0,0,1,8,0,0,0.1923,0.1538,0,0,4.1039,1,http://tinyurl.com/pay9331
68,14,4,0,0,0,1,0,0,14,2,2,0.2059,0.2353,0,0,4.7271,1,http://33.220.205.204/authorize.cgi?session=?verify=92931&user=login
79,41,1,4,0,0,0,0,0,16,1,0,0.1646,0.0759,0,1,4.5858,1,http://google-drive-share-verification-auth.work/dispute/center/?session=956708
27,11,1,0,0,0,0,0,1,9,0,0,0.1852,0.1481,0,0,4.1343,1,http://tinyurl.com/auth6318
22,7,1,0,0,0,0,0,1,8,0,0,0.2273,0.1818,0,0,3.6247,1,http://cutt.ly/act9687
69,13,3,1,0,0,1,0,0,25,2,3,0.2174,0.2174,0,0,4.7732,1,http://12.148.170.80/secure/portal/client-id/?verify=43432&user=login
23,7,1,0,0,0,0,0,1,9,0,0,0.2174,0.1739,0,0,3.5512,1,http://cutt.ly/auth1299
20,5,1,0,0,0,0,0,1,8,0,0,0.25,0.2,0,0,3.5464,1,http://rb.gy/pay8838
79,42,2,5,0,0,0,0,0,30,0,3,0.1519,0.0,0,1,4.3695,1,http://instagram-badge-verify-security-update.top/security-checkpoint/index.php
88,37,1,3,0,0,0,0,0,12,1,3,0.1477,0.0682,0,1,4.5514,1,http://binance-trade-verification-secure.xyz/signin/auth?redirect=account?session=387504
83,41,2,4,0,0,0,0,0,20,1,3,0.1446,0.0723,0,1,4.5628,1,http://usps-redelivery-verification-secure.click/verify-account.html?session=996535
75,14,4,1,0,0,1,0,0,30,2,3,0.1867,0.2133,0,0,4.8022,1,http://119.33.217.138/security-checkpoint/index.php?verify=67873&user=login
73,33,2,4,0,0,0,0,0,33,0,4,0.1507,0.0,0,1,4.2582,1,http://binance-trade-security-update.top/confirmation/payment-failed.aspx
20,5,1,0,0,0,0,0,1,8,0,0,0.25,0.2,0,0,3.8842,1,http://rb.gy/sec2337
85,50,4,5,0,3,0,0,0,28,0,4,0.1647,0.0235,0,1,4.4626,1,http://chase-verify.google.com.account-verification-53.gq/update-billing-information/
56,15,4,0,0,0,1,0,0,10,2,2,0.2143,0.3036,0,0,4.5479,1,http://125.112.222.149/login.php?verify=79592&user=login
81,58,4,3,0,3,0,0,0,16,0,1,0.1605,0.0247,0,1,4.4785,1,http://metamask-validation.google.com.account-verification-24.xyz/dispute/center/
74,14,3,0,0,0,1,0,0,12,2,4,0.1892,0.2162,0,0,4.7418,1,http://171.96.217.168/signin/auth?redirect=account?verify=87491&user=login
21,5,1,0,0,0,0,0,1,9,0,0,0.2381,0.1905,0,0,3.8442,1,http://rb.gy/auth1760
78,41,2,5,0,0,0,0,0,30,0,3,0.1538,0.0,0,1,4.4321,1,http://instagram-badge-verify-security-update.ml/security-checkpoint/index.php
79,20,3,2,0,0,1,0,0,28,2,4,0.1899,0.2658,0,0,4.8461,1,http://101.207.116.217:8080/update-billing-information/?verify=57866&user=login
21,6,1,0,0,0,0,0,1,8,0,0,0.2381,0.1905,0,0,3.9395,1,http://bit.ly/sec6897
98,61,5,4,0,3,0,0,0,30,0,2,0.1429,0.0204,0,1,4.378,1,http://facebook-security.microsoft.com.account-verification-14.click/security-checkpoint/index.php
23,7,1,0,0,0,0,0,1,9,0,0,0.2174,0.1739,0,0,3.6381,1,http://cutt.ly/auth6304
90,39,1,3,0,0,0,0,0,12,1,3,0.1444,0.0667,0,0,4.4707,1,http://usps-redelivery-verification-update.icu/signin/auth?redirect=account?session=614443
95,60,5,5,0,3,0,0,0,28,0,2,0.1579,0.0211,0,1,4.4907,1,http://google-drive-share.microsoft.com.account-verification-53.xyz/wallet/recovery-phrase.html
21,5,1,0,0,0,0,0,1,9,0,0,0.2381,0.1905,0,0,3.6178,1,http://rb.gy/auth7717
89,37,2,4,0,0,0,0,0,30,1,2,0.1461,0.0674,0,1,4.5674,1,http://netflix-billing-verification-auth.vip/security-checkpoint/index.php?session=292669
61,14,3,0,0,0,1,0,0,16,2,2,0.2131,0.2623,0,0,4.7201,1,http://192.232.252.86/dispute/center/?verify=54756&user=login
74,29,2,2,0,0,0,0,0,14,1,1,0.1622,0.0811,0,1,4.623,1,http://paypal-verification-update.ga/authorize.cgi?session=?session=869372
75,40,1,5,0,0,0,0,0,28,0,3,0.1467,0.0,0,1,4.3474,1,http://wellsfargo-security-security-update.loan/update-billing-information/
20,5,1,0,0,0,0,0,1,8,0,0,0.25,0.2,0,0,3.9842,1,http://rb.gy/sec5467
93,42,1,3,0,0,0,0,0,12,1,3,0.1398,0.0645,0,1,4.5026,1,http://metamask-validation-verification-update.tk/signin/auth?redirect=account?session=529652
61,26,1,4,0,0,0,0,0,28,0,3,0.1639,0.0,0,0,4.2504,1,http://paypal-security-update.icu/update-billing-information/
76,39,2,4,0,0,0,0,0,30,0,2,0.1447,0.0,0,0,4.2873,1,http://metamask-validation-security-update.icu/security-checkpoint/index.php
88,53,5,4,0,3,0,0,0,28,0,3,0.1591,0.0227,0,1,4.3439,1,http://chase-verify.microsoft.com.account-verification-15.cf/wallet/recovery-phrase.html
79,20,4,1,0,0,1,0,0,28,2,3,0.1899,0.2658,0,0,4.7867,1,http://134.155.213.102:3000/wallet/recovery-phrase.html?verify=39351&user=login
89,62,5,4,0,3,0,0,0,20,0,3,0.1461,0.0225,0,1,4.4178,1,http://wellsfargo-security.microsoft.com.account-verification-63.work/verify-account.html
90,54,4,3,0,3,0,0,0,12,1,3,0.1556,0.0222,0,1,4.3828,1,http://microsoft-login.paypal.com.account-verification-97.top/signin/auth?redirect=account
68,36,2,3,0,0,0,0,0,10,1,1,0.1618,0.0882,0,1,4.6587,1,http://dhl-tracking-verification-portal.xyz/login.php?session=203922
55,38,2,3,0,0,0,0,0,10,0,3,0.1636,0.0,0,1,4.3332,1,http://wellsfargo-security-security-update.cf/login.php
58,26,1,3,0,0,0,0,0,25,0,3,0.1897,0.0,0,1,4.0379,1,http://appleid-security-update.tk/secure/portal/client-id/
77,18,3,2,0,0,1,0,0,28,2,4,0.1948,0.2468,0,0,4.9676,1,http://61.56.194.218:8080/update-billing-information/?verify=37328&user=login
71,36,1,5,0,0,0,0,0,28,0,3,0.1549,0.0,0,1,4.3554,1,http://facebook-security-security-update.cf/update-billing-information/
54,31,1,3,0,0,0,0,0,16,0,3,0.1852,0.0,0,1,4.1242,1,http://chase-verify-security-update.gq/dispute/center/
92,52,5,4,0,3,0,0,0,33,0,4,0.1522,0.0217,0,1,4.3601,1,http://amazon-support.paypal.com.account-verification-96.ml/confirmation/payment-failed.aspx
80,19,4,1,0,0,1,0,0,30,2,3,0.1875,0.25,0,0,4.8644,1,http://176.178.45.147:3000/security-checkpoint/index.php?verify=15167&user=login
90,40,1,5,0,0,0,0,0,28,1,4,0.1444,0.0667,0,1,4.5283,1,http://microsoft-login-verification-secure.loan/update-billing-information/?session=680174
73,33,2,4,0,0,0,0,0,33,0,5,0.1507,0.0,0,1,4.3839,1,http://amazon-support-security-update.gq/confirmation/payment-failed.aspx
88,53,4,5,0,3,0,0,0,28,0,3,0.1591,0.0227,0,1,4.4573,1,http://usps-redelivery.paypal.com.account-verification-13.ml/update-billing-information/
77,39,1,3,0,0,0,0,0,16,1,2,0.1558,0.0779,0,1,4.6128,1,http://netflix-billing-verification-secure.xyz/dispute/center/?session=503462
62,39,1,3,0,0,0,0,0,16,0,2,0.1613,0.0,0,0,4.1459,1,http://metamask-validation-security-update.icu/dispute/center/
96,59,5,4,0,3,0,0,0,30,0,2,0.1458,0.0208,0,1,4.465,1,http://wellsfargo-security.apple.com.account-verification-34.click/security-checkpoint/index.php
20,5,1,0,0,0,0,0,1,8,0,0,0.25,0.2,0,0,3.8464,1,http://rb.gy/act5702
85,40,2,3,0,0,0,0,0,14,1,2,0.1529,0.0706,0,1,4.5687,1,http://facebook-security-verification-update.cf/authorize.cgi?session=?session=854456
66,34,1,4,0,0,0,0,0,25,0,4,0.1818,0.0,0,1,4.2631,1,http://netflix-billing-security-update.gq/secure/portal/client-id/
22,7,1,0,0,0,0,0,1,8,0,0,0.2273,0.1818,0,0,3.6978,1,http://cutt.ly/sec4991
78,19,3,2,0,0,1,0,0,28,2,4,0.1923,0.2564,0,0,4.9419,1,http://219.252.188.46:3000/update-billing-information/?verify=99624&user=login
73,14,3,2,0,0,1,0,0,28,2,4,0.1918,0.2192,0,0,4.9564,1,http://127.148.53.209/update-billing-information/?verify=56891&user=login
58,11,3,0,0,0,1,0,0,16,2,2,0.2241,0.2241,0,0,4.6684,1,http://95.91.51.41/dispute/center/?verify=89472&user=login
87,40,1,5,0,0,0,0,0,25,1,1,0.1724,0.069,0,0,4.4834,1,http://google-drive-share-verification-auth.icu/secure/portal/client-id/?session=358034
20,5,1,0,0,0,0,0,1,8,0,0,0.25,0.2,0,0,3.6842,1,http://rb.gy/pay7464
20,5,1,0,0,0,0,0,1,8,0,0,0.25,0.2,0,0,3.6842,1,http://rb.gy/pay9359
22,7,1,0,0,0,0,0,1,8,0,0,0.2273,0.1818,0,0,3.7888,1,http://cutt.ly/sec3809
71,39,1,5,0,0,0,0,0,25,0,3,0.1831,0.0,0,1,4.2424,1,http://google-drive-share-security-update.work/secure/portal/client-id/
71,34,2,4,0,0,0,0,0,30,0,3,0.1549,0.0,0,1,4.3172,1,http://microsoft-login-security-update.tk/security-checkpoint/index.php
66,19,3,0,0,0,1,0,0,16,2,2,0.2121,0.303,0,0,4.6617,1,http://124.98.181.224:8443/dispute/center/?verify=59434&user=login
88,53,5,4,0,3,0,0,0,28,0,3,0.1591,0.0227,0,1,4.3564,1,http://chase-verify.microsoft.com.account-verification-72.ml/wallet/recovery-phrase.html
70,38,2,3,0,0,0,0,0,10,1,2,0.1571,0.0857,0,1,4.5107,1,http://microsoft-login-verification-secure.ga/login.php?session=399537
64,13,4,1,0,0,1,0,0,20,2,3,0.2031,0.2344,0,0,4.8221,1,http://78.20.181.230/verify-account.html?verify=84288&user=login
74,14,3,0,0,0,1,0,0,12,2,4,0.1892,0.2162,0,0,4.8447,1,http://45.153.199.206/signin/auth?redirect=account?verify=69820&user=login
64,13,4,1,0,0,1,0,0,20,2,3,0.2031,0.2344,0,0,4.8785,1,http://57.109.94.113/verify-account.html?verify=48155&user=login
78,36,2,4,0,0,0,0,0,20,1,2,0.1538,0.0769,0,1,4.6403,1,http://usps-redelivery-verification-auth.tk/verify-account.html?session=710732
80,38,2,4,0,0,0,0,0,20,1,2,0.15,0.075,0,1,4.6185,1,http://usps-redelivery-verification-portal.ml/verify-account.html?session=131824
67,13,4,0,0,0,1,0,0,14,2,2,0.209,0.2239,0,0,4.7506,1,http://195.83.131.78/authorize.cgi?session=?verify=39523&user=login
72,18,4,0,0,0,1,0,0,14,2,2,0.2083,0.2639,0,0,4.897,1,http://219.57.123.15:8080/authorize.cgi?session=?verify=46075&user=login
68,14,4,0,0,0,1,0,0,14,2,2,0.2059,0.2353,0,0,4.8795,1,http://126.93.107.244/authorize.cgi?session=?verify=40568&user=login
78,18,3,0,0,0,1,0,0,12,2,4,0.1923,0.2436,0,0,4.904,1,http://58.242.27.181:3000/signin/auth?redirect=account?verify=69394&user=login
71,39,2,3,0,0,0,0,0,10,1,3,0.1549,0.0845,0,0,4.5896,1,http://netflix-billing-verification-update.icu/login.php?session=187479
73,14,3,2,0,0,1,0,0,28,2,4,0.1918,0.2192,0,0,4.8261,1,http://36.170.226.242/update-billing-information/?verify=64228&user=login
90,38,2,4,0,0,0,0,0,30,1,2,0.1444,0.0667,0,1,4.6097,1,http://microsoft-login-verification-portal.ga/security-checkpoint/index.php?session=116305
74,13,4,1,0,0,1,0,0,30,2,3,0.1892,0.2027,0,0,4.8885,1,http://117.20.54.135/security-checkpoint/index.php?verify=87799&user=login
22,7,1,0,0,0,0,0,1,8,0,0,0.2273,0.1818,0,0,3.7888,1,http://cutt.ly/sec5437
80,35,2,3,0,0,0,0,0,14,1,1,0.1625,0.075,0,1,4.6151,1,http://dhl-tracking-verification-secure.gq/authorize.cgi?session=?session=187514
79,18,4,1,0,0,1,0,0,30,2,3,0.1899,0.2405,0,0,4.8784,1,http://153.183.219.8:8080/security-checkpoint/index.php?verify=54428&user=login
64,13,4,1,0,0,1,0,0,20,2,3,0.2031,0.2344,0,0,4.8652,1,http://32.229.81.192/verify-account.html?verify=24746&user=login
73,19,4,0,0,0,1,0,0,14,2,2,0.2055,0.274,0,0,4.8351,1,http://49.124.104.154:8000/authorize.cgi?session=?verify=73535&user=login
69,39,2,3,0,0,0,0,0,14,0,2,0.1594,0.0,0,1,4.4467,1,http://wellsfargo-security-security-update.xyz/authorize.cgi?session=
82,47,4,4,0,3,0,0,0,28,0,3,0.1585,0.0244,0,1,4.3674,1,http://paypal.microsoft.com.account-verification-49.ga/update-billing-information/
20,5,1,0,0,0,0,0,1,8,0,0,0.25,0.2,0,0,3.9842,1,http://rb.gy/sec9061
89,57,4,5,0,3,0,0,0,25,0,2,0.1798,0.0225,0,1,4.3725,1,http://google-drive-share.paypal.com.account-verification-30.vip/secure/portal/client-id/
68,41,2,5,0,0,0,0,0,20,0,4,0.1618,0.0,0,1,4.4072,1,http://instagram-badge-verify-security-update.ml/verify-account.html
87,52,5,4,0,3,0,0,0,28,0,3,0.1609,0.023,0,1,4.456,1,http://amazon-support.google.com.account-verification-81.tk/wallet/recovery-phrase.html
78,19,4,1,0,0,1,0,0,28,2,3,0.1923,0.2564,0,0,4.9087,1,http://30.146.128.172:8000/wallet/recovery-phrase.html?verify=74239&user=login
78,19,4,1,0,0,1,0,0,28,2,3,0.1923,0.2564,0,0,4.7964,1,http://153.44.103.126:3000/wallet/recovery-phrase.html?verify=16112&user=login
96,59,5,5,0,3,0,0,0,30,0,2,0.1562,0.0208,0,1,4.4558,1,http://google-drive-share.microsoft.com.account-verification-45.ml/security-checkpoint/index.php
26,11,1,0,0,0,0,0,1,8,0,0,0.1923,0.1538,0,0,4.056,1,http://tinyurl.com/act3374
21,5,1,0,0,0,0,0,1,9,0,0,0.2381,0.1905,0,0,3.8442,1,http://rb.gy/auth1307
22,7,1,0,0,0,0,0,1,8,0,0,0.2273,0.1818,0,0,3.7888,1,http://cutt.ly/sec2061
85,53,4,4,0,3,0,0,0,25,0,3,0.1765,0.0235,0,1,4.3661,1,http://amazon-support.apple.com.account-verification-94.work/secure/portal/client-id/
64,32,1,4,0,0,0,0,0,25,0,4,0.1875,0.0,0,1,4.1394,1,http://chase-verify-security-update.top/secure/portal/client-id/
86,51,4,5,0,3,0,0,0,28,0,3,0.1628,0.0233,0,1,4.3839,1,http://binance-trade.paypal.com.account-verification-42.gq/update-billing-information/
76,15,4,1,0,0,1,0,0,30,2,3,0.1842,0.2237,0,0,4.8466,1,http://116.186.145.171/security-checkpoint/index.php?verify=29643&user=login
68,14,4,0,0,0,1,0,0,14,2,2,0.2059,0.2353,0,0,4.8318,1,http://124.250.98.169/authorize.cgi?session=?verify=95639&user=login
82,18,4,1,0,0,1,0,0,33,2,4,0.1829,0.2317,0,0,4.9656,1,http://22.110.137.20:8443/confirmation/payment-failed.aspx?verify=57179&user=login
94,39,2,4,0,0,0,0,0,33,1,4,0.1383,0.0638,0,1,4.5641,1,http://netflix-billing-verification-update.top/confirmation/payment-failed.aspx?session=873008
66,12,4,0,0,0,1,0,0,14,2,2,0.2121,0.2121,0,0,4.8302,1,http://185.13.81.65/authorize.cgi?session=?verify=20949&user=login
87,47,5,3,0,3,0,0,0,33,0,3,0.1494,0.023,0,1,4.3802,1,http://appleid.paypal.com.account-verification-11.work/confirmation/payment-failed.aspx
66,15,4,1,0,0,1,0,0,20,2,3,0.197,0.2576,0,0,4.8128,1,http://187.213.223.118/verify-account.html?verify=80370&user=login
75,14,4,1,0,0,1,0,0,30,2,3,0.1867,0.2133,0,0,4.7655,1,http://12.231.115.234/security-checkpoint/index.php?verify=33464&user=login
81,54,5,4,0,3,0,0,0,20,0,2,0.1605,0.0247,0,1,4.4037,1,http://usps-redelivery.google.com.account-verification-77.top/verify-account.html
21,5,1,0,0,0,0,0,1,9,0,0,0.2381,0.1905,0,0,3.749,1,http://rb.gy/auth8900
78,19,3,2,0,0,1,0,0,28,2,4,0.1923,0.2564,0,0,4.8359,1,http://121.110.125.34:8443/update-billing-information/?verify=82513&user=login
91,40,1,3,0,0,0,0,0,12,1,4,0.1429,0.0659,0,1,4.4418,1,http://facebook-security-verification-secure.gq/signin/auth?redirect=account?session=111191
26,11,1,0,0,0,0,0,1,8,0,0,0.1923,0.1538,0,0,4.2578,1,http://tinyurl.com/sec6937
87,37,2,4,0,0,0,0,0,28,1,1,0.1494,0.069,0,1,4.5758,1,http://binance-trade-verification-portal.vip/wallet/recovery-phrase.html?session=752381
74,34,2,4,0,0,0,0,0,33,0,5,0.1486,0.0,0,1,4.3596,1,http://netflix-billing-security-update.cf/confirmation/payment-failed.aspx
55,38,2,4,0,0,0,0,0,10,0,3,0.1818,0.0,0,1,4.236,1,http://google-drive-share-security-update.vip/login.php
69,31,1,2,0,0,0,0,0,16,1,0,0.1594,0.087,0,1,4.4484,1,http://appleid-verification-auth.click/dispute/center/?session=947677
96,56,5,4,0,3,0,0,0,33,0,4,0.1458,0.0208,0,0,4.4435,1,http://facebook-security.google.com.account-verification-85.icu/confirmation/payment-failed.aspx
21,6,1,0,0,0,0,0,1,8,0,0,0.2381,0.1905,0,0,3.8442,1,http://bit.ly/sec3889
26,11,1,0,0,0,0,0,1,8,0,0,0.1923,0.1538,0,0,4.1329,1,http://tinyurl.com/act7635
73,31,2,3,0,0,0,0,0,20,1,2,0.1507,0.0822,0,1,4.5506,1,http://appleid-verification-portal.top/verify-account.html?session=879079
54,13,4,0,0,0,1,0,0,10,2,2,0.2222,0.2778,0,0,4.6321,1,http://154.139.10.39/login.php?verify=19157&user=login
49,32,2,3,0,0,0,0,0,10,0,4,0.1837,0.0,0,1,4.2703,1,http://chase-verify-security-update.vip/login.php
20,5,1,0,0,0,0,0,1,8,0,0,0.25,0.2,0,0,3.6842,1,http://rb.gy/pay8498
72,13,4,1,0,0,1,0,0,28,2,3,0.1944,0.2083,0,0,4.8174,1,http://68.231.96.238/wallet/recovery-phrase.html?verify=91624&user=login
82,18,4,1,0,0,1,0,0,33,2,4,0.1829,0.2317,0,0,4.946,1,http://92.32.101.113:8080/confirmation/payment-failed.aspx?verify=64178&user=login
91,36,2,4,0,0,0,0,0,33,1,2,0.1429,0.0659,0,1,4.5261,1,http://coinbase-auth-verification-auth.loan/confirmation/payment-failed.aspx?session=882458
86,36,2,4,0,0,0,0,0,28,1,2,0.1512,0.0698,0,1,4.5915,1,http://coinbase-auth-verification-secure.ga/wallet/recovery-phrase.html?session=355296
76,41,1,6,0,0,0,0,0,28,0,4,0.1579,0.0,0,1,4.3571,1,http://instagram-badge-verify-security-update.cf/update-billing-information/
58,17,4,0,0,0,1,0,0,10,2,2,0.2241,0.3103,0,0,4.7025,1,http://169.38.46.84:8000/login.php?verify=82034&user=login
77,17,3,0,0,0,1,0,0,12,2,4,0.1948,0.2338,0,0,4.7993,1,http://110.158.69.5:3000/signin/auth?redirect=account?verify=95123&user=login
60,19,4,0,0,0,1,0,0,10,2,2,0.2167,0.3333,0,0,4.7855,1,http://148.235.52.163:8080/login.php?verify=16670&user=login
22,6,1,0,0,0,0,0,1,9,0,0,0.2273,0.1818,0,0,3.7888,1,http://bit.ly/auth7381
81,58,4,3,0,3,0,0,0,16,0,2,0.1605,0.0247,0,1,4.2833,1,http://facebook-security.microsoft.com.account-verification-39.cf/dispute/center/
71,12,4,1,0,0,1,0,0,28,2,3,0.1972,0.1972,0,0,4.7661,1,http://204.2.71.111/wallet/recovery-phrase.html?verify=95210&user=login
20,5,1,0,0,0,0,0,1,8,0,0,0.25,0.2,0,0,3.9842,1,http://rb.gy/sec9743
73,19,4,0,0,0,1,0,0,14,2,2,0.2055,0.274,0,0,4.8351,1,http://109.71.145.221:8443/authorize.cgi?session=?verify=58885&user=login
75,58,5,3,0,3,0,0,0,10,0,3,0.16,0.0267,0,1,4.3886,1,http://facebook-security.google.com.account-verification-91.click/login.php
83,53,5,3,0,3,0,0,0,14,0,2,0.1687,0.0241,0,1,4.5454,1,http://netflix-billing.paypal.com.account-verification-11.gq/authorize.cgi?session=
90,45,2,4,0,0,0,0,0,14,1,2,0.1556,0.0667,0,1,4.5722,1,http://instagram-badge-verify-verification-secure.ga/authorize.cgi?session=?session=546119
70,53,5,3,0,3,0,0,0,10,0,2,0.1714,0.0286,0,1,4.442,1,http://usps-redelivery.paypal.com.account-verification-97.cf/login.php
65,14,4,1,0,0,1,0,0,20,2,3,0.2,0.2462,0,0,4.8949,1,http://93.236.162.204/verify-account.html?verify=91681&user=login
61,31,2,3,0,0,0,0,0,14,0,2,0.1803,0.0,0,1,4.4363,1,http://dhl-tracking-security-update.gq/authorize.cgi?session=
72,27,2,2,0,0,0,0,0,14,1,0,0.1667,0.0833,0,1,4.5685,1,http://paypal-verification-auth.ga/authorize.cgi?session=?session=422391
54,13,4,0,0,0,1,0,0,10,2,2,0.2222,0.2778,0,0,4.7129,1,http://108.41.131.43/login.php?verify=68250&user=login
86,36,1,5,0,0,0,0,0,28,1,2,0.1512,0.0698,0,1,4.6193,1,http://usps-redelivery-verification-auth.cf/update-billing-information/?session=113786
95,60,5,4,0,3,0,0,0,28,0,3,0.1474,0.0211,0,1,4.3967,1,http://wellsfargo-security.microsoft.com.account-verification-57.ml/wallet/recovery-phrase.html
62,11,4,1,0,0,1,0,0,20,2,3,0.2097,0.2097,0,0,4.841,1,http://40.49.85.41/verify-account.html?verify=22041&user=login
77,42,2,5,0,0,0,0,0,28,0,4,0.1558,0.0,0,0,4.3763,1,http://instagram-badge-verify-security-update.icu/wallet/recovery-phrase.html
73,17,3,1,0,0,1,0,0,25,2,3,0.2192,0.2466,0,0,4.8351,1,http://195.93.32.54:8080/secure/portal/client-id/?verify=93244&user=login
81,54,5,4,0,3,0,0,0,20,0,3,0.1605,0.0247,0,1,4.4267,1,http://microsoft-login.paypal.com.account-verification-47.xyz/verify-account.html
71,17,4,0,0,0,1,0,0,14,2,2,0.2113,0.2535,0,0,4.773,1,http://43.6.248.183:8080/authorize.cgi?session=?verify=43854&user=login
21,6,1,0,0,0,0,0,1,8,0,0,0.2381,0.1905,0,0,3.6897,1,http://bit.ly/act7122
79,19,3,0,0,0,1,0,0,12,2,4,0.1899,0.2532,0,0,4.7834,1,http://95.110.149.155:8443/signin/auth?redirect=account?verify=30188&user=login
87,36,1,3,0,0,0,0,0,12,1,2,0.1494,0.069,0,1,4.5095,1,http://coinbase-auth-verification-auth.work/signin/auth?redirect=account?session=635747
61,38,1,3,0,0,0,0,0,16,0,4,0.1639,0.0,0,1,4.1825,1,http://bankofamerica-alert-security-update.tk/dispute/center/
76,38,1,3,0,0,0,0,0,16,1,0,0.1579,0.0789,0,1,4.501,1,http://usps-redelivery-verification-portal.cf/dispute/center/?session=150789
67,27,2,3,0,0,0,0,0,33,0,4,0.1493,0.0,0,1,4.3233,1,http://appleid-security-update.xyz/confirmation/payment-failed.aspx
86,44,2,4,0,0,0,0,0,20,1,3,0.1395,0.0698,0,1,4.6058,1,http://metamask-validation-verification-secure.work/verify-account.html?session=255935
89,53,4,3,0,3,0,0,0,12,1,3,0.1573,0.0225,0,1,4.4314,1,http://amazon-support.apple.com.account-verification-88.work/signin/auth?redirect=account
88,53,5,4,0,3,0,0,0,28,0,3,0.1591,0.0227,0,0,4.3836,1,http://microsoft-login.apple.com.account-verification-78.icu/wallet/recovery-phrase.html
75,14,4,1,0,0,1,0,0,30,2,3,0.1867,0.2133,0,0,4.8923,1,http://156.57.229.111/security-checkpoint/index.php?verify=34863&user=login
76,36,2,4,0,0,0,0,0,33,0,4,0.1447,0.0,0,1,4.3576,1,http://facebook-security-security-update.cf/confirmation/payment-failed.aspx
95,58,5,4,0,3,0,0,0,30,0,4,0.1474,0.0211,0,0,4.4063,1,http://bankofamerica-alert.paypal.com.account-verification-50.icu/security-checkpoint/index.php
22,7,1,0,0,0,0,0,1,8,0,0,0.2273,0.1818,0,0,3.6247,1,http://cutt.ly/act7892
85,48,5,3,0,3,0,0,0,30,0,2,0.1529,0.0235,0,1,4.3898,1,http://appleid.microsoft.com.account-verification-58.ml/security-checkpoint/index.php
26,11,1,0,0,0,0,0,1,8,0,0,0.1923,0.1538,0,0,4.2578,1,http://tinyurl.com/sec9750
78,42,1,4,0,0,0,0,0,12,1,5,0.1538,0.0,0,1,4.3407,1,http://instagram-badge-verify-security-update.top/signin/auth?redirect=account
62,30,2,2,0,0,0,0,0,10,1,1,0.1613,0.0968,0,1,4.5421,1,http://appleid-verification-portal.cf/login.php?session=394850
89,42,1,4,0,0,0,0,0,25,1,3,0.1573,0.0674,0,1,4.4633,1,http://bankofamerica-alert-verification-portal.cf/secure/portal/client-id/?session=650663
26,11,1,0,0,0,0,0,1,8,0,0,0.1923,0.1538,0,0,4.0749,1,http://tinyurl.com/sec7333
70,16,4,0,0,0,1,0,0,14,2,2,0.2143,0.2429,0,0,4.7807,1,http://207.38.84.7:8443/authorize.cgi?session=?verify=12117&user=login
80,44,4,2,0,3,0,0,0,12,1,2,0.1625,0.025,0,1,4.4432,1,http://paypal.paypal.com.account-verification-79.gq/signin/auth?redirect=account
65,33,1,4,0,0,0,0,0,25,0,3,0.1846,0.0,0,1,4.0949,1,http://coinbase-auth-security-update.top/secure/portal/client-id/
88,53,4,5,0,3,0,0,0,28,0,3,0.1591,0.0227,0,1,4.405,1,http://binance-trade.paypal.com.account-verification-59.work/update-billing-information/
69,13,3,1,0,0,1,0,0,25,2,3,0.2174,0.2174,0,0,4.7081,1,http://199.42.119.81/secure/portal/client-id/?verify=89426&user=login
78,38,2,4,0,0,0,0,0,33,0,4,0.141,0.0,0,1,4.3184,1,http://metamask-validation-security-update.cf/confirmation/payment-failed.aspx
89,57,4,4,0,3,0,0,0,25,0,4,0.1685,0.0225,0,1,4.341,1,http://bankofamerica-alert.google.com.account-verification-17.cf/secure/portal/client-id/
90,45,2,3,0,0,0,0,0,14,1,3,0.1444,0.0667,0,1,4.5636,1,http://bankofamerica-alert-verification-secure.click/authorize.cgi?session=?session=130977
69,15,4,0,0,0,1,0,0,14,2,2,0.2029,0.2464,0,0,4.8492,1,http://166.205.149.139/authorize.cgi?session=?verify=75534&user=login
78,14,4,1,0,0,1,0,0,33,2,4,0.1795,0.2051,0,0,4.899,1,http://172.176.120.93/confirmation/payment-failed.aspx?verify=28167&user=login
79,19,3,0,0,0,1,0,0,12,2,4,0.1899,0.2532,0,0,4.8074,1,http://11.145.130.170:3000/signin/auth?redirect=account?verify=62922&user=login
60,33,2,4,0,0,0,0,0,20,0,4,0.1667,0.0,0,1,4.3127,1,http://chase-verify-security-update.loan/verify-account.html
66,34,1,4,0,0,0,0,0,25,0,3,0.1818,0.0,0,1,4.123,1,http://coinbase-auth-security-update.loan/secure/portal/client-id/
72,13,3,2,0,0,1,0,0,28,2,4,0.1944,0.2083,0,0,4.7964,1,http://51.125.151.13/update-billing-information/?verify=58429&user=login
89,42,1,5,0,0,0,0,0,25,1,2,0.1685,0.0674,0,1,4.5947,1,http://google-drive-share-verification-update.xyz/secure/portal/client-id/?session=124366
65,35,2,3,0,0,0,0,0,14,0,3,0.1692,0.0,0,0,4.3509,1,http://microsoft-login-security-update.icu/authorize.cgi?session=
79,41,1,3,0,0,0,0,0,16,1,2,0.1519,0.0759,0,0,4.4578,1,http://facebook-security-verification-secure.icu/dispute/center/?session=739258
68,32,1,3,0,0,0,0,0,12,1,4,0.1618,0.0,0,1,4.1759,1,http://binance-trade-security-update.tk/signin/auth?redirect=account
69,13,3,1,0,0,1,0,0,25,2,3,0.2174,0.2174,0,0,4.7717,1,http://21.143.16.136/secure/portal/client-id/?verify=10574&user=login
22,7,1,0,0,0,0,0,1,8,0,0,0.2273,0.1818,0,0,3.5338,1,http://cutt.ly/act9695
58,26,1,3,0,0,0,0,0,25,0,3,0.1897,0.0,0,1,4.1093,1,http://appleid-security-update.gq/secure/portal/client-id/
91,41,2,4,0,0,0,0,0,28,1,3,0.1429,0.0659,0,1,4.5628,1,http://bankofamerica-alert-verification-auth.top/wallet/recovery-phrase.html?session=665377
53,26,2,3,0,0,0,0,0,20,0,4,0.1698,0.0,0,1,4.3075,1,http://appleid-security-update.ga/verify-account.html
94,39,2,4,0,0,0,0,0,33,1,4,0.1383,0.0638,0,1,4.5219,1,http://microsoft-login-verification-secure.top/confirmation/payment-failed.aspx?session=884014
20,5,1,0,0,0,0,0,1,8,0,0,0.25,0.2,0,0,3.6464,1,http://rb.gy/act1919
80,63,5,4,0,3,0,0,0,10,0,3,0.1625,0.025,0,1,4.4072,1,http://instagram-badge-verify.microsoft.com.account-verification-77.cf/login.php
62,26,1,2,0,0,0,0,0,12,1,4,0.1613,0.0,0,1,4.2447,1,http://paypal-security-update.vip/signin/auth?redirect=account
27,11,1,0,0,0,0,0,1,9,0,0,0.1852,0.1481,0,0,4.1343,1,http://tinyurl.com/auth2751
94,42,2,4,0,0,0,0,0,30,1,2,0.1383,0.0638,0,1,4.5832,1,http://metamask-validation-verification-update.tk/security-checkpoint/index.php?session=184196
79,52,5,4,0,3,0,0,0,20,0,2,0.1646,0.0253,0,1,4.365,1,http://dhl-tracking.google.com.account-verification-40.loan/verify-account.html
20,5,1,0,0,0,0,0,1,8,0,0,0.25,0.2,0,0,3.6842,1,http://rb.gy/pay2275
87,52,5,4,0,3,0,0,0,28,0,3,0.1609,0.023,0,1,4.4135,1,http://chase-verify.paypal.com.account-verification-59.work/wallet/recovery-phrase.html
82,44,1,4,0,0,0,0,0,16,1,1,0.1585,0.0732,0,1,4.4955,1,http://google-drive-share-verification-update.click/dispute/center/?session=388928
22,7,1,0,0,0,0,0,1,8,0,0,0.2273,0.1818,0,0,3.6978,1,http://cutt.ly/pay4217
55,14,4,0,0,0,1,0,0,10,2,2,0.2182,0.2909,0,0,4.6927,1,http://138.250.140.41/login.php?verify=56118&user=login
21,5,1,0,0,0,0,0,1,9,0,0,0.2381,0.1905,0,0,3.749,1,http://rb.gy/auth8122
73,28,2,2,0,0,0,0,0,14,1,0,0.1644,0.0822,0,1,4.5508,1,http://appleid-verification-auth.tk/authorize.cgi?session=?session=646154
81,54,5,4,0,3,0,0,0,20,0,2,0.1605,0.0247,0,1,4.3128,1,http://coinbase-auth.microsoft.com.account-verification-52.tk/verify-account.html
72,32,2,4,0,0,0,0,0,33,0,4,0.1528,0.0,0,1,4.3602,1,http://binance-trade-security-update.gq/confirmation/payment-failed.aspx
61,38,1,3,0,0,0,0,0,16,0,2,0.1639,0.0,0,1,4.2146,1,http://wellsfargo-security-security-update.ml/dispute/center/
67,32,1,5,0,0,0,0,0,28,0,3,0.1642,0.0,0,0,4.3132,1,http://dhl-tracking-security-update.icu/update-billing-information/
90,53,5,4,0,3,0,0,0,30,0,2,0.1556,0.0222,0,1,4.4334,1,http://dhl-tracking.microsoft.com.account-verification-52.ga/security-checkpoint/index.php
55,32,1,3,0,0,0,0,0,16,0,2,0.1818,0.0,0,1,3.9822,1,http://binance-trade-security-update.ga/dispute/center/
80,30,1,4,0,0,0,0,0,28,1,2,0.15,0.075,0,1,4.5389,1,http://appleid-verification-update.ga/update-billing-information/?session=853524
81,44,2,5,0,0,0,0,0,30,0,3,0.1481,0.0,0,1,4.4113,1,http://instagram-badge-verify-security-update.click/security-checkpoint/index.php
73,12,4,1,0,0,1,0,0,30,2,3,0.1918,0.1918,0,0,4.8063,1,http://121.171.7.26/security-checkpoint/index.php?verify=23659&user=login
87,36,1,3,0,0,0,0,0,12,1,4,0.1494,0.069,0,1,4.5257,1,http://chase-verify-verification-update.vip/signin/auth?redirect=account?session=684159
61,38,1,3,0,0,0,0,0,16,0,4,0.1639,0.0,0,1,4.2005,1,http://bankofamerica-alert-security-update.cf/dispute/center/
92,42,1,5,0,0,0,0,0,28,1,4,0.1413,0.0652,0,1,4.5456,1,http://bankofamerica-alert-verification-update.ga/update-billing-information/?session=475549
23,7,1,0,0,0,0,0,1,9,0,0,0.2174,0.1739,0,0,3.6381,1,http://cutt.ly/auth9208
20,5,1,0,0,0,0,0,1,8,0,0,0.25,0.2,0,0,3.6842,1,http://rb.gy/pay7754
70,34,1,3,0,0,0,0,0,12,1,5,0.1571,0.0,0,1,4.3305,1,http://microsoft-login-security-update.tk/signin/auth?redirect=account
93,56,5,4,0,3,0,0,0,30,0,2,0.1505,0.0215,0,1,4.4008,1,http://coinbase-auth.microsoft.com.account-verification-92.work/security-checkpoint/index.php
98,46,2,5,0,0,0,0,0,30,1,3,0.1429,0.0612,0,1,4.6241,1,http://instagram-badge-verify-verification-secure.vip/security-checkpoint/index.php?session=972869
76,40,1,3,0,0,0,0,0,12,1,4,0.1447,0.0,0,1,4.378,1,http://wellsfargo-security-security-update.work/signin/auth?redirect=account
22,7,1,0,0,0,0,0,1,8,0,0,0.2273,0.1818,0,0,3.6978,1,http://cutt.ly/sec7533
78,17,4,1,0,0,1,0,0,30,2,3,0.1923,0.2308,0,0,4.9393,1,http://24.187.20.39:3000/security-checkpoint/index.php?verify=61165&user=login
22,6,1,0,0,0,0,0,1,9,0,0,0.2273,0.1818,0,0,3.6978,1,http://bit.ly/auth2236
62,45,5,2,0,3,0,0,0,10,0,2,0.1774,0.0323,0,1,4.3033,1,http://appleid.paypal.com.account-verification-86.tk/login.php
80,19,4,1,0,0,1,0,0,30,2,3,0.1875,0.25,0,0,4.8098,1,http://121.101.92.214:8000/security-checkpoint/index.php?verify=54540&user=login
80,53,5,4,0,3,0,0,0,20,0,3,0.1625,0.025,0,1,4.4142,1,http://netflix-billing.paypal.com.account-verification-70.tk/verify-account.html
69,39,2,3,0,0,0,0,0,14,0,2,0.1594,0.0,0,0,4.3597,1,http://wellsfargo-security-security-update.icu/authorize.cgi?session=
22,7,1,0,0,0,0,0,1,8,0,0,0.2273,0.1818,0,0,3.6978,1,http://cutt.ly/pay1069
22,7,1,0,0,0,0,0,1,8,0,0,0.2273,0.1818,0,0,3.6069,1,http://cutt.ly/pay3138
80,50,5,3,0,3,0,0,0,14,0,1,0.175,0.025,0,1,4.4665,1,http://binance-trade.apple.com.account-verification-35.tk/authorize.cgi?session=
88,38,2,4,0,0,0,0,0,28,1,3,0.1477,0.0682,0,1,4.6223,1,http://amazon-support-verification-update.top/wallet/recovery-phrase.html?session=960837
63,33,2,3,0,0,0,0,0,14,0,3,0.1746,0.0,0,1,4.334,1,http://amazon-support-security-update.tk/authorize.cgi?session=
66,15,4,1,0,0,1,0,0,20,2,3,0.197,0.2576,0,0,4.7939,1,http://171.137.174.171/verify-account.html?verify=25459&user=login
77,16,4,1,0,0,1,0,0,30,2,3,0.1948,0.2208,0,0,4.8611,1,http://174.38.92.9:3000/security-checkpoint/index.php?verify=33087&user=login
87,36,1,3,0,0,0,0,0,12,1,3,0.1494,0.069,0,1,4.4953,1,http://binance-trade-verification-update.gq/signin/auth?redirect=account?session=425175
20,5,1,0,0,0,0,0,1,8,0,0,0.25,0.2,0,0,3.8464,1,http://rb.gy/act3296
69,34,2,4,0,0,0,0,0,28,0,3,0.1594,0.0,0,1,4.1852,1,http://usps-redelivery-security-update.tk/wallet/recovery-phrase.html
94,42,2,4,0,0,0,0,0,30,1,2,0.1383,0.0638,0,1,4.6087,1,http://facebook-security-verification-update.work/security-checkpoint/index.php?session=183395
59,12,3,0,0,0,1,0,0,16,2,2,0.2203,0.2373,0,0,4.5649,1,http://116.4.41.131/dispute/center/?verify=56184&user=login
82,44,1,4,0,0,0,0,0,16,1,1,0.1585,0.0732,0,1,4.5949,1,http://instagram-badge-verify-verification-auth.xyz/dispute/center/?session=770370
77,50,5,4,0,3,0,0,0,20,0,2,0.1688,0.026,0,1,4.4235,1,http://chase-verify.paypal.com.account-verification-96.gq/verify-account.html
86,51,4,5,0,3,0,0,0,28,0,3,0.1628,0.0233,0,1,4.3472,1,http://dhl-tracking.apple.com.account-verification-39.loan/update-billing-information/
79,19,3,0,0,0,1,0,0,12,2,4,0.1899,0.2532,0,0,4.7614,1,http://217.221.26.103:8000/signin/auth?redirect=account?verify=12683&user=login
26,11,1,0,0,0,0,0,1,8,0,0,0.1923,0.1538,0,0,4.1039,1,http://tinyurl.com/pay9110
74,37,2,5,0,0,0,0,0,30,0,2,0.1622,0.0,0,1,4.3431,1,http://google-drive-share-security-update.gq/security-checkpoint/index.php
93,41,2,4,0,0,0,0,0,30,1,2,0.1398,0.0645,0,1,4.5933,1,http://netflix-billing-verification-portal.click/security-checkpoint/index.php?session=461812
21,5,1,0,0,0,0,0,1,9,0,0,0.2381,0.1905,0,0,3.8442,1,http://rb.gy/auth9173
22,7,1,0,0,0,0,0,1,8,0,0,0.2273,0.1818,0,0,3.7888,1,http://cutt.ly/sec5832
20,5,1,0,0,0,0,0,1,8,0,0,0.25,0.2,0,0,3.6464,1,http://rb.gy/act8877
78,40,1,3,0,0,0,0,0,16,1,2,0.1538,0.0769,0,1,4.5393,1,http://bankofamerica-alert-verification-auth.ml/dispute/center/?session=933709
61,20,4,0,0,0,1,0,0,10,2,2,0.2131,0.3443,0,0,4.6681,1,http://115.116.161.230:8080/login.php?verify=14219&user=login
75,52,4,3,0,3,0,0,0,16,0,2,0.1733,0.0267,0,1,4.3448,1,http://chase-verify.apple.com.account-verification-41.click/dispute/center/
69,13,3,1,0,0,1,0,0,25,2,3,0.2174,0.2174,0,0,4.8711,1,http://108.163.67.34/secure/portal/client-id/?verify=26599&user=login
71,36,2,4,0,0,0,0,0,28,0,3,0.1549,0.0,0,1,4.2142,1,http://usps-redelivery-security-update.loan/wallet/recovery-phrase.html
54,13,4,0,0,0,1,0,0,10,2,2,0.2222,0.2778,0,0,4.6692,1,http://207.47.73.133/login.php?verify=54877&user=login
23,7,1,0,0,0,0,0,1,9,0,0,0.2174,0.1739,0,0,3.6381,1,http://cutt.ly/auth2451
90,55,5,5,0,3,0,0,0,28,0,2,0.1667,0.0222,0,1,4.4417,1,http://google-drive-share.apple.com.account-verification-58.gq/wallet/recovery-phrase.html
88,51,5,4,0,3,0,0,0,30,0,3,0.1591,0.0227,0,1,4.3984,1,http://amazon-support.apple.com.account-verification-36.cf/security-checkpoint/index.php
87,57,5,4,0,3,0,0,0,14,0,1,0.1724,0.023,0,1,4.4973,1,http://google-drive-share.paypal.com.account-verification-98.vip/authorize.cgi?session=
69,18,4,1,0,0,1,0,0,20,2,3,0.2029,0.2754,0,0,4.9343,1,http://142.198.6.107:8443/verify-account.html?verify=41370&user=login
89,37,2,4,0,0,0,0,0,30,1,2,0.1461,0.0674,0,1,4.6173,1,http://dhl-tracking-verification-update.loan/security-checkpoint/index.php?session=998506
71,44,5,3,0,3,0,0,0,20,0,2,0.169,0.0282,0,1,4.3304,1,http://paypal.google.com.account-verification-29.cf/verify-account.html
74,13,4,1,0,0,1,0,0,30,2,3,0.1892,0.2027,0,0,4.8987,1,http://174.26.204.19/security-checkpoint/index.php?verify=93543&user=login
90,38,2,4,0,0,0,0,0,30,1,3,0.1444,0.0667,0,1,4.5843,1,http://amazon-support-verification-secure.xyz/security-checkpoint/index.php?session=375330
70,40,2,3,0,0,0,0,0,14,0,4,0.1571,0.0,0,1,4.4897,1,http://bankofamerica-alert-security-update.work/authorize.cgi?session=
54,13,4,0,0,0,1,0,0,10,2,2,0.2222,0.2778,0,0,4.708,1,http://135.15.95.220/login.php?verify=91489&user=login
84,44,5,3,0,3,0,0,0,33,0,3,0.1548,0.0238,0,1,4.3755,1,http://paypal.google.com.account-verification-95.ga/confirmation/payment-failed.aspx
86,36,1,5,0,0,0,0,0,28,1,3,0.1512,0.0698,0,1,4.5612,1,http://chase-verify-verification-update.top/update-billing-information/?session=367775
26,11,1,0,0,0,0,0,1,8,0,0,0.1923,0.1538,0,0,4.1039,1,http://tinyurl.com/pay8002
80,50,5,3,0,3,0,0,0,14,0,1,0.175,0.025,0,1,4.4665,1,http://binance-trade.apple.com.account-verification-87.tk/authorize.cgi?session=
94,62,4,5,0,3,0,0,0,25,0,3,0.1702,0.0213,0,1,4.498,1,http://instagram-badge-verify.paypal.com.account-verification-89.work/secure/portal/client-id/
27,11,1,0,0,0,0,0,1,9,0,0,0.1852,0.1481,0,0,4.1343,1,http://tinyurl.com/auth9472
97,42,2,4,0,0,0,0,0,33,1,5,0.134,0.0619,0,1,4.5792,1,http://bankofamerica-alert-verification-update.cf/confirmation/payment-failed.aspx?session=693192
64,13,4,1,0,0,1,0,0,20,2,3,0.2031,0.2344,0,0,4.8042,1,http://218.133.77.93/verify-account.html?verify=98979&user=login
62,39,1,3,0,0,0,0,0,16,0,2,0.1613,0.0,0,1,4.2054,1,http://wellsfargo-security-security-update.vip/dispute/center/
73,14,4,1,0,0,1,0,0,28,2,3,0.1918,0.2192,0,0,4.8832,1,http://36.108.206.235/wallet/recovery-phrase.html?verify=89072&user=login
22,7,1,0,0,0,0,0,1,8,0,0,0.2273,0.1818,0,0,3.6069,1,http://cutt.ly/pay8891
86,51,5,4,0,3,0,0,0,28,0,2,0.1628,0.0233,0,1,4.4202,1,http://binance-trade.google.com.account-verification-92.ml/wallet/recovery-phrase.html
79,52,5,4,0,3,0,0,0,20,0,3,0.1646,0.0253,0,1,4.3634,1,http://netflix-billing.apple.com.account-verification-92.cf/verify-account.html
70,34,1,3,0,0,0,0,0,12,1,5,0.1571,0.0,0,1,4.3702,1,http://netflix-billing-security-update.ml/signin/auth?redirect=account
23,7,1,0,0,0,0,0,1,9,0,0,0.2174,0.1739,0,0,3.6381,1,http://cutt.ly/auth6398
77,37,2,4,0,0,0,0,0,33,0,5,0.1429,0.0,0,1,4.3719,1,http://microsoft-login-security-update.click/confirmation/payment-failed.aspx
22,6,1,0,0,0,0,0,1,9,0,0,0.2273,0.1818,0,0,3.6978,1,http://bit.ly/auth7217
61,44,5,2,0,3,0,0,0,10,0,2,0.1803,0.0328,0,1,4.24,1,http://appleid.apple.com.account-verification-12.ml/login.php
61,14,3,0,0,0,1,0,0,16,2,2,0.2131,0.2623,0,0,4.7545,1,http://54.128.136.109/dispute/center/?verify=83800&user=login
86,51,5,4,0,3,0,0,0,28,0,2,0.1628,0.0233,0,1,4.4131,1,http://binance-trade.paypal.com.account-verification-25.tk/wallet/recovery-phrase.html
26,11,1,0,0,0,0,0,1,8,0,0,0.1923,0.1538,0,0,4.056,1,http://tinyurl.com/act4724
20,5,1,0,0,0,0,0,1,8,0,0,0.25,0.2,0,0,3.6842,1,http://rb.gy/pay2565
81,58,4,3,0,3,0,0,0,16,0,3,0.1605,0.0247,0,1,4.3516,1,http://bankofamerica-alert.google.com.account-verification-36.top/dispute/center/
82,37,2,3,0,0,0,0,0,14,1,0,0.1585,0.0732,0,1,4.5416,1,http://binance-trade-verification-portal.vip/authorize.cgi?session=?session=400925
20,5,1,0,0,0,0,0,1,8,0,0,0.25,0.2,0,0,3.6842,1,http://rb.gy/pay3932
78,42,1,4,0,0,0,0,0,12,1,5,0.1538,0.0,0,1,4.4244,1,http://instagram-badge-verify-security-update.xyz/signin/auth?redirect=account
74,13,4,1,0,0,1,0,0,30,2,3,0.1892,0.2027,0,0,4.8885,1,http://30.192.226.90/security-checkpoint/index.php?verify=37054&user=login
75,30,2,2,0,0,0,0,0,14,1,1,0.16,0.08,0,1,4.6622,1,http://paypal-verification-update.xyz/authorize.cgi?session=?session=731863
88,36,2,4,0,0,0,0,0,30,1,2,0.1477,0.0682,0,0,4.5422,1,http://amazon-support-verification-auth.icu/security-checkpoint/index.php?session=363293
22,7,1,0,0,0,0,0,1,8,0,0,0.2273,0.1818,0,0,3.7888,1,http://cutt.ly/sec7153
22,7,1,0,0,0,0,0,1,8,0,0,0.2273,0.1818,0,0,3.5338,1,http://cutt.ly/act7297
95,43,2,5,0,0,0,0,0,30,1,1,0.1474,0.0632,0,1,4.5702,1,http://google-drive-share-verification-portal.loan/security-checkpoint/index.php?session=106650
60,33,2,4,0,0,0,0,0,20,0,4,0.1667,0.0,0,0,4.2546,1,http://binance-trade-security-update.icu/verify-account.html
91,51,5,4,0,3,0,0,0,33,0,3,0.1538,0.022,0,0,4.309,1,http://binance-trade.apple.com.account-verification-77.icu/confirmation/payment-failed.aspx
79,44,5,3,0,3,0,0,0,28,0,2,0.1646,0.0253,0,1,4.4142,1,http://paypal.google.com.account-verification-96.tk/wallet/recovery-phrase.html
58,17,4,0,0,0,1,0,0,10,2,2,0.2241,0.3103,0,0,4.6877,1,http://149.40.90.23:8080/login.php?verify=35099&user=login
56,15,4,0,0,0,1,0,0,10,2,2,0.2143,0.3036,0,0,4.655,1,http://178.137.112.116/login.php?verify=72503&user=login
90,55,5,4,0,3,0,0,0,28,0,3,0.1556,0.0222,0,1,4.4611,1,http://amazon-support.microsoft.com.account-verification-63.gq/wallet/recovery-phrase.html
73,33,2,4,0,0,0,0,0,33,0,4,0.1507,0.0,0,0,4.2693,1,http://binance-trade-security-update.icu/confirmation/payment-failed.aspx
78,17,4,1,0,0,1,0,0,30,2,3,0.1923,0.2308,0,0,4.888,1,http://34.185.86.14:8443/security-checkpoint/index.php?verify=10192&user=login
72,18,4,0,0,0,1,0,0,14,2,2,0.2083,0.2639,0,0,4.8228,1,http://11.253.48.101:8000/authorize.cgi?session=?verify=59609&user=login
23,7,1,0,0,0,0,0,1,9,0,0,0.2174,0.1739,0,0,3.6381,1,http://cutt.ly/auth7064
96,44,2,4,0,0,0,0,0,30,1,2,0.1354,0.0625,0,1,4.6905,1,http://wellsfargo-security-verification-update.work/security-checkpoint/index.php?session=187649
53,12,4,0,0,0,1,0,0,10,2,2,0.2264,0.2642,0,0,4.6594,1,http://97.1.111.134/login.php?verify=29908&user=login
93,41,2,4,0,0,0,0,0,30,1,3,0.1398,0.0645,0,1,4.5757,1,http://netflix-billing-verification-secure.click/security-checkpoint/index.php?session=546929
26,11,1,0,0,0,0,0,1,8,0,0,0.1923,0.1538,0,0,4.2578,1,http://tinyurl.com/sec6089
20,5,1,0,0,0,0,0,1,8,0,0,0.25,0.2,0,0,3.9842,1,http://rb.gy/sec7851
68,14,4,0,0,0,1,0,0,14,2,2,0.2059,0.2353,0,0,4.7985,1,http://107.244.214.86/authorize.cgi?session=?verify=38800&user=login
74,18,3,1,0,0,1,0,0,25,2,3,0.2162,0.2568,0,0,4.8358,1,http://93.53.199.225:8443/secure/portal/client-id/?verify=88172&user=login
78,19,3,2,0,0,1,0,0,28,2,4,0.1923,0.2564,0,0,4.8553,1,http://136.182.136.18:3000/update-billing-information/?verify=85862&user=login
80,30,2,3,0,0,0,0,0,28,1,2,0.15,0.075,0,1,4.5693,1,http://appleid-verification-update.ml/wallet/recovery-phrase.html?session=158895
57,34,1,3,0,0,0,0,0,16,0,3,0.1754,0.0,0,1,4.0346,1,http://amazon-support-security-update.top/dispute/center/
73,14,4,1,0,0,1,0,0,28,2,3,0.1918,0.2192,0,0,4.7722,1,http://67.111.217.223/wallet/recovery-phrase.html?verify=85521&user=login
71,17,4,0,0,0,1,0,0,14,2,2,0.2113,0.2535,0,0,4.7744,1,http://79.31.31.118:3000/authorize.cgi?session=?verify=89794&user=login
61,38,1,3,0,0,0,0,0,16,0,4,0.1639,0.0,0,1,4.221,1,http://bankofamerica-alert-security-update.ml/dispute/center/
55,32,1,3,0,0,0,0,0,16,0,2,0.1818,0.0,0,1,3.9622,1,http://binance-trade-security-update.tk/dispute/center/
22,6,1,0,0,0,0,0,1,9,0,0,0.2273,0.1818,0,0,3.6978,1,http://bit.ly/auth5442
59,18,4,0,0,0,1,0,0,10,2,2,0.2203,0.322,0,0,4.7339,1,http://49.39.155.221:8443/login.php?verify=77255&user=login
20,5,1,0,0,0,0,0,1,8,0,0,0.25,0.2,0,0,3.7464,1,http://rb.gy/act8685
74,38,1,3,0,0,0,0,0,12,1,4,0.1486,0.0,0,1,4.3687,1,http://wellsfargo-security-security-update.gq/signin/auth?redirect=account
86,36,1,5,0,0,0,0,0,28,1,2,0.1512,0.0698,0,1,4.5085,1,http://binance-trade-verification-auth.loan/update-billing-information/?session=829834
77,32,2,2,0,0,0,0,0,14,1,1,0.1558,0.0779,0,1,4.6072,1,http://paypal-verification-secure.click/authorize.cgi?session=?session=167950
80,57,4,4,0,3,0,0,0,16,0,1,0.175,0.025,0,1,4.4282,1,http://google-drive-share.google.com.account-verification-55.xyz/dispute/center/
82,18,4,1,0,0,1,0,0,33,2,4,0.1829,0.2317,0,0,4.996,1,http://40.208.50.219:8443/confirmation/payment-failed.aspx?verify=69287&user=login
94,39,2,4,0,0,0,0,0,33,1,4,0.1383,0.0638,0,1,4.6042,1,http://microsoft-login-verification-secure.xyz/confirmation/payment-failed.aspx?session=567746
21,6,1,0,0,0,0,0,1,8,0,0,0.2381,0.1905,0,0,3.6897,1,http://bit.ly/act1291
84,57,5,4,0,3,0,0,0,20,0,2,0.1548,0.0238,0,1,4.3087,1,http://coinbase-auth.microsoft.com.account-verification-92.click/verify-account.html
87,37,2,4,0,0,0,0,0,28,1,2,0.1494,0.069,0,1,4.5639,1,http://binance-trade-verification-secure.top/wallet/recovery-phrase.html?session=158653
26,11,1,0,0,0,0,0,1,8,0,0,0.1923,0.1538,0,0,4.1039,1,http://tinyurl.com/pay2733
90,58,4,4,0,3,0,0,0,25,0,2,0.1667,0.0222,0,1,4.3536,1,http://metamask-validation.apple.com.account-verification-20.work/secure/portal/client-id/
80,38,2,4,0,0,0,0,0,20,1,4,0.15,0.075,0,1,4.6693,1,http://amazon-support-verification-secure.xyz/verify-account.html?session=637560
21,6,1,0,0,0,0,0,1,8,0,0,0.2381,0.1905,0,0,3.749,1,http://bit.ly/pay7245
78,14,4,1,0,0,1,0,0,33,2,4,0.1795,0.2051,0,0,4.8208,1,http://81.232.113.153/confirmation/payment-failed.aspx?verify=50013&user=login
89,57,4,5,0,3,0,0,0,25,0,2,0.1798,0.0225,0,1,4.468,1,http://google-drive-share.paypal.com.account-verification-18.xyz/secure/portal/client-id/
91,54,5,4,0,3,0,0,0,30,0,3,0.1538,0.022,0,1,4.3974,1,http://amazon-support.apple.com.account-verification-29.click/security-checkpoint/index.php
62,35,2,4,0,0,0,0,0,20,0,5,0.1613,0.0,0,1,4.3568,1,http://microsoft-login-security-update.vip/verify-account.html
49,26,1,2,0,0,0,0,0,16,0,2,0.1837,0.0,0,1,3.9281,1,http://appleid-security-update.tk/dispute/center/
22,6,1,0,0,0,0,0,1,9,0,0,0.2273,0.1818,0,0,3.7888,1,http://bit.ly/auth9562
76,12,4,1,0,0,1,0,0,33,2,4,0.1842,0.1842,0,0,4.8975,1,http://85.79.221.21/confirmation/payment-failed.aspx?verify=60952&user=login
78,19,3,2,0,0,1,0,0,28,2,4,0.1923,0.2564,0,0,4.9053,1,http://37.123.195.120:8000/update-billing-information/?verify=10256&user=login
73,41,1,5,0,0,0,0,0,25,0,4,0.1781,0.0,0,1,4.308,1,http://instagram-badge-verify-security-update.tk/secure/portal/client-id/
80,19,4,1,0,0,1,0,0,30,2,3,0.1875,0.25,0,0,4.7611,1,http://98.190.133.191:8443/security-checkpoint/index.php?verify=98911&user=login
61,14,3,0,0,0,1,0,0,16,2,2,0.2131,0.2623,0,0,4.7013,1,http://76.160.166.123/dispute/center/?verify=52244&user=login
20,5,1,0,0,0,0,0,1,8,0,0,0.25,0.2,0,0,3.6842,1,http://rb.gy/pay5667
62,11,4,1,0,0,1,0,0,20,2,3,0.2097,0.2097,0,0,4.8732,1,http://19.60.16.51/verify-account.html?verify=78147&user=login
71,36,2,4,0,0,0,0,0,28,0,4,0.1549,0.0,0,1,4.3919,1,http://microsoft-login-security-update.work/wallet/recovery-phrase.html
95,43,2,4,0,0,0,0,0,30,1,1,0.1368,0.0632,0,1,4.6118,1,http://wellsfargo-security-verification-auth.click/security-checkpoint/index.php?session=764448
65,38,2,4,0,0,0,0,0,20,0,4,0.1538,0.0,0,1,4.4142,1,http://metamask-validation-security-update.gq/verify-account.html
79,41,1,3,0,0,0,0,0,16,1,1,0.1519,0.0759,0,1,4.4053,1,http://usps-redelivery-verification-secure.click/dispute/center/?session=139739
78,18,3,0,0,0,1,0,0,12,2,4,0.1923,0.2436,0,0,4.7598,1,http://13.35.221.221:8443/signin/auth?redirect=account?verify=44387&user=login
82,37,2,3,0,0,0,0,0,14,1,1,0.1585,0.0732,0,1,4.5259,1,http://binance-trade-verification-update.vip/authorize.cgi?session=?session=157530
27,11,1,0,0,0,0,0,1,9,0,0,0.1852,0.1481,0,0,3.9862,1,http://tinyurl.com/auth9292
87,37,2,4,0,0,0,0,0,28,1,2,0.1494,0.069,0,1,4.6145,1,http://netflix-billing-verification-auth.vip/wallet/recovery-phrase.html?session=376739
91,41,1,6,0,0,0,0,0,28,1,2,0.1538,0.0659,0,1,4.5601,1,http://google-drive-share-verification-auth.loan/update-billing-information/?session=195843
79,29,2,3,0,0,0,0,0,28,1,2,0.1519,0.0759,0,1,4.5687,1,http://paypal-verification-secure.ml/wallet/recovery-phrase.html?session=779428
100,63,5,5,0,3,0,0,0,30,0,3,0.15,0.02,0,1,4.4932,1,http://instagram-badge-verify.google.com.account-verification-22.click/security-checkpoint/index.php
22,7,1,0,0,0,0,0,1,8,0,0,0.2273,0.1818,0,0,3.6978,1,http://cutt.ly/sec4452
82,52,5,3,0,3,0,0,0,14,0,2,0.1707,0.0244,0,1,4.4824,1,http://netflix-billing.apple.com.account-verification-56.cf/authorize.cgi?session=
65,14,4,1,0,0,1,0,0,20,2,3,0.2,0.2462,0,0,4.845,1,http://140.195.56.157/verify-account.html?verify=70666&user=login
89,53,4,3,0,3,0,0,0,12,1,3,0.1573,0.0225,0,1,4.3617,1,http://chase-verify.microsoft.com.account-verification-28.ga/signin/auth?redirect=account
92,57,4,5,0,3,0,0,0,28,0,3,0.1522,0.0217,0,1,4.3261,1,http://netflix-billing.microsoft.com.account-verification-22.vip/update-billing-information/
26,11,1,0,0,0,0,0,1,8,0,0,0.1923,0.1538,0,0,4.1329,1,http://tinyurl.com/act8906
75,58,5,3,0,3,0,0,0,10,0,2,0.16,0.0267,0,1,4.3038,1,http://metamask-validation.apple.com.account-verification-72.loan/login.php
68,36,2,3,0,0,0,0,0,10,1,2,0.1618,0.0882,0,1,4.5815,1,http://netflix-billing-verification-auth.tk/login.php?session=540734
22,7,1,0,0,0,0,0,1,8,0,0,0.2273,0.1818,0,0,3.6247,1,http://cutt.ly/act6342
21,6,1,0,0,0,0,0,1,8,0,0,0.2381,0.1905,0,0,3.6897,1,http://bit.ly/act9495
89,42,1,4,0,0,0,0,0,25,1,2,0.1573,0.0674,0,1,4.5262,1,http://facebook-security-verification-secure.work/secure/portal/client-id/?session=266971
83,38,2,3,0,0,0,0,0,14,1,0,0.1566,0.0723,0,1,4.5359,1,http://usps-redelivery-verification-auth.loan/authorize.cgi?session=?session=884856
97,42,2,4,0,0,0,0,0,33,1,5,0.134,0.0619,0,1,4.556,1,http://bankofamerica-alert-verification-update.tk/confirmation/payment-failed.aspx?session=889238
90,39,1,3,0,0,0,0,0,12,1,3,0.1444,0.0667,0,1,4.5149,1,http://usps-redelivery-verification-update.vip/signin/auth?redirect=account?session=499013
71,12,3,2,0,0,1,0,0,28,2,4,0.1972,0.1972,0,0,4.804,1,http://145.16.95.91/update-billing-information/?verify=64796&user=login
88,43,2,3,0,0,0,0,0,14,1,3,0.1477,0.0682,0,1,4.5583,1,http://bankofamerica-alert-verification-secure.top/authorize.cgi?session=?session=491407
57,16,4,0,0,0,1,0,0,10,2,2,0.2281,0.2982,0,0,4.7842,1,http://27.22.95.51:3000/login.php?verify=38184&user=login
87,57,5,3,0,3,0,0,0,14,0,2,0.1609,0.023,0,1,4.4085,1,http://amazon-support.microsoft.com.account-verification-53.work/authorize.cgi?session=
70,14,3,1,0,0,1,0,0,25,2,3,0.2143,0.2286,0,0,4.7489,1,http://71.253.113.253/secure/portal/client-id/?verify=71936&user=login
78,18,3,0,0,0,1,0,0,12,2,4,0.1923,0.2436,0,0,4.8321,1,http://145.8.221.208:8000/signin/auth?redirect=account?verify=76306&user=login
89,39,1,5,0,0,0,0,0,28,1,3,0.1461,0.0674,0,1,4.5169,1,http://microsoft-login-verification-portal.vip/update-billing-information/?session=786520
86,36,2,4,0,0,0,0,0,28,1,1,0.1512,0.0698,0,1,4.5992,1,http://coinbase-auth-verification-auth.work/wallet/recovery-phrase.html?session=986086
97,45,2,5,0,0,0,0,0,30,1,3,0.1443,0.0619,0,1,4.6901,1,http://instagram-badge-verify-verification-update.gq/security-checkpoint/index.php?session=448310
72,13,3,2,0,0,1,0,0,28,2,4,0.1944,0.2083,0,0,4.9472,1,http://51.161.84.238/update-billing-information/?verify=30079&user=login
76,15,4,1,0,0,1,0,0,30,2,3,0.1842,0.2237,0,0,4.8828,1,http://149.247.225.169/security-checkpoint/index.php?verify=63457&user=login
81,58,4,4,0,3,0,0,0,16,0,1,0.1728,0.0247,0,1,4.3719,1,http://google-drive-share.apple.com.account-verification-97.click/dispute/center/
20,5,1,0,0,0,0,0,1,8,0,0,0.25,0.2,0,0,3.8842,1,http://rb.gy/sec4435
67,20,3,0,0,0,1,0,0,16,2,2,0.209,0.3134,0,0,4.708,1,http://197.111.146.152:8443/dispute/center/?verify=88489&user=login
90,50,5,4,0,3,0,0,0,33,0,3,0.1556,0.0222,0,1,4.4274,1,http://dhl-tracking.paypal.com.account-verification-94.tk/confirmation/payment-failed.aspx
78,14,4,1,0,0,1,0,0,33,2,4,0.1795,0.2051,0,0,4.8734,1,http://108.38.250.150/confirmation/payment-failed.aspx?verify=11928&user=login
87,52,5,4,0,3,0,0,0,28,0,3,0.1609,0.023,0,1,4.368,1,http://chase-verify.google.com.account-verification-99.loan/wallet/recovery-phrase.html
69,33,1,3,0,0,0,0,0,12,1,5,0.1594,0.0,0,1,4.2822,1,http://amazon-support-security-update.tk/signin/auth?redirect=account
56,39,2,3,0,0,0,0,0,10,0,5,0.1607,0.0,0,0,4.361,1,http://bankofamerica-alert-security-update.icu/login.php
95,55,5,4,0,3,0,0,0,33,0,3,0.1474,0.0211,0,0,4.3312,1,http://coinbase-auth.microsoft.com.account-verification-32.icu/confirmation/payment-failed.aspx
85,48,5,3,0,3,0,0,0,30,0,2,0.1529,0.0235,0,1,4.3953,1,http://appleid.google.com.account-verification-19.click/security-checkpoint/index.php
87,40,1,4,0,0,0,0,0,25,1,3,0.1609,0.069,0,1,4.5713,1,http://bankofamerica-alert-verification-auth.ga/secure/portal/client-id/?session=654380
20,5,1,0,0,0,0,0,1,8,0,0,0.25,0.2,0,0,3.8842,1,http://rb.gy/sec9606
73,12,4,1,0,0,1,0,0,30,2,3,0.1918,0.1918,0,0,4.8611,1,http://34.227.230.1/security-checkpoint/index.php?verify=88097&user=login
26,11,1,0,0,0,0,0,1,8,0,0,0.1923,0.1538,0,0,4.027,1,http://tinyurl.com/pay7557
70,14,3,1,0,0,1,0,0,25,2,3,0.2143,0.2286,0,0,4.7952,1,http://73.200.250.106/secure/portal/client-id/?verify=95216&user=login
94,58,4,3,0,3,0,0,0,12,1,3,0.1489,0.0213,0,1,4.4221,1,http://facebook-security.microsoft.com.account-verification-72.gq/signin/auth?redirect=account
92,37,2,4,0,0,0,0,0,33,1,3,0.1413,0.0652,0,1,4.5929,1,http://amazon-support-verification-portal.ga/confirmation/payment-failed.aspx?session=928671
21,5,1,0,0,0,0,0,1,9,0,0,0.2381,0.1905,0,0,3.8442,1,http://rb.gy/auth7826
77,39,1,3,0,0,0,0,0,16,1,2,0.1558,0.0779,0,1,4.4564,1,http://netflix-billing-verification-secure.vip/dispute/center/?session=179611
21,6,1,0,0,0,0,0,1,8,0,0,0.2381,0.1905,0,0,3.7849,1,http://bit.ly/act4816
26,11,1,0,0,0,0,0,1,8,0,0,0.1923,0.1538,0,0,4.1808,1,http://tinyurl.com/sec8683
81,54,5,4,0,3,0,0,0,20,0,2,0.1605,0.0247,0,1,4.3205,1,http://coinbase-auth.microsoft.com.account-verification-81.ga/verify-account.html
69,13,3,1,0,0,1,0,0,25,2,3,0.2174,0.2174,0,0,4.8022,1,http://153.195.246.9/secure/portal/client-id/?verify=71934&user=login
80,53,5,4,0,3,0,0,0,20,0,2,0.1625,0.025,0,1,4.3338,1,http://binance-trade.apple.com.account-verification-98.click/verify-account.html
92,37,2,4,0,0,0,0,0,33,1,4,0.1413,0.0652,0,1,4.5771,1,http://amazon-support-verification-secure.ga/confirmation/payment-failed.aspx?session=474137
68,51,5,3,0,3,0,0,0,10,0,2,0.1765,0.0294,0,1,4.3326,1,http://coinbase-auth.paypal.com.account-verification-26.cf/login.php
26,11,1,0,0,0,0,0,1,8,0,0,0.1923,0.1538,0,0,4.1808,1,http://tinyurl.com/sec3177
80,19,4,1,0,0,1,0,0,30,2,3,0.1875,0.25,0,0,4.8644,1,http://136.136.30.115:8080/security-checkpoint/index.php?verify=33295&user=login
26,11,1,0,0,0,0,0,1,8,0,0,0.1923,0.1538,0,0,4.1039,1,http://tinyurl.com/pay9092
90,55,5,4,0,3,0,0,0,28,0,3,0.1556,0.0222,0,1,4.3555,1,http://microsoft-login.paypal.com.account-verification-88.loan/wallet/recovery-phrase.html
61,29,2,2,0,0,0,0,0,10,1,2,0.1639,0.0984,0,1,4.5267,1,http://paypal-verification-update.cf/login.php?session=998666
88,53,4,5,0,3,0,0,0,28,0,4,0.1591,0.0227,0,1,4.4709,1,http://amazon-support.google.com.account-verification-68.xyz/update-billing-information/
76,38,1,3,0,0,0,0,0,16,1,1,0.1579,0.0789,0,1,4.432,1,http://coinbase-auth-verification-secure.loan/dispute/center/?session=207921
68,17,4,1,0,0,1,0,0,20,2,3,0.2059,0.2647,0,0,4.8318,1,http://158.89.58.25:8080/verify-account.html?verify=70251&user=login
88,53,4,5,0,3,0,0,0,28,0,4,0.1591,0.0227,0,1,4.3,1,http://microsoft-login.apple.com.account-verification-29.top/update-billing-information/
74,29,2,2,0,0,0,0,0,14,1,1,0.1622,0.0811,0,1,4.5631,1,http://paypal-verification-secure.cf/authorize.cgi?session=?session=133542
84,32,2,3,0,0,0,0,0,30,1,2,0.1429,0.0714,0,1,4.5375,1,http://paypal-verification-secure.click/security-checkpoint/index.php?session=105122
74,14,3,0,0,0,1,0,0,12,2,4,0.1892,0.2162,0,0,4.8176,1,http://204.71.100.158/signin/auth?redirect=account?verify=62819&user=login
55,14,4,0,0,0,1,0,0,10,2,2,0.2182,0.2909,0,0,4.6582,1,http://130.127.37.229/login.php?verify=92938&user=login
22,7,1,0,0,0,0,0,1,8,0,0,0.2273,0.1818,0,0,3.6247,1,http://cutt.ly/act1795
22,6,1,0,0,0,0,0,1,9,0,0,0.2273,0.1818,0,0,3.6978,1,http://bit.ly/auth4353
22,7,1,0,0,0,0,0,1,8,0,0,0.2273,0.1818,0,0,3.6069,1,http://cutt.ly/pay4948
93,38,2,4,0,0,0,0,0,33,1,3,0.1398,0.0645,0,1,4.5645,1,http://usps-redelivery-verification-secure.ml/confirmation/payment-failed.aspx?session=844758
85,43,2,4,0,0,0,0,0,20,1,2,0.1412,0.0706,0,1,4.6513,1,http://metamask-validation-verification-portal.xyz/verify-account.html?session=137399
86,56,5,4,0,3,0,0,0,14,0,1,0.1744,0.0233,0,1,4.4345,1,http://google-drive-share.google.com.account-verification-41.ml/authorize.cgi?session=
70,19,4,1,0,0,1,0,0,20,2,3,0.2,0.2857,0,0,4.8252,1,http://103.171.20.208:8000/verify-account.html?verify=37124&user=login
100,45,2,4,0,0,0,0,0,33,1,4,0.13,0.06,0,1,4.5934,1,http://wellsfargo-security-verification-secure.click/confirmation/payment-failed.aspx?session=564655
62,30,2,2,0,0,0,0,0,10,1,1,0.1613,0.0968,0,1,4.4654,1,http://appleid-verification-portal.gq/login.php?session=600966
76,53,4,3,0,3,0,0,0,16,0,2,0.1711,0.0263,0,1,4.4365,1,http://microsoft-login.apple.com.account-verification-90.xyz/dispute/center/
21,5,1,0,0,0,0,0,1,9,0,0,0.2381,0.1905,0,0,3.8442,1,http://rb.gy/auth6528
93,38,2,4,0,0,0,0,0,33,1,4,0.1398,0.0645,0,1,4.5701,1,http://netflix-billing-verification-secure.cf/confirmation/payment-failed.aspx?session=336231
23,7,1,0,0,0,0,0,1,9,0,0,0.2174,0.1739,0,0,3.4314,1,http://cutt.ly/auth5553
91,41,2,4,0,0,0,0,0,28,1,3,0.1429,0.0659,0,1,4.631,1,http://netflix-billing-verification-secure.click/wallet/recovery-phrase.html?session=628870
62,11,4,1,0,0,1,0,0,20,2,3,0.2097,0.2097,0,0,4.8933,1,http://190.3.8.204/verify-account.html?verify=61360&user=login
69,37,2,3,0,0,0,0,0,10,1,2,0.1594,0.087,0,1,4.6682,1,http://coinbase-auth-verification-update.xyz/login.php?session=197017
23,7,1,0,0,0,0,0,1,9,0,0,0.2174,0.1739,0,0,3.5512,1,http://cutt.ly/auth9511
86,36,2,4,0,0,0,0,0,28,1,2,0.1512,0.0698,0,1,4.579,1,http://amazon-support-verification-auth.top/wallet/recovery-phrase.html?session=105703
77,18,4,1,0,0,1,0,0,28,2,3,0.1948,0.2468,0,0,4.8091,1,http://68.148.66.197:8000/wallet/recovery-phrase.html?verify=76960&user=login
23,7,1,0,0,0,0,0,1,9,0,0,0.2174,0.1739,0,0,3.5512,1,http://cutt.ly/auth5711
26,11,1,0,0,0,0,0,1,8,0,0,0.1923,0.1538,0,0,4.1808,1,http://tinyurl.com/sec2600
21,6,1,0,0,0,0,0,1,8,0,0,0.2381,0.1905,0,0,3.5585,1,http://bit.ly/pay4499
80,30,2,3,0,0,0,0,0,28,1,2,0.15,0.075,0,1,4.5443,1,http://paypal-verification-secure.top/wallet/recovery-phrase.html?session=210268
82,52,5,3,0,3,0,0,0,14,0,2,0.1707,0.0244,0,1,4.3768,1,http://amazon-support.apple.com.account-verification-70.top/authorize.cgi?session=
22,7,1,0,0,0,0,0,1,8,0,0,0.2273,0.1818,0,0,3.6978,1,http://cutt.ly/sec5596
69,34,1,5,0,0,0,0,0,28,0,4,0.1594,0.0,0,1,4.2613,1,http://amazon-support-security-update.top/update-billing-information/
26,11,1,0,0,0,0,0,1,8,0,0,0.1923,0.1538,0,0,4.1329,1,http://tinyurl.com/act4215
20,5,1,0,0,0,0,0,1,8,0,0,0.25,0.2,0,0,3.8464,1,http://rb.gy/act7962
81,29,2,3,0,0,0,0,0,30,1,1,0.1481,0.0741,0,1,4.5765,1,http://paypal-verification-portal.tk/security-checkpoint/index.php?session=986378
77,17,3,0,0,0,1,0,0,12,2,4,0.1948,0.2338,0,0,4.8934,1,http://18.213.59.99:8000/signin/auth?redirect=account?verify=47264&user=login
59,32,2,4,0,0,0,0,0,20,0,4,0.1695,0.0,0,1,4.3925,1,http://coinbase-auth-security-update.gq/verify-account.html
85,55,5,3,0,3,0,0,0,14,0,2,0.1647,0.0235,0,1,4.488,1,http://facebook-security.apple.com.account-verification-24.vip/authorize.cgi?session=
20,5,1,0,0,0,0,0,1,8,0,0,0.25,0.2,0,0,3.8464,1,http://rb.gy/act6523
75,37,1,3,0,0,0,0,0,16,1,1,0.16,0.08,0,1,4.592,1,http://microsoft-login-verification-auth.xyz/dispute/center/?session=486088
79,44,4,4,0,3,0,0,0,28,0,3,0.1646,0.0253,0,1,4.354,1,http://paypal.paypal.com.account-verification-90.tk/update-billing-information/
64,34,2,3,0,0,0,0,0,14,0,2,0.1719,0.0,0,1,4.3649,1,http://usps-redelivery-security-update.gq/authorize.cgi?session=
85,35,1,5,0,0,0,0,0,28,1,2,0.1529,0.0706,0,1,4.6748,1,http://dhl-tracking-verification-update.gq/update-billing-information/?session=950867
78,41,2,4,0,0,0,0,0,30,0,2,0.141,0.0,0,1,4.3323,1,http://wellsfargo-security-security-update.click/security-checkpoint/index.php
80,42,1,3,0,0,0,0,0,16,1,1,0.15,0.075,0,1,4.4794,1,http://metamask-validation-verification-secure.tk/dispute/center/?session=126009
83,51,4,4,0,3,0,0,0,25,0,2,0.1807,0.0241,0,0,4.3621,1,http://dhl-tracking.paypal.com.account-verification-24.icu/secure/portal/client-id/
79,62,5,3,0,3,0,0,0,10,0,2,0.1519,0.0253,0,1,4.3917,1,http://metamask-validation.microsoft.com.account-verification-29.work/login.php
96,44,2,4,0,0,0,0,0,30,1,2,0.1354,0.0625,0,1,4.6512,1,http://metamask-validation-verification-secure.work/security-checkpoint/index.php?session=217803
44,27,2,2,0,0,0,0,0,10,0,3,0.1818,0.0,0,1,4.0611,1,http://appleid-security-update.top/login.php
83,33,2,4,0,0,0,0,0,28,1,2,0.1566,0.0723,0,1,4.6102,1,http://chase-verify-verification-auth.ga/wallet/recovery-phrase.html?session=438690
80,38,2,4,0,0,0,0,0,20,1,3,0.15,0.075,0,1,4.5878,1,http://microsoft-login-verification-portal.gq/verify-account.html?session=571971
63,31,1,4,0,0,0,0,0,25,0,4,0.1905,0.0,0,1,4.1846,1,http://chase-verify-security-update.ga/secure/portal/client-id/
72,13,4,1,0,0,1,0,0,28,2,3,0.1944,0.2083,0,0,4.8383,1,http://158.89.77.238/wallet/recovery-phrase.html?verify=44852&user=login
21,6,1,0,0,0,0,0,1,8,0,0,0.2381,0.1905,0,0,3.8442,1,http://bit.ly/sec7363
84,37,1,4,0,0,0,0,0,25,1,1,0.1667,0.0714,0,1,4.4739,1,http://binance-trade-verification-secure.xyz/secure/portal/client-id/?session=381188
77,41,1,3,0,0,0,0,0,12,1,5,0.1429,0.0,0,1,4.3358,1,http://bankofamerica-alert-security-update.click/signin/auth?redirect=account
83,36,1,4,0,0,0,0,0,25,1,1,0.1687,0.0723,0,1,4.4872,1,http://coinbase-auth-verification-secure.tk/secure/portal/client-id/?session=271583
23,7,1,0,0,0,0,0,1,9,0,0,0.2174,0.1739,0,0,3.5512,1,http://cutt.ly/auth2787
85,30,2,3,0,0,0,0,0,33,1,3,0.1412,0.0706,0,1,4.6205,1,http://appleid-verification-update.gq/confirmation/payment-failed.aspx?session=391269
21,5,1,0,0,0,0,0,1,9,0,0,0.2381,0.1905,0,0,3.8442,1,http://rb.gy/auth7160
90,55,4,5,0,3,0,0,0,28,0,3,0.1556,0.0222,0,1,4.2963,1,http://binance-trade.microsoft.com.account-verification-52.top/update-billing-information/
64,13,4,1,0,0,1,0,0,20,2,3,0.2031,0.2344,0,0,4.898,1,http://153.67.236.91/verify-account.html?verify=95035&user=login
83,53,5,3,0,3,0,0,0,14,0,2,0.1687,0.0241,0,1,4.5304,1,http://netflix-billing.apple.com.account-verification-11.xyz/authorize.cgi?session=
78,17,4,1,0,0,1,0,0,30,2,3,0.1923,0.2308,0,0,4.8847,1,http://13.37.134.89:8080/security-checkpoint/index.php?verify=41249&user=login
85,49,4,3,0,3,0,0,0,12,1,2,0.1647,0.0235,0,1,4.3833,1,http://dhl-tracking.apple.com.account-verification-33.tk/signin/auth?redirect=account
20,5,1,0,0,0,0,0,1,8,0,0,0.25,0.2,0,0,3.8464,1,http://rb.gy/act2930
69,52,5,3,0,3,0,0,0,10,0,3,0.1739,0.029,0,1,4.3671,1,http://chase-verify.apple.com.account-verification-53.click/login.php
82,31,1,2,0,0,0,0,0,12,1,3,0.1463,0.0732,0,1,4.6162,1,http://paypal-verification-update.work/signin/auth?redirect=account?session=115697
26,11,1,0,0,0,0,0,1,8,0,0,0.1923,0.1538,0,0,4.2578,1,http://tinyurl.com/sec4719
78,14,4,1,0,0,1,0,0,33,2,4,0.1795,0.2051,0,0,4.888,1,http://37.189.111.164/confirmation/payment-failed.aspx?verify=87656&user=login
71,39,2,3,0,0,0,0,0,10,1,2,0.1549,0.0845,0,1,4.4082,1,http://microsoft-login-verification-secure.vip/login.php?session=444333
61,14,3,0,0,0,1,0,0,16,2,2,0.2131,0.2623,0,0,4.7137,1,http://136.226.26.149/dispute/center/?verify=56398&user=login
71,36,2,4,0,0,0,0,0,28,0,3,0.1549,0.0,0,1,4.3956,1,http://facebook-security-security-update.gq/wallet/recovery-phrase.html
22,7,1,0,0,0,0,0,1,8,0,0,0.2273,0.1818,0,0,3.6978,1,http://cutt.ly/sec8151
84,54,5,3,0,3,0,0,0,14,0,2,0.1667,0.0238,0,1,4.4442,1,http://netflix-billing.google.com.account-verification-36.top/authorize.cgi?session=
86,36,2,4,0,0,0,0,0,28,1,2,0.1512,0.0698,0,1,4.5776,1,http://amazon-support-verification-auth.vip/wallet/recovery-phrase.html?session=533220
76,41,2,4,0,0,0,0,0,28,0,3,0.1447,0.0,0,1,4.3015,1,http://metamask-validation-security-update.click/wallet/recovery-phrase.html
87,42,2,3,0,0,0,0,0,14,1,0,0.1494,0.069,0,1,4.5899,1,http://metamask-validation-verification-portal.ga/authorize.cgi?session=?session=329051
75,43,2,4,0,0,0,0,0,10,1,1,0.16,0.08,0,1,4.5266,1,http://google-drive-share-verification-portal.work/login.php?session=299916
21,6,1,0,0,0,0,0,1,8,0,0,0.2381,0.1905,0,0,3.9395,1,http://bit.ly/sec6348
60,33,2,4,0,0,0,0,0,20,0,4,0.1667,0.0,0,1,4.3957,1,http://coinbase-auth-security-update.xyz/verify-account.html
88,52,4,3,0,3,0,0,0,12,1,3,0.1591,0.0227,0,1,4.4164,1,http://microsoft-login.apple.com.account-verification-12.gq/signin/auth?redirect=account
70,34,1,3,0,0,0,0,0,12,1,4,0.1571,0.0,0,1,4.2245,1,http://coinbase-auth-security-update.loan/signin/auth?redirect=account
84,37,1,4,0,0,0,0,0,25,1,2,0.1667,0.0714,0,1,4.3936,1,http://binance-trade-verification-update.vip/secure/portal/client-id/?session=190019
20,5,1,0,0,0,0,0,1,8,0,0,0.25,0.2,0,0,3.9842,1,http://rb.gy/sec6803
21,6,1,0,0,0,0,0,1,8,0,0,0.2381,0.1905,0,0,3.9395,1,http://bit.ly/sec8713
77,17,3,0,0,0,1,0,0,12,2,4,0.1948,0.2338,0,0,4.8675,1,http://51.175.69.48:3000/signin/auth?redirect=account?verify=67859&user=login
89,57,4,4,0,3,0,0,0,25,0,4,0.1685,0.0225,0,1,4.341,1,http://bankofamerica-alert.google.com.account-verification-15.cf/secure/portal/client-id/
79,18,4,1,0,0,1,0,0,30,2,3,0.1899,0.2405,0,0,4.9303,1,http://66.249.20.135:8443/security-checkpoint/index.php?verify=19839&user=login
81,39,2,4,0,0,0,0,0,20,1,3,0.1481,0.0741,0,1,4.5997,1,http://usps-redelivery-verification-update.vip/verify-account.html?session=943886
66,39,2,4,0,0,0,0,0,20,0,4,0.1515,0.0,0,1,4.3527,1,http://wellsfargo-security-security-update.top/verify-account.html
72,13,3,2,0,0,1,0,0,28,2,4,0.1944,0.2083,0,0,4.8465,1,http://38.190.74.119/update-billing-information/?verify=13299&user=login
68,38,2,3,0,0,0,0,0,14,0,4,0.1618,0.0,0,1,4.5005,1,http://bankofamerica-alert-security-update.gq/authorize.cgi?session=
88,36,2,4,0,0,0,0,0,30,1,1,0.1477,0.0682,0,1,4.6169,1,http://usps-redelivery-verification-auth.ml/security-checkpoint/index.php?session=964882
83,53,5,3,0,3,0,0,0,14,0,1,0.1687,0.0241,0,1,4.5296,1,http://usps-redelivery.google.com.account-verification-34.gq/authorize.cgi?session=
73,14,4,1,0,0,1,0,0,28,2,3,0.1918,0.2192,0,0,4.8455,1,http://177.26.200.102/wallet/recovery-phrase.html?verify=87654&user=login
81,36,2,3,0,0,0,0,0,14,1,1,0.1605,0.0741,0,1,4.5508,1,http://coinbase-auth-verification-update.cf/authorize.cgi?session=?session=768035
21,6,1,0,0,0,0,0,1,8,0,0,0.2381,0.1905,0,0,3.8442,1,http://bit.ly/sec9936
22,7,1,0,0,0,0,0,1,8,0,0,0.2273,0.1818,0,0,3.4817,1,http://cutt.ly/pay9991
77,30,1,3,0,0,0,0,0,25,1,1,0.1688,0.0779,0,1,4.4726,1,http://appleid-verification-secure.gq/secure/portal/client-id/?session=800339
96,61,5,5,0,3,0,0,0,28,0,3,0.1562,0.0208,0,1,4.4691,1,http://instagram-badge-verify.paypal.com.account-verification-65.top/wallet/recovery-phrase.html
70,19,4,1,0,0,1,0,0,20,2,3,0.2,0.2857,0,0,4.9002,1,http://143.136.248.13:8000/verify-account.html?verify=76618&user=login
21,6,1,0,0,0,0,0,1,8,0,0,0.2381,0.1905,0,0,3.749,1,http://bit.ly/pay5608
84,52,4,4,0,3,0,0,0,25,0,2,0.1786,0.0238,0,1,4.2719,1,http://coinbase-auth.apple.com.account-verification-31.loan/secure/portal/client-id/
72,36,1,3,0,0,0,0,0,12,1,5,0.1528,0.0,0,1,4.3838,1,http://microsoft-login-security-update.work/signin/auth?redirect=account
83,53,5,3,0,3,0,0,0,14,0,1,0.1687,0.0241,0,1,4.4315,1,http://coinbase-auth.paypal.com.account-verification-37.loan/authorize.cgi?session=
75,38,2,4,0,0,0,0,0,30,0,4,0.1467,0.0,0,1,4.3621,1,http://bankofamerica-alert-security-update.ml/security-checkpoint/index.php
21,6,1,0,0,0,0,0,1,8,0,0,0.2381,0.1905,0,0,3.8442,1,http://bit.ly/sec4112
61,38,1,3,0,0,0,0,0,16,0,2,0.1639,0.0,0,1,4.1818,1,http://wellsfargo-security-security-update.ga/dispute/center/
26,11,1,0,0,0,0,0,1,8,0,0,0.1923,0.1538,0,0,4.1808,1,http://tinyurl.com/sec6005
75,43,4,3,0,3,0,0,0,25,0,2,0.1867,0.0267,0,1,4.2932,1,http://paypal.apple.com.account-verification-39.tk/secure/portal/client-id/
90,53,5,4,0,3,0,0,0,30,0,3,0.1556,0.0222,0,1,4.377,1,http://amazon-support.paypal.com.account-verification-72.top/security-checkpoint/index.php
75,40,1,6,0,0,0,0,0,28,0,3,0.16,0.0,0,1,4.3794,1,http://google-drive-share-security-update.click/update-billing-information/
20,5,1,0,0,0,0,0,1,8,0,0,0.25,0.2,0,0,3.6842,1,http://rb.gy/pay7670
89,39,1,5,0,0,0,0,0,28,1,2,0.1461,0.0674,0,0,4.5637,1,http://netflix-billing-verification-update.icu/update-billing-information/?session=832590
89,47,2,5,0,0,0,0,0,20,1,3,0.1461,0.0674,0,1,4.613,1,http://instagram-badge-verify-verification-secure.loan/verify-account.html?session=481449
89,57,4,4,0,3,0,0,0,25,0,4,0.1685,0.0225,0,1,4.4174,1,http://bankofamerica-alert.apple.com.account-verification-78.xyz/secure/portal/client-id/
81,30,1,2,0,0,0,0,0,12,1,2,0.1481,0.0741,0,1,4.5468,1,http://appleid-verification-portal.ml/signin/auth?redirect=account?session=516835
52,35,2,3,0,0,0,0,0,10,0,3,0.1731,0.0,0,1,4.2343,1,http://microsoft-login-security-update.top/login.php
26,11,1,0,0,0,0,0,1,8,0,0,0.1923,0.1538,0,0,4.1808,1,http://tinyurl.com/pay9251
85,55,5,3,0,3,0,0,0,14,0,2,0.1647,0.0235,0,1,4.3469,1,http://microsoft-login.google.com.account-verification-61.loan/authorize.cgi?session=
54,13,4,0,0,0,1,0,0,10,2,2,0.2222,0.2778,0,0,4.699,1,http://50.131.127.80/login.php?verify=71876&user=login
89,42,1,4,0,0,0,0,0,25,1,1,0.1573,0.0674,0,1,4.4829,1,http://metamask-validation-verification-auth.loan/secure/portal/client-id/?session=174402
75,11,4,1,0,0,1,0,0,33,2,4,0.1867,0.1733,0,0,4.9304,1,http://97.178.8.64/confirmation/payment-failed.aspx?verify=73015&user=login
92,41,1,3,0,0,0,0,0,12,1,4,0.1413,0.0652,0,1,4.5698,1,http://netflix-billing-verification-update.click/signin/auth?redirect=account?session=730967
22,7,1,0,0,0,0,0,1,8,0,0,0.2273,0.1818,0,0,3.6978,1,http://cutt.ly/pay1948
91,36,2,4,0,0,0,0,0,33,1,3,0.1429,0.0659,0,1,4.5359,1,http://binance-trade-verification-secure.gq/confirmation/payment-failed.aspx?session=699966
96,56,5,4,0,3,0,0,0,33,0,4,0.1458,0.0208,0,1,4.3734,1,http://netflix-billing.microsoft.com.account-verification-85.cf/confirmation/payment-failed.aspx
87,37,1,5,0,0,0,0,0,28,1,4,0.1494,0.069,0,1,4.6573,1,http://chase-verify-verification-secure.work/update-billing-information/?session=763055
85,58,5,4,0,3,0,0,0,20,0,2,0.1529,0.0235,0,0,4.3437,1,http://metamask-validation.paypal.com.account-verification-53.icu/verify-account.html
21,5,1,0,0,0,0,0,1,9,0,0,0.2381,0.1905,0,0,3.749,1,http://rb.gy/auth1481
64,13,4,1,0,0,1,0,0,20,2,3,0.2031,0.2344,0,0,4.941,1,http://184.148.72.99/verify-account.html?verify=46300&user=login
21,6,1,0,0,0,0,0,1,8,0,0,0.2381,0.1905,0,0,3.6538,1,http://bit.ly/pay1014
90,55,4,5,0,3,0,0,0,28,0,4,0.1556,0.0222,0,1,4.4263,1,http://facebook-security.google.com.account-verification-14.ml/update-billing-information/
73,38,2,4,0,0,0,0,0,28,0,3,0.1507,0.0,0,1,4.3454,1,http://facebook-security-security-update.loan/wallet/recovery-phrase.html
61,31,2,3,0,0,0,0,0,14,0,3,0.1803,0.0,0,1,4.3427,1,http://chase-verify-security-update.cf/authorize.cgi?session=
22,6,1,0,0,0,0,0,1,9,0,0,0.2273,0.1818,0,0,3.6978,1,http://bit.ly/auth4626
69,37,2,3,0,0,0,0,0,10,1,2,0.1594,0.087,0,1,4.5417,1,http://binance-trade-verification-update.top/login.php?session=837670
76,41,2,4,0,0,0,0,0,28,0,5,0.1447,0.0,0,1,4.323,1,http://bankofamerica-alert-security-update.click/wallet/recovery-phrase.html
21,6,1,0,0,0,0,0,1,8,0,0,0.2381,0.1905,0,0,3.6538,1,http://bit.ly/pay7678
73,36,2,4,0,0,0,0,0,30,0,2,0.1507,0.0,0,1,4.2651,1,http://usps-redelivery-security-update.work/security-checkpoint/index.php
75,15,3,0,0,0,1,0,0,12,2,4,0.1867,0.2267,0,0,4.7707,1,http://189.106.152.141/signin/auth?redirect=account?verify=64422&user=login
71,35,1,3,0,0,0,0,0,12,1,5,0.1549,0.0,0,0,4.2982,1,http://netflix-billing-security-update.icu/signin/auth?redirect=account
88,58,5,3,0,3,0,0,0,14,0,2,0.1591,0.0227,0,1,4.512,1,http://netflix-billing.microsoft.com.account-verification-71.work/authorize.cgi?session=
20,5,1,0,0,0,0,0,1,8,0,0,0.25,0.2,0,0,3.7464,1,http://rb.gy/act3262
22,7,1,0,0,0,0,0,1,8,0,0,0.2273,0.1818,0,0,3.6247,1,http://cutt.ly/act9275
91,44,1,4,0,0,0,0,0,25,1,1,0.1538,0.0659,0,1,4.4689,1,http://metamask-validation-verification-secure.loan/secure/portal/client-id/?session=831755
81,34,1,4,0,0,0,0,0,25,1,1,0.1728,0.0741,0,1,4.532,1,http://binance-trade-verification-auth.gq/secure/portal/client-id/?session=693044
94,42,2,4,0,0,0,0,0,30,1,4,0.1383,0.0638,0,1,4.62,1,http://bankofamerica-alert-verification-update.tk/security-checkpoint/index.php?session=236867
94,59,4,6,0,3,0,0,0,28,0,3,0.1596,0.0213,0,1,4.4095,1,http://google-drive-share.microsoft.com.account-verification-54.tk/update-billing-information/
89,39,1,5,0,0,0,0,0,28,1,3,0.1461,0.0674,0,1,4.5421,1,http://amazon-support-verification-update.loan/update-billing-information/?session=747861
70,53,5,3,0,3,0,0,0,10,0,2,0.1714,0.0286,0,1,4.2452,1,http://microsoft-login.google.com.account-verification-39.ml/login.php
80,19,4,1,0,0,1,0,0,30,2,3,0.1875,0.25,0,0,4.8251,1,http://68.214.203.131:8080/security-checkpoint/index.php?verify=38032&user=login
72,37,1,6,0,0,0,0,0,28,0,3,0.1667,0.0,0,1,4.3392,1,http://google-drive-share-security-update.ml/update-billing-information/
67,27,2,3,0,0,0,0,0,33,0,4,0.1493,0.0,0,1,4.2446,1,http://paypal-security-update.loan/confirmation/payment-failed.aspx
82,50,4,4,0,3,0,0,0,25,0,2,0.1829,0.0244,0,1,4.3797,1,http://dhl-tracking.paypal.com.account-verification-62.tk/secure/portal/client-id/
74,20,4,0,0,0,1,0,0,14,2,2,0.2027,0.2838,0,0,4.7804,1,http://168.212.152.119:8080/authorize.cgi?session=?verify=75855&user=login
92,42,1,5,0,0,0,0,0,28,1,5,0.1413,0.0652,0,1,4.5623,1,http://bankofamerica-alert-verification-secure.cf/update-billing-information/?session=752719
75,45,5,2,0,3,0,0,0,14,0,1,0.1733,0.0267,0,0,4.413,1,http://appleid.apple.com.account-verification-56.icu/authorize.cgi?session=
93,38,2,4,0,0,0,0,0,33,1,3,0.1398,0.0645,0,1,4.5861,1,http://usps-redelivery-verification-secure.ml/confirmation/payment-failed.aspx?session=491622
87,42,2,3,0,0,0,0,0,14,1,2,0.1494,0.069,0,1,4.569,1,http://wellsfargo-security-verification-secure.tk/authorize.cgi?session=?session=802166
21,6,1,0,0,0,0,0,1,8,0,0,0.2381,0.1905,0,0,3.7849,1,http://bit.ly/act7460
74,13,4,1,0,0,1,0,0,30,2,3,0.1892,0.2027,0,0,4.8513,1,http://97.254.81.123/security-checkpoint/index.php?verify=25177&user=login
77,13,4,1,0,0,1,0,0,33,2,4,0.1818,0.1948,0,0,4.8884,1,http://157.104.2.200/confirmation/payment-failed.aspx?verify=59745&user=login
79,20,4,1,0,0,1,0,0,28,2,3,0.1899,0.2658,0,0,4.8071,1,http://115.225.250.206:8080/wallet/recovery-phrase.html?verify=35385&user=login
78,17,4,1,0,0,1,0,0,30,2,3,0.1923,0.2308,0,0,4.949,1,http://123.97.104.6:8443/security-checkpoint/index.php?verify=48256&user=login
23,7,1,0,0,0,0,0,1,9,0,0,0.2174,0.1739,0,0,3.5512,1,http://cutt.ly/auth8586
21,6,1,0,0,0,0,0,1,8,0,0,0.2381,0.1905,0,0,3.9395,1,http://bit.ly/sec5806
86,41,2,3,0,0,0,0,0,14,1,2,0.1512,0.0698,0,1,4.575,1,http://netflix-billing-verification-update.click/authorize.cgi?session=?session=444080
69,32,2,4,0,0,0,0,0,30,0,2,0.1594,0.0,0,1,4.3134,1,http://dhl-tracking-security-update.xyz/security-checkpoint/index.php
58,26,1,3,0,0,0,0,0,25,0,3,0.1897,0.0,0,1,4.0164,1,http://paypal-security-update.top/secure/portal/client-id/
74,42,2,4,0,0,0,0,0,10,1,1,0.1622,0.0811,0,1,4.4997,1,http://google-drive-share-verification-portal.top/login.php?session=490827
91,39,2,4,0,0,0,0,0,30,1,2,0.1429,0.0659,0,0,4.5797,1,http://netflix-billing-verification-portal.icu/security-checkpoint/index.php?session=737534
21,5,1,0,0,0,0,0,1,9,0,0,0.2381,0.1905,0,0,3.749,1,http://rb.gy/auth7179
21,6,1,0,0,0,0,0,1,8,0,0,0.2381,0.1905,0,0,3.8442,1,http://bit.ly/sec9419
76,12,4,1,0,0,1,0,0,33,2,4,0.1842,0.1842,0,0,4.9502,1,http://84.28.75.164/confirmation/payment-failed.aspx?verify=39236&user=login
82,55,5,4,0,3,0,0,0,20,0,2,0.1585,0.0244,0,1,4.405,1,http://binance-trade.microsoft.com.account-verification-27.xyz/verify-account.html
20,5,1,0,0,0,0,0,1,8,0,0,0.25,0.2,0,0,3.9842,1,http://rb.gy/sec4950
26,11,1,0,0,0,0,0,1,8,0,0,0.1923,0.1538,0,0,4.1808,1,http://tinyurl.com/sec5771
93,58,4,5,0,3,0,0,0,28,0,5,0.1505,0.0215,0,0,4.3477,1,http://bankofamerica-alert.paypal.com.account-verification-20.icu/update-billing-information/
85,40,2,4,0,0,0,0,0,14,1,0,0.1647,0.0706,0,1,4.6131,1,http://google-drive-share-verification-auth.xyz/authorize.cgi?session=?session=736127
69,13,3,1,0,0,1,0,0,25,2,3,0.2174,0.2174,0,0,4.7841,1,http://132.48.88.103/secure/portal/client-id/?verify=73584&user=login
90,39,1,3,0,0,0,0,0,12,1,4,0.1444,0.0667,0,1,4.4972,1,http://netflix-billing-verification-secure.top/signin/auth?redirect=account?session=539455
79,52,5,4,0,3,0,0,0,20,0,2,0.1646,0.0253,0,1,4.4004,1,http://binance-trade.apple.com.account-verification-92.work/verify-account.html
22,7,1,0,0,0,0,0,1,8,0,0,0.2273,0.1818,0,0,3.6978,1,http://cutt.ly/sec1861
82,52,5,3,0,3,0,0,0,14,0,2,0.1707,0.0244,0,1,4.3768,1,http://amazon-support.apple.com.account-verification-68.top/authorize.cgi?session=
57,34,1,3,0,0,0,0,0,16,0,2,0.1754,0.0,0,1,4.1477,1,http://coinbase-auth-security-update.work/dispute/center/
92,57,4,5,0,3,0,0,0,28,0,5,0.1522,0.0217,0,1,4.3097,1,http://bankofamerica-alert.apple.com.account-verification-44.vip/update-billing-information/
67,40,2,4,0,0,0,0,0,20,0,5,0.1493,0.0,0,1,4.4034,1,http://bankofamerica-alert-security-update.work/verify-account.html
62,32,2,3,0,0,0,0,0,14,0,2,0.1774,0.0,0,1,4.4638,1,http://dhl-tracking-security-update.xyz/authorize.cgi?session=
80,28,2,3,0,0,0,0,0,30,1,1,0.15,0.075,0,1,4.6401,1,http://paypal-verification-auth.xyz/security-checkpoint/index.php?session=802562
80,19,4,1,0,0,1,0,0,30,2,3,0.1875,0.25,0,0,4.8751,1,http://52.138.181.160:8000/security-checkpoint/index.php?verify=36657&user=login
56,33,1,3,0,0,0,0,0,16,0,2,0.1786,0.0,0,1,3.9627,1,http://binance-trade-security-update.top/dispute/center/
92,52,5,4,0,3,0,0,0,33,0,4,0.1522,0.0217,0,0,4.3493,1,http://amazon-support.apple.com.account-verification-59.icu/confirmation/payment-failed.aspx
71,39,1,5,0,0,0,0,0,25,0,3,0.1831,0.0,0,1,4.1777,1,http://google-drive-share-security-update.loan/secure/portal/client-id/
52,35,2,3,0,0,0,0,0,10,0,3,0.1731,0.0,0,1,4.2747,1,http://coinbase-auth-security-update.click/login.php
83,36,1,4,0,0,0,0,0,25,1,2,0.1687,0.0723,0,1,4.5359,1,http://microsoft-login-verification-auth.ml/secure/portal/client-id/?session=826350
74,36,1,3,0,0,0,0,0,16,1,1,0.1622,0.0811,0,1,4.4859,1,http://dhl-tracking-verification-secure.vip/dispute/center/?session=399161
22,7,1,0,0,0,0,0,1,8,0,0,0.2273,0.1818,0,0,3.5338,1,http://cutt.ly/act5266
67,37,2,4,0,0,0,0,0,14,0,2,0.1791,0.0,0,1,4.3236,1,http://google-drive-share-security-update.ga/authorize.cgi?session=
71,12,3,2,0,0,1,0,0,28,2,4,0.1972,0.1972,0,0,4.804,1,http://126.36.93.77/update-billing-information/?verify=72969&user=login
71,12,3,2,0,0,1,0,0,28,2,4,0.1972,0.1972,0,0,4.8322,1,http://26.155.86.65/update-billing-information/?verify=82038&user=login
82,55,5,4,0,3,0,0,0,20,0,3,0.1585,0.0244,0,1,4.3378,1,http://microsoft-login.apple.com.account-verification-42.click/verify-account.html
55,25,2,2,0,0,0,0,0,14,0,2,0.1818,0.0,0,1,4.3655,1,http://paypal-security-update.cf/authorize.cgi?session=
75,37,1,3,0,0,0,0,0,16,1,1,0.16,0.08,0,1,4.5432,1,http://dhl-tracking-verification-update.loan/dispute/center/?session=738909
21,6,1,0,0,0,0,0,1,8,0,0,0.2381,0.1905,0,0,3.9395,1,http://bit.ly/sec7096
62,32,2,3,0,0,0,0,0,14,0,2,0.1774,0.0,0,1,4.3203,1,http://binance-trade-security-update.tk/authorize.cgi?session=
67,44,4,2,0,3,0,0,0,16,0,1,0.1791,0.0299,0,1,4.2876,1,http://paypal.paypal.com.account-verification-93.cf/dispute/center/
26,11,1,0,0,0,0,0,1,8,0,0,0.1923,0.1538,0,0,4.1808,1,http://tinyurl.com/pay6280
65,35,2,3,0,0,0,0,0,14,0,2,0.1692,0.0,0,1,4.3622,1,http://binance-trade-security-update.click/authorize.cgi?session=
23,7,1,0,0,0,0,0,1,9,0,0,0.2174,0.1739,0,0,3.5512,1,http://cutt.ly/auth5011
71,15,3,1,0,0,1,0,0,25,2,3,0.2113,0.2394,0,0,4.7181,1,http://206.252.123.200/secure/portal/client-id/?verify=62855&user=login
88,43,2,3,0,0,0,0,0,14,1,1,0.1477,0.0682,0,1,4.5922,1,http://metamask-validation-verification-update.vip/authorize.cgi?session=?session=870516
70,14,3,1,0,0,1,0,0,25,2,3,0.2143,0.2286,0,0,4.7273,1,http://114.231.60.204/secure/portal/client-id/?verify=61423&user=login
88,37,1,3,0,0,0,0,0,12,1,3,0.1477,0.0682,0,1,4.5567,1,http://amazon-support-verification-portal.tk/signin/auth?redirect=account?session=249331
20,5,1,0,0,0,0,0,1,8,0,0,0.25,0.2,0,0,3.6842,1,http://rb.gy/pay5965
20,5,1,0,0,0,0,0,1,8,0,0,0.25,0.2,0,0,3.7464,1,http://rb.gy/act1446
70,33,2,4,0,0,0,0,0,30,0,2,0.1571,0.0,0,1,4.2577,1,http://coinbase-auth-security-update.xyz/security-checkpoint/index.php
72,36,1,3,0,0,0,0,0,12,1,4,0.1528,0.0,0,1,4.3469,1,http://facebook-security-security-update.gq/signin/auth?redirect=account
88,53,4,5,0,3,0,0,0,28,0,3,0.1591,0.0227,0,1,4.3779,1,http://dhl-tracking.microsoft.com.account-verification-23.ml/update-billing-information/
21,5,1,0,0,0,0,0,1,9,0,0,0.2381,0.1905,0,0,3.8442,1,http://rb.gy/auth3791
72,13,3,2,0,0,1,0,0,28,2,4,0.1944,0.2083,0,0,4.8811,1,http://149.167.9.218/update-billing-information/?verify=79604&user=login
73,50,4,3,0,3,0,0,0,16,0,2,0.1781,0.0274,0,1,4.3745,1,http://chase-verify.paypal.com.account-verification-30.tk/dispute/center/
74,13,4,1,0,0,1,0,0,30,2,3,0.1892,0.2027,0,0,4.7804,1,http://101.64.220.99/security-checkpoint/index.php?verify=92966&user=login
94,54,5,4,0,3,0,0,0,33,0,3,0.1489,0.0213,0,1,4.4333,1,http://coinbase-auth.google.com.account-verification-86.click/confirmation/payment-failed.aspx
73,13,3,0,0,0,1,0,0,12,2,4,0.1918,0.2055,0,0,4.8063,1,http://20.238.21.154/signin/auth?redirect=account?verify=34660&user=login
79,18,4,1,0,0,1,0,0,30,2,3,0.1899,0.2405,0,0,4.8689,1,http://212.232.81.35:8080/security-checkpoint/index.php?verify=26099&user=login
93,56,5,4,0,3,0,0,0,30,0,2,0.1505,0.0215,0,1,4.3745,1,http://binance-trade.microsoft.com.account-verification-98.loan/security-checkpoint/index.php
93,38,2,4,0,0,0,0,0,33,1,3,0.1398,0.0645,0,1,4.5127,1,http://binance-trade-verification-update.loan/confirmation/payment-failed.aspx?session=986682
61,14,3,0,0,0,1,0,0,16,2,2,0.2131,0.2623,0,0,4.7917,1,http://177.208.45.123/dispute/center/?verify=35866&user=login
94,39,2,4,0,0,0,0,0,33,1,3,0.1383,0.0638,0,1,4.6358,1,http://netflix-billing-verification-portal.xyz/confirmation/payment-failed.aspx?session=982305
83,31,2,3,0,0,0,0,0,30,1,2,0.1446,0.0723,0,1,4.5977,1,http://paypal-verification-secure.loan/security-checkpoint/index.php?session=368957
79,52,5,4,0,3,0,0,0,20,0,2,0.1646,0.0253,0,1,4.3435,1,http://binance-trade.google.com.account-verification-63.top/verify-account.html
26,11,1,0,0,0,0,0,1,8,0,0,0.1923,0.1538,0,0,4.1329,1,http://tinyurl.com/act1869
20,5,1,0,0,0,0,0,1,8,0,0,0.25,0.2,0,0,3.7464,1,http://rb.gy/act2070
66,12,4,0,0,0,1,0,0,14,2,2,0.2121,0.2121,0,0,4.8187,1,http://65.20.137.79/authorize.cgi?session=?verify=42207&user=login
27,11,1,0,0,0,0,0,1,9,0,0,0.1852,0.1481,0,0,4.1343,1,http://tinyurl.com/auth7039
96,41,2,4,0,0,0,0,0,33,1,4,0.1354,0.0625,0,0,4.5898,1,http://bankofamerica-alert-verification-auth.icu/confirmation/payment-failed.aspx?session=487401
22,7,1,0,0,0,0,0,1,8,0,0,0.2273,0.1818,0,0,3.6247,1,http://cutt.ly/act8036
21,6,1,0,0,0,0,0,1,8,0,0,0.2381,0.1905,0,0,3.6538,1,http://bit.ly/pay2008
93,43,1,6,0,0,0,0,0,28,1,2,0.1505,0.0645,0,1,4.588,1,http://google-drive-share-verification-update.work/update-billing-information/?session=556752
78,55,4,3,0,3,0,0,0,16,0,2,0.1667,0.0256,0,1,4.4101,1,http://facebook-security.paypal.com.account-verification-75.ml/dispute/center/
21,6,1,0,0,0,0,0,1,8,0,0,0.2381,0.1905,0,0,3.5585,1,http://bit.ly/act4443
98,61,5,4,0,3,0,0,0,30,0,4,0.1429,0.0204,0,0,4.3671,1,http://bankofamerica-alert.microsoft.com.account-verification-33.icu/security-checkpoint/index.php
98,58,5,4,0,3,0,0,0,33,0,3,0.1429,0.0204,0,1,4.3175,1,http://metamask-validation.apple.com.account-verification-92.loan/confirmation/payment-failed.aspx
75,15,3,0,0,0,1,0,0,12,2,4,0.1867,0.2267,0,0,4.8123,1,http://138.178.254.131/signin/auth?redirect=account?verify=76425&user=login
90,54,4,3,0,3,0,0,0,12,1,2,0.1556,0.0222,0,1,4.345,1,http://binance-trade.microsoft.com.account-verification-42.ml/signin/auth?redirect=account
73,14,4,1,0,0,1,0,0,28,2,3,0.1918,0.2192,0,0,4.8167,1,http://129.173.70.159/wallet/recovery-phrase.html?verify=12419&user=login
95,60,5,4,0,3,0,0,0,28,0,3,0.1474,0.0211,0,1,4.4242,1,http://wellsfargo-security.microsoft.com.account-verification-95.tk/wallet/recovery-phrase.html
92,57,5,5,0,3,0,0,0,28,0,2,0.163,0.0217,0,1,4.3935,1,http://google-drive-share.google.com.account-verification-19.vip/wallet/recovery-phrase.html
65,33,2,2,0,0,0,0,0,10,1,2,0.1538,0.0923,0,1,4.6001,1,http://appleid-verification-update.click/login.php?session=794023
20,5,1,0,0,0,0,0,1,8,0,0,0.25,0.2,0,0,3.9842,1,http://rb.gy/sec2568
88,37,1,3,0,0,0,0,0,12,1,2,0.1477,0.0682,0,1,4.5885,1,http://binance-trade-verification-portal.xyz/signin/auth?redirect=account?session=929081
73,12,4,1,0,0,1,0,0,30,2,3,0.1918,0.1918,0,0,4.7686,1,http://70.31.81.137/security-checkpoint/index.php?verify=39871&user=login
93,58,5,4,0,3,0,0,0,28,0,3,0.1505,0.0215,0,1,4.4215,1,http://wellsfargo-security.paypal.com.account-verification-42.vip/wallet/recovery-phrase.html
21,6,1,0,0,0,0,0,1,8,0,0,0.2381,0.1905,0,0,3.9395,1,http://bit.ly/sec3701
26,11,1,0,0,0,0,0,1,8,0,0,0.1923,0.1538,0,0,4.2578,1,http://tinyurl.com/sec6815
73,14,4,1,0,0,1,0,0,28,2,3,0.1918,0.2192,0,0,4.8387,1,http://131.144.128.63/wallet/recovery-phrase.html?verify=99724&user=login
81,29,2,3,0,0,0,0,0,30,1,2,0.1481,0.0741,0,1,4.5705,1,http://paypal-verification-secure.cf/security-checkpoint/index.php?session=764816
26,11,1,0,0,0,0,0,1,8,0,0,0.1923,0.1538,0,0,4.1039,1,http://tinyurl.com/pay3606
73,38,2,4,0,0,0,0,0,28,0,3,0.1507,0.0,0,1,4.2872,1,http://wellsfargo-security-security-update.tk/wallet/recovery-phrase.html
22,7,1,0,0,0,0,0,1,8,0,0,0.2273,0.1818,0,0,3.5338,1,http://cutt.ly/act6672
20,5,1,0,0,0,0,0,1,8,0,0,0.25,0.2,0,0,3.7842,1,http://rb.gy/pay9273
99,64,5,5,0,3,0,0,0,28,0,3,0.1515,0.0202,0,1,4.4409,1,http://instagram-badge-verify.microsoft.com.account-verification-66.top/wallet/recovery-phrase.html
78,36,2,4,0,0,0,0,0,20,1,3,0.1538,0.0769,0,1,4.6311,1,http://netflix-billing-verification-auth.cf/verify-account.html?session=130916
75,19,3,1,0,0,1,0,0,25,2,3,0.2133,0.2667,0,0,4.7489,1,http://149.130.131.91:3000/secure/portal/client-id/?verify=34485&user=login
23,7,1,0,0,0,0,0,1,9,0,0,0.2174,0.1739,0,0,3.6381,1,http://cutt.ly/auth3950
27,11,1,0,0,0,0,0,1,9,0,0,0.1852,0.1481,0,0,4.0603,1,http://tinyurl.com/auth9493
69,31,1,2,0,0,0,0,0,16,1,1,0.1594,0.087,0,1,4.4512,1,http://paypal-verification-secure.loan/dispute/center/?session=689776
58,35,1,3,0,0,0,0,0,16,0,2,0.1724,0.0,0,0,3.9443,1,http://usps-redelivery-security-update.icu/dispute/center/
23,7,1,0,0,0,0,0,1,9,0,0,0.2174,0.1739,0,0,3.6381,1,http://cutt.ly/auth1290
77,37,2,4,0,0,0,0,0,33,0,4,0.1429,0.0,0,1,4.4219,1,http://facebook-security-security-update.xyz/confirmation/payment-failed.aspx
81,36,2,3,0,0,0,0,0,14,1,1,0.1605,0.0741,0,0,4.5999,1,http://dhl-tracking-verification-update.icu/authorize.cgi?session=?session=103716
82,35,1,4,0,0,0,0,0,25,1,3,0.1707,0.0732,0,1,4.5032,1,http://chase-verify-verification-update.ml/secure/portal/client-id/?session=946445
20,5,1,0,0,0,0,0,1,8,0,0,0.25,0.2,0,0,3.8464,1,http://rb.gy/act9526
26,11,1,0,0,0,0,0,1,8,0,0,0.1923,0.1538,0,0,4.2578,1,http://tinyurl.com/sec8956
97,57,5,4,0,3,0,0,0,33,0,4,0.1443,0.0206,0,1,4.5014,1,http://wellsfargo-security.paypal.com.account-verification-84.gq/confirmation/payment-failed.aspx
77,13,4,1,0,0,1,0,0,33,2,4,0.1818,0.1948,0,0,4.8982,1,http://129.252.74.54/confirmation/payment-failed.aspx?verify=44039&user=login
64,41,1,4,0,0,0,0,0,16,0,3,0.1719,0.0,0,1,4.208,1,http://instagram-badge-verify-security-update.cf/dispute/center/
82,30,2,3,0,0,0,0,0,30,1,1,0.1463,0.0732,0,1,4.6296,1,http://appleid-verification-portal.gq/security-checkpoint/index.php?session=964754
71,44,5,3,0,3,0,0,0,20,0,2,0.169,0.0282,0,1,4.3304,1,http://paypal.google.com.account-verification-83.cf/verify-account.html
59,36,1,3,0,0,0,0,0,16,0,3,0.1695,0.0,0,1,4.219,1,http://microsoft-login-security-update.loan/dispute/center/
21,6,1,0,0,0,0,0,1,8,0,0,0.2381,0.1905,0,0,3.9395,1,http://bit.ly/sec2107
76,31,2,2,0,0,0,0,0,14,1,0,0.1579,0.0789,0,1,4.5109,1,http://appleid-verification-portal.top/authorize.cgi?session=?session=288537
20,5,1,0,0,0,0,0,1,8,0,0,0.25,0.2,0,0,3.7464,1,http://rb.gy/act3053
75,35,2,4,0,0,0,0,0,33,0,5,0.1467,0.0,0,0,4.3315,1,http://microsoft-login-security-update.icu/confirmation/payment-failed.aspx
68,38,2,3,0,0,0,0,0,14,0,2,0.1618,0.0,0,1,4.4564,1,http://metamask-validation-security-update.gq/authorize.cgi?session=
73,14,3,2,0,0,1,0,0,28,2,4,0.1918,0.2192,0,0,4.8365,1,http://18.126.178.147/update-billing-information/?verify=68060&user=login
77,60,5,3,0,3,0,0,0,10,0,2,0.1558,0.026,0,1,4.3435,1,http://metamask-validation.microsoft.com.account-verification-79.ga/login.php
69,37,2,3,0,0,0,0,0,10,1,2,0.1594,0.087,0,1,4.5265,1,http://amazon-support-verification-portal.tk/login.php?session=178889
20,5,1,0,0,0,0,0,1,8,0,0,0.25,0.2,0,0,3.7464,1,http://rb.gy/sec9599
86,36,1,5,0,0,0,0,0,28,1,4,0.1512,0.0698,0,1,4.6485,1,http://chase-verify-verification-secure.xyz/update-billing-information/?session=696367
78,14,4,1,0,0,1,0,0,33,2,4,0.1795,0.2051,0,0,4.9087,1,http://26.215.245.127/confirmation/payment-failed.aspx?verify=59486&user=login
22,7,1,0,0,0,0,0,1,8,0,0,0.2273,0.1818,0,0,3.6069,1,http://cutt.ly/pay1617
69,18,4,1,0,0,1,0,0,20,2,3,0.2029,0.2754,0,0,4.8545,1,http://216.76.38.143:8443/verify-account.html?verify=62143&user=login
73,38,1,5,0,0,0,0,0,28,0,3,0.1507,0.0,0,1,4.3691,1,http://wellsfargo-security-security-update.cf/update-billing-information/
84,54,5,3,0,3,0,0,0,14,0,1,0.1667,0.0238,0,1,4.3934,1,http://coinbase-auth.microsoft.com.account-verification-24.gq/authorize.cgi?session=
68,14,4,0,0,0,1,0,0,14,2,2,0.2059,0.2353,0,0,4.7802,1,http://108.13.203.101/authorize.cgi?session=?verify=94396&user=login
94,47,1,5,0,0,0,0,0,25,1,3,0.1596,0.0638,0,1,4.5943,1,http://instagram-badge-verify-verification-update.loan/secure/portal/client-id/?session=748605
83,36,1,4,0,0,0,0,0,25,1,2,0.1687,0.0723,0,1,4.5118,1,http://microsoft-login-verification-auth.ml/secure/portal/client-id/?session=223604
72,18,4,0,0,0,1,0,0,14,2,2,0.2083,0.2639,0,0,4.8574,1,http://26.118.42.207:8000/authorize.cgi?session=?verify=91350&user=login
21,6,1,0,0,0,0,0,1,8,0,0,0.2381,0.1905,0,0,3.9395,1,http://bit.ly/sec8472
78,14,4,1,0,0,1,0,0,33,2,4,0.1795,0.2051,0,0,4.8464,1,http://199.89.197.101/confirmation/payment-failed.aspx?verify=53390&user=login
67,13,4,0,0,0,1,0,0,14,2,2,0.209,0.2239,0,0,4.7917,1,http://68.207.188.58/authorize.cgi?session=?verify=51969&user=login
23,7,1,0,0,0,0,0,1,9,0,0,0.2174,0.1739,0,0,3.6381,1,http://cutt.ly/auth2361
74,20,4,0,0,0,1,0,0,14,2,2,0.2027,0.2838,0,0,4.873,1,http://160.195.159.184:8443/authorize.cgi?session=?verify=79370&user=login
90,54,4,3,0,3,0,0,0,12,1,2,0.1556,0.0222,0,1,4.3126,1,http://coinbase-auth.microsoft.com.account-verification-15.ga/signin/auth?redirect=account
86,49,5,4,0,3,0,0,0,30,0,2,0.1628,0.0233,0,1,4.4155,1,http://dhl-tracking.apple.com.account-verification-37.cf/security-checkpoint/index.php
68,14,4,0,0,0,1,0,0,14,2,2,0.2059,0.2353,0,0,4.7913,1,http://78.157.210.140/authorize.cgi?session=?verify=14230&user=login
77,18,4,1,0,0,1,0,0,28,2,3,0.1948,0.2468,0,0,4.8142,1,http://17.40.101.244:8000/wallet/recovery-phrase.html?verify=44326&user=login
57,34,1,3,0,0,0,0,0,16,0,2,0.1754,0.0,0,1,4.0059,1,http://usps-redelivery-security-update.cf/dispute/center/
64,37,2,4,0,0,0,0,0,20,0,4,0.1562,0.0,0,1,4.3531,1,http://facebook-security-security-update.vip/verify-account.html
75,40,1,5,0,0,0,0,0,28,0,5,0.1467,0.0,0,1,4.2888,1,http://bankofamerica-alert-security-update.loan/update-billing-information/
90,55,4,5,0,3,0,0,0,28,0,4,0.1556,0.0222,0,1,4.4201,1,http://microsoft-login.paypal.com.account-verification-91.work/update-billing-information/
78,31,1,3,0,0,0,0,0,25,1,1,0.1667,0.0769,0,1,4.5411,1,http://appleid-verification-portal.xyz/secure/portal/client-id/?session=271813
79,19,3,0,0,0,1,0,0,12,2,4,0.1899,0.2532,0,0,4.8228,1,http://132.206.246.45:8443/signin/auth?redirect=account?verify=13825&user=login
22,7,1,0,0,0,0,0,1,8,0,0,0.2273,0.1818,0,0,3.6978,1,http://cutt.ly/sec9769
20,5,1,0,0,0,0,0,1,8,0,0,0.25,0.2,0,0,3.9842,1,http://rb.gy/sec2758
90,38,2,4,0,0,0,0,0,30,1,2,0.1444,0.0667,0,1,4.6077,1,http://usps-redelivery-verification-secure.gq/security-checkpoint/index.php?session=836192
76,31,2,2,0,0,0,0,0,14,1,1,0.1579,0.0789,0,1,4.6408,1,http://appleid-verification-update.xyz/authorize.cgi?session=?session=607204
83,38,2,3,0,0,0,0,0,14,1,2,0.1566,0.0723,0,1,4.4344,1,http://microsoft-login-verification-secure.ga/authorize.cgi?session=?session=212216
20,5,1,0,0,0,0,0,1,8,0,0,0.25,0.2,0,0,3.8842,1,http://rb.gy/sec1012
21,5,1,0,0,0,0,0,1,9,0,0,0.2381,0.1905,0,0,3.8442,1,http://rb.gy/auth8027
88,38,2,4,0,0,0,0,0,28,1,1,0.1477,0.0682,0,1,4.5523,1,http://usps-redelivery-verification-portal.ml/wallet/recovery-phrase.html?session=259636
71,41,2,4,0,0,0,0,0,14,0,3,0.169,0.0,0,1,4.4488,1,http://instagram-badge-verify-security-update.cf/authorize.cgi?session=
76,12,4,1,0,0,1,0,0,33,2,4,0.1842,0.1842,0,0,4.8677,1,http://29.4.116.196/confirmation/payment-failed.aspx?verify=80009&user=login
78,38,2,4,0,0,0,0,0,33,0,4,0.141,0.0,0,1,4.3891,1,http://metamask-validation-security-update.gq/confirmation/payment-failed.aspx
22,7,1,0,0,0,0,0,1,8,0,0,0.2273,0.1818,0,0,3.7888,1,http://cutt.ly/sec5764
58,35,1,3,0,0,0,0,0,16,0,3,0.1724,0.0,0,1,4.2346,1,http://netflix-billing-security-update.xyz/dispute/center/
90,60,5,3,0,3,0,0,0,14,0,1,0.1556,0.0222,0,1,4.4022,1,http://metamask-validation.microsoft.com.account-verification-47.cf/authorize.cgi?session=
81,36,2,3,0,0,0,0,0,14,1,0,0.1605,0.0741,0,1,4.6652,1,http://dhl-tracking-verification-portal.xyz/authorize.cgi?session=?session=565838
72,42,2,4,0,0,0,0,0,14,0,3,0.1667,0.0,0,1,4.4351,1,http://instagram-badge-verify-security-update.vip/authorize.cgi?session=
94,39,2,4,0,0,0,0,0,33,1,3,0.1383,0.0638,0,1,4.5626,1,http://usps-redelivery-verification-secure.top/confirmation/payment-failed.aspx?session=135658
81,36,2,3,0,0,0,0,0,14,1,1,0.1605,0.0741,0,0,4.5042,1,http://chase-verify-verification-portal.icu/authorize.cgi?session=?session=875525
60,13,3,0,0,0,1,0,0,16,2,2,0.2167,0.25,0,0,4.722,1,http://36.68.174.186/dispute/center/?verify=56260&user=login
22,6,1,0,0,0,0,0,1,9,0,0,0.2273,0.1818,0,0,3.6978,1,http://bit.ly/auth2256
89,53,4,3,0,3,0,0,0,12,1,3,0.1573,0.0225,0,1,4.4102,1,http://amazon-support.google.com.account-verification-28.vip/signin/auth?redirect=account
75,30,2,2,0,0,0,0,0,14,1,0,0.16,0.08,0,1,4.6273,1,http://appleid-verification-auth.work/authorize.cgi?session=?session=258279
85,58,5,4,0,3,0,0,0,20,0,2,0.1529,0.0235,0,1,4.3485,1,http://metamask-validation.paypal.com.account-verification-56.vip/verify-account.html
22,7,1,0,0,0,0,0,1,8,0,0,0.2273,0.1818,0,0,3.6069,1,http://cutt.ly/pay4770
83,19,4,1,0,0,1,0,0,33,2,4,0.1807,0.241,0,0,4.9367,1,http://111.33.237.194:8080/confirmation/payment-failed.aspx?verify=34272&user=login
93,57,4,3,0,3,0,0,0,12,1,2,0.1505,0.0215,0,1,4.3949,1,http://metamask-validation.google.com.account-verification-13.tk/signin/auth?redirect=account
88,52,4,3,0,3,0,0,0,12,1,3,0.1591,0.0227,0,1,4.4164,1,http://microsoft-login.apple.com.account-verification-45.gq/signin/auth?redirect=account
21,5,1,0,0,0,0,0,1,9,0,0,0.2381,0.1905,0,0,3.8442,1,http://rb.gy/auth5076
96,59,5,5,0,3,0,0,0,30,0,3,0.1562,0.0208,0,1,4.5192,1,http://instagram-badge-verify.apple.com.account-verification-22.gq/security-checkpoint/index.php
21,5,1,0,0,0,0,0,1,9,0,0,0.2381,0.1905,0,0,3.8442,1,http://rb.gy/auth7351
90,38,2,4,0,0,0,0,0,30,1,3,0.1444,0.0667,0,1,4.5779,1,http://amazon-support-verification-update.vip/security-checkpoint/index.php?session=353140
61,14,3,0,0,0,1,0,0,16,2,2,0.2131,0.2623,0,0,4.7873,1,http://169.105.74.128/dispute/center/?verify=93922&user=login
95,44,1,3,0,0,0,0,0,12,1,4,0.1368,0.0632,0,1,4.5644,1,http://wellsfargo-security-verification-update.loan/signin/auth?redirect=account?session=864797
98,63,4,6,0,3,0,0,0,28,0,4,0.1531,0.0204,0,1,4.4534,1,http://instagram-badge-verify.paypal.com.account-verification-84.click/update-billing-information/
88,53,4,5,0,3,0,0,0,28,0,4,0.1591,0.0227,0,0,4.3663,1,http://amazon-support.google.com.account-verification-81.icu/update-billing-information/
21,6,1,0,0,0,0,0,1,8,0,0,0.2381,0.1905,0,0,3.7849,1,http://bit.ly/act6708
87,57,5,3,0,3,0,0,0,14,0,2,0.1609,0.023,0,1,4.4614,1,http://wellsfargo-security.google.com.account-verification-71.ga/authorize.cgi?session=
88,38,2,4,0,0,0,0,0,28,1,3,0.1477,0.0682,0,1,4.6335,1,http://netflix-billing-verification-secure.ga/wallet/recovery-phrase.html?session=646528
83,19,4,1,0,0,1,0,0,33,2,4,0.1807,0.241,0,0,4.9232,1,http://44.172.197.244:3000/confirmation/payment-failed.aspx?verify=62746&user=login
83,41,2,5,0,0,0,0,0,20,1,3,0.1566,0.0723,0,1,4.6059,1,http://google-drive-share-verification-secure.gq/verify-account.html?session=753133
67,32,1,5,0,0,0,0,0,28,0,3,0.1642,0.0,0,1,4.3543,1,http://dhl-tracking-security-update.vip/update-billing-information/
98,43,2,4,0,0,0,0,0,33,1,4,0.1327,0.0612,0,1,4.569,1,http://facebook-security-verification-update.click/confirmation/payment-failed.aspx?session=641111
90,55,4,5,0,3,0,0,0,28,0,4,0.1556,0.0222,0,1,4.4019,1,http://amazon-support.google.com.account-verification-18.click/update-billing-information/
64,34,2,3,0,0,0,0,0,14,0,2,0.1719,0.0,0,1,4.3649,1,http://usps-redelivery-security-update.ml/authorize.cgi?session=
69,13,3,1,0,0,1,0,0,25,2,3,0.2174,0.2174,0,0,4.7551,1,http://74.96.177.169/secure/portal/client-id/?verify=48937&user=login
91,56,5,5,0,3,0,0,0,28,0,2,0.1648,0.022,0,1,4.4145,1,http://google-drive-share.google.com.account-verification-10.tk/wallet/recovery-phrase.html
21,6,1,0,0,0,0,0,1,8,0,0,0.2381,0.1905,0,0,3.6897,1,http://bit.ly/act8202
92,52,5,4,0,3,0,0,0,33,0,3,0.1522,0.0217,0,1,4.4736,1,http://dhl-tracking.paypal.com.account-verification-63.work/confirmation/payment-failed.aspx
90,54,4,3,0,3,0,0,0,12,1,2,0.1556,0.0222,0,1,4.345,1,http://binance-trade.microsoft.com.account-verification-79.ml/signin/auth?redirect=account
26,11,1,0,0,0,0,0,1,8,0,0,0.1923,0.1538,0,0,4.1808,1,http://tinyurl.com/sec3929
68,38,2,3,0,0,0,0,0,14,0,2,0.1618,0.0,0,1,4.3925,1,http://metamask-validation-security-update.tk/authorize.cgi?session=
88,38,1,5,0,0,0,0,0,28,1,2,0.1477,0.0682,0,1,4.5844,1,http://usps-redelivery-verification-auth.loan/update-billing-information/?session=768158
91,39,2,5,0,0,0,0,0,30,1,1,0.1538,0.0659,0,1,4.61,1,http://google-drive-share-verification-auth.ga/security-checkpoint/index.php?session=966238
62,26,1,2,0,0,0,0,0,12,1,4,0.1613,0.0,0,0,4.1865,1,http://paypal-security-update.icu/signin/auth?redirect=account
86,56,5,3,0,3,0,0,0,14,0,2,0.1628,0.0233,0,1,4.4521,1,http://netflix-billing.microsoft.com.account-verification-64.ml/authorize.cgi?session=
22,7,1,0,0,0,0,0,1,8,0,0,0.2273,0.1818,0,0,3.5338,1,http://cutt.ly/act7674
58,17,4,0,0,0,1,0,0,10,2,2,0.2241,0.3103,0,0,4.7584,1,http://217.68.26.27:8080/login.php?verify=95737&user=login
78,19,3,2,0,0,1,0,0,28,2,4,0.1923,0.2564,0,0,4.9162,1,http://85.173.199.119:8080/update-billing-information/?verify=85625&user=login
78,61,5,4,0,3,0,0,0,10,0,2,0.1667,0.0256,0,1,4.3541,1,http://google-drive-share.microsoft.com.account-verification-96.loan/login.php
67,13,4,0,0,0,1,0,0,14,2,2,0.209,0.2239,0,0,4.7692,1,http://45.118.122.19/authorize.cgi?session=?verify=74204&user=login
21,6,1,0,0,0,0,0,1,8,0,0,0.2381,0.1905,0,0,3.7849,1,http://bit.ly/act7310
22,7,1,0,0,0,0,0,1,8,0,0,0.2273,0.1818,0,0,3.6978,1,http://cutt.ly/pay1073
20,5,1,0,0,0,0,0,1,8,0,0,0.25,0.2,0,0,3.7464,1,http://rb.gy/act5446
69,37,1,5,0,0,0,0,0,25,0,3,0.1884,0.0,0,1,4.1894,1,http://google-drive-share-security-update.tk/secure/portal/client-id/
76,17,3,2,0,0,1,0,0,28,2,4,0.1974,0.2368,0,0,4.9217,1,http://179.50.8.204:8443/update-billing-information/?verify=84209&user=login
22,6,1,0,0,0,0,0,1,9,0,0,0.2273,0.1818,0,0,3.7888,1,http://bit.ly/auth5283
76,15,4,1,0,0,1,0,0,30,2,3,0.1842,0.2237,0,0,4.8302,1,http://165.159.196.100/security-checkpoint/index.php?verify=14317&user=login
91,39,2,4,0,0,0,0,0,30,1,3,0.1429,0.0659,0,1,4.6243,1,http://netflix-billing-verification-update.top/security-checkpoint/index.php?session=437591
87,42,2,3,0,0,0,0,0,14,1,0,0.1494,0.069,0,1,4.5484,1,http://metamask-validation-verification-auth.loan/authorize.cgi?session=?session=235785
94,39,2,4,0,0,0,0,0,33,1,4,0.1383,0.0638,0,1,4.6578,1,http://netflix-billing-verification-update.xyz/confirmation/payment-failed.aspx?session=287086
74,18,3,1,0,0,1,0,0,25,2,3,0.2162,0.2568,0,0,4.8022,1,http://104.149.140.7:8080/secure/portal/client-id/?verify=82313&user=login
70,10,3,0,0,0,1,0,0,12,2,4,0.2,0.1714,0,0,4.7043,1,http://189.64.1.1/signin/auth?redirect=account?verify=69777&user=login
26,11,1,0,0,0,0,0,1,8,0,0,0.1923,0.1538,0,0,4.1808,1,http://tinyurl.com/pay1837
61,29,2,2,0,0,0,0,0,10,1,2,0.1639,0.0984,0,1,4.625,1,http://paypal-verification-update.ml/login.php?session=668740
74,15,3,2,0,0,1,0,0,28,2,4,0.1892,0.2297,0,0,4.9285,1,http://206.109.147.189/update-billing-information/?verify=36878&user=login
21,5,1,0,0,0,0,0,1,9,0,0,0.2381,0.1905,0,0,3.8442,1,http://rb.gy/auth7415
77,35,2,4,0,0,0,0,0,20,1,3,0.1558,0.0779,0,1,4.7114,1,http://amazon-support-verification-auth.gq/verify-account.html?session=465320
21,6,1,0,0,0,0,0,1,8,0,0,0.2381,0.1905,0,0,3.9395,1,http://bit.ly/sec8296
73,14,3,2,0,0,1,0,0,28,2,4,0.1918,0.2192,0,0,4.8639,1,http://210.174.230.33/update-billing-information/?verify=91218&user=login
26,11,1,0,0,0,0,0,1,8,0,0,0.1923,0.1538,0,0,4.056,1,http://tinyurl.com/act3534
20,5,1,0,0,0,0,0,1,8,0,0,0.25,0.2,0,0,3.6842,1,http://rb.gy/pay6441
82,50,4,4,0,3,0,0,0,25,0,3,0.1829,0.0244,0,1,4.3581,1,http://chase-verify.google.com.account-verification-84.cf/secure/portal/client-id/
20,5,1,0,0,0,0,0,1,8,0,0,0.25,0.2,0,0,3.8464,1,http://rb.gy/act6305
91,56,4,5,0,3,0,0,0,28,0,4,0.1538,0.022,0,1,4.3647,1,http://microsoft-login.paypal.com.account-verification-39.click/update-billing-information/
85,38,1,4,0,0,0,0,0,25,1,1,0.1647,0.0706,0,1,4.4558,1,http://usps-redelivery-verification-auth.loan/secure/portal/client-id/?session=465363
76,40,1,3,0,0,0,0,0,12,1,4,0.1447,0.0,0,1,4.3292,1,http://wellsfargo-security-security-update.loan/signin/auth?redirect=account
83,51,4,4,0,3,0,0,0,25,0,2,0.1807,0.0241,0,0,4.2672,1,http://coinbase-auth.apple.com.account-verification-87.icu/secure/portal/client-id/
73,14,4,1,0,0,1,0,0,28,2,3,0.1918,0.2192,0,0,4.8217,1,http://122.21.170.154/wallet/recovery-phrase.html?verify=82756&user=login
51,34,2,3,0,0,0,0,0,10,0,3,0.1765,0.0,0,1,4.2656,1,http://usps-redelivery-security-update.cf/login.php
27,11,1,0,0,0,0,0,1,9,0,0,0.1852,0.1481,0,0,4.1343,1,http://tinyurl.com/auth2413
88,48,5,3,0,3,0,0,0,33,0,3,0.1477,0.0227,0,1,4.3325,1,http://appleid.microsoft.com.account-verification-69.ml/confirmation/payment-failed.aspx
26,11,1,0,0,0,0,0,1,8,0,0,0.1923,0.1538,0,0,4.2578,1,http://tinyurl.com/sec4065
68,33,2,4,0,0,0,0,0,28,0,4,0.1618,0.0,0,1,4.3556,1,http://amazon-support-security-update.gq/wallet/recovery-phrase.html
78,55,4,3,0,3,0,0,0,16,0,2,0.1667,0.0256,0,1,4.3442,1,http://microsoft-login.paypal.com.account-verification-25.loan/dispute/center/
70,33,2,4,0,0,0,0,0,30,0,3,0.1571,0.0,0,1,4.2933,1,http://chase-verify-security-update.loan/security-checkpoint/index.php
78,55,4,3,0,3,0,0,0,16,0,2,0.1667,0.0256,0,1,4.4347,1,http://facebook-security.google.com.account-verification-42.gq/dispute/center/
69,13,3,1,0,0,1,0,0,25,2,3,0.2174,0.2174,0,0,4.7318,1,http://22.148.223.45/secure/portal/client-id/?verify=77732&user=login
67,35,1,4,0,0,0,0,0,25,0,3,0.1791,0.0,0,1,4.0644,1,http://usps-redelivery-security-update.vip/secure/portal/client-id/
55,14,4,0,0,0,1,0,0,10,2,2,0.2182,0.2909,0,0,4.8174,1,http://137.169.48.253/login.php?verify=83065&user=login
21,6,1,0,0,0,0,0,1,8,0,0,0.2381,0.1905,0,0,3.5945,1,http://bit.ly/act8484
74,14,3,0,0,0,1,0,0,12,2,4,0.1892,0.2162,0,0,4.7468,1,http://31.146.232.128/signin/auth?redirect=account?verify=96192&user=login
23,7,1,0,0,0,0,0,1,9,0,0,0.2174,0.1739,0,0,3.5512,1,http://cutt.ly/auth6267
26,11,1,0,0,0,0,0,1,8,0,0,0.1923,0.1538,0,0,4.1808,1,http://tinyurl.com/pay6409
72,55,5,3,0,3,0,0,0,10,0,2,0.1667,0.0278,0,1,4.3886,1,http://usps-redelivery.google.com.account-verification-99.loan/login.php
23,7,1,0,0,0,0,0,1,9,0,0,0.2174,0.1739,0,0,3.5512,1,http://cutt.ly/auth1217
72,13,3,2,0,0,1,0,0,28,2,4,0.1944,0.2083,0,0,4.7978,1,http://37.87.178.168/update-billing-information/?verify=37664&user=login
73,56,5,3,0,3,0,0,0,10,0,3,0.1644,0.0274,0,0,4.3862,1,http://facebook-security.google.com.account-verification-10.icu/login.php
73,41,2,3,0,0,0,0,0,10,1,2,0.1507,0.0822,0,1,4.5824,1,http://usps-redelivery-verification-secure.click/login.php?session=512243
20,5,1,0,0,0,0,0,1,8,0,0,0.25,0.2,0,0,3.6842,1,http://rb.gy/pay6050
23,7,1,0,0,0,0,0,1,9,0,0,0.2174,0.1739,0,0,3.6381,1,http://cutt.ly/auth1829
78,41,2,5,0,0,0,0,0,30,0,3,0.1538,0.0,0,1,4.3761,1,http://instagram-badge-verify-security-update.ga/security-checkpoint/index.php
78,38,2,4,0,0,0,0,0,33,0,4,0.141,0.0,0,1,4.4179,1,http://facebook-security-security-update.work/confirmation/payment-failed.aspx
76,31,2,2,0,0,0,0,0,14,1,0,0.1579,0.0789,0,1,4.5985,1,http://appleid-verification-portal.xyz/authorize.cgi?session=?session=238444
21,6,1,0,0,0,0,0,1,8,0,0,0.2381,0.1905,0,0,3.9395,1,http://bit.ly/sec1930
69,15,4,0,0,0,1,0,0,14,2,2,0.2029,0.2464,0,0,4.7912,1,http://194.177.213.107/authorize.cgi?session=?verify=50290&user=login
21,6,1,0,0,0,0,0,1,8,0,0,0.2381,0.1905,0,0,3.9395,1,http://bit.ly/sec5327
81,30,1,2,0,0,0,0,0,12,1,2,0.1481,0.0741,0,1,4.474,1,http://appleid-verification-portal.ga/signin/auth?redirect=account?session=116158
101,65,4,4,0,3,0,0,0,12,1,3,0.1485,0.0198,0,1,4.471,1,http://instagram-badge-verify.microsoft.com.account-verification-37.work/signin/auth?redirect=account
71,36,2,4,0,0,0,0,0,28,0,3,0.1549,0.0,0,1,4.2243,1,http://usps-redelivery-security-update.work/wallet/recovery-phrase.html
22,7,1,0,0,0,0,0,1,8,0,0,0.2273,0.1818,0,0,3.5338,1,http://cutt.ly/act3273
93,61,4,4,0,3,0,0,0,25,0,2,0.1613,0.0215,0,1,4.2821,1,http://metamask-validation.microsoft.com.account-verification-56.top/secure/portal/client-id/
71,15,3,1,0,0,1,0,0,25,2,3,0.2113,0.2394,0,0,4.7836,1,http://196.245.110.196/secure/portal/client-id/?verify=72515&user=login
20,5,1,0,0,0,0,0,1,8,0,0,0.25,0.2,0,0,3.8464,1,http://rb.gy/act9358
50,33,2,3,0,0,0,0,0,10,0,4,0.18,0.0,0,1,4.306,1,http://amazon-support-security-update.cf/login.php
72,11,4,1,0,0,1,0,0,30,2,3,0.1944,0.1806,0,0,4.8506,1,http://24.45.88.91/security-checkpoint/index.php?verify=54639&user=login
76,38,1,3,0,0,0,0,0,16,1,1,0.1579,0.0789,0,1,4.6242,1,http://netflix-billing-verification-auth.work/dispute/center/?session=634475
93,61,4,4,0,3,0,0,0,25,0,3,0.1613,0.0215,0,0,4.3432,1,http://wellsfargo-security.microsoft.com.account-verification-46.icu/secure/portal/client-id/
78,51,5,4,0,3,0,0,0,20,0,2,0.1667,0.0256,0,1,4.413,1,http://binance-trade.paypal.com.account-verification-98.gq/verify-account.html
22,7,1,0,0,0,0,0,1,8,0,0,0.2273,0.1818,0,0,3.5338,1,http://cutt.ly/act1577
80,50,5,3,0,3,0,0,0,14,0,1,0.175,0.025,0,1,4.4116,1,http://coinbase-auth.apple.com.account-verification-15.cf/authorize.cgi?session=
59,32,2,4,0,0,0,0,0,20,0,4,0.1695,0.0,0,0,4.3397,1,http://dhl-tracking-security-update.icu/verify-account.html
75,19,3,1,0,0,1,0,0,25,2,3,0.2133,0.2667,0,0,4.8289,1,http://144.27.152.101:8443/secure/portal/client-id/?verify=94533&user=login
88,53,4,5,0,3,0,0,0,28,0,3,0.1591,0.0227,0,1,4.376,1,http://dhl-tracking.microsoft.com.account-verification-83.ga/update-billing-information/
26,11,1,0,0,0,0,0,1,8,0,0,0.1923,0.1538,0,0,4.1808,1,http://tinyurl.com/pay3486
82,55,5,4,0,3,0,0,0,20,0,3,0.1585,0.0244,0,1,4.3707,1,http://microsoft-login.google.com.account-verification-20.work/verify-account.html
80,19,4,1,0,0,1,0,0,30,2,3,0.1875,0.25,0,0,4.8845,1,http://193.178.97.114:3000/security-checkpoint/index.php?verify=35385&user=login
69,33,1,3,0,0,0,0,0,12,1,5,0.1594,0.0,0,1,4.3189,1,http://amazon-support-security-update.gq/signin/auth?redirect=account
20,5,1,0,0,0,0,0,1,8,0,0,0.25,0.2,0,0,3.8464,1,http://rb.gy/act8705
102,62,5,4,0,3,0,0,0,33,0,5,0.1373,0.0196,0,1,4.3625,1,http://bankofamerica-alert.microsoft.com.account-verification-99.work/confirmation/payment-failed.aspx
20,5,1,0,0,0,0,0,1,8,0,0,0.25,0.2,0,0,3.9842,1,http://rb.gy/sec7405
22,6,1,0,0,0,0,0,1,9,0,0,0.2273,0.1818,0,0,3.7888,1,http://bit.ly/auth8526
72,37,2,4,0,0,0,0,0,28,0,3,0.1528,0.0,0,1,4.329,1,http://facebook-security-security-update.vip/wallet/recovery-phrase.html
89,39,2,4,0,0,0,0,0,28,1,3,0.1461,0.0674,0,0,4.6336,1,http://microsoft-login-verification-update.icu/wallet/recovery-phrase.html?session=270460
22,6,1,0,0,0,0,0,1,9,0,0,0.2273,0.1818,0,0,3.7888,1,http://bit.ly/auth1594
21,6,1,0,0,0,0,0,1,8,0,0,0.2381,0.1905,0,0,3.7849,1,http://bit.ly/act4173
21,6,1,0,0,0,0,0,1,8,0,0,0.2381,0.1905,0,0,3.6538,1,http://bit.ly/pay7879
55,14,4,0,0,0,1,0,0,10,2,2,0.2182,0.2909,0,0,4.7446,1,http://105.82.179.217/login.php?verify=28342&user=login
22,7,1,0,0,0,0,0,1,8,0,0,0.2273,0.1818,0,0,3.6247,1,http://cutt.ly/act7018
55,32,1,3,0,0,0,0,0,16,0,2,0.1818,0.0,0,1,4.2149,1,http://dhl-tracking-security-update.xyz/dispute/center/
55,14,4,0,0,0,1,0,0,10,2,2,0.2182,0.2909,0,0,4.5926,1,http://174.44.107.133/login.php?verify=75011&user=login
26,11,1,0,0,0,0,0,1,8,0,0,0.1923,0.1538,0,0,4.056,1,http://tinyurl.com/act6030
77,18,4,1,0,0,1,0,0,28,2,3,0.1948,0.2468,0,0,4.8364,1,http://54.189.61.196:8000/wallet/recovery-phrase.html?verify=86415&user=login
26,11,1,0,0,0,0,0,1,8,0,0,0.1923,0.1538,0,0,4.1808,1,http://tinyurl.com/pay3890
79,44,5,3,0,3,0,0,0,28,0,2,0.1646,0.0253,0,1,4.4238,1,http://appleid.apple.com.account-verification-50.gq/wallet/recovery-phrase.html
74,34,2,4,0,0,0,0,0,33,0,5,0.1486,0.0,0,1,4.3425,1,http://microsoft-login-security-update.ml/confirmation/payment-failed.aspx
84,34,2,4,0,0,0,0,0,28,1,1,0.1548,0.0714,0,1,4.5841,1,http://binance-trade-verification-auth.cf/wallet/recovery-phrase.html?session=207672
92,57,4,5,0,3,0,0,0,28,0,4,0.1522,0.0217,0,1,4.437,1,http://wellsfargo-security.google.com.account-verification-73.cf/update-billing-information/
21,6,1,0,0,0,0,0,1,8,0,0,0.2381,0.1905,0,0,3.749,1,http://bit.ly/pay4367
75,19,3,1,0,0,1,0,0,25,2,3,0.2133,0.2667,0,0,4.8202,1,http://129.66.163.232:8443/secure/portal/client-id/?verify=19734&user=login
78,18,3,0,0,0,1,0,0,12,2,4,0.1923,0.2436,0,0,4.8077,1,http://108.1.200.162:3000/signin/auth?redirect=account?verify=48895&user=login
96,56,5,4,0,3,0,0,0,33,0,5,0.1458,0.0208,0,1,4.4249,1,http://bankofamerica-alert.apple.com.account-verification-10.gq/confirmation/payment-failed.aspx
86,36,2,4,0,0,0,0,0,28,1,1,0.1512,0.0698,0,1,4.5802,1,http://coinbase-auth-verification-portal.cf/wallet/recovery-phrase.html?session=517416
89,54,4,5,0,3,0,0,0,28,0,4,0.1573,0.0225,0,0,4.2904,1,http://microsoft-login.google.com.account-verification-85.icu/update-billing-information/
63,12,4,1,0,0,1,0,0,20,2,3,0.2063,0.2222,0,0,4.8895,1,http://218.44.85.39/verify-account.html?verify=45256&user=login
26,11,1,0,0,0,0,0,1,8,0,0,0.1923,0.1538,0,0,4.1329,1,http://tinyurl.com/act2561
75,39,1,3,0,0,0,0,0,12,1,4,0.1467,0.0,0,0,4.2934,1,http://wellsfargo-security-security-update.icu/signin/auth?redirect=account
20,5,1,0,0,0,0,0,1,8,0,0,0.25,0.2,0,0,3.7464,1,http://rb.gy/act1713
98,58,5,4,0,3,0,0,0,33,0,4,0.1429,0.0204,0,1,4.4058,1,http://facebook-security.microsoft.com.account-verification-16.ga/confirmation/payment-failed.aspx
26,11,1,0,0,0,0,0,1,8,0,0,0.1923,0.1538,0,0,4.1039,1,http://tinyurl.com/pay6469
96,59,5,5,0,3,0,0,0,30,0,3,0.1562,0.0208,0,1,4.4969,1,http://instagram-badge-verify.apple.com.account-verification-14.ga/security-checkpoint/index.php
92,52,5,4,0,3,0,0,0,33,0,3,0.1522,0.0217,0,1,4.4412,1,http://usps-redelivery.apple.com.account-verification-19.tk/confirmation/payment-failed.aspx
66,10,3,1,0,0,1,0,0,25,2,3,0.2273,0.1818,0,0,4.781,1,http://68.157.5.2/secure/portal/client-id/?verify=89208&user=login
94,44,1,6,0,0,0,0,0,28,1,3,0.1489,0.0638,0,0,4.5945,1,http://instagram-badge-verify-verification-auth.icu/update-billing-information/?session=305857
80,45,5,3,0,3,0,0,0,28,0,2,0.1625,0.025,0,1,4.4374,1,http://appleid.google.com.account-verification-63.tk/wallet/recovery-phrase.html
89,34,2,4,0,0,0,0,0,33,1,2,0.1461,0.0674,0,1,4.6939,1,http://dhl-tracking-verification-auth.xyz/confirmation/payment-failed.aspx?session=351512
91,36,2,4,0,0,0,0,0,33,1,2,0.1429,0.0659,0,1,4.5482,1,http://binance-trade-verification-auth.loan/confirmation/payment-failed.aspx?session=708015
78,18,3,0,0,0,1,0,0,12,2,4,0.1923,0.2436,0,0,4.8334,1,http://99.184.93.126:8443/signin/auth?redirect=account?verify=78763&user=login
84,20,4,1,0,0,1,0,0,33,2,4,0.1786,0.25,0,0,4.9101,1,http://128.160.250.189:3000/confirmation/payment-failed.aspx?verify=10127&user=login
69,18,4,1,0,0,1,0,0,20,2,3,0.2029,0.2754,0,0,4.9524,1,http://88.65.117.227:8080/verify-account.html?verify=69635&user=login
88,48,5,3,0,3,0,0,0,33,0,3,0.1477,0.0227,0,1,4.2986,1,http://paypal.microsoft.com.account-verification-54.top/confirmation/payment-failed.aspx
78,46,4,3,0,3,0,0,0,25,0,2,0.1795,0.0256,0,1,4.4223,1,http://appleid.google.com.account-verification-60.xyz/secure/portal/client-id/
26,11,1,0,0,0,0,0,1,8,0,0,0.1923,0.1538,0,0,4.1808,1,http://tinyurl.com/pay4308
92,40,2,4,0,0,0,0,0,30,1,1,0.1413,0.0652,0,1,4.5871,1,http://facebook-security-verification-portal.tk/security-checkpoint/index.php?session=351900
64,13,4,1,0,0,1,0,0,20,2,3,0.2031,0.2344,0,0,4.898,1,http://26.103.62.177/verify-account.html?verify=14873&user=login
76,15,4,1,0,0,1,0,0,30,2,3,0.1842,0.2237,0,0,4.784,1,http://206.172.205.206/security-checkpoint/index.php?verify=29265&user=login
72,13,3,2,0,0,1,0,0,28,2,4,0.1944,0.2083,0,0,4.8533,1,http://50.141.102.28/update-billing-information/?verify=38350&user=login
74,42,2,3,0,0,0,0,0,10,1,2,0.1486,0.0811,0,1,4.6641,1,http://metamask-validation-verification-secure.gq/login.php?session=850541
88,38,1,5,0,0,0,0,0,28,1,3,0.1477,0.0682,0,1,4.6509,1,http://facebook-security-verification-auth.gq/update-billing-information/?session=252717
92,56,4,3,0,3,0,0,0,12,1,3,0.1522,0.0217,0,1,4.5097,1,http://wellsfargo-security.apple.com.account-verification-12.gq/signin/auth?redirect=account
71,39,2,3,0,0,0,0,0,10,1,2,0.1549,0.0845,0,1,4.4598,1,http://netflix-billing-verification-portal.vip/login.php?session=115808
59,12,3,0,0,0,1,0,0,16,2,2,0.2203,0.2373,0,0,4.6327,1,http://35.49.34.115/dispute/center/?verify=32452&user=login
79,56,4,3,0,3,0,0,0,16,0,2,0.1646,0.0253,0,1,4.3861,1,http://netflix-billing.microsoft.com.account-verification-72.tk/dispute/center/
26,11,1,0,0,0,0,0,1,8,0,0,0.1923,0.1538,0,0,4.056,1,http://tinyurl.com/act4772
80,35,2,3,0,0,0,0,0,14,1,1,0.1625,0.075,0,1,4.6669,1,http://dhl-tracking-verification-update.ml/authorize.cgi?session=?session=530801
85,40,2,4,0,0,0,0,0,14,1,0,0.1647,0.0706,0,1,4.4949,1,http://google-drive-share-verification-auth.top/authorize.cgi?session=?session=938698
68,36,1,4,0,0,0,0,0,25,0,3,0.1765,0.0,0,1,4.1788,1,http://facebook-security-security-update.tk/secure/portal/client-id/
74,34,2,4,0,0,0,0,0,33,0,4,0.1486,0.0,0,1,4.3376,1,http://usps-redelivery-security-update.cf/confirmation/payment-failed.aspx
65,11,4,0,0,0,1,0,0,14,2,2,0.2154,0.2,0,0,4.7395,1,http://81.1.142.49/authorize.cgi?session=?verify=15209&user=login
82,18,4,1,0,0,1,0,0,33,2,4,0.1829,0.2317,0,0,4.9808,1,http://43.125.243.49:8000/confirmation/payment-failed.aspx?verify=71588&user=login
27,11,1,0,0,0,0,0,1,9,0,0,0.1852,0.1481,0,0,4.0603,1,http://tinyurl.com/auth2128
74,39,1,5,0,0,0,0,0,28,0,5,0.1486,0.0,0,1,4.292,1,http://bankofamerica-alert-security-update.top/update-billing-information/
81,51,5,3,0,3,0,0,0,14,0,1,0.1728,0.0247,0,1,4.4873,1,http://dhl-tracking.google.com.account-verification-68.vip/authorize.cgi?session=
80,33,1,4,0,0,0,0,0,25,1,2,0.175,0.075,0,1,4.4899,1,http://chase-verify-verification-auth.cf/secure/portal/client-id/?session=263787
72,13,3,2,0,0,1,0,0,28,2,4,0.1944,0.2083,0,0,4.8137,1,http://82.111.43.153/update-billing-information/?verify=31052&user=login
90,40,2,4,0,0,0,0,0,28,1,2,0.1444,0.0667,0,1,4.5232,1,http://microsoft-login-verification-portal.loan/wallet/recovery-phrase.html?session=285180
26,11,1,0,0,0,0,0,1,8,0,0,0.1923,0.1538,0,0,4.1039,1,http://tinyurl.com/pay6535
57,40,2,3,0,0,0,0,0,10,0,3,0.1579,0.0,0,1,4.3786,1,http://wellsfargo-security-security-update.work/login.php
72,13,3,2,0,0,1,0,0,28,2,4,0.1944,0.2083,0,0,4.8811,1,http://195.176.25.72/update-billing-information/?verify=50828&user=login
87,52,4,5,0,3,0,0,0,28,0,4,0.1609,0.023,0,1,4.4297,1,http://chase-verify.apple.com.account-verification-42.click/update-billing-information/
69,52,5,3,0,3,0,0,0,10,0,2,0.1739,0.029,0,0,4.2944,1,http://coinbase-auth.google.com.account-verification-76.icu/login.php
26,11,1,0,0,0,0,0,1,8,0,0,0.1923,0.1538,0,0,4.1808,1,http://tinyurl.com/pay6709
78,18,3,0,0,0,1,0,0,12,2,4,0.1923,0.2436,0,0,4.7905,1,http://82.107.233.41:8443/signin/auth?redirect=account?verify=94242&user=login
72,37,2,5,0,0,0,0,0,28,0,3,0.1667,0.0,0,1,4.2389,1,http://google-drive-share-security-update.ml/wallet/recovery-phrase.html
82,35,1,4,0,0,0,0,0,25,1,1,0.1707,0.0732,0,1,4.5234,1,http://dhl-tracking-verification-portal.cf/secure/portal/client-id/?session=568482
21,6,1,0,0,0,0,0,1,8,0,0,0.2381,0.1905,0,0,3.6897,1,http://bit.ly/act4969
68,14,4,0,0,0,1,0,0,14,2,2,0.2059,0.2353,0,0,4.7913,1,http://159.164.191.69/authorize.cgi?session=?verify=57370&user=login
68,14,4,0,0,0,1,0,0,14,2,2,0.2059,0.2353,0,0,4.7802,1,http://141.180.254.48/authorize.cgi?session=?verify=26922&user=login
67,35,2,3,0,0,0,0,0,10,1,2,0.1642,0.0896,0,1,4.5788,1,http://chase-verify-verification-portal.tk/login.php?session=605470
79,15,4,1,0,0,1,0,0,33,2,4,0.1772,0.2152,0,0,4.9445,1,http://154.108.224.228/confirmation/payment-failed.aspx?verify=89036&user=login
86,56,5,3,0,3,0,0,0,14,0,2,0.1628,0.0233,0,0,4.4387,1,http://facebook-security.google.com.account-verification-46.icu/authorize.cgi?session=
57,34,1,3,0,0,0,0,0,16,0,2,0.1754,0.0,0,1,4.0191,1,http://usps-redelivery-security-update.ga/dispute/center/
77,13,4,1,0,0,1,0,0,33,2,4,0.1818,0.1948,0,0,4.9241,1,http://79.141.64.190/confirmation/payment-failed.aspx?verify=57586&user=login
73,14,3,2,0,0,1,0,0,28,2,4,0.1918,0.2192,0,0,4.9187,1,http://153.164.198.98/update-billing-information/?verify=70040&user=login
21,6,1,0,0,0,0,0,1,8,0,0,0.2381,0.1905,0,0,3.6538,1,http://bit.ly/pay6454
79,37,2,4,0,0,0,0,0,20,1,2,0.1519,0.0759,0,0,4.5973,1,http://usps-redelivery-verification-auth.icu/verify-account.html?session=934647
78,19,4,1,0,0,1,0,0,28,2,3,0.1923,0.2564,0,0,4.8305,1,http://201.171.16.229:8000/wallet/recovery-phrase.html?verify=63802&user=login
95,40,2,4,0,0,0,0,0,33,1,4,0.1368,0.0632,0,1,4.6103,1,http://facebook-security-verification-secure.ga/confirmation/payment-failed.aspx?session=791759
79,20,4,1,0,0,1,0,0,28,2,3,0.1899,0.2658,0,0,4.8241,1,http://212.166.240.146:8080/wallet/recovery-phrase.html?verify=84504&user=login
55,38,2,3,0,0,0,0,0,10,0,3,0.1636,0.0,0,1,4.397,1,http://facebook-security-security-update.work/login.php
92,42,1,5,0,0,0,0,0,28,1,4,0.1413,0.0652,0,1,4.6166,1,http://bankofamerica-alert-verification-update.gq/update-billing-information/?session=982237
85,50,4,5,0,3,0,0,0,28,0,3,0.1647,0.0235,0,1,4.3723,1,http://dhl-tracking.apple.com.account-verification-13.vip/update-billing-information/
67,31,1,3,0,0,0,0,0,12,1,4,0.1642,0.0,0,1,4.3013,1,http://dhl-tracking-security-update.gq/signin/auth?redirect=account
93,42,1,3,0,0,0,0,0,12,1,3,0.1398,0.0645,0,1,4.5825,1,http://metamask-validation-verification-secure.gq/signin/auth?redirect=account?session=412865
74,20,4,0,0,0,1,0,0,14,2,2,0.2027,0.2838,0,0,4.7857,1,http://189.171.232.230:8443/authorize.cgi?session=?verify=19331&user=login
87,60,5,4,0,3,0,0,0,20,0,3,0.1494,0.023,0,1,4.3619,1,http://wellsfargo-security.microsoft.com.account-verification-15.cf/verify-account.html
74,57,5,3,0,3,0,0,0,10,0,2,0.1622,0.027,0,0,4.3307,1,http://metamask-validation.apple.com.account-verification-89.icu/login.php
22,7,1,0,0,0,0,0,1,8,0,0,0.2273,0.1818,0,0,3.6069,1,http://cutt.ly/pay2278
26,11,1,0,0,0,0,0,1,8,0,0,0.1923,0.1538,0,0,4.1808,1,http://tinyurl.com/pay6954
82,37,2,3,0,0,0,0,0,14,1,0,0.1585,0.0732,0,1,4.5479,1,http://coinbase-auth-verification-auth.click/authorize.cgi?session=?session=395410
72,32,2,4,0,0,0,0,0,33,0,4,0.1528,0.0,0,1,4.2999,1,http://binance-trade-security-update.tk/confirmation/payment-failed.aspx
69,32,2,4,0,0,0,0,0,30,0,2,0.1594,0.0,0,1,4.2787,1,http://coinbase-auth-security-update.gq/security-checkpoint/index.php
87,42,2,3,0,0,0,0,0,14,1,0,0.1494,0.069,0,1,4.5669,1,http://metamask-validation-verification-portal.tk/authorize.cgi?session=?session=791059
22,6,1,0,0,0,0,0,1,9,0,0,0.2273,0.1818,0,0,3.6978,1,http://bit.ly/auth9588
77,18,3,2,0,0,1,0,0,28,2,4,0.1948,0.2468,0,0,4.807,1,http://199.11.188.18:8080/update-billing-information/?verify=48577&user=login
71,48,4,2,0,3,0,0,0,16,0,1,0.169,0.0282,0,1,4.2715,1,http://paypal.microsoft.com.account-verification-91.top/dispute/center/
89,57,4,4,0,3,0,0,0,25,0,3,0.1685,0.0225,0,1,4.4045,1,http://wellsfargo-security.paypal.com.account-verification-71.ml/secure/portal/client-id/
81,44,5,3,0,3,0,0,0,30,0,2,0.1605,0.0247,0,1,4.4379,1,http://paypal.paypal.com.account-verification-84.gq/security-checkpoint/index.php
78,19,3,2,0,0,1,0,0,28,2,4,0.1923,0.2564,0,0,4.865,1,http://24.169.249.200:3000/update-billing-information/?verify=35210&user=login
21,6,1,0,0,0,0,0,1,8,0,0,0.2381,0.1905,0,0,3.6897,1,http://bit.ly/act3834
77,13,4,1,0,0,1,0,0,33,2,4,0.1818,0.1948,0,0,4.9241,1,http://83.146.154.54/confirmation/payment-failed.aspx?verify=47901&user=login
52,11,4,0,0,0,1,0,0,10,2,2,0.2308,0.25,0,0,4.6808,1,http://78.22.34.19/login.php?verify=97981&user=login
92,57,5,4,0,3,0,0,0,28,0,4,0.1522,0.0217,0,1,4.3824,1,http://bankofamerica-alert.paypal.com.account-verification-57.tk/wallet/recovery-phrase.html
66,12,4,0,0,0,1,0,0,14,2,2,0.2121,0.2121,0,0,4.8416,1,http://66.23.94.187/authorize.cgi?session=?verify=82041&user=login
63,46,5,2,0,3,0,0,0,10,0,2,0.1746,0.0317,0,1,4.223,1,http://appleid.google.com.account-verification-65.top/login.php
62,35,2,4,0,0,0,0,0,20,0,4,0.1613,0.0,0,0,4.2502,1,http://usps-redelivery-security-update.icu/verify-account.html
93,57,4,3,0,3,0,0,0,12,1,3,0.1505,0.0215,0,1,4.3521,1,http://amazon-support.microsoft.com.account-verification-54.loan/signin/auth?redirect=account
73,12,4,1,0,0,1,0,0,30,2,3,0.1918,0.1918,0,0,4.8234,1,http://96.104.6.146/security-checkpoint/index.php?verify=27247&user=login
76,41,1,6,0,0,0,0,0,28,0,4,0.1579,0.0,0,1,4.3624,1,http://instagram-badge-verify-security-update.tk/update-billing-information/
64,13,4,1,0,0,1,0,0,20,2,3,0.2031,0.2344,0,0,4.8355,1,http://98.200.59.139/verify-account.html?verify=53903&user=login
67,13,4,0,0,0,1,0,0,14,2,2,0.209,0.2239,0,0,4.6541,1,http://41.21.233.182/authorize.cgi?session=?verify=22611&user=login
99,63,4,3,0,3,0,0,0,12,1,4,0.1414,0.0202,0,1,4.3626,1,http://bankofamerica-alert.microsoft.com.account-verification-43.click/signin/auth?redirect=account
59,18,4,0,0,0,1,0,0,10,2,2,0.2203,0.322,0,0,4.6244,1,http://20.101.27.166:8000/login.php?verify=92811&user=login
95,60,5,5,0,3,0,0,0,28,0,3,0.1579,0.0211,0,1,4.5554,1,http://instagram-badge-verify.apple.com.account-verification-37.xyz/wallet/recovery-phrase.html
64,13,4,1,0,0,1,0,0,20,2,3,0.2031,0.2344,0,0,4.941,1,http://189.10.128.52/verify-account.html?verify=34496&user=login
79,29,2,3,0,0,0,0,0,28,1,2,0.1519,0.0759,0,1,4.6242,1,http://paypal-verification-update.ga/wallet/recovery-phrase.html?session=869300
73,14,3,2,0,0,1,0,0,28,2,4,0.1918,0.2192,0,0,4.8913,1,http://150.166.254.79/update-billing-information/?verify=49405&user=login
67,20,3,0,0,0,1,0,0,16,2,2,0.209,0.3134,0,0,4.6556,1,http://151.133.112.185:3000/dispute/center/?verify=26820&user=login
70,53,5,3,0,3,0,0,0,10,0,3,0.1714,0.0286,0,1,4.2417,1,http://netflix-billing.apple.com.account-verification-22.top/login.php
21,6,1,0,0,0,0,0,1,8,0,0,0.2381,0.1905,0,0,3.6538,1,http://bit.ly/pay2218
22,7,1,0,0,0,0,0,1,8,0,0,0.2273,0.1818,0,0,3.6978,1,http://cutt.ly/sec1421
89,39,1,5,0,0,0,0,0,28,1,3,0.1461,0.0674,0,1,4.525,1,http://binance-trade-verification-secure.click/update-billing-information/?session=793911
27,11,1,0,0,0,0,0,1,9,0,0,0.1852,0.1481,0,0,4.0603,1,http://tinyurl.com/auth6011
21,6,1,0,0,0,0,0,1,8,0,0,0.2381,0.1905,0,0,3.7849,1,http://bit.ly/act5208
90,55,5,5,0,3,0,0,0,28,0,2,0.1667,0.0222,0,1,4.4417,1,http://google-drive-share.apple.com.account-verification-15.gq/wallet/recovery-phrase.html
86,36,1,5,0,0,0,0,0,28,1,2,0.1512,0.0698,0,1,4.6177,1,http://coinbase-auth-verification-update.gq/update-billing-information/?session=602481
95,43,2,4,0,0,0,0,0,30,1,2,0.1368,0.0632,0,1,4.5691,1,http://metamask-validation-verification-update.top/security-checkpoint/index.php?session=675358
63,16,3,0,0,0,1,0,0,16,2,2,0.2222,0.2698,0,0,4.8186,1,http://32.10.86.18:8443/dispute/center/?verify=93957&user=login
27,11,1,0,0,0,0,0,1,9,0,0,0.1852,0.1481,0,0,4.0603,1,http://tinyurl.com/auth3431
98,58,5,4,0,3,0,0,0,33,0,5,0.1429,0.0204,0,1,4.3628,1,http://bankofamerica-alert.paypal.com.account-verification-73.vip/confirmation/payment-failed.aspx
76,44,1,5,0,0,0,0,0,25,0,4,0.1711,0.0,0,1,4.3198,1,http://instagram-badge-verify-security-update.click/secure/portal/client-id/
85,38,1,4,0,0,0,0,0,25,1,2,0.1647,0.0706,0,1,4.5176,1,http://coinbase-auth-verification-update.work/secure/portal/client-id/?session=169886
59,18,4,0,0,0,1,0,0,10,2,2,0.2203,0.322,0,0,4.6033,1,http://137.1.131.177:8000/login.php?verify=75970&user=login
22,7,1,0,0,0,0,0,1,8,0,0,0.2273,0.1818,0,0,3.7888,1,http://cutt.ly/sec4587
75,37,1,3,0,0,0,0,0,16,1,1,0.16,0.08,0,1,4.5594,1,http://amazon-support-verification-auth.work/dispute/center/?session=287081
69,18,4,1,0,0,1,0,0,20,2,3,0.2029,0.2754,0,0,4.8764,1,http://154.47.172.64:3000/verify-account.html?verify=60774&user=login
26,11,1,0,0,0,0,0,1,8,0,0,0.1923,0.1538,0,0,4.2578,1,http://tinyurl.com/sec2349
76,41,2,4,0,0,0,0,0,28,0,3,0.1447,0.0,0,1,4.2998,1,http://wellsfargo-security-security-update.click/wallet/recovery-phrase.html
21,6,1,0,0,0,0,0,1,8,0,0,0.2381,0.1905,0,0,3.749,1,http://bit.ly/pay7248
20,5,1,0,0,0,0,0,1,8,0,0,0.25,0.2,0,0,3.9842,1,http://rb.gy/sec7856
53,12,4,0,0,0,1,0,0,10,2,2,0.2264,0.2642,0,0,4.7276,1,http://33.218.247.6/login.php?verify=98264&user=login
75,30,2,2,0,0,0,0,0,14,1,0,0.16,0.08,0,0,4.5307,1,http://paypal-verification-portal.icu/authorize.cgi?session=?session=510077
56,39,2,3,0,0,0,0,0,10,0,5,0.1607,0.0,0,1,4.3341,1,http://bankofamerica-alert-security-update.top/login.php
83,45,1,3,0,0,0,0,0,16,1,2,0.1446,0.0723,0,1,4.5008,1,http://bankofamerica-alert-verification-portal.click/dispute/center/?session=779656
86,46,5,3,0,3,0,0,0,33,0,3,0.1512,0.0233,0,1,4.3574,1,http://appleid.google.com.account-verification-92.top/confirmation/payment-failed.aspx
62,45,5,2,0,3,0,0,0,10,0,2,0.1774,0.0323,0,0,4.2082,1,http://paypal.paypal.com.account-verification-53.icu/login.php
78,14,4,1,0,0,1,0,0,33,2,4,0.1795,0.2051,0,0,4.8637,1,http://184.156.14.141/confirmation/payment-failed.aspx?verify=92016&user=login
81,46,5,3,0,3,0,0,0,28,0,2,0.1605,0.0247,0,1,4.4476,1,http://appleid.paypal.com.account-verification-65.xyz/wallet/recovery-phrase.html
81,58,4,3,0,3,0,0,0,16,0,2,0.1605,0.0247,0,1,4.3763,1,http://facebook-security.paypal.com.account-verification-46.click/dispute/center/
53,12,4,0,0,0,1,0,0,10,2,2,0.2264,0.2642,0,0,4.751,1,http://43.67.55.107/login.php?verify=58732&user=login
73,19,4,0,0,0,1,0,0,14,2,2,0.2055,0.274,0,0,4.8782,1,http://189.47.153.163:8080/authorize.cgi?session=?verify=62288&user=login
75,14,4,1,0,0,1,0,0,30,2,3,0.1867,0.2133,0,0,4.8341,1,http://159.31.196.162/security-checkpoint/index.php?verify=90124&user=login
80,43,2,5,0,0,0,0,0,30,0,3,0.15,0.0,0,1,4.4292,1,http://instagram-badge-verify-security-update.loan/security-checkpoint/index.php
89,44,2,3,0,0,0,0,0,14,1,2,0.1461,0.0674,0,1,4.5551,1,http://wellsfargo-security-verification-secure.work/authorize.cgi?session=?session=392639
56,15,4,0,0,0,1,0,0,10,2,2,0.2143,0.3036,0,0,4.689,1,http://207.123.112.113/login.php?verify=97540&user=login
73,13,3,0,0,0,1,0,0,12,2,4,0.1918,0.2055,0,0,4.7672,1,http://82.49.212.127/signin/auth?redirect=account?verify=23790&user=login
90,55,4,5,0,3,0,0,0,28,0,3,0.1556,0.0222,0,0,4.2968,1,http://binance-trade.microsoft.com.account-verification-32.icu/update-billing-information/
55,14,4,0,0,0,1,0,0,10,2,2,0.2182,0.2909,0,0,4.7446,1,http://194.138.64.211/login.php?verify=35930&user=login
89,42,1,4,0,0,0,0,0,25,1,2,0.1573,0.0674,0,1,4.5409,1,http://metamask-validation-verification-update.gq/secure/portal/client-id/?session=550203
95,60,5,4,0,3,0,0,0,28,0,4,0.1474,0.0211,0,1,4.3666,1,http://bankofamerica-alert.microsoft.com.account-verification-41.ml/wallet/recovery-phrase.html
86,63,4,4,0,3,0,0,0,16,0,2,0.1628,0.0233,0,1,4.3709,1,http://instagram-badge-verify.microsoft.com.account-verification-27.cf/dispute/center/
54,27,2,3,0,0,0,0,0,20,0,4,0.1667,0.0,0,1,4.2659,1,http://paypal-security-update.loan/verify-account.html
64,32,2,2,0,0,0,0,0,10,1,2,0.1562,0.0938,0,1,4.4681,1,http://appleid-verification-update.loan/login.php?session=899594
21,6,1,0,0,0,0,0,1,8,0,0,0.2381,0.1905,0,0,3.6538,1,http://bit.ly/pay9070
52,11,4,0,0,0,1,0,0,10,2,2,0.2308,0.25,0,0,4.7193,1,http://40.1.64.163/login.php?verify=75900&user=login
91,36,2,4,0,0,0,0,0,33,1,3,0.1429,0.0659,0,1,4.5873,1,http://netflix-billing-verification-auth.ml/confirmation/payment-failed.aspx?session=110096
103,63,5,5,0,3,0,0,0,33,0,4,0.1456,0.0194,0,1,4.4263,1,http://instagram-badge-verify.microsoft.com.account-verification-61.ml/confirmation/payment-failed.aspx
74,13,4,1,0,0,1,0,0,30,2,3,0.1892,0.2027,0,0,4.7972,1,http://155.5.128.226/security-checkpoint/index.php?verify=44846&user=login
97,57,5,4,0,3,0,0,0,33,0,4,0.1443,0.0206,0,1,4.3901,1,http://netflix-billing.microsoft.com.account-verification-19.vip/confirmation/payment-failed.aspx
73,38,1,5,0,0,0,0,0,28,0,3,0.1507,0.0,0,1,4.3574,1,http://wellsfargo-security-security-update.ga/update-billing-information/
72,32,2,4,0,0,0,0,0,33,0,4,0.1528,0.0,0,1,4.2999,1,http://binance-trade-security-update.ga/confirmation/payment-failed.aspx
76,17,3,2,0,0,1,0,0,28,2,4,0.1974,0.2368,0,0,4.8164,1,http://15.88.69.200:8080/update-billing-information/?verify=60012&user=login
78,19,4,1,0,0,1,0,0,28,2,3,0.1923,0.2564,0,0,4.9184,1,http://201.218.47.134:3000/wallet/recovery-phrase.html?verify=53396&user=login
70,14,3,1,0,0,1,0,0,25,2,3,0.2143,0.2286,0,0,4.7259,1,http://192.136.151.82/secure/portal/client-id/?verify=62521&user=login
80,57,4,3,0,3,0,0,0,16,0,3,0.1625,0.025,0,0,4.3065,1,http://bankofamerica-alert.apple.com.account-verification-67.icu/dispute/center/
82,55,5,4,0,3,0,0,0,20,0,2,0.1585,0.0244,0,1,4.4166,1,http://usps-redelivery.apple.com.account-verification-78.click/verify-account.html
76,12,4,1,0,0,1,0,0,33,2,4,0.1842,0.1842,0,0,4.9402,1,http://56.60.139.76/confirmation/payment-failed.aspx?verify=21043&user=login
22,7,1,0,0,0,0,0,1,8,0,0,0.2273,0.1818,0,0,3.6247,1,http://cutt.ly/act5178
93,38,2,4,0,0,0,0,0,33,1,4,0.1398,0.0645,0,1,4.5832,1,http://netflix-billing-verification-update.cf/confirmation/payment-failed.aspx?session=908595
21,6,1,0,0,0,0,0,1,8,0,0,0.2381,0.1905,0,0,3.8442,1,http://bit.ly/sec9390
84,54,5,3,0,3,0,0,0,14,0,1,0.1667,0.0238,0,1,4.3684,1,http://binance-trade.microsoft.com.account-verification-87.cf/authorize.cgi?session=
78,51,5,4,0,3,0,0,0,20,0,2,0.1667,0.0256,0,1,4.3178,1,http://binance-trade.google.com.account-verification-77.cf/verify-account.html
26,11,1,0,0,0,0,0,1,8,0,0,0.1923,0.1538,0,0,4.056,1,http://tinyurl.com/act3944
21,6,1,0,0,0,0,0,1,8,0,0,0.2381,0.1905,0,0,3.9395,1,http://bit.ly/sec3596
87,52,5,4,0,3,0,0,0,28,0,3,0.1609,0.023,0,1,4.391,1,http://chase-verify.google.com.account-verification-30.loan/wallet/recovery-phrase.html
83,41,2,4,0,0,0,0,0,20,1,4,0.1446,0.0723,0,1,4.6724,1,http://facebook-security-verification-update.vip/verify-account.html?session=432760
79,15,4,1,0,0,1,0,0,33,2,4,0.1772,0.2152,0,0,4.9445,1,http://213.250.230.246/confirmation/payment-failed.aspx?verify=74479&user=login
50,27,1,2,0,0,0,0,0,16,0,2,0.18,0.0,0,1,4.022,1,http://paypal-security-update.loan/dispute/center/
43,26,2,2,0,0,0,0,0,10,0,3,0.186,0.0,0,1,4.1581,1,http://appleid-security-update.ml/login.php
22,7,1,0,0,0,0,0,1,8,0,0,0.2273,0.1818,0,0,3.6978,1,http://cutt.ly/pay7054
71,36,1,5,0,0,0,0,0,28,0,3,0.1549,0.0,0,1,4.3131,1,http://usps-redelivery-security-update.loan/update-billing-information/
86,49,5,3,0,3,0,0,0,30,0,2,0.1512,0.0233,0,1,4.3614,1,http://appleid.microsoft.com.account-verification-90.vip/security-checkpoint/index.php
78,46,4,3,0,3,0,0,0,25,0,2,0.1795,0.0256,0,1,4.2722,1,http://paypal.apple.com.account-verification-61.click/secure/portal/client-id/
96,41,2,4,0,0,0,0,0,33,1,4,0.1354,0.0625,0,1,4.5927,1,http://bankofamerica-alert-verification-auth.top/confirmation/payment-failed.aspx?session=731948
58,17,4,0,0,0,1,0,0,10,2,2,0.2241,0.3103,0,0,4.7584,1,http://144.31.66.76:3000/login.php?verify=28015&user=login
85,53,4,4,0,3,0,0,0,25,0,3,0.1765,0.0235,0,0,4.3214,1,http://netflix-billing.apple.com.account-verification-38.icu/secure/portal/client-id/
54,13,4,0,0,0,1,0,0,10,2,2,0.2222,0.2778,0,0,4.7129,1,http://99.170.240.52/login.php?verify=71118&user=login
87,60,5,5,0,3,0,0,0,20,0,2,0.1609,0.023,0,1,4.4442,1,http://instagram-badge-verify.google.com.account-verification-55.tk/verify-account.html
81,20,4,1,0,0,1,0,0,30,2,3,0.1852,0.2593,0,0,4.9003,1,http://142.182.196.164:8443/security-checkpoint/index.php?verify=51776&user=login
77,18,4,1,0,0,1,0,0,28,2,3,0.1948,0.2468,0,0,4.8688,1,http://56.156.136.39:8000/wallet/recovery-phrase.html?verify=45831&user=login
69,13,3,1,0,0,1,0,0,25,2,3,0.2174,0.2174,0,0,4.7152,1,http://141.54.52.200/secure/portal/client-id/?verify=24162&user=login
98,63,5,5,0,3,0,0,0,28,0,3,0.1531,0.0204,0,1,4.4684,1,http://instagram-badge-verify.microsoft.com.account-verification-13.ga/wallet/recovery-phrase.html
83,33,2,3,0,0,0,0,0,28,1,1,0.1446,0.0723,0,1,4.5375,1,http://appleid-verification-portal.click/wallet/recovery-phrase.html?session=966198
21,6,1,0,0,0,0,0,1,8,0,0,0.2381,0.1905,0,0,3.8442,1,http://bit.ly/sec8262
68,33,2,4,0,0,0,0,0,28,0,3,0.1618,0.0,0,1,4.3427,1,http://binance-trade-security-update.xyz/wallet/recovery-phrase.html
71,17,4,0,0,0,1,0,0,14,2,2,0.2113,0.2535,0,0,4.7462,1,http://19.199.83.49:8000/authorize.cgi?session=?verify=93497&user=login
20,5,1,0,0,0,0,0,1,8,0,0,0.25,0.2,0,0,3.9842,1,http://rb.gy/sec4603
68,32,1,3,0,0,0,0,0,12,1,4,0.1618,0.0,0,1,4.1851,1,http://binance-trade-security-update.cf/signin/auth?redirect=account
98,63,5,5,0,3,0,0,0,28,0,3,0.1531,0.0204,0,1,4.471,1,http://instagram-badge-verify.microsoft.com.account-verification-21.ml/wallet/recovery-phrase.html
85,58,5,4,0,3,0,0,0,20,0,2,0.1529,0.0235,0,1,4.3908,1,http://metamask-validation.google.com.account-verification-92.vip/verify-account.html
90,54,4,3,0,3,0,0,0,12,1,3,0.1556,0.0222,0,0,4.3283,1,http://chase-verify.microsoft.com.account-verification-63.icu/signin/auth?redirect=account
84,52,4,4,0,3,0,0,0,25,0,2,0.1786,0.0238,0,1,4.4274,1,http://dhl-tracking.paypal.com.account-verification-30.work/secure/portal/client-id/
20,5,1,0,0,0,0,0,1,8,0,0,0.25,0.2,0,0,3.7464,1,http://rb.gy/act9117
78,38,2,4,0,0,0,0,0,33,0,5,0.141,0.0,0,1,4.3281,1,http://bankofamerica-alert-security-update.tk/confirmation/payment-failed.aspx
68,14,4,0,0,0,1,0,0,14,2,2,0.2059,0.2353,0,0,4.7676,1,http://77.223.234.101/authorize.cgi?session=?verify=97778&user=login
70,53,5,3,0,3,0,0,0,10,0,2,0.1714,0.0286,0,1,4.2793,1,http://microsoft-login.google.com.account-verification-17.gq/login.php
69,13,3,1,0,0,1,0,0,25,2,3,0.2174,0.2174,0,0,4.824,1,http://197.151.40.84/secure/portal/client-id/?verify=36510&user=login
23,7,1,0,0,0,0,0,1,9,0,0,0.2174,0.1739,0,0,3.6381,1,http://cutt.ly/auth3071
67,35,1,4,0,0,0,0,0,25,0,4,0.1791,0.0,0,0,4.1826,1,http://netflix-billing-security-update.icu/secure/portal/client-id/
83,43,2,5,0,0,0,0,0,33,0,5,0.1446,0.0,0,1,4.4664,1,http://instagram-badge-verify-security-update.work/confirmation/payment-failed.aspx
92,56,4,4,0,3,0,0,0,12,1,2,0.163,0.0217,0,1,4.4425,1,http://google-drive-share.paypal.com.account-verification-48.ga/signin/auth?redirect=account
74,18,3,1,0,0,1,0,0,25,2,3,0.2162,0.2568,0,0,4.819,1,http://60.116.70.169:8443/secure/portal/client-id/?verify=94868&user=login
96,41,2,4,0,0,0,0,0,33,1,2,0.1354,0.0625,0,0,4.5533,1,http://metamask-validation-verification-auth.icu/confirmation/payment-failed.aspx?session=458439
90,40,2,4,0,0,0,0,0,28,1,3,0.1444,0.0667,0,1,4.7371,1,http://netflix-billing-verification-update.work/wallet/recovery-phrase.html?session=507364
84,34,2,4,0,0,0,0,0,28,1,1,0.1548,0.0714,0,1,4.6465,1,http://binance-trade-verification-auth.gq/wallet/recovery-phrase.html?session=806960
66,43,4,2,0,3,0,0,0,16,0,1,0.1818,0.0303,0,1,4.3631,1,http://paypal.apple.com.account-verification-91.gq/dispute/center/
96,56,5,4,0,3,0,0,0,33,0,3,0.1458,0.0208,0,1,4.3932,1,http://usps-redelivery.microsoft.com.account-verification-94.cf/confirmation/payment-failed.aspx
67,50,5,3,0,3,0,0,0,10,0,3,0.1791,0.0299,0,0,4.3458,1,http://chase-verify.apple.com.account-verification-84.icu/login.php
89,52,5,4,0,3,0,0,0,30,0,2,0.1573,0.0225,0,1,4.4396,1,http://binance-trade.paypal.com.account-verification-43.xyz/security-checkpoint/index.php
65,33,1,4,0,0,0,0,0,25,0,3,0.1846,0.0,0,1,4.2234,1,http://coinbase-auth-security-update.xyz/secure/portal/client-id/
26,11,1,0,0,0,0,0,1,8,0,0,0.1923,0.1538,0,0,4.1808,1,http://tinyurl.com/sec2115
50,33,2,3,0,0,0,0,0,10,0,4,0.18,0.0,0,1,4.4084,1,http://chase-verify-security-update.work/login.php
92,57,4,5,0,3,0,0,0,28,0,3,0.1522,0.0217,0,1,4.3478,1,http://netflix-billing.microsoft.com.account-verification-76.vip/update-billing-information/
67,35,1,4,0,0,0,0,0,25,0,4,0.1791,0.0,0,1,4.3138,1,http://microsoft-login-security-update.xyz/secure/portal/client-id/
71,39,2,4,0,0,0,0,0,10,1,1,0.169,0.0845,0,1,4.5827,1,http://google-drive-share-verification-auth.cf/login.php?session=237839
26,11,1,0,0,0,0,0,1,8,0,0,0.1923,0.1538,0,0,4.1329,1,http://tinyurl.com/act6091
88,53,4,5,0,3,0,0,0,28,0,4,0.1591,0.0227,0,1,4.3995,1,http://chase-verify.microsoft.com.account-verification-88.tk/update-billing-information/
88,48,5,3,0,3,0,0,0,33,0,3,0.1477,0.0227,0,1,4.3253,1,http://paypal.microsoft.com.account-verification-75.vip/confirmation/payment-failed.aspx
22,6,1,0,0,0,0,0,1,9,0,0,0.2273,0.1818,0,0,3.7888,1,http://bit.ly/auth7562
93,43,1,6,0,0,0,0,0,28,1,2,0.1505,0.0645,0,1,4.5601,1,http://google-drive-share-verification-portal.work/update-billing-information/?session=422271
59,32,2,4,0,0,0,0,0,20,0,4,0.1695,0.0,0,1,4.3058,1,http://binance-trade-security-update.ml/verify-account.html
81,51,5,3,0,3,0,0,0,14,0,1,0.1728,0.0247,0,1,4.4315,1,http://binance-trade.google.com.account-verification-78.cf/authorize.cgi?session=
77,18,3,2,0,0,1,0,0,28,2,4,0.1948,0.2468,0,0,4.896,1,http://98.228.105.32:3000/update-billing-information/?verify=18516&user=login
20,5,1,0,0,0,0,0,1,8,0,0,0.25,0.2,0,0,3.7842,1,http://rb.gy/pay7194
66,34,1,4,0,0,0,0,0,25,0,4,0.1818,0.0,0,1,4.2109,1,http://microsoft-login-security-update.cf/secure/portal/client-id/
20,5,1,0,0,0,0,0,1,8,0,0,0.25,0.2,0,0,3.6842,1,http://rb.gy/pay2033
66,43,4,2,0,3,0,0,0,16,0,1,0.1818,0.0303,0,1,4.291,1,http://paypal.apple.com.account-verification-98.ml/dispute/center/
84,20,4,1,0,0,1,0,0,33,2,4,0.1786,0.25,0,0,4.8477,1,http://112.109.107.222:8080/confirmation/payment-failed.aspx?verify=32231&user=login
93,53,5,4,0,3,0,0,0,33,0,3,0.1505,0.0215,0,1,4.4844,1,http://coinbase-auth.google.com.account-verification-32.work/confirmation/payment-failed.aspx
21,6,1,0,0,0,0,0,1,8,0,0,0.2381,0.1905,0,0,3.749,1,http://bit.ly/pay3951
87,50,5,4,0,3,0,0,0,30,0,2,0.1609,0.023,0,1,4.39,1,http://binance-trade.apple.com.account-verification-73.ga/security-checkpoint/index.php
57,40,2,3,0,0,0,0,0,10,0,3,0.1579,0.0,0,1,4.3919,1,http://metamask-validation-security-update.work/login.php
20,5,1,0,0,0,0,0,1,8,0,0,0.25,0.2,0,0,3.9842,1,http://rb.gy/sec7429
72,35,2,4,0,0,0,0,0,30,0,3,0.1528,0.0,0,0,4.2942,1,http://microsoft-login-security-update.icu/security-checkpoint/index.php
26,11,1,0,0,0,0,0,1,8,0,0,0.1923,0.1538,0,0,4.1039,1,http://tinyurl.com/pay6168
84,33,1,2,0,0,0,0,0,12,1,3,0.1429,0.0714,0,1,4.5253,1,http://appleid-verification-secure.click/signin/auth?redirect=account?session=406513
74,13,4,1,0,0,1,0,0,30,2,3,0.1892,0.2027,0,0,4.8243,1,http://68.199.114.62/security-checkpoint/index.php?verify=26852&user=login
95,60,5,5,0,3,0,0,0,28,0,3,0.1579,0.0211,0,1,4.4813,1,http://instagram-badge-verify.paypal.com.account-verification-50.ml/wallet/recovery-phrase.html
91,41,2,4,0,0,0,0,0,28,1,3,0.1429,0.0659,0,1,4.5619,1,http://microsoft-login-verification-secure.click/wallet/recovery-phrase.html?session=188337
54,37,2,3,0,0,0,0,0,10,0,3,0.1667,0.0,0,1,4.32,1,http://microsoft-login-security-update.click/login.php
92,37,2,4,0,0,0,0,0,33,1,3,0.1413,0.0652,0,1,4.5552,1,http://amazon-support-verification-portal.ml/confirmation/payment-failed.aspx?session=412198
92,52,5,4,0,3,0,0,0,33,0,4,0.1522,0.0217,0,1,4.3778,1,http://netflix-billing.apple.com.account-verification-47.cf/confirmation/payment-failed.aspx
87,36,1,3,0,0,0,0,0,12,1,2,0.1494,0.069,0,1,4.5505,1,http://usps-redelivery-verification-auth.tk/signin/auth?redirect=account?session=478267
81,39,2,4,0,0,0,0,0,20,1,3,0.1481,0.0741,0,1,4.6431,1,http://netflix-billing-verification-portal.vip/verify-account.html?session=134670
76,17,4,1,0,0,1,0,0,28,2,3,0.1974,0.2368,0,0,4.8022,1,http://52.87.243.77:3000/wallet/recovery-phrase.html?verify=88087&user=login
73,19,4,0,0,0,1,0,0,14,2,2,0.2055,0.274,0,0,4.7974,1,http://85.149.151.172:3000/authorize.cgi?session=?verify=15541&user=login
87,37,2,4,0,0,0,0,0,28,1,3,0.1494,0.069,0,1,4.6197,1,http://amazon-support-verification-update.tk/wallet/recovery-phrase.html?session=549414
83,56,5,4,0,3,0,0,0,20,0,4,0.1566,0.0241,0,1,4.3044,1,http://bankofamerica-alert.apple.com.account-verification-44.tk/verify-account.html
89,34,2,4,0,0,0,0,0,33,1,2,0.1461,0.0674,0,1,4.7163,1,http://dhl-tracking-verification-auth.xyz/confirmation/payment-failed.aspx?session=943692
86,39,1,4,0,0,0,0,0,25,1,2,0.1628,0.0698,0,1,4.4575,1,http://coinbase-auth-verification-update.click/secure/portal/client-id/?session=640663
27,11,1,0,0,0,0,0,1,9,0,0,0.1852,0.1481,0,0,4.1343,1,http://tinyurl.com/auth9201
72,35,2,4,0,0,0,0,0,30,0,3,0.1528,0.0,0,1,4.2958,1,http://netflix-billing-security-update.top/security-checkpoint/index.php
22,7,1,0,0,0,0,0,1,8,0,0,0.2273,0.1818,0,0,3.5338,1,http://cutt.ly/act9319
83,19,4,1,0,0,1,0,0,33,2,4,0.1807,0.241,0,0,4.9608,1,http://18.170.104.239:8443/confirmation/payment-failed.aspx?verify=68781&user=login
75,43,2,3,0,0,0,0,0,10,1,3,0.1467,0.08,0,1,4.5552,1,http://wellsfargo-security-verification-secure.top/login.php?session=388100
81,43,1,3,0,0,0,0,0,16,1,1,0.1481,0.0741,0,1,4.4995,1,http://facebook-security-verification-portal.click/dispute/center/?session=246944
74,13,4,1,0,0,1,0,0,30,2,3,0.1892,0.2027,0,0,4.8549,1,http://33.158.213.45/security-checkpoint/index.php?verify=37849&user=login
22,7,1,0,0,0,0,0,1,8,0,0,0.2273,0.1818,0,0,3.7888,1,http://cutt.ly/sec8059
73,14,3,2,0,0,1,0,0,28,2,4,0.1918,0.2192,0,0,4.8248,1,http://158.149.189.54/update-billing-information/?verify=25553&user=login
58,11,3,0,0,0,1,0,0,16,2,2,0.2241,0.2241,0,0,4.6814,1,http://46.239.5.56/dispute/center/?verify=90634&user=login
65,18,3,0,0,0,1,0,0,16,2,2,0.2154,0.2923,0,0,4.6915,1,http://105.228.1.200:8000/dispute/center/?verify=55793&user=login
100,60,5,5,0,3,0,0,0,33,0,4,0.15,0.02,0,1,4.4559,1,http://instagram-badge-verify.google.com.account-verification-81.ml/confirmation/payment-failed.aspx
75,15,3,0,0,0,1,0,0,12,2,4,0.1867,0.2267,0,0,4.7187,1,http://196.161.251.100/signin/auth?redirect=account?verify=14996&user=login
82,45,5,3,0,3,0,0,0,30,0,2,0.1585,0.0244,0,1,4.4149,1,http://paypal.paypal.com.account-verification-63.xyz/security-checkpoint/index.php
75,14,4,1,0,0,1,0,0,30,2,3,0.1867,0.2133,0,0,4.9089,1,http://216.180.197.52/security-checkpoint/index.php?verify=37685&user=login
88,43,2,3,0,0,0,0,0,14,1,1,0.1477,0.0682,0,1,4.6432,1,http://metamask-validation-verification-secure.xyz/authorize.cgi?session=?session=374716
78,36,2,4,0,0,0,0,0,20,1,3,0.1538,0.0769,0,1,4.4724,1,http://chase-verify-verification-secure.vip/verify-account.html?session=225532
85,62,4,4,0,3,0,0,0,16,0,1,0.1647,0.0235,0,1,4.3613,1,http://google-drive-share.microsoft.com.account-verification-26.click/dispute/center/
20,5,1,0,0,0,0,0,1,8,0,0,0.25,0.2,0,0,3.9842,1,http://rb.gy/sec7208
79,34,2,3,0,0,0,0,0,14,1,0,0.1646,0.0759,0,1,4.5442,1,http://coinbase-auth-verification-auth.ml/authorize.cgi?session=?session=774698
55,32,1,3,0,0,0,0,0,16,0,2,0.1818,0.0,0,1,4.1333,1,http://dhl-tracking-security-update.vip/dispute/center/
82,30,2,3,0,0,0,0,0,30,1,1,0.1463,0.0732,0,1,4.5234,1,http://paypal-verification-auth.click/security-checkpoint/index.php?session=668363
27,11,1,0,0,0,0,0,1,9,0,0,0.1852,0.1481,0,0,4.0603,1,http://tinyurl.com/auth1410
64,13,4,1,0,0,1,0,0,20,2,3,0.2031,0.2344,0,0,4.9098,1,http://118.212.134.4/verify-account.html?verify=54607&user=login
27,11,1,0,0,0,0,0,1,9,0,0,0.1852,0.1481,0,0,4.1343,1,http://tinyurl.com/auth1295
97,61,4,3,0,3,0,0,0,12,1,4,0.1443,0.0206,0,1,4.4725,1,http://bankofamerica-alert.microsoft.com.account-verification-93.xyz/signin/auth?redirect=account
76,59,5,4,0,3,0,0,0,10,0,3,0.1711,0.0263,0,1,4.4387,1,http://instagram-badge-verify.apple.com.account-verification-10.ga/login.php
52,11,4,0,0,0,1,0,0,10,2,2,0.2308,0.25,0,0,4.7578,1,http://40.96.51.86/login.php?verify=57030&user=login
84,34,1,5,0,0,0,0,0,28,1,3,0.1548,0.0714,0,1,4.5679,1,http://chase-verify-verification-auth.top/update-billing-information/?session=423238
21,6,1,0,0,0,0,0,1,8,0,0,0.2381,0.1905,0,0,3.6897,1,http://bit.ly/act9117
77,18,4,1,0,0,1,0,0,28,2,3,0.1948,0.2468,0,0,4.8884,1,http://78.106.71.142:8000/wallet/recovery-phrase.html?verify=56697&user=login
76,15,4,1,0,0,1,0,0,30,2,3,0.1842,0.2237,0,0,4.7413,1,http://185.104.146.188/security-checkpoint/index.php?verify=14140&user=login
81,54,5,4,0,3,0,0,0,20,0,2,0.1605,0.0247,0,1,4.3231,1,http://binance-trade.microsoft.com.account-verification-91.ml/verify-account.html
75,58,5,3,0,3,0,0,0,10,0,4,0.16,0.0267,0,0,4.3457,1,http://bankofamerica-alert.paypal.com.account-verification-40.icu/login.php
21,5,1,0,0,0,0,0,1,9,0,0,0.2381,0.1905,0,0,3.8442,1,http://rb.gy/auth9152
63,28,2,3,0,0,0,0,0,28,0,3,0.1587,0.0,0,1,4.1977,1,http://paypal-security-update.click/wallet/recovery-phrase.html
84,37,1,4,0,0,0,0,0,25,1,2,0.1667,0.0714,0,0,4.4602,1,http://microsoft-login-verification-auth.icu/secure/portal/client-id/?session=991808
78,31,1,3,0,0,0,0,0,25,1,1,0.1667,0.0769,0,1,4.4873,1,http://paypal-verification-secure.loan/secure/portal/client-id/?session=715483
82,35,1,4,0,0,0,0,0,25,1,1,0.1707,0.0732,0,1,4.5491,1,http://dhl-tracking-verification-auth.work/secure/portal/client-id/?session=929179
64,32,2,2,0,0,0,0,0,10,1,1,0.1562,0.0938,0,1,4.5639,1,http://appleid-verification-portal.work/login.php?session=324766
68,41,2,5,0,0,0,0,0,20,0,4,0.1618,0.0,0,1,4.3889,1,http://instagram-badge-verify-security-update.cf/verify-account.html
77,30,1,3,0,0,0,0,0,25,1,1,0.1688,0.0779,0,1,4.4739,1,http://appleid-verification-auth.loan/secure/portal/client-id/?session=529406
77,30,1,3,0,0,0,0,0,25,1,2,0.1688,0.0779,0,1,4.5107,1,http://appleid-verification-update.gq/secure/portal/client-id/?session=581038
80,42,1,4,0,0,0,0,0,16,1,1,0.1625,0.075,0,1,4.4441,1,http://google-drive-share-verification-secure.vip/dispute/center/?session=466031
21,6,1,0,0,0,0,0,1,8,0,0,0.2381,0.1905,0,0,3.6897,1,http://bit.ly/act1233
74,47,5,3,0,3,0,0,0,20,0,2,0.1622,0.027,0,1,4.299,1,http://appleid.paypal.com.account-verification-41.loan/verify-account.html
20,5,1,0,0,0,0,0,1,8,0,0,0.25,0.2,0,0,3.8842,1,http://rb.gy/sec9098
71,12,4,1,0,0,1,0,0,28,2,3,0.1972,0.1972,0,0,4.7888,1,http://11.10.248.71/wallet/recovery-phrase.html?verify=49900&user=login
21,6,1,0,0,0,0,0,1,8,0,0,0.2381,0.1905,0,0,3.749,1,http://bit.ly/pay4150
22,7,1,0,0,0,0,0,1,8,0,0,0.2273,0.1818,0,0,3.6978,1,http://cutt.ly/sec1137
22,7,1,0,0,0,0,0,1,8,0,0,0.2273,0.1818,0,0,3.6247,1,http://cutt.ly/act3710
73,50,4,3,0,3,0,0,0,16,0,1,0.1781,0.0274,0,1,4.3574,1,http://dhl-tracking.apple.com.account-verification-59.vip/dispute/center/
76,34,2,4,0,0,0,0,0,20,1,2,0.1579,0.0789,0,1,4.662,1,http://dhl-tracking-verification-auth.top/verify-account.html?session=384758
75,52,4,3,0,3,0,0,0,16,0,2,0.1733,0.0267,0,0,4.2791,1,http://amazon-support.apple.com.account-verification-79.icu/dispute/center/
26,11,1,0,0,0,0,0,1,8,0,0,0.1923,0.1538,0,0,4.1808,1,http://tinyurl.com/sec6461
98,43,2,5,0,0,0,0,0,33,1,3,0.1429,0.0612,0,1,4.6575,1,http://google-drive-share-verification-secure.work/confirmation/payment-failed.aspx?session=214913
73,13,3,0,0,0,1,0,0,12,2,4,0.1918,0.2055,0,0,4.8337,1,http://35.227.218.79/signin/auth?redirect=account?verify=30650&user=login
81,46,5,3,0,3,0,0,0,28,0,2,0.1605,0.0247,0,1,4.4066,1,http://appleid.google.com.account-verification-27.vip/wallet/recovery-phrase.html
20,5,1,0,0,0,0,0,1,8,0,0,0.25,0.2,0,0,3.9842,1,http://rb.gy/sec3158
76,20,3,1,0,0,1,0,0,25,2,3,0.2105,0.2763,0,0,4.7231,1,http://110.210.202.106:8000/secure/portal/client-id/?verify=21539&user=login
21,6,1,0,0,0,0,0,1,8,0,0,0.2381,0.1905,0,0,3.8442,1,http://bit.ly/sec2261
68,17,4,1,0,0,1,0,0,20,2,3,0.2059,0.2647,0,0,4.962,1,http://53.182.54.57:8080/verify-account.html?verify=65019&user=login
68,33,2,4,0,0,0,0,0,28,0,3,0.1618,0.0,0,1,4.3604,1,http://coinbase-auth-security-update.xyz/wallet/recovery-phrase.html
21,5,1,0,0,0,0,0,1,9,0,0,0.2381,0.1905,0,0,3.8442,1,http://rb.gy/auth5026
86,39,1,4,0,0,0,0,0,25,1,2,0.1628,0.0698,0,1,4.452,1,http://netflix-billing-verification-portal.top/secure/portal/client-id/?session=422364
70,11,3,2,0,0,1,0,0,28,2,4,0.2,0.1857,0,0,4.843,1,http://86.62.79.73/update-billing-information/?verify=32965&user=login
20,5,1,0,0,0,0,0,1,8,0,0,0.25,0.2,0,0,3.7464,1,http://rb.gy/act1913
81,58,4,3,0,3,0,0,0,16,0,3,0.1605,0.0247,0,1,4.4553,1,http://bankofamerica-alert.paypal.com.account-verification-57.xyz/dispute/center/
79,20,3,2,0,0,1,0,0,28,2,4,0.1899,0.2658,0,0,4.9486,1,http://168.196.232.236:8000/update-billing-information/?verify=78774&user=login
22,6,1,0,0,0,0,0,1,9,0,0,0.2273,0.1818,0,0,3.6978,1,http://bit.ly/auth9903
82,37,2,3,0,0,0,0,0,14,1,0,0.1585,0.0732,0,1,4.6055,1,http://coinbase-auth-verification-portal.xyz/authorize.cgi?session=?session=615727
86,39,1,4,0,0,0,0,0,25,1,2,0.1628,0.0698,0,1,4.485,1,http://microsoft-login-verification-secure.vip/secure/portal/client-id/?session=614285
66,34,2,3,0,0,0,0,0,10,1,1,0.1667,0.0909,0,1,4.6617,1,http://binance-trade-verification-auth.ml/login.php?session=973126
87,57,5,3,0,3,0,0,0,14,0,2,0.1609,0.023,0,1,4.3339,1,http://microsoft-login.microsoft.com.account-verification-83.vip/authorize.cgi?session=
85,53,4,4,0,3,0,0,0,25,0,2,0.1765,0.0235,0,1,4.3501,1,http://dhl-tracking.microsoft.com.account-verification-49.ml/secure/portal/client-id/
22,7,1,0,0,0,0,0,1,8,0,0,0.2273,0.1818,0,0,3.6069,1,http://cutt.ly/pay7949
91,56,4,5,0,3,0,0,0,28,0,3,0.1538,0.022,0,1,4.323,1,http://netflix-billing.microsoft.com.account-verification-22.ga/update-billing-information/
70,38,1,4,0,0,0,0,0,25,0,5,0.1714,0.0,0,1,4.2387,1,http://bankofamerica-alert-security-update.ga/secure/portal/client-id/
92,62,5,3,0,3,0,0,0,14,0,2,0.1522,0.0217,0,1,4.4414,1,http://wellsfargo-security.microsoft.com.account-verification-92.loan/authorize.cgi?session=
26,11,1,0,0,0,0,0,1,8,0,0,0.1923,0.1538,0,0,4.1808,1,http://tinyurl.com/sec3655
82,18,4,1,0,0,1,0,0,33,2,4,0.1829,0.2317,0,0,4.9656,1,http://50.159.20.165:8443/confirmation/payment-failed.aspx?verify=51203&user=login
55,14,4,0,0,0,1,0,0,10,2,2,0.2182,0.2909,0,0,4.8036,1,http://178.166.63.185/login.php?verify=50942&user=login
23,7,1,0,0,0,0,0,1,9,0,0,0.2174,0.1739,0,0,3.4642,1,http://cutt.ly/auth9449
75,16,3,2,0,0,1,0,0,28,2,4,0.2,0.2267,0,0,4.8482,1,http://73.28.75.93:3000/update-billing-information/?verify=58873&user=login
80,30,1,4,0,0,0,0,0,28,1,2,0.15,0.075,0,1,4.5453,1,http://appleid-verification-portal.tk/update-billing-information/?session=394259
60,9,4,1,0,0,1,0,0,20,2,3,0.2167,0.1833,0,0,4.9232,1,http://67.5.4.30/verify-account.html?verify=46921&user=login
71,36,1,5,0,0,0,0,0,28,0,3,0.1549,0.0,0,1,4.4117,1,http://facebook-security-security-update.gq/update-billing-information/
54,13,4,0,0,0,1,0,0,10,2,2,0.2222,0.2778,0,0,4.699,1,http://83.64.120.165/login.php?verify=58668&user=login
88,58,5,3,0,3,0,0,0,14,0,2,0.1591,0.0227,0,1,4.5412,1,http://wellsfargo-security.apple.com.account-verification-13.work/authorize.cgi?session=
27,11,1,0,0,0,0,0,1,9,0,0,0.1852,0.1481,0,0,4.1343,1,http://tinyurl.com/auth1869
23,7,1,0,0,0,0,0,1,9,0,0,0.2174,0.1739,0,0,3.5512,1,http://cutt.ly/auth7545
26,11,1,0,0,0,0,0,1,8,0,0,0.1923,0.1538,0,0,4.056,1,http://tinyurl.com/act7600
20,5,1,0,0,0,0,0,1,8,0,0,0.25,0.2,0,0,3.7464,1,http://rb.gy/act2275
75,11,4,1,0,0,1,0,0,33,2,4,0.1867,0.1733,0,0,4.9037,1,http://65.90.4.219/confirmation/payment-failed.aspx?verify=48005&user=login
62,32,2,3,0,0,0,0,0,14,0,3,0.1774,0.0,0,1,4.3368,1,http://chase-verify-security-update.vip/authorize.cgi?session=
20,5,1,0,0,0,0,0,1,8,0,0,0.25,0.2,0,0,3.7842,1,http://rb.gy/pay4567
72,18,4,0,0,0,1,0,0,14,2,2,0.2083,0.2639,0,0,4.852,1,http://124.29.234.28:8000/authorize.cgi?session=?verify=51179&user=login
60,19,4,0,0,0,1,0,0,10,2,2,0.2167,0.3333,0,0,4.709,1,http://179.243.200.92:8443/login.php?verify=22471&user=login
80,19,4,1,0,0,1,0,0,30,2,3,0.1875,0.25,0,0,4.8468,1,http://47.227.216.202:8080/security-checkpoint/index.php?verify=28663&user=login
88,38,1,5,0,0,0,0,0,28,1,2,0.1477,0.0682,0,1,4.5691,1,http://usps-redelivery-verification-portal.cf/update-billing-information/?session=320440
92,52,5,4,0,3,0,0,0,33,0,4,0.1522,0.0217,0,1,4.3818,1,http://netflix-billing.apple.com.account-verification-19.ml/confirmation/payment-failed.aspx
56,33,1,3,0,0,0,0,0,16,0,2,0.1786,0.0,0,1,4.0611,1,http://coinbase-auth-security-update.vip/dispute/center/
20,5,1,0,0,0,0,0,1,8,0,0,0.25,0.2,0,0,3.7464,1,http://rb.gy/act6036
71,41,2,4,0,0,0,0,0,14,0,3,0.169,0.0,0,1,4.4574,1,http://instagram-badge-verify-security-update.tk/authorize.cgi?session=
70,19,4,1,0,0,1,0,0,20,2,3,0.2,0.2857,0,0,4.9273,1,http://39.155.135.207:8000/verify-account.html?verify=24410&user=login
75,15,3,0,0,0,1,0,0,12,2,4,0.1867,0.2267,0,0,4.8188,1,http://105.127.140.232/signin/auth?redirect=account?verify=86401&user=login
58,17,4,0,0,0,1,0,0,10,2,2,0.2241,0.3103,0,0,4.6962,1,http://61.127.31.83:3000/login.php?verify=33824&user=login
72,36,1,3,0,0,0,0,0,12,1,4,0.1528,0.0,0,1,4.2968,1,http://facebook-security-security-update.ga/signin/auth?redirect=account
69,32,2,4,0,0,0,0,0,30,0,3,0.1594,0.0,0,1,4.2127,1,http://chase-verify-security-update.vip/security-checkpoint/index.php
79,56,4,3,0,3,0,0,0,16,0,2,0.1646,0.0253,0,1,4.4018,1,http://facebook-security.google.com.account-verification-36.vip/dispute/center/
20,5,1,0,0,0,0,0,1,8,0,0,0.25,0.2,0,0,3.7464,1,http://rb.gy/act1422
81,51,5,3,0,3,0,0,0,14,0,1,0.1728,0.0247,0,1,4.4814,1,http://binance-trade.paypal.com.account-verification-77.ml/authorize.cgi?session=
75,58,5,3,0,3,0,0,0,10,0,3,0.16,0.0267,0,1,4.3827,1,http://facebook-security.microsoft.com.account-verification-29.tk/login.php
20,5,1,0,0,0,0,0,1,8,0,0,0.25,0.2,0,0,3.7464,1,http://rb.gy/act9338
84,39,2,4,0,0,0,0,0,14,1,0,0.1667,0.0714,0,1,4.5418,1,http://google-drive-share-verification-auth.cf/authorize.cgi?session=?session=736938
69,37,2,3,0,0,0,0,0,10,1,2,0.1594,0.087,0,1,4.536,1,http://coinbase-auth-verification-update.top/login.php?session=400513
78,51,5,4,0,3,0,0,0,20,0,2,0.1667,0.0256,0,1,4.368,1,http://coinbase-auth.google.com.account-verification-78.ml/verify-account.html
71,36,1,5,0,0,0,0,0,28,0,4,0.1549,0.0,0,1,4.2758,1,http://microsoft-login-security-update.loan/update-billing-information/
21,5,1,0,0,0,0,0,1,9,0,0,0.2381,0.1905,0,0,3.8442,1,http://rb.gy/auth4608
74,51,4,3,0,3,0,0,0,16,0,1,0.1757,0.027,0,1,4.3511,1,http://binance-trade.google.com.account-verification-63.gq/dispute/center/
71,35,1,3,0,0,0,0,0,12,1,5,0.1549,0.0,0,1,4.3611,1,http://netflix-billing-security-update.vip/signin/auth?redirect=account
21,6,1,0,0,0,0,0,1,8,0,0,0.2381,0.1905,0,0,3.9395,1,http://bit.ly/sec6204
79,42,2,5,0,0,0,0,0,30,0,3,0.1519,0.0,0,1,4.4328,1,http://instagram-badge-verify-security-update.xyz/security-checkpoint/index.php
76,17,4,1,0,0,1,0,0,28,2,3,0.1974,0.2368,0,0,4.8975,1,http://65.203.86.71:8000/wallet/recovery-phrase.html?verify=96753&user=login
50,33,2,3,0,0,0,0,0,10,0,3,0.18,0.0,0,0,4.2011,1,http://binance-trade-security-update.icu/login.php
20,5,1,0,0,0,0,0,1,8,0,0,0.25,0.2,0,0,3.8842,1,http://rb.gy/sec8801
61,26,2,3,0,0,0,0,0,28,0,3,0.1639,0.0,0,1,4.254,1,http://appleid-security-update.gq/wallet/recovery-phrase.html
84,57,5,4,0,3,0,0,0,20,0,4,0.1548,0.0238,0,1,4.3354,1,http://bankofamerica-alert.paypal.com.account-verification-72.tk/verify-account.html
85,35,1,5,0,0,0,0,0,28,1,3,0.1529,0.0706,0,1,4.5792,1,http://amazon-support-verification-auth.ml/update-billing-information/?session=593623
88,38,1,5,0,0,0,0,0,28,1,2,0.1477,0.0682,0,1,4.5821,1,http://usps-redelivery-verification-portal.ml/update-billing-information/?session=702616
23,7,1,0,0,0,0,0,1,9,0,0,0.2174,0.1739,0,0,3.5512,1,http://cutt.ly/auth8336
26,11,1,0,0,0,0,0,1,8,0,0,0.1923,0.1538,0,0,4.1329,1,http://tinyurl.com/act1856
92,57,4,5,0,3,0,0,0,28,0,3,0.1522,0.0217,0,0,4.4122,1,http://usps-redelivery.microsoft.com.account-verification-51.icu/update-billing-information/
78,14,4,1,0,0,1,0,0,33,2,4,0.1795,0.2051,0,0,4.9343,1,http://138.121.74.163/confirmation/payment-failed.aspx?verify=52037&user=login
86,34,2,4,0,0,0,0,0,30,1,1,0.1512,0.0698,0,1,4.5662,1,http://coinbase-auth-verification-auth.ga/security-checkpoint/index.php?session=326520
68,36,1,4,0,0,0,0,0,25,0,3,0.1765,0.0,0,1,4.2244,1,http://facebook-security-security-update.ga/secure/portal/client-id/
26,11,1,0,0,0,0,0,1,8,0,0,0.1923,0.1538,0,0,4.1808,1,http://tinyurl.com/pay1387
84,42,2,4,0,0,0,0,0,20,1,4,0.1429,0.0714,0,1,4.6551,1,http://wellsfargo-security-verification-secure.gq/verify-account.html?session=103699
53,12,4,0,0,0,1,0,0,10,2,2,0.2264,0.2642,0,0,4.5605,1,http://128.42.97.88/login.php?verify=99989&user=login
61,14,3,0,0,0,1,0,0,16,2,2,0.2131,0.2623,0,0,4.6685,1,http://196.72.132.119/dispute/center/?verify=63896&user=login
84,48,4,2,0,3,0,0,0,12,1,2,0.1548,0.0238,0,1,4.4005,1,http://appleid.paypal.com.account-verification-30.click/signin/auth?redirect=account
78,19,3,2,0,0,1,0,0,28,2,4,0.1923,0.2564,0,0,4.8969,1,http://199.147.88.100:8443/update-billing-information/?verify=17760&user=login
80,45,5,3,0,3,0,0,0,28,0,2,0.1625,0.025,0,1,4.3876,1,http://paypal.google.com.account-verification-15.vip/wallet/recovery-phrase.html
60,33,2,4,0,0,0,0,0,20,0,4,0.1667,0.0,0,0,4.2672,1,http://coinbase-auth-security-update.icu/verify-account.html
22,7,1,0,0,0,0,0,1,8,0,0,0.2273,0.1818,0,0,3.5338,1,http://cutt.ly/act5465
22,7,1,0,0,0,0,0,1,8,0,0,0.2273,0.1818,0,0,3.6978,1,http://cutt.ly/pay4562
77,40,2,5,0,0,0,0,0,30,0,2,0.1558,0.0,0,1,4.3088,1,http://google-drive-share-security-update.click/security-checkpoint/index.php
58,17,4,0,0,0,1,0,0,10,2,2,0.2241,0.3103,0,0,4.7799,1,http://37.232.191.7:8443/login.php?verify=80486&user=login
81,45,4,2,0,3,0,0,0,12,1,2,0.1605,0.0247,0,1,4.3465,1,http://appleid.google.com.account-verification-33.ga/signin/auth?redirect=account
70,19,4,1,0,0,1,0,0,20,2,3,0.2,0.2857,0,0,4.9109,1,http://103.31.179.247:8000/verify-account.html?verify=88944&user=login
79,44,1,6,0,0,0,0,0,28,0,4,0.1519,0.0,0,1,4.3948,1,http://instagram-badge-verify-security-update.click/update-billing-information/
74,13,4,1,0,0,1,0,0,30,2,3,0.1892,0.2027,0,0,4.7791,1,http://97.134.111.91/security-checkpoint/index.php?verify=98964&user=login
73,41,2,4,0,0,0,0,0,10,1,1,0.1644,0.0822,0,1,4.5234,1,http://google-drive-share-verification-portal.ga/login.php?session=619320
71,17,4,0,0,0,1,0,0,14,2,2,0.2113,0.2535,0,0,4.7905,1,http://84.56.21.203:3000/authorize.cgi?session=?verify=32068&user=login
80,42,1,3,0,0,0,0,0,16,1,2,0.15,0.075,0,1,4.5774,1,http://wellsfargo-security-verification-update.gq/dispute/center/?session=726472
96,59,5,4,0,3,0,0,0,30,0,4,0.1458,0.0208,0,1,4.4933,1,http://bankofamerica-alert.google.com.account-verification-31.work/security-checkpoint/index.php
75,19,3,1,0,0,1,0,0,25,2,3,0.2133,0.2667,0,0,4.7288,1,http://32.125.199.101:3000/secure/portal/client-id/?verify=69010&user=login
72,30,2,3,0,0,0,0,0,20,1,3,0.1528,0.0833,0,1,4.6606,1,http://appleid-verification-secure.ml/verify-account.html?session=945726
66,28,1,2,0,0,0,0,0,16,1,0,0.1667,0.0909,0,1,4.5157,1,http://appleid-verification-auth.ga/dispute/center/?session=257698
86,36,1,5,0,0,0,0,0,28,1,2,0.1512,0.0698,0,1,4.5373,1,http://netflix-billing-verification-auth.ga/update-billing-information/?session=320593
59,42,2,4,0,0,0,0,0,10,0,4,0.1695,0.0,0,1,4.4821,1,http://instagram-badge-verify-security-update.xyz/login.php
92,56,4,3,0,3,0,0,0,12,1,3,0.1522,0.0217,0,1,4.4367,1,http://facebook-security.paypal.com.account-verification-90.top/signin/auth?redirect=account
79,41,1,4,0,0,0,0,0,16,1,0,0.1646,0.0759,0,1,4.4987,1,http://google-drive-share-verification-auth.loan/dispute/center/?session=518509
53,26,2,3,0,0,0,0,0,20,0,4,0.1698,0.0,0,1,4.3687,1,http://appleid-security-update.gq/verify-account.html
27,11,1,0,0,0,0,0,1,9,0,0,0.1852,0.1481,0,0,4.0603,1,http://tinyurl.com/auth2717
72,35,2,4,0,0,0,0,0,30,0,2,0.1528,0.0,0,1,4.2513,1,http://usps-redelivery-security-update.xyz/security-checkpoint/index.php
74,36,1,3,0,0,0,0,0,16,1,0,0.1622,0.0811,0,1,4.4757,1,http://binance-trade-verification-portal.cf/dispute/center/?session=698532
92,52,5,4,0,3,0,0,0,33,0,3,0.1522,0.0217,0,1,4.3493,1,http://coinbase-auth.paypal.com.account-verification-88.vip/confirmation/payment-failed.aspx
21,6,1,0,0,0,0,0,1,8,0,0,0.2381,0.1905,0,0,3.7849,1,http://bit.ly/act8759
20,5,1,0,0,0,0,0,1,8,0,0,0.25,0.2,0,0,3.9842,1,http://rb.gy/sec1826
92,40,2,4,0,0,0,0,0,30,1,1,0.1413,0.0652,0,1,4.6674,1,http://metamask-validation-verification-auth.gq/security-checkpoint/index.php?session=186553
76,59,5,3,0,3,0,0,0,10,0,4,0.1579,0.0263,0,1,4.3832,1,http://bankofamerica-alert.google.com.account-verification-31.work/login.php
44,27,2,2,0,0,0,0,0,10,0,3,0.1818,0.0,0,1,4.2373,1,http://appleid-security-update.xyz/login.php
86,35,1,3,0,0,0,0,0,12,1,3,0.1512,0.0698,0,1,4.5569,1,http://dhl-tracking-verification-update.ga/signin/auth?redirect=account?session=573016
94,42,2,5,0,0,0,0,0,30,1,2,0.1489,0.0638,0,0,4.5665,1,http://google-drive-share-verification-update.icu/security-checkpoint/index.php?session=909103
83,51,4,4,0,3,0,0,0,25,0,2,0.1807,0.0241,0,1,4.3816,1,http://coinbase-auth.paypal.com.account-verification-55.gq/secure/portal/client-id/
81,17,4,1,0,0,1,0,0,33,2,4,0.1852,0.2222,0,0,4.9295,1,http://32.150.152.9:8000/confirmation/payment-failed.aspx?verify=40843&user=login
75,37,1,3,0,0,0,0,0,16,1,2,0.16,0.08,0,1,4.5119,1,http://chase-verify-verification-update.work/dispute/center/?session=174745
73,14,3,2,0,0,1,0,0,28,2,4,0.1918,0.2192,0,0,4.8468,1,http://30.209.126.131/update-billing-information/?verify=55565&user=login
20,5,1,0,0,0,0,0,1,8,0,0,0.25,0.2,0,0,3.6842,1,http://rb.gy/pay2264
71,36,1,5,0,0,0,0,0,28,0,3,0.1549,0.0,0,1,4.3609,1,http://facebook-security-security-update.ga/update-billing-information/
87,40,1,4,0,0,0,0,0,25,1,2,0.1609,0.069,0,1,4.5411,1,http://wellsfargo-security-verification-auth.cf/secure/portal/client-id/?session=369743
70,19,4,1,0,0,1,0,0,20,2,3,0.2,0.2857,0,0,4.9325,1,http://152.114.85.203:3000/verify-account.html?verify=74219&user=login
65,35,2,3,0,0,0,0,0,14,0,2,0.1692,0.0,0,0,4.2853,1,http://usps-redelivery-security-update.icu/authorize.cgi?session=
81,34,1,4,0,0,0,0,0,25,1,2,0.1728,0.0741,0,1,4.5596,1,http://chase-verify-verification-auth.xyz/secure/portal/client-id/?session=958005
93,42,1,3,0,0,0,0,0,12,1,4,0.1398,0.0645,0,1,4.4686,1,http://facebook-security-verification-secure.loan/signin/auth?redirect=account?session=868689
88,46,2,5,0,0,0,0,0,20,1,2,0.1477,0.0682,0,1,4.6171,1,http://instagram-badge-verify-verification-portal.top/verify-account.html?session=468766
27,11,1,0,0,0,0,0,1,9,0,0,0.1852,0.1481,0,0,4.0603,1,http://tinyurl.com/auth7793
44,27,2,2,0,0,0,0,0,10,0,3,0.1818,0.0,0,1,4.1181,1,http://paypal-security-update.loan/login.php
80,30,1,4,0,0,0,0,0,28,1,3,0.15,0.075,0,1,4.5541,1,http://appleid-verification-secure.tk/update-billing-information/?session=950989
81,43,1,4,0,0,0,0,0,16,1,1,0.1605,0.0741,0,1,4.5111,1,http://instagram-badge-verify-verification-auth.tk/dispute/center/?session=311511
20,5,1,0,0,0,0,0,1,8,0,0,0.25,0.2,0,0,3.9842,1,http://rb.gy/sec5602
63,28,1,4,0,0,0,0,0,28,0,3,0.1587,0.0,0,1,4.3065,1,http://paypal-security-update.click/update-billing-information/
90,38,2,4,0,0,0,0,0,30,1,3,0.1444,0.0667,0,1,4.6568,1,http://netflix-billing-verification-update.ml/security-checkpoint/index.php?session=248911
21,6,1,0,0,0,0,0,1,8,0,0,0.2381,0.1905,0,0,3.6538,1,http://bit.ly/pay8737
75,52,4,3,0,3,0,0,0,16,0,1,0.1733,0.0267,0,1,4.3354,1,http://binance-trade.apple.com.account-verification-39.work/dispute/center/
27,11,1,0,0,0,0,0,1,9,0,0,0.1852,0.1481,0,0,4.1343,1,http://tinyurl.com/auth9246
86,51,4,5,0,3,0,0,0,28,0,4,0.1628,0.0233,0,1,4.3859,1,http://chase-verify.google.com.account-verification-88.top/update-billing-information/
77,39,1,3,0,0,0,0,0,16,1,2,0.1558,0.0779,0,1,4.5192,1,http://netflix-billing-verification-update.vip/dispute/center/?session=635570
85,40,2,3,0,0,0,0,0,14,1,1,0.1529,0.0706,0,1,4.6059,1,http://wellsfargo-security-verification-auth.tk/authorize.cgi?session=?session=282306
20,5,1,0,0,0,0,0,1,8,0,0,0.25,0.2,0,0,3.8842,1,http://rb.gy/sec9211
81,20,4,1,0,0,1,0,0,30,2,3,0.1852,0.2593,0,0,4.8557,1,http://161.205.130.210:8080/security-checkpoint/index.php?verify=12544&user=login
88,38,1,5,0,0,0,0,0,28,1,2,0.1477,0.0682,0,1,4.5961,1,http://coinbase-auth-verification-portal.work/update-billing-information/?session=381739
79,49,5,3,0,3,0,0,0,14,0,1,0.1772,0.0253,0,1,4.4977,1,http://dhl-tracking.apple.com.account-verification-56.ga/authorize.cgi?session=
86,36,1,5,0,0,0,0,0,28,1,2,0.1512,0.0698,0,1,4.5071,1,http://coinbase-auth-verification-update.cf/update-billing-information/?session=822998
20,5,1,0,0,0,0,0,1,8,0,0,0.25,0.2,0,0,3.7842,1,http://rb.gy/pay4037
87,36,1,3,0,0,0,0,0,12,1,3,0.1494,0.069,0,1,4.6251,1,http://amazon-support-verification-auth.xyz/signin/auth?redirect=account?session=253098
69,46,4,2,0,3,0,0,0,16,0,1,0.1739,0.029,0,1,4.2519,1,http://appleid.paypal.com.account-verification-84.top/dispute/center/
85,35,2,4,0,0,0,0,0,28,1,3,0.1529,0.0706,0,1,4.6652,1,http://chase-verify-verification-update.gq/wallet/recovery-phrase.html?session=201295
83,19,4,1,0,0,1,0,0,33,2,4,0.1807,0.241,0,0,4.8703,1,http://191.171.102.87:8080/confirmation/payment-failed.aspx?verify=10552&user=login
89,38,1,3,0,0,0,0,0,12,1,3,0.1461,0.0674,0,1,4.6222,1,http://facebook-security-verification-auth.ml/signin/auth?redirect=account?session=308975
61,26,2,3,0,0,0,0,0,28,0,3,0.1639,0.0,0,1,4.1536,1,http://paypal-security-update.vip/wallet/recovery-phrase.html
54,31,1,3,0,0,0,0,0,16,0,2,0.1852,0.0,0,1,4.1084,1,http://dhl-tracking-security-update.ga/dispute/center/
70,33,2,4,0,0,0,0,0,30,0,2,0.1571,0.0,0,1,4.2142,1,http://coinbase-auth-security-update.vip/security-checkpoint/index.php
62,35,2,4,0,0,0,0,0,20,0,5,0.1613,0.0,0,0,4.323,1,http://microsoft-login-security-update.icu/verify-account.html
94,44,1,5,0,0,0,0,0,28,1,4,0.1383,0.0638,0,1,4.6641,1,http://wellsfargo-security-verification-secure.work/update-billing-information/?session=302698
21,6,1,0,0,0,0,0,1,8,0,0,0.2381,0.1905,0,0,3.9395,1,http://bit.ly/sec9803
72,55,5,3,0,3,0,0,0,10,0,2,0.1667,0.0278,0,1,4.4365,1,http://coinbase-auth.microsoft.com.account-verification-62.xyz/login.php
95,40,2,4,0,0,0,0,0,33,1,2,0.1368,0.0632,0,1,4.5282,1,http://metamask-validation-verification-auth.ml/confirmation/payment-failed.aspx?session=580380
20,5,1,0,0,0,0,0,1,8,0,0,0.25,0.2,0,0,3.8464,1,http://rb.gy/act6819
50,33,2,3,0,0,0,0,0,10,0,3,0.18,0.0,0,1,4.186,1,http://binance-trade-security-update.top/login.php
26,11,1,0,0,0,0,0,1,8,0,0,0.1923,0.1538,0,0,4.1039,1,http://tinyurl.com/pay4232
60,37,1,4,0,0,0,0,0,16,0,2,0.1833,0.0,0,1,4.1794,1,http://google-drive-share-security-update.gq/dispute/center/
22,7,1,0,0,0,0,0,1,8,0,0,0.2273,0.1818,0,0,3.7888,1,http://cutt.ly/sec5740
89,37,2,4,0,0,0,0,0,30,1,2,0.1461,0.0674,0,1,4.4777,1,http://binance-trade-verification-secure.vip/security-checkpoint/index.php?session=306676
22,7,1,0,0,0,0,0,1,8,0,0,0.2273,0.1818,0,0,3.6978,1,http://cutt.ly/pay5862
75,39,1,3,0,0,0,0,0,12,1,4,0.1467,0.0,0,1,4.3155,1,http://wellsfargo-security-security-update.top/signin/auth?redirect=account
76,15,4,1,0,0,1,0,0,30,2,3,0.1842,0.2237,0,0,4.8453,1,http://138.120.121.196/security-checkpoint/index.php?verify=29387&user=login
94,42,2,4,0,0,0,0,0,30,1,2,0.1383,0.0638,0,1,4.6283,1,http://wellsfargo-security-verification-secure.ga/security-checkpoint/index.php?session=237562
22,6,1,0,0,0,0,0,1,9,0,0,0.2273,0.1818,0,0,3.6978,1,http://bit.ly/auth4142
21,6,1,0,0,0,0,0,1,8,0,0,0.2381,0.1905,0,0,3.749,1,http://bit.ly/pay5216
68,38,2,3,0,0,0,0,0,14,0,4,0.1618,0.0,0,1,4.4711,1,http://bankofamerica-alert-security-update.ml/authorize.cgi?session=
88,53,4,5,0,3,0,0,0,28,0,4,0.1591,0.0227,0,0,4.3707,1,http://amazon-support.paypal.com.account-verification-85.icu/update-billing-information/
88,56,4,4,0,3,0,0,0,25,0,3,0.1705,0.0227,0,1,4.3677,1,http://netflix-billing.microsoft.com.account-verification-36.tk/secure/portal/client-id/
67,35,2,3,0,0,0,0,0,10,1,3,0.1642,0.0896,0,1,4.6683,1,http://chase-verify-verification-update.ml/login.php?session=412916
96,60,4,3,0,3,0,0,0,12,1,4,0.1458,0.0208,0,1,4.3808,1,http://bankofamerica-alert.microsoft.com.account-verification-50.ml/signin/auth?redirect=account
20,5,1,0,0,0,0,0,1,8,0,0,0.25,0.2,0,0,3.7842,1,http://rb.gy/pay5829
76,38,1,3,0,0,0,0,0,16,1,2,0.1579,0.0789,0,1,4.5287,1,http://microsoft-login-verification-update.ml/dispute/center/?session=806434
22,6,1,0,0,0,0,0,1,9,0,0,0.2273,0.1818,0,0,3.6978,1,http://bit.ly/auth4772
80,38,2,4,0,0,0,0,0,20,1,2,0.15,0.075,0,1,4.659,1,http://usps-redelivery-verification-auth.work/verify-account.html?session=835653
87,55,4,5,0,3,0,0,0,25,0,2,0.1839,0.023,0,1,4.3363,1,http://google-drive-share.apple.com.account-verification-31.cf/secure/portal/client-id/
97,57,5,4,0,3,0,0,0,33,0,4,0.1443,0.0206,0,1,4.4614,1,http://facebook-security.paypal.com.account-verification-79.work/confirmation/payment-failed.aspx
26,11,1,0,0,0,0,0,1,8,0,0,0.1923,0.1538,0,0,4.2578,1,http://tinyurl.com/sec7521
83,46,5,3,0,3,0,0,0,30,0,2,0.1566,0.0241,0,1,4.3386,1,http://appleid.apple.com.account-verification-54.loan/security-checkpoint/index.php
68,36,1,4,0,0,0,0,0,25,0,4,0.1765,0.0,0,1,4.2014,1,http://amazon-support-security-update.click/secure/portal/client-id/
69,18,4,1,0,0,1,0,0,20,2,3,0.2029,0.2754,0,0,4.9001,1,http://120.191.46.95:8443/verify-account.html?verify=49641&user=login
81,54,5,4,0,3,0,0,0,20,0,3,0.1605,0.0247,0,1,4.4365,1,http://netflix-billing.google.com.account-verification-35.xyz/verify-account.html
97,42,2,4,0,0,0,0,0,33,1,3,0.134,0.0619,0,1,4.5329,1,http://metamask-validation-verification-secure.cf/confirmation/payment-failed.aspx?session=588579
23,7,1,0,0,0,0,0,1,9,0,0,0.2174,0.1739,0,0,3.5512,1,http://cutt.ly/auth2339
51,34,2,3,0,0,0,0,0,10,0,4,0.1765,0.0,0,1,4.1787,1,http://amazon-support-security-update.top/login.php
85,55,5,4,0,3,0,0,0,14,0,1,0.1765,0.0235,0,1,4.4674,1,http://google-drive-share.apple.com.account-verification-97.cf/authorize.cgi?session=
84,20,4,1,0,0,1,0,0,33,2,4,0.1786,0.25,0,0,4.9519,1,http://134.193.172.204:8443/confirmation/payment-failed.aspx?verify=71554&user=login
77,13,4,1,0,0,1,0,0,33,2,4,0.1818,0.1948,0,0,4.9501,1,http://43.128.180.67/confirmation/payment-failed.aspx?verify=89360&user=login
80,53,5,4,0,3,0,0,0,20,0,3,0.1625,0.025,0,1,4.3948,1,http://netflix-billing.paypal.com.account-verification-68.ga/verify-account.html
67,20,3,0,0,0,1,0,0,16,2,2,0.209,0.3134,0,0,4.6952,1,http://180.176.100.160:8443/dispute/center/?verify=65860&user=login
75,38,2,4,0,0,0,0,0,30,0,2,0.1467,0.0,0,1,4.3356,1,http://wellsfargo-security-security-update.tk/security-checkpoint/index.php
61,14,3,0,0,0,1,0,0,16,2,2,0.2131,0.2623,0,0,4.6873,1,http://152.111.44.157/dispute/center/?verify=23856&user=login
21,5,1,0,0,0,0,0,1,9,0,0,0.2381,0.1905,0,0,3.8442,1,http://rb.gy/auth8409
93,56,5,4,0,3,0,0,0,30,0,2,0.1505,0.0215,0,1,4.3793,1,http://coinbase-auth.microsoft.com.account-verification-11.work/security-checkpoint/index.php
74,14,3,0,0,0,1,0,0,12,2,4,0.1892,0.2162,0,0,4.7689,1,http://166.211.37.164/signin/auth?redirect=account?verify=25818&user=login
49,32,2,3,0,0,0,0,0,10,0,3,0.1837,0.0,0,1,4.3774,1,http://dhl-tracking-security-update.xyz/login.php
79,52,5,4,0,3,0,0,0,20,0,2,0.1646,0.0253,0,1,4.3158,1,http://coinbase-auth.paypal.com.account-verification-47.top/verify-account.html
26,11,1,0,0,0,0,0,1,8,0,0,0.1923,0.1538,0,0,4.056,1,http://tinyurl.com/act1800
82,37,2,3,0,0,0,0,0,14,1,0,0.1585,0.0732,0,1,4.5232,1,http://binance-trade-verification-portal.top/authorize.cgi?session=?session=452635
77,54,4,3,0,3,0,0,0,16,0,1,0.1688,0.026,0,1,4.3576,1,http://usps-redelivery.google.com.account-verification-90.top/dispute/center/
53,12,4,0,0,0,1,0,0,10,2,2,0.2264,0.2642,0,0,4.7653,1,http://159.76.23.67/login.php?verify=90807&user=login
68,51,5,3,0,3,0,0,0,10,0,2,0.1765,0.0294,0,1,4.2641,1,http://coinbase-auth.apple.com.account-verification-37.top/login.php
22,7,1,0,0,0,0,0,1,8,0,0,0.2273,0.1818,0,0,3.6978,1,http://cutt.ly/pay9308
75,37,1,3,0,0,0,0,0,16,1,1,0.16,0.08,0,1,4.4998,1,http://amazon-support-verification-portal.ga/dispute/center/?session=749764
79,43,1,4,0,0,0,0,0,12,1,5,0.1519,0.0,0,1,4.3778,1,http://instagram-badge-verify-security-update.loan/signin/auth?redirect=account
97,62,5,4,0,3,0,0,0,28,0,4,0.1443,0.0206,0,1,4.3543,1,http://bankofamerica-alert.microsoft.com.account-verification-89.loan/wallet/recovery-phrase.html
85,50,5,4,0,3,0,0,0,28,0,2,0.1647,0.0235,0,1,4.4001,1,http://coinbase-auth.apple.com.account-verification-92.ga/wallet/recovery-phrase.html
22,7,1,0,0,0,0,0,1,8,0,0,0.2273,0.1818,0,0,3.6069,1,http://cutt.ly/pay8991
20,5,1,0,0,0,0,0,1,8,0,0,0.25,0.2,0,0,3.7842,1,http://rb.gy/pay7896
77,18,4,1,0,0,1,0,0,28,2,3,0.1948,0.2468,0,0,4.7683,1,http://30.119.208.30:3000/wallet/recovery-phrase.html?verify=37811&user=login
22,7,1,0,0,0,0,0,1,8,0,0,0.2273,0.1818,0,0,3.4085,1,http://cutt.ly/act6686
94,39,2,5,0,0,0,0,0,33,1,2,0.1489,0.0638,0,1,4.6444,1,http://google-drive-share-verification-auth.tk/confirmation/payment-failed.aspx?session=797804
81,31,1,4,0,0,0,0,0,28,1,2,0.1481,0.0741,0,1,4.5456,1,http://appleid-verification-update.vip/update-billing-information/?session=645793
83,53,5,3,0,3,0,0,0,14,0,1,0.1687,0.0241,0,1,4.4673,1,http://dhl-tracking.microsoft.com.account-verification-84.ml/authorize.cgi?session=
92,40,2,4,0,0,0,0,0,30,1,1,0.1413,0.0652,0,1,4.6426,1,http://facebook-security-verification-portal.ml/security-checkpoint/index.php?session=693465
21,6,1,0,0,0,0,0,1,8,0,0,0.2381,0.1905,0,0,3.6897,1,http://bit.ly/act3603
65,18,3,0,0,0,1,0,0,16,2,2,0.2154,0.2923,0,0,4.6709,1,http://102.65.80.185:8080/dispute/center/?verify=62609&user=login
69,32,2,4,0,0,0,0,0,30,0,2,0.1594,0.0,0,1,4.2317,1,http://coinbase-auth-security-update.ga/security-checkpoint/index.php
70,38,2,3,0,0,0,0,0,10,1,2,0.1571,0.0857,0,1,4.6148,1,http://usps-redelivery-verification-update.gq/login.php?session=424259
72,18,4,0,0,0,1,0,0,14,2,2,0.2083,0.2639,0,0,4.8228,1,http://210.95.41.191:3000/authorize.cgi?session=?verify=12586&user=login
93,38,2,4,0,0,0,0,0,33,1,2,0.1398,0.0645,0,1,4.6707,1,http://usps-redelivery-verification-auth.work/confirmation/payment-failed.aspx?session=498836
76,31,2,2,0,0,0,0,0,14,1,1,0.1579,0.0789,0,0,4.5614,1,http://appleid-verification-update.icu/authorize.cgi?session=?session=698043
73,56,5,3,0,3,0,0,0,10,0,2,0.1644,0.0274,0,1,4.3091,1,http://microsoft-login.paypal.com.account-verification-60.click/login.php
22,7,1,0,0,0,0,0,1,8,0,0,0.2273,0.1818,0,0,3.6978,1,http://cutt.ly/sec5635
83,19,4,1,0,0,1,0,0,33,2,4,0.1807,0.241,0,0,4.8782,1,http://135.44.212.205:8000/confirmation/payment-failed.aspx?verify=23440&user=login
75,48,5,3,0,3,0,0,0,20,0,2,0.16,0.0267,0,1,4.3359,1,http://appleid.microsoft.com.account-verification-73.ml/verify-account.html
60,13,3,0,0,0,1,0,0,16,2,2,0.2167,0.25,0,0,4.7237,1,http://142.40.145.39/dispute/center/?verify=28813&user=login
72,55,5,3,0,3,0,0,0,10,0,2,0.1667,0.0278,0,1,4.2804,1,http://microsoft-login.apple.com.account-verification-10.click/login.php
80,38,2,4,0,0,0,0,0,20,1,3,0.15,0.075,0,1,4.5873,1,http://usps-redelivery-verification-secure.ml/verify-account.html?session=418610
79,29,2,3,0,0,0,0,0,28,1,1,0.1519,0.0759,0,1,4.6849,1,http://appleid-verification-auth.xyz/wallet/recovery-phrase.html?session=232695
84,46,1,4,0,0,0,0,0,16,1,1,0.1548,0.0714,0,1,4.5679,1,http://instagram-badge-verify-verification-portal.vip/dispute/center/?session=129270
102,65,5,5,0,3,0,0,0,30,0,3,0.1471,0.0196,0,1,4.5091,1,http://instagram-badge-verify.microsoft.com.account-verification-50.work/security-checkpoint/index.php
70,34,1,3,0,0,0,0,0,12,1,5,0.1571,0.0,0,1,4.3364,1,http://netflix-billing-security-update.cf/signin/auth?redirect=account
83,41,2,4,0,0,0,0,0,20,1,4,0.1446,0.0723,0,1,4.7314,1,http://facebook-security-verification-update.xyz/verify-account.html?session=698455
54,13,4,0,0,0,1,0,0,10,2,2,0.2222,0.2778,0,0,4.7591,1,http://64.183.75.144/login.php?verify=83289&user=login
72,40,2,3,0,0,0,0,0,10,1,3,0.1528,0.0833,0,1,4.5709,1,http://facebook-security-verification-secure.cf/login.php?session=223217
64,27,2,3,0,0,0,0,0,30,0,2,0.1562,0.0,0,1,4.1283,1,http://appleid-security-update.top/security-checkpoint/index.php
22,7,1,0,0,0,0,0,1,8,0,0,0.2273,0.1818,0,0,3.7888,1,http://cutt.ly/sec4298
86,56,5,3,0,3,0,0,0,14,0,2,0.1628,0.0233,0,1,4.4521,1,http://netflix-billing.microsoft.com.account-verification-97.ml/authorize.cgi?session=
75,38,2,4,0,0,0,0,0,30,0,4,0.1467,0.0,0,1,4.3367,1,http://bankofamerica-alert-security-update.cf/security-checkpoint/index.php
26,11,1,0,0,0,0,0,1,8,0,0,0.1923,0.1538,0,0,4.2578,1,http://tinyurl.com/sec8436
75,19,3,1,0,0,1,0,0,25,2,3,0.2133,0.2667,0,0,4.7655,1,http://151.185.210.39:8080/secure/portal/client-id/?verify=30919&user=login
64,17,3,0,0,0,1,0,0,16,2,2,0.2188,0.2812,0,0,4.7775,1,http://216.99.172.5:8443/dispute/center/?verify=31621&user=login
87,40,1,4,0,0,0,0,0,25,1,3,0.1609,0.069,0,1,4.5601,1,http://microsoft-login-verification-update.work/secure/portal/client-id/?session=219004
21,6,1,0,0,0,0,0,1,8,0,0,0.2381,0.1905,0,0,3.8442,1,http://bit.ly/sec9913
82,18,4,1,0,0,1,0,0,33,2,4,0.1829,0.2317,0,0,4.9656,1,http://50.237.223.61:8443/confirmation/payment-failed.aspx?verify=85653&user=login
20,5,1,0,0,0,0,0,1,8,0,0,0.25,0.2,0,0,3.7842,1,http://rb.gy/sec3300
23,7,1,0,0,0,0,0,1,9,0,0,0.2174,0.1739,0,0,3.6381,1,http://cutt.ly/auth6184
90,38,2,4,0,0,0,0,0,30,1,2,0.1444,0.0667,0,1,4.6465,1,http://usps-redelivery-verification-update.gq/security-checkpoint/index.php?session=791384
75,14,4,1,0,0,1,0,0,30,2,3,0.1867,0.2133,0,0,4.839,1,http://28.156.168.175/security-checkpoint/index.php?verify=69160&user=login
27,11,1,0,0,0,0,0,1,9,0,0,0.1852,0.1481,0,0,4.1343,1,http://tinyurl.com/auth5079
91,41,1,5,0,0,0,0,0,28,1,4,0.1429,0.0659,0,0,4.6058,1,http://facebook-security-verification-secure.icu/update-billing-information/?session=342789
64,13,4,1,0,0,1,0,0,20,2,3,0.2031,0.2344,0,0,4.898,1,http://68.19.122.163/verify-account.html?verify=44255&user=login
64,47,5,2,0,3,0,0,0,10,0,2,0.1719,0.0312,0,1,4.2281,1,http://paypal.paypal.com.account-verification-93.click/login.php
85,38,1,4,0,0,0,0,0,25,1,2,0.1647,0.0706,0,1,4.4935,1,http://usps-redelivery-verification-update.ga/secure/portal/client-id/?session=494587
84,39,2,3,0,0,0,0,0,14,1,2,0.1548,0.0714,0,1,4.475,1,http://microsoft-login-verification-secure.top/authorize.cgi?session=?session=337481
99,44,2,4,0,0,0,0,0,33,1,4,0.1313,0.0606,0,1,4.5555,1,http://bankofamerica-alert-verification-portal.work/confirmation/payment-failed.aspx?session=435503
92,40,2,4,0,0,0,0,0,30,1,2,0.1413,0.0652,0,1,4.5771,1,http://facebook-security-verification-secure.ga/security-checkpoint/index.php?session=704485
57,34,1,3,0,0,0,0,0,16,0,2,0.1754,0.0,0,1,4.0908,1,http://coinbase-auth-security-update.loan/dispute/center/
87,37,2,4,0,0,0,0,0,28,1,1,0.1494,0.069,0,1,4.5657,1,http://usps-redelivery-verification-auth.vip/wallet/recovery-phrase.html?session=874980
71,29,2,3,0,0,0,0,0,20,1,3,0.1549,0.0845,0,1,4.6672,1,http://paypal-verification-secure.tk/verify-account.html?session=765283
22,7,1,0,0,0,0,0,1,8,0,0,0.2273,0.1818,0,0,3.6247,1,http://cutt.ly/act5960
93,58,4,5,0,3,0,0,0,28,0,4,0.1505,0.0215,0,1,4.4083,1,http://facebook-security.google.com.account-verification-10.click/update-billing-information/
72,37,2,5,0,0,0,0,0,28,0,3,0.1667,0.0,0,1,4.2593,1,http://google-drive-share-security-update.tk/wallet/recovery-phrase.html
69,15,4,0,0,0,1,0,0,14,2,2,0.2029,0.2464,0,0,4.6513,1,http://215.187.211.177/authorize.cgi?session=?verify=11824&user=login
87,42,2,3,0,0,0,0,0,14,1,1,0.1494,0.069,0,1,4.6365,1,http://wellsfargo-security-verification-portal.ml/authorize.cgi?session=?session=578426
82,45,5,3,0,3,0,0,0,30,0,2,0.1585,0.0244,0,1,4.4131,1,http://appleid.apple.com.account-verification-90.xyz/security-checkpoint/index.php
52,11,4,0,0,0,1,0,0,10,2,2,0.2308,0.25,0,0,4.6663,1,http://64.46.2.177/login.php?verify=40087&user=login
20,5,1,0,0,0,0,0,1,8,0,0,0.25,0.2,0,0,3.7842,1,http://rb.gy/pay9326
77,18,3,2,0,0,1,0,0,28,2,4,0.1948,0.2468,0,0,4.833,1,http://25.253.39.233:3000/update-billing-information/?verify=88045&user=login
82,55,5,4,0,3,0,0,0,20,0,2,0.1585,0.0244,0,1,4.405,1,http://binance-trade.microsoft.com.account-verification-29.xyz/verify-account.html
57,40,2,3,0,0,0,0,0,10,0,5,0.1579,0.0,0,1,4.4252,1,http://bankofamerica-alert-security-update.work/login.php
22,6,1,0,0,0,0,0,1,9,0,0,0.2273,0.1818,0,0,3.7888,1,http://bit.ly/auth7985
26,11,1,0,0,0,0,0,1,8,0,0,0.1923,0.1538,0,0,4.1808,1,http://tinyurl.com/pay1378
78,33,2,3,0,0,0,0,0,14,1,1,0.1667,0.0769,0,1,4.5605,1,http://chase-verify-verification-auth.ml/authorize.cgi?session=?session=505930
73,13,3,0,0,0,1,0,0,12,2,4,0.1918,0.2055,0,0,4.8337,1,http://53.126.74.107/signin/auth?redirect=account?verify=38060&user=login
93,58,4,5,0,3,0,0,0,28,0,3,0.1505,0.0215,0,1,4.4154,1,http://usps-redelivery.microsoft.com.account-verification-91.loan/update-billing-information/
66,19,3,0,0,0,1,0,0,16,2,2,0.2121,0.303,0,0,4.7019,1,http://159.245.44.154:8000/dispute/center/?verify=14309&user=login
93,58,5,4,0,3,0,0,0,28,0,3,0.1505,0.0215,0,1,4.3857,1,http://microsoft-login.microsoft.com.account-verification-36.work/wallet/recovery-phrase.html
97,62,5,4,0,3,0,0,0,28,0,2,0.1443,0.0206,0,1,4.3701,1,http://metamask-validation.microsoft.com.account-verification-79.loan/wallet/recovery-phrase.html
70,35,2,4,0,0,0,0,0,28,0,3,0.1571,0.0,0,0,4.1675,1,http://usps-redelivery-security-update.icu/wallet/recovery-phrase.html
21,5,1,0,0,0,0,0,1,9,0,0,0.2381,0.1905,0,0,3.8442,1,http://rb.gy/auth1073
70,53,5,3,0,3,0,0,0,10,0,3,0.1714,0.0286,0,1,4.4279,1,http://amazon-support.google.com.account-verification-60.xyz/login.php
73,38,2,4,0,0,0,0,0,28,0,3,0.1507,0.0,0,1,4.3668,1,http://metamask-validation-security-update.gq/wallet/recovery-phrase.html
60,13,3,0,0,0,1,0,0,16,2,2,0.2167,0.25,0,0,4.7237,1,http://36.96.150.165/dispute/center/?verify=28002&user=login
94,57,5,4,0,3,0,0,0,30,0,2,0.1489,0.0213,0,1,4.4446,1,http://metamask-validation.google.com.account-verification-31.tk/security-checkpoint/index.php
61,38,1,4,0,0,0,0,0,16,0,2,0.1803,0.0,0,1,4.1105,1,http://google-drive-share-security-update.top/dispute/center/
55,14,4,0,0,0,1,0,0,10,2,2,0.2182,0.2909,0,0,4.5198,1,http://212.199.77.177/login.php?verify=92322&user=login
71,36,1,5,0,0,0,0,0,28,0,3,0.1549,0.0,0,1,4.2547,1,http://netflix-billing-security-update.loan/update-billing-information/
67,13,4,0,0,0,1,0,0,14,2,2,0.209,0.2239,0,0,4.87,1,http://194.76.27.107/authorize.cgi?session=?verify=53285&user=login
61,14,3,0,0,0,1,0,0,16,2,2,0.2131,0.2623,0,0,4.7013,1,http://215.162.164.42/dispute/center/?verify=30696&user=login
85,35,1,5,0,0,0,0,0,28,1,2,0.1529,0.0706,0,1,4.593,1,http://dhl-tracking-verification-portal.ml/update-billing-information/?session=903160
84,32,2,3,0,0,0,0,0,30,1,1,0.1429,0.0714,0,1,4.5673,1,http://paypal-verification-portal.click/security-checkpoint/index.php?session=378349
20,5,1,0,0,0,0,0,1,8,0,0,0.25,0.2,0,0,3.6842,1,http://rb.gy/pay9070
62,35,2,4,0,0,0,0,0,20,0,5,0.1613,0.0,0,1,4.4536,1,http://netflix-billing-security-update.xyz/verify-account.html
87,57,5,3,0,3,0,0,0,14,0,1,0.1609,0.023,0,1,4.4164,1,http://binance-trade.microsoft.com.account-verification-90.click/authorize.cgi?session=
78,17,4,1,0,0,1,0,0,30,2,3,0.1923,0.2308,0,0,4.9297,1,http://91.172.25.34:8000/security-checkpoint/index.php?verify=58457&user=login
22,7,1,0,0,0,0,0,1,8,0,0,0.2273,0.1818,0,0,3.6978,1,http://cutt.ly/pay4719
79,56,4,3,0,3,0,0,0,16,0,2,0.1646,0.0253,0,1,4.3528,1,http://facebook-security.paypal.com.account-verification-54.top/dispute/center/
86,36,1,5,0,0,0,0,0,28,1,2,0.1512,0.0698,0,1,4.5861,1,http://usps-redelivery-verification-auth.ga/update-billing-information/?session=676847
20,5,1,0,0,0,0,0,1,8,0,0,0.25,0.2,0,0,3.7464,1,http://rb.gy/act2297
76,29,1,3,0,0,0,0,0,25,1,1,0.1711,0.0789,0,1,4.4827,1,http://paypal-verification-secure.ml/secure/portal/client-id/?session=194177
69,39,2,3,0,0,0,0,0,14,0,2,0.1594,0.0,0,1,4.3887,1,http://facebook-security-security-update.click/authorize.cgi?session=
90,38,2,4,0,0,0,0,0,30,1,3,0.1444,0.0667,0,1,4.5742,1,http://microsoft-login-verification-secure.ml/security-checkpoint/index.php?session=736734
56,15,4,0,0,0,1,0,0,10,2,2,0.2143,0.3036,0,0,4.6667,1,http://155.139.157.184/login.php?verify=51223&user=login
21,6,1,0,0,0,0,0,1,8,0,0,0.2381,0.1905,0,0,3.7849,1,http://bit.ly/act6279
22,6,1,0,0,0,0,0,1,9,0,0,0.2273,0.1818,0,0,3.7888,1,http://bit.ly/auth5410
74,18,3,1,0,0,1,0,0,25,2,3,0.2162,0.2568,0,0,4.8562,1,http://18.217.181.93:8000/secure/portal/client-id/?verify=37254&user=login
98,61,5,4,0,3,0,0,0,30,0,2,0.1429,0.0204,0,1,4.378,1,http://facebook-security.microsoft.com.account-verification-31.click/security-checkpoint/index.php
68,12,3,1,0,0,1,0,0,25,2,3,0.2206,0.2059,0,0,4.7142,1,http://15.184.77.42/secure/portal/client-id/?verify=48588&user=login
78,19,4,1,0,0,1,0,0,28,2,3,0.1923,0.2564,0,0,4.8768,1,http://142.48.140.161:3000/wallet/recovery-phrase.html?verify=45577&user=login
67,32,2,4,0,0,0,0,0,28,0,3,0.1642,0.0,0,1,4.2782,1,http://binance-trade-security-update.ga/wallet/recovery-phrase.html
75,48,5,3,0,3,0,0,0,20,0,2,0.16,0.0267,0,1,4.4159,1,http://appleid.microsoft.com.account-verification-52.gq/verify-account.html
67,13,4,0,0,0,1,0,0,14,2,2,0.209,0.2239,0,0,4.7393,1,http://166.13.147.53/authorize.cgi?session=?verify=71063&user=login
84,20,4,1,0,0,1,0,0,33,2,4,0.1786,0.25,0,0,4.9,1,http://124.213.201.149:8080/confirmation/payment-failed.aspx?verify=22147&user=login
20,5,1,0,0,0,0,0,1,8,0,0,0.25,0.2,0,0,3.8464,1,http://rb.gy/act2847
85,38,1,4,0,0,0,0,0,25,1,1,0.1647,0.0706,0,1,4.4602,1,http://usps-redelivery-verification-secure.ga/secure/portal/client-id/?session=375308
69,52,5,3,0,3,0,0,0,10,0,3,0.1739,0.029,0,1,4.4488,1,http://chase-verify.google.com.account-verification-98.work/login.php
78,38,2,4,0,0,0,0,0,33,0,4,0.141,0.0,0,1,4.3917,1,http://wellsfargo-security-security-update.ga/confirmation/payment-failed.aspx
74,57,5,3,0,3,0,0,0,10,0,2,0.1622,0.027,0,1,4.3251,1,http://coinbase-auth.microsoft.com.account-verification-65.click/login.php
55,14,4,0,0,0,1,0,0,10,2,2,0.2182,0.2909,0,0,4.5191,1,http://145.166.46.128/login.php?verify=11411&user=login
86,36,1,5,0,0,0,0,0,28,1,2,0.1512,0.0698,0,1,4.5195,1,http://netflix-billing-verification-auth.ml/update-billing-information/?session=128442
82,52,5,3,0,3,0,0,0,14,0,1,0.1707,0.0244,0,1,4.5134,1,http://coinbase-auth.paypal.com.account-verification-36.xyz/authorize.cgi?session=
22,7,1,0,0,0,0,0,1,8,0,0,0.2273,0.1818,0,0,3.6247,1,http://cutt.ly/act4189
20,5,1,0,0,0,0,0,1,8,0,0,0.25,0.2,0,0,3.7842,1,http://rb.gy/pay4350
