url,label
https://healthline.com/profile/settings,0
http://api.github.com/search,0
https://facebook.com?session_id=983427492&lang=en,0
https://docs.walmart.com/profile/settings,0
https://blog.yahoo.com/profile/settings,0
https://ebay.com/download/latest/installer.exe,0
https://espn.com/?utm_source=newsletter&utm_medium=email,0
https://salesforce.com/about/company?utm_source=newsletter&utm_medium=email,0
https://support.paypal.com/search,0
https://www.stackoverflow.com/explore,0
https://paypal.com/pricing/enterprise,0
https://api.harvard.edu/watch?v=dQw4w9WgXcQ?q=cybersecurity+best+practices,0
https://salesforce.com/user/dashboard/overview,0
https://apple.com/?category=all&page=2&sort=relevance,0
https://api.facebook.com/support/faq,0
https://blog.nih.gov/docs/v2/api,0
https://docs.bbc.co.uk/download/latest/installer.exe,0
https://linkedin.com/?q=cybersecurity+best+practices,0
https://harvard.edu/download/latest/installer.exe,0
https://quora.com/user/dashboard/overview,0
https://api.reddit.com/profile/settings?ref=homepage&source=nav,0
https://twitch.tv?session_id=983427492&lang=en,0
https://api.pinterest.com/explore?ref=homepage&source=nav,0
https://www.pinterest.com/pricing/enterprise?utm_source=newsletter&utm_medium=email,0
https://api.quora.com/support/faq,0
https://blog.paypal.com/article/2026/03/technology-update,0
https://wikipedia.org/feed/trending?view=compact&filter=active,0
https://linkedin.com/feed/trending?q=cybersecurity+best+practices,0
https://www.espn.com/user/dashboard/overview?session_id=983427492&lang=en,0
https://medium.com/pricing/enterprise,0
https://reddit.com/search,0
https://adobe.com/search,0
https://microsoft.com/category/news/world,0
https://support.facebook.com/feed/trending,0
https://slack.com/explore?ref=homepage&source=nav,0
https://mozilla.org/explore,0
https://github.com/products/electronics/deals?q=cybersecurity+best+practices,0
https://cnn.com/blog/machine-learning?view=compact&filter=active,0
https://api.apple.com?view=compact&filter=active,0
https://docs.yahoo.com/products/electronics/deals,0
https://blog.google.com/blog/machine-learning,0
https://docs.target.com/docs/v2/api,0
https://api.apple.com/,0
https://api.office.com/watch?v=dQw4w9WgXcQ,0
https://instagram.com/search?q=cybersecurity+best+practices,0
https://etsy.com/?category=all&page=2&sort=relevance,0
https://blog.etsy.com/products/electronics/deals?ref=homepage&source=nav,0
https://zoom.us/about/company,0
https://amazon.com/explore,0
https://bbc.co.uk/pricing/enterprise?q=cybersecurity+best+practices,0
https://api.yahoo.com/about/company?view=compact&filter=active,0
https://api.google.com/about/company,0
https://linkedin.com/explore?q=cybersecurity+best+practices,0
https://espn.com/support/faq,0
https://blog.bbc.co.uk/,0
https://cnn.com/support/faq?session_id=983427492&lang=en,0
https://api.yahoo.com/resources/whitepapers,0
https://api.stanford.edu/?utm_source=newsletter&utm_medium=email,0
https://twitch.tv/about/company,0
https://www.microsoft.com/article/2026/03/technology-update?ref=homepage&source=nav,0
https://support.slack.com/docs/v2/api?q=cybersecurity+best+practices,0
https://instagram.com/watch?v=dQw4w9WgXcQ?ref=homepage&source=nav,0
https://support.slack.com/article/2026/03/technology-update,0
https://github.com/?q=cybersecurity+best+practices,0
https://mozilla.org/article/2026/03/technology-update,0
https://zoom.us/search?ref=homepage&source=nav,0
http://pinterest.com/user/dashboard/overview,0
https://bbc.co.uk/profile/settings,0
https://blog.dropbox.com/resources/whitepapers?utm_source=newsletter&utm_medium=email,0
https://etsy.com/,0
https://support.walmart.com/products/electronics/deals,0
https://api.mit.edu/support/faq,0
https://support.medium.com/resources/whitepapers,0
https://target.com/resources/whitepapers?category=all&page=2&sort=relevance,0
https://blog.instagram.com/download/latest/installer.exe,0
https://support.facebook.com/watch?v=dQw4w9WgXcQ?ref=homepage&source=nav,0
https://healthline.com/article/2026/03/technology-update?q=cybersecurity+best+practices,0
https://netflix.com/article/2026/03/technology-update?utm_source=newsletter&utm_medium=email,0
https://support.amazon.com/products/electronics/deals?category=all&page=2&sort=relevance,0
https://nytimes.com?view=compact&filter=active,0
https://www.github.com/watch?v=dQw4w9WgXcQ?session_id=983427492&lang=en,0
https://apple.com/blog/machine-learning,0
https://api.quora.com/support/faq?category=all&page=2&sort=relevance,0
https://api.pinterest.com/blog/machine-learning?session_id=983427492&lang=en,0
https://cloudflare.com/article/2026/03/technology-update?ref=homepage&source=nav,0
https://www.quora.com/profile/settings,0
https://nytimes.com/support/faq,0
https://adobe.com/docs/v2/api,0
https://docs.ebay.com/,0
https://imdb.com/download/latest/installer.exe,0
https://docs.medium.com/user/dashboard/overview?utm_source=newsletter&utm_medium=email,0
https://blog.adobe.com/resources/whitepapers,0
https://docs.mit.edu/watch?v=dQw4w9WgXcQ?q=cybersecurity+best+practices,0
http://walmart.com/download/latest/installer.exe?session_id=983427492&lang=en,0
https://docs.nih.gov/watch?v=dQw4w9WgXcQ,0
https://blog.facebook.com/download/latest/installer.exe,0
https://slack.com/search,0
https://blog.apple.com/article/2026/03/technology-update?view=compact&filter=active,0
https://www.microsoft.com/products/electronics/deals?utm_source=newsletter&utm_medium=email,0
https://linkedin.com/products/electronics/deals,0
https://paypal.com/explore?q=cybersecurity+best+practices,0
https://blog.github.com/download/latest/installer.exe,0
https://support.amazon.com/article/2026/03/technology-update,0
https://harvard.edu/,0
https://paypal.com/support/faq,0
https://hulu.com/pricing/enterprise?view=compact&filter=active,0
https://support.netflix.com/category/news/world?ref=homepage&source=nav,0
https://docs.walmart.com/resources/whitepapers?utm_source=newsletter&utm_medium=email,0
https://nytimes.com/profile/settings?q=cybersecurity+best+practices,0
https://docs.etsy.com/support/faq,0
https://blog.instagram.com/profile/settings,0
https://api.stanford.edu?q=cybersecurity+best+practices,0
https://www.slack.com/feed/trending?category=all&page=2&sort=relevance,0
https://youtube.com/article/2026/03/technology-update,0
https://docs.mit.edu/user/dashboard/overview?category=all&page=2&sort=relevance,0
https://target.com/blog/machine-learning,0
https://blog.reddit.com/explore?view=compact&filter=active,0
https://twitter.com/feed/trending,0
https://quora.com/products/electronics/deals,0
http://medium.com/user/dashboard/overview,0
https://support.apple.com/docs/v2/api?view=compact&filter=active,0
https://docs.google.com/feed/trending,0
https://apple.com/feed/trending,0
https://hulu.com/,0
https://medium.com/article/2026/03/technology-update,0
https://api.espn.com/article/2026/03/technology-update?category=all&page=2&sort=relevance,0
https://cloudflare.com/resources/whitepapers,0
https://weather.com/products/electronics/deals?ref=homepage&source=nav,0
http://yahoo.com/user/dashboard/overview,0
https://docs.cloudflare.com/about/company,0
https://docs.stackoverflow.com/search?ref=homepage&source=nav,0
https://www.healthline.com/resources/whitepapers,0
https://www.netflix.com/search,0
https://api.espn.com/about/company,0
https://blog.medium.com/category/news/world?category=all&page=2&sort=relevance,0
https://support.microsoft.com/support/faq,0
https://api.harvard.edu?session_id=983427492&lang=en,0
https://etsy.com/watch?v=dQw4w9WgXcQ,0
https://cnn.com/resources/whitepapers?category=all&page=2&sort=relevance,0
https://office.com/support/faq,0
https://yahoo.com/feed/trending,0
https://target.com/search,0
https://zoom.us/user/dashboard/overview,0
https://quora.com/feed/trending?view=compact&filter=active,0
https://blog.cnn.com/blog/machine-learning?category=all&page=2&sort=relevance,0
http://www.healthline.com/watch?v=dQw4w9WgXcQ,0
https://slack.com/explore,0
https://support.netflix.com/about/company?ref=homepage&source=nav,0
https://www.office.com/blog/machine-learning?category=all&page=2&sort=relevance,0
https://www.espn.com/search,0
http://slack.com/category/news/world,0
https://api.medium.com/feed/trending?category=all&page=2&sort=relevance,0
https://dropbox.com/user/dashboard/overview,0
https://www.twitter.com/download/latest/installer.exe,0
https://microsoft.com/feed/trending?view=compact&filter=active,0
http://support.mit.edu/docs/v2/api,0
https://blog.pinterest.com/explore?category=all&page=2&sort=relevance,0
https://mozilla.org/docs/v2/api,0
https://netflix.com/profile/settings,0
https://nih.gov/support/faq?view=compact&filter=active,0
https://docs.spotify.com/user/dashboard/overview,0
https://blog.healthline.com/article/2026/03/technology-update?category=all&page=2&sort=relevance,0
https://healthline.com/blog/machine-learning,0
https://youtube.com/,0
https://netflix.com/resources/whitepapers?view=compact&filter=active,0
https://instagram.com/download/latest/installer.exe?q=cybersecurity+best+practices,0
https://imdb.com/blog/machine-learning?category=all&page=2&sort=relevance,0
https://docs.google.com/about/company?q=cybersecurity+best+practices,0
https://blog.dropbox.com/resources/whitepapers?category=all&page=2&sort=relevance,0
https://docs.twitter.com/explore,0
https://etsy.com/about/company,0
https://zoom.us/?session_id=983427492&lang=en,0
https://www.stackoverflow.com/pricing/enterprise,0
https://support.bbc.co.uk/docs/v2/api?session_id=983427492&lang=en,0
https://www.spotify.com/products/electronics/deals,0
https://blog.paypal.com/watch?v=dQw4w9WgXcQ,0
https://blog.office.com/support/faq?category=all&page=2&sort=relevance,0
https://www.netflix.com/download/latest/installer.exe?view=compact&filter=active,0
https://wikipedia.org/profile/settings?category=all&page=2&sort=relevance,0
https://harvard.edu/download/latest/installer.exe?ref=homepage&source=nav,0
https://api.adobe.com/user/dashboard/overview,0
https://nih.gov/blog/machine-learning?ref=homepage&source=nav,0
https://reddit.com/,0
https://github.com/user/dashboard/overview,0
https://support.mit.edu/user/dashboard/overview,0
https://support.netflix.com/explore?utm_source=newsletter&utm_medium=email,0
https://cnn.com/pricing/enterprise,0
https://nytimes.com/pricing/enterprise?session_id=983427492&lang=en,0
https://zoom.us/explore?view=compact&filter=active,0
https://mit.edu,0
https://www.linkedin.com/search?utm_source=newsletter&utm_medium=email,0
https://www.facebook.com/support/faq?view=compact&filter=active,0
https://google.com/docs/v2/api?utm_source=newsletter&utm_medium=email,0
https://instagram.com,0
https://nytimes.com/watch?v=dQw4w9WgXcQ,0
https://support.slack.com/search,0
https://docs.pinterest.com/category/news/world,0
https://docs.mit.edu,0
https://zoom.us/feed/trending?category=all&page=2&sort=relevance,0
https://wikipedia.org/docs/v2/api,0
https://support.healthline.com/support/faq,0
https://api.stackoverflow.com/resources/whitepapers,0
https://api.nih.gov/products/electronics/deals,0
https://slack.com/blog/machine-learning,0
https://support.spotify.com/profile/settings,0
https://office.com/search,0
https://api.paypal.com/?utm_source=newsletter&utm_medium=email,0
https://mit.edu/pricing/enterprise?view=compact&filter=active,0
https://api.apple.com/about/company,0
https://facebook.com/feed/trending,0
https://target.com/profile/settings?view=compact&filter=active,0
https://api.target.com/user/dashboard/overview,0
https://stanford.edu/watch?v=dQw4w9WgXcQ,0
https://ebay.com/watch?v=dQw4w9WgXcQ?utm_source=newsletter&utm_medium=email,0
https://amazon.com,0
https://blog.salesforce.com/watch?v=dQw4w9WgXcQ,0
https://etsy.com/docs/v2/api,0
https://harvard.edu/blog/machine-learning?category=all&page=2&sort=relevance,0
https://slack.com/category/news/world,0
http://api.stackoverflow.com/feed/trending?ref=homepage&source=nav,0
https://zoom.us,0
https://blog.linkedin.com/support/faq,0
https://twitch.tv/download/latest/installer.exe?q=cybersecurity+best+practices,0
https://mit.edu/download/latest/installer.exe,0
https://blog.mozilla.org/resources/whitepapers?session_id=983427492&lang=en,0
https://stackoverflow.com?q=cybersecurity+best+practices,0
https://support.weather.com/pricing/enterprise,0
https://docs.nytimes.com/category/news/world,0
https://ebay.com/watch?v=dQw4w9WgXcQ,0
https://blog.quora.com/pricing/enterprise?view=compact&filter=active,0
https://netflix.com/docs/v2/api,0
https://support.netflix.com/search,0
https://api.hulu.com/blog/machine-learning?utm_source=newsletter&utm_medium=email,0
https://weather.com/support/faq,0
https://blog.cloudflare.com/,0
https://mozilla.org/pricing/enterprise,0
https://api.wikipedia.org/download/latest/installer.exe,0
https://api.microsoft.com/products/electronics/deals,0
https://docs.netflix.com/explore?view=compact&filter=active,0
https://www.wikipedia.org/,0
https://api.cloudflare.com/watch?v=dQw4w9WgXcQ,0
https://blog.salesforce.com/?session_id=983427492&lang=en,0
https://api.mit.edu/docs/v2/api,0
https://blog.netflix.com/download/latest/installer.exe,0
https://wikipedia.org/download/latest/installer.exe?ref=homepage&source=nav,0
https://support.mit.edu/category/news/world,0
https://pinterest.com/pricing/enterprise,0
https://docs.ebay.com/products/electronics/deals,0
https://amazon.com/explore?utm_source=newsletter&utm_medium=email,0
https://quora.com/support/faq?utm_source=newsletter&utm_medium=email,0
https://salesforce.com/watch?v=dQw4w9WgXcQ?view=compact&filter=active,0
https://yahoo.com/resources/whitepapers,0
https://support.cloudflare.com/blog/machine-learning,0
https://www.office.com/pricing/enterprise?utm_source=newsletter&utm_medium=email,0
https://docs.mozilla.org/category/news/world?q=cybersecurity+best+practices,0
https://espn.com/profile/settings,0
https://paypal.com/category/news/world?ref=homepage&source=nav,0
https://yahoo.com/category/news/world,0
https://blog.adobe.com,0
http://paypal.com/search,0
http://support.github.com/support/faq?q=cybersecurity+best+practices,0
http://www.office.com/feed/trending,0
https://wikipedia.org/products/electronics/deals?utm_source=newsletter&utm_medium=email,0
https://espn.com/about/company,0
https://api.nytimes.com/blog/machine-learning,0
https://hulu.com/category/news/world?session_id=983427492&lang=en,0
https://twitch.tv/pricing/enterprise,0
https://api.mit.edu/pricing/enterprise,0
https://api.pinterest.com/user/dashboard/overview,0
https://blog.microsoft.com/profile/settings?ref=homepage&source=nav,0
https://dropbox.com/explore?session_id=983427492&lang=en,0
https://linkedin.com/user/dashboard/overview,0
https://support.harvard.edu/feed/trending?view=compact&filter=active,0
https://mozilla.org/products/electronics/deals,0
https://microsoft.com/about/company?view=compact&filter=active,0
https://bbc.co.uk/products/electronics/deals,0
https://blog.apple.com/profile/settings,0
https://docs.zoom.us/support/faq?category=all&page=2&sort=relevance,0
https://api.paypal.com/profile/settings?session_id=983427492&lang=en,0
https://www.twitch.tv/user/dashboard/overview,0
https://blog.spotify.com/blog/machine-learning?category=all&page=2&sort=relevance,0
https://cloudflare.com/?ref=homepage&source=nav,0
https://twitch.tv/,0
https://support.paypal.com/watch?v=dQw4w9WgXcQ?q=cybersecurity+best+practices,0
https://harvard.edu/docs/v2/api,0
https://paypal.com/?session_id=983427492&lang=en,0
https://paypal.com/search?utm_source=newsletter&utm_medium=email,0
https://www.spotify.com/explore,0
https://cloudflare.com/about/company?category=all&page=2&sort=relevance,0
https://docs.linkedin.com/watch?v=dQw4w9WgXcQ?category=all&page=2&sort=relevance,0
https://blog.harvard.edu/pricing/enterprise?utm_source=newsletter&utm_medium=email,0
https://support.medium.com/watch?v=dQw4w9WgXcQ?utm_source=newsletter&utm_medium=email,0
https://www.twitter.com/feed/trending,0
https://api.paypal.com/docs/v2/api,0
https://support.zoom.us/feed/trending?view=compact&filter=active,0
https://etsy.com/support/faq?category=all&page=2&sort=relevance,0
https://quora.com/user/dashboard/overview?q=cybersecurity+best+practices,0
https://linkedin.com/explore?ref=homepage&source=nav,0
https://www.spotify.com/pricing/enterprise?utm_source=newsletter&utm_medium=email,0
https://wikipedia.org/user/dashboard/overview,0
https://api.weather.com/watch?v=dQw4w9WgXcQ?utm_source=newsletter&utm_medium=email,0
http://api.mit.edu/support/faq?utm_source=newsletter&utm_medium=email,0
https://youtube.com/profile/settings?view=compact&filter=active,0
https://docs.weather.com/user/dashboard/overview,0
https://office.com/download/latest/installer.exe,0
https://apple.com/resources/whitepapers,0
https://espn.com/support/faq?view=compact&filter=active,0
https://zoom.us/pricing/enterprise,0
https://mozilla.org/blog/machine-learning,0
https://api.yahoo.com/support/faq,0
https://blog.pinterest.com/feed/trending,0
https://www.pinterest.com/products/electronics/deals,0
http://support.hulu.com/feed/trending,0
http://blog.github.com/pricing/enterprise?ref=homepage&source=nav,0
https://www.apple.com/pricing/enterprise,0
https://blog.cloudflare.com/explore,0
https://blog.paypal.com/user/dashboard/overview?view=compact&filter=active,0
https://api.espn.com/,0
https://api.ebay.com/blog/machine-learning,0
https://linkedin.com/support/faq,0
https://api.medium.com/category/news/world?session_id=983427492&lang=en,0
https://api.stanford.edu/feed/trending,0
https://support.imdb.com/?q=cybersecurity+best+practices,0
http://docs.weather.com/docs/v2/api?q=cybersecurity+best+practices,0
https://stanford.edu,0
https://docs.slack.com/category/news/world?category=all&page=2&sort=relevance,0
https://api.apple.com/products/electronics/deals?session_id=983427492&lang=en,0
https://salesforce.com/watch?v=dQw4w9WgXcQ,0
https://walmart.com/profile/settings?q=cybersecurity+best+practices,0
https://www.cnn.com/about/company?session_id=983427492&lang=en,0
https://stackoverflow.com/user/dashboard/overview,0
https://www.dropbox.com/about/company,0
https://wikipedia.org/blog/machine-learning?session_id=983427492&lang=en,0
https://blog.twitter.com/user/dashboard/overview?q=cybersecurity+best+practices,0
https://imdb.com/?utm_source=newsletter&utm_medium=email,0
https://adobe.com/resources/whitepapers,0
https://harvard.edu/user/dashboard/overview?q=cybersecurity+best+practices,0
https://www.office.com/about/company,0
https://www.wikipedia.org/user/dashboard/overview?view=compact&filter=active,0
https://www.instagram.com/?category=all&page=2&sort=relevance,0
https://blog.instagram.com/,0
https://blog.github.com/about/company,0
https://www.quora.com/category/news/world,0
https://reddit.com/blog/machine-learning?session_id=983427492&lang=en,0
https://api.ebay.com/products/electronics/deals,0
https://api.zoom.us/support/faq,0
https://docs.instagram.com/support/faq,0
https://blog.nytimes.com/support/faq,0
https://google.com/pricing/enterprise,0
https://mozilla.org/download/latest/installer.exe?session_id=983427492&lang=en,0
https://stanford.edu/about/company,0
https://docs.linkedin.com/pricing/enterprise,0
https://support.office.com/products/electronics/deals?session_id=983427492&lang=en,0
https://api.wikipedia.org/pricing/enterprise,0
https://api.apple.com/products/electronics/deals?q=cybersecurity+best+practices,0
https://support.quora.com/products/electronics/deals?category=all&page=2&sort=relevance,0
https://pinterest.com/blog/machine-learning,0
https://etsy.com/blog/machine-learning?ref=homepage&source=nav,0
https://zoom.us?utm_source=newsletter&utm_medium=email,0
https://twitch.tv/search,0
https://docs.amazon.com/,0
https://support.linkedin.com/resources/whitepapers,0
https://docs.cloudflare.com/download/latest/installer.exe,0
https://walmart.com/pricing/enterprise,0
http://support.zoom.us/article/2026/03/technology-update?view=compact&filter=active,0
https://support.medium.com/user/dashboard/overview,0
https://adobe.com/pricing/enterprise,0
https://reddit.com/resources/whitepapers,0
https://amazon.com/,0
https://apple.com/,0
https://facebook.com/docs/v2/api?ref=homepage&source=nav,0
https://etsy.com/support/faq,0
https://docs.mit.edu/about/company,0
https://www.imdb.com/resources/whitepapers,0
https://api.nih.gov/support/faq?category=all&page=2&sort=relevance,0
https://www.medium.com/blog/machine-learning?utm_source=newsletter&utm_medium=email,0
https://www.slack.com/download/latest/installer.exe,0
https://nih.gov/blog/machine-learning,0
http://twitter.com/download/latest/installer.exe?utm_source=newsletter&utm_medium=email,0
https://amazon.com/user/dashboard/overview,0
https://ebay.com,0
https://docs.reddit.com/article/2026/03/technology-update?session_id=983427492&lang=en,0
https://blog.nytimes.com/download/latest/installer.exe,0
https://medium.com/category/news/world?category=all&page=2&sort=relevance,0
https://blog.office.com/products/electronics/deals,0
https://support.etsy.com/docs/v2/api,0
https://docs.imdb.com/about/company,0
https://www.salesforce.com/feed/trending?session_id=983427492&lang=en,0
https://support.hulu.com/feed/trending,0
https://walmart.com/category/news/world,0
http://paypal.com/feed/trending,0
https://target.com/category/news/world?utm_source=newsletter&utm_medium=email,0
https://support.youtube.com/resources/whitepapers?q=cybersecurity+best+practices,0
https://www.github.com/products/electronics/deals?ref=homepage&source=nav,0
https://cnn.com/pricing/enterprise?category=all&page=2&sort=relevance,0
https://stanford.edu/search?view=compact&filter=active,0
https://microsoft.com/download/latest/installer.exe,0
https://healthline.com/watch?v=dQw4w9WgXcQ,0
https://api.nih.gov/explore,0
https://docs.stanford.edu/profile/settings,0
https://api.cnn.com/,0
https://api.youtube.com/docs/v2/api?session_id=983427492&lang=en,0
https://amazon.com/article/2026/03/technology-update?view=compact&filter=active,0
https://walmart.com/docs/v2/api?session_id=983427492&lang=en,0
https://blog.pinterest.com/,0
http://amazon.com/download/latest/installer.exe?ref=homepage&source=nav,0
https://docs.cnn.com/feed/trending,0
https://support.salesforce.com/download/latest/installer.exe,0
https://nytimes.com/profile/settings,0
https://healthline.com/download/latest/installer.exe,0
https://docs.google.com/pricing/enterprise,0
http://api.instagram.com/user/dashboard/overview,0
https://api.dropbox.com/support/faq,0
https://support.salesforce.com/user/dashboard/overview?q=cybersecurity+best+practices,0
https://www.yahoo.com/docs/v2/api,0
https://netflix.com/resources/whitepapers,0
https://amazon.com/article/2026/03/technology-update?category=all&page=2&sort=relevance,0
https://www.twitter.com/about/company,0
https://www.nih.gov/about/company,0
https://www.twitter.com/download/latest/installer.exe?ref=homepage&source=nav,0
https://api.healthline.com/article/2026/03/technology-update,0
https://zoom.us/products/electronics/deals?utm_source=newsletter&utm_medium=email,0
https://target.com/blog/machine-learning?q=cybersecurity+best+practices,0
https://stackoverflow.com/resources/whitepapers?q=cybersecurity+best+practices,0
https://nytimes.com/docs/v2/api?view=compact&filter=active,0
https://docs.cloudflare.com/download/latest/installer.exe?view=compact&filter=active,0
https://walmart.com/pricing/enterprise?view=compact&filter=active,0
https://healthline.com/article/2026/03/technology-update?ref=homepage&source=nav,0
https://weather.com/download/latest/installer.exe?ref=homepage&source=nav,0
https://twitch.tv/explore,0
https://support.quora.com/article/2026/03/technology-update,0
http://api.harvard.edu/docs/v2/api,0
https://github.com/search,0
https://netflix.com/support/faq,0
https://office.com/explore,0
http://spotify.com/,0
https://support.ebay.com/watch?v=dQw4w9WgXcQ?session_id=983427492&lang=en,0
https://blog.instagram.com/user/dashboard/overview,0
https://www.zoom.us/resources/whitepapers,0
https://docs.twitter.com/download/latest/installer.exe,0
https://cnn.com/explore?utm_source=newsletter&utm_medium=email,0
https://spotify.com/explore,0
https://blog.quora.com/download/latest/installer.exe?utm_source=newsletter&utm_medium=email,0
https://api.dropbox.com/watch?v=dQw4w9WgXcQ?session_id=983427492&lang=en,0
https://support.weather.com/docs/v2/api,0
https://reddit.com/docs/v2/api?category=all&page=2&sort=relevance,0
https://www.nih.gov/user/dashboard/overview,0
https://instagram.com/blog/machine-learning?view=compact&filter=active,0
https://www.google.com/download/latest/installer.exe?utm_source=newsletter&utm_medium=email,0
https://docs.slack.com/blog/machine-learning,0
https://www.youtube.com/about/company,0
https://stackoverflow.com/blog/machine-learning?view=compact&filter=active,0
https://api.target.com/explore,0
https://paypal.com/blog/machine-learning?category=all&page=2&sort=relevance,0
https://blog.nih.gov/,0
https://wikipedia.org/article/2026/03/technology-update,0
https://stanford.edu/resources/whitepapers,0
https://facebook.com/pricing/enterprise?utm_source=newsletter&utm_medium=email,0
https://blog.spotify.com/about/company?view=compact&filter=active,0
https://www.harvard.edu/resources/whitepapers?ref=homepage&source=nav,0
https://www.linkedin.com/article/2026/03/technology-update,0
https://support.nytimes.com/download/latest/installer.exe,0
https://docs.cnn.com/blog/machine-learning,0
https://support.wikipedia.org/profile/settings?ref=homepage&source=nav,0
https://hulu.com?view=compact&filter=active,0
https://support.mozilla.org/pricing/enterprise?view=compact&filter=active,0
https://www.facebook.com/feed/trending,0
https://www.ebay.com/feed/trending?session_id=983427492&lang=en,0
https://microsoft.com/blog/machine-learning,0
https://blog.linkedin.com/watch?v=dQw4w9WgXcQ?ref=homepage&source=nav,0
https://paypal.com/pricing/enterprise?session_id=983427492&lang=en,0
https://support.zoom.us/article/2026/03/technology-update,0
https://github.com/feed/trending,0
https://quora.com?view=compact&filter=active,0
https://docs.twitch.tv/search,0
https://github.com/pricing/enterprise?q=cybersecurity+best+practices,0
https://support.linkedin.com/docs/v2/api,0
https://docs.weather.com/pricing/enterprise?session_id=983427492&lang=en,0
https://docs.slack.com/products/electronics/deals,0
https://docs.reddit.com/pricing/enterprise?ref=homepage&source=nav,0
https://nytimes.com/search,0
https://espn.com?session_id=983427492&lang=en,0
https://api.facebook.com/products/electronics/deals?ref=homepage&source=nav,0
https://nytimes.com/article/2026/03/technology-update,0
https://quora.com/pricing/enterprise?q=cybersecurity+best+practices,0
https://api.etsy.com/watch?v=dQw4w9WgXcQ?view=compact&filter=active,0
https://imdb.com/profile/settings,0
https://support.zoom.us/category/news/world?category=all&page=2&sort=relevance,0
https://api.wikipedia.org/docs/v2/api,0
https://www.pinterest.com/user/dashboard/overview,0
https://nih.gov/about/company?session_id=983427492&lang=en,0
https://espn.com/watch?v=dQw4w9WgXcQ,0
https://stanford.edu/feed/trending?utm_source=newsletter&utm_medium=email,0
https://bbc.co.uk/docs/v2/api?view=compact&filter=active,0
https://reddit.com/support/faq?ref=homepage&source=nav,0
https://api.bbc.co.uk/search,0
https://api.apple.com/watch?v=dQw4w9WgXcQ,0
https://support.github.com/explore,0
https://microsoft.com/article/2026/03/technology-update,0
https://netflix.com/?session_id=983427492&lang=en,0
https://slack.com/article/2026/03/technology-update,0
https://api.cnn.com/pricing/enterprise,0
https://apple.com/category/news/world?category=all&page=2&sort=relevance,0
https://blog.mozilla.org/support/faq,0
https://paypal.com/about/company?q=cybersecurity+best+practices,0
https://www.imdb.com/user/dashboard/overview?q=cybersecurity+best+practices,0
https://slack.com/user/dashboard/overview,0
https://google.com/download/latest/installer.exe?session_id=983427492&lang=en,0
https://www.facebook.com/resources/whitepapers,0
https://netflix.com/?view=compact&filter=active,0
https://docs.stanford.edu/search?utm_source=newsletter&utm_medium=email,0
https://zoom.us/,0
https://nytimes.com/support/faq?category=all&page=2&sort=relevance,0
https://spotify.com/profile/settings,0
https://api.linkedin.com/explore,0
https://mozilla.org/explore?view=compact&filter=active,0
https://medium.com/search,0
https://www.stanford.edu/support/faq,0
https://dropbox.com/?ref=homepage&source=nav,0
https://instagram.com/download/latest/installer.exe?utm_source=newsletter&utm_medium=email,0
https://nytimes.com/explore?q=cybersecurity+best+practices,0
https://www.apple.com/docs/v2/api,0
https://support.harvard.edu/search?ref=homepage&source=nav,0
https://amazon.com/search,0
https://apple.com/resources/whitepapers?category=all&page=2&sort=relevance,0
https://www.salesforce.com/pricing/enterprise,0
https://www.cnn.com/?utm_source=newsletter&utm_medium=email,0
https://api.stackoverflow.com/feed/trending,0
https://support.linkedin.com/category/news/world,0
https://docs.walmart.com/pricing/enterprise,0
https://quora.com/article/2026/03/technology-update,0
https://nytimes.com/?q=cybersecurity+best+practices,0
https://stanford.edu?ref=homepage&source=nav,0
https://etsy.com/products/electronics/deals?view=compact&filter=active,0
https://www.hulu.com/feed/trending,0
https://espn.com/category/news/world,0
https://weather.com/docs/v2/api,0
https://spotify.com/docs/v2/api?q=cybersecurity+best+practices,0
https://quora.com/pricing/enterprise?session_id=983427492&lang=en,0
https://github.com/support/faq,0
https://docs.twitch.tv/support/faq,0
https://api.stanford.edu/pricing/enterprise,0
https://instagram.com/about/company,0
https://docs.stanford.edu/,0
https://weather.com/explore?q=cybersecurity+best+practices,0
https://amazon.com/support/faq,0
https://support.wikipedia.org/support/faq,0
http://blog.nytimes.com/profile/settings?session_id=983427492&lang=en,0
https://docs.salesforce.com/watch?v=dQw4w9WgXcQ?category=all&page=2&sort=relevance,0
https://dropbox.com/feed/trending?utm_source=newsletter&utm_medium=email,0
https://harvard.edu/blog/machine-learning,0
https://stackoverflow.com/profile/settings,0
https://salesforce.com/search,0
https://support.weather.com,0
https://www.espn.com/,0
https://api.twitter.com/user/dashboard/overview,0
https://nytimes.com/download/latest/installer.exe?view=compact&filter=active,0
https://www.healthline.com/explore,0
https://docs.stackoverflow.com/explore,0
https://blog.hulu.com/search?category=all&page=2&sort=relevance,0
https://salesforce.com/blog/machine-learning,0
https://bbc.co.uk/profile/settings?q=cybersecurity+best+practices,0
https://mit.edu/pricing/enterprise?category=all&page=2&sort=relevance,0
https://imdb.com/?view=compact&filter=active,0
https://docs.walmart.com/article/2026/03/technology-update,0
https://api.microsoft.com/docs/v2/api,0
http://www.instagram.com/products/electronics/deals?q=cybersecurity+best+practices,0
https://docs.wikipedia.org/products/electronics/deals?session_id=983427492&lang=en,0
https://espn.com/search,0
http://target.com/profile/settings?view=compact&filter=active,0
https://api.stanford.edu/resources/whitepapers,0
https://etsy.com/explore,0
https://www.espn.com/profile/settings,0
https://blog.apple.com/pricing/enterprise,0
https://medium.com/feed/trending?session_id=983427492&lang=en,0
https://adobe.com/blog/machine-learning?ref=homepage&source=nav,0
https://slack.com/products/electronics/deals,0
https://api.slack.com/pricing/enterprise?utm_source=newsletter&utm_medium=email,0
https://amazon.com/category/news/world,0
https://quora.com/watch?v=dQw4w9WgXcQ,0
https://twitter.com/blog/machine-learning?session_id=983427492&lang=en,0
https://harvard.edu/pricing/enterprise,0
https://blog.office.com/pricing/enterprise,0
https://www.etsy.com/article/2026/03/technology-update?session_id=983427492&lang=en,0
https://nih.gov,0
https://instagram.com/article/2026/03/technology-update,0
https://support.medium.com/profile/settings,0
https://www.dropbox.com/blog/machine-learning,0
https://weather.com/explore,0
https://api.paypal.com/about/company,0
https://amazon.com/profile/settings?view=compact&filter=active,0
https://support.nih.gov/about/company,0
https://api.nytimes.com/download/latest/installer.exe?session_id=983427492&lang=en,0
https://blog.youtube.com/profile/settings?category=all&page=2&sort=relevance,0
https://docs.harvard.edu/pricing/enterprise?view=compact&filter=active,0
https://www.mit.edu/about/company,0
https://api.bbc.co.uk/watch?v=dQw4w9WgXcQ?ref=homepage&source=nav,0
https://adobe.com/about/company,0
https://paypal.com/about/company,0
https://api.apple.com/search,0
https://docs.reddit.com/category/news/world,0
https://netflix.com/products/electronics/deals,0
https://mozilla.org/watch?v=dQw4w9WgXcQ?category=all&page=2&sort=relevance,0
https://instagram.com/,0
https://www.yahoo.com/feed/trending?view=compact&filter=active,0
https://docs.weather.com/download/latest/installer.exe,0
https://google.com/products/electronics/deals,0
https://quora.com?q=cybersecurity+best+practices,0
https://dropbox.com/explore,0
https://yahoo.com/,0
https://blog.quora.com/resources/whitepapers?q=cybersecurity+best+practices,0
https://hulu.com/products/electronics/deals,0
https://zoom.us/article/2026/03/technology-update?q=cybersecurity+best+practices,0
https://www.youtube.com/explore,0
http://microsoft.com/profile/settings?utm_source=newsletter&utm_medium=email,0
https://support.apple.com,0
https://cloudflare.com/user/dashboard/overview,0
https://support.facebook.com,0
https://pinterest.com/about/company,0
https://blog.twitter.com/category/news/world?ref=homepage&source=nav,0
https://office.com,0
https://support.reddit.com/feed/trending,0
https://pinterest.com/explore?session_id=983427492&lang=en,0
https://stackoverflow.com/,0
https://blog.microsoft.com/support/faq,0
https://microsoft.com/docs/v2/api?q=cybersecurity+best+practices,0
https://blog.cloudflare.com/search,0
https://docs.reddit.com/profile/settings?session_id=983427492&lang=en,0
https://www.slack.com/explore,0
https://yahoo.com/feed/trending?session_id=983427492&lang=en,0
https://weather.com/pricing/enterprise?view=compact&filter=active,0
http://docs.linkedin.com/explore?category=all&page=2&sort=relevance,0
https://bbc.co.uk/category/news/world?utm_source=newsletter&utm_medium=email,0
https://support.adobe.com/support/faq?session_id=983427492&lang=en,0
https://support.github.com/article/2026/03/technology-update,0
https://nih.gov/user/dashboard/overview?utm_source=newsletter&utm_medium=email,0
https://api.nih.gov/feed/trending?view=compact&filter=active,0
https://hulu.com/support/faq,0
https://docs.target.com/article/2026/03/technology-update,0
https://docs.etsy.com/blog/machine-learning,0
https://nih.gov/download/latest/installer.exe,0
https://api.google.com/about/company?utm_source=newsletter&utm_medium=email,0
https://blog.mit.edu/pricing/enterprise?view=compact&filter=active,0
https://mozilla.org/feed/trending?ref=homepage&source=nav,0
https://reddit.com/article/2026/03/technology-update,0
https://blog.healthline.com/user/dashboard/overview?session_id=983427492&lang=en,0
https://support.yahoo.com/resources/whitepapers,0
https://twitter.com/download/latest/installer.exe,0
https://twitter.com/resources/whitepapers,0
https://docs.harvard.edu/blog/machine-learning?utm_source=newsletter&utm_medium=email,0
https://hulu.com/?category=all&page=2&sort=relevance,0
https://www.office.com/watch?v=dQw4w9WgXcQ?q=cybersecurity+best+practices,0
https://blog.mit.edu/category/news/world?category=all&page=2&sort=relevance,0
https://blog.stanford.edu/download/latest/installer.exe?ref=homepage&source=nav,0
https://linkedin.com/category/news/world,0
https://api.spotify.com/products/electronics/deals,0
https://support.stackoverflow.com/docs/v2/api?session_id=983427492&lang=en,0
https://support.instagram.com/support/faq?view=compact&filter=active,0
https://support.office.com/resources/whitepapers?view=compact&filter=active,0
https://api.twitch.tv/explore,0
https://mit.edu/profile/settings?q=cybersecurity+best+practices,0
https://harvard.edu/?ref=homepage&source=nav,0
https://walmart.com/blog/machine-learning,0
https://support.target.com/user/dashboard/overview,0
https://stanford.edu/?category=all&page=2&sort=relevance,0
https://harvard.edu/user/dashboard/overview,0
https://docs.twitter.com/article/2026/03/technology-update?session_id=983427492&lang=en,0
https://api.paypal.com/products/electronics/deals?q=cybersecurity+best+practices,0
https://instagram.com/watch?v=dQw4w9WgXcQ?session_id=983427492&lang=en,0
https://salesforce.com/profile/settings?q=cybersecurity+best+practices,0
http://bbc.co.uk/blog/machine-learning?q=cybersecurity+best+practices,0
https://support.spotify.com/about/company,0
https://dropbox.com/support/faq?q=cybersecurity+best+practices,0
https://pinterest.com/user/dashboard/overview,0
https://blog.facebook.com/pricing/enterprise,0
https://api.weather.com,0
https://api.nytimes.com/article/2026/03/technology-update?session_id=983427492&lang=en,0
https://salesforce.com/download/latest/installer.exe,0
https://blog.youtube.com/category/news/world?category=all&page=2&sort=relevance,0
https://www.stackoverflow.com/support/faq,0
https://support.walmart.com/search,0
https://docs.facebook.com/explore,0
https://twitch.tv/docs/v2/api,0
https://microsoft.com/,0
https://www.amazon.com/profile/settings,0
http://zoom.us/download/latest/installer.exe?utm_source=newsletter&utm_medium=email,0
https://weather.com/,0
https://pinterest.com/about/company?ref=homepage&source=nav,0
https://cloudflare.com,0
https://api.linkedin.com/about/company?q=cybersecurity+best+practices,0
https://nih.gov?utm_source=newsletter&utm_medium=email,0
https://dropbox.com/category/news/world,0
https://www.weather.com/explore,0
https://api.apple.com/blog/machine-learning,0
https://amazon.com/products/electronics/deals?category=all&page=2&sort=relevance,0
https://dropbox.com/article/2026/03/technology-update,0
https://twitter.com/blog/machine-learning,0
https://api.stanford.edu/pricing/enterprise?category=all&page=2&sort=relevance,0
https://spotify.com/article/2026/03/technology-update?session_id=983427492&lang=en,0
https://paypal.com/support/faq?category=all&page=2&sort=relevance,0
https://medium.com/watch?v=dQw4w9WgXcQ,0
https://www.linkedin.com/profile/settings?session_id=983427492&lang=en,0
https://api.amazon.com?utm_source=newsletter&utm_medium=email,0
https://www.walmart.com/pricing/enterprise,0
https://blog.imdb.com/docs/v2/api,0
https://zoom.us?view=compact&filter=active,0
https://api.weather.com/docs/v2/api,0
https://www.etsy.com/feed/trending,0
http://hulu.com/profile/settings,0
https://microsoft.com/support/faq,0
https://support.healthline.com/profile/settings?utm_source=newsletter&utm_medium=email,0
https://nih.gov/search?category=all&page=2&sort=relevance,0
https://blog.adobe.com/pricing/enterprise,0
https://espn.com/docs/v2/api,0
https://www.pinterest.com/docs/v2/api,0
https://docs.reddit.com/support/faq?category=all&page=2&sort=relevance,0
http://office.com/watch?v=dQw4w9WgXcQ?category=all&page=2&sort=relevance,0
https://microsoft.com/watch?v=dQw4w9WgXcQ,0
https://api.zoom.us?session_id=983427492&lang=en,0
https://www.stackoverflow.com/blog/machine-learning?category=all&page=2&sort=relevance,0
https://yahoo.com/resources/whitepapers?view=compact&filter=active,0
https://api.instagram.com/profile/settings,0
https://youtube.com/category/news/world?view=compact&filter=active,0
https://github.com/?utm_source=newsletter&utm_medium=email,0
https://reddit.com/docs/v2/api?utm_source=newsletter&utm_medium=email,0
http://api.harvard.edu/resources/whitepapers,0
https://docs.quora.com/download/latest/installer.exe,0
https://docs.stanford.edu/docs/v2/api,0
https://google.com/category/news/world,0
https://docs.stanford.edu/pricing/enterprise,0
https://imdb.com/user/dashboard/overview,0
https://docs.cnn.com/products/electronics/deals,0
https://office.com/user/dashboard/overview?ref=homepage&source=nav,0
https://etsy.com/download/latest/installer.exe?view=compact&filter=active,0
https://docs.reddit.com/watch?v=dQw4w9WgXcQ,0
https://api.ebay.com/,0
https://www.google.com/feed/trending?category=all&page=2&sort=relevance,0
https://bbc.co.uk/search?session_id=983427492&lang=en,0
https://api.zoom.us/about/company?utm_source=newsletter&utm_medium=email,0
https://docs.instagram.com,0
https://quora.com/?utm_source=newsletter&utm_medium=email,0
https://support.adobe.com/,0
https://yahoo.com/profile/settings?ref=homepage&source=nav,0
https://api.zoom.us,0
https://target.com/user/dashboard/overview?ref=homepage&source=nav,0
https://cnn.com/products/electronics/deals,0
https://google.com/resources/whitepapers?utm_source=newsletter&utm_medium=email,0
https://stackoverflow.com/explore?ref=homepage&source=nav,0
https://etsy.com/blog/machine-learning?utm_source=newsletter&utm_medium=email,0
http://docs.nytimes.com/blog/machine-learning?view=compact&filter=active,0
https://reddit.com/download/latest/installer.exe?q=cybersecurity+best+practices,0
https://docs.adobe.com/pricing/enterprise,0
https://bbc.co.uk/search,0
https://etsy.com/products/electronics/deals,0
https://www.nytimes.com/article/2026/03/technology-update,0
https://mit.edu/user/dashboard/overview?view=compact&filter=active,0
https://weather.com/profile/settings,0
https://pinterest.com/article/2026/03/technology-update?q=cybersecurity+best+practices,0
https://api.twitch.tv/?category=all&page=2&sort=relevance,0
https://instagram.com/category/news/world,0
https://docs.google.com/explore,0
https://weather.com/watch?v=dQw4w9WgXcQ,0
https://blog.stanford.edu/download/latest/installer.exe,0
https://support.linkedin.com/article/2026/03/technology-update?session_id=983427492&lang=en,0
https://docs.nytimes.com/products/electronics/deals,0
https://netflix.com/watch?v=dQw4w9WgXcQ,0
https://support.healthline.com/support/faq?ref=homepage&source=nav,0
https://support.bbc.co.uk/explore,0
https://paypal.com/user/dashboard/overview?ref=homepage&source=nav,0
https://slack.com/products/electronics/deals?session_id=983427492&lang=en,0
https://blog.instagram.com/pricing/enterprise,0
https://blog.yahoo.com/resources/whitepapers?utm_source=newsletter&utm_medium=email,0
https://api.stackoverflow.com/download/latest/installer.exe,0
https://api.paypal.com/blog/machine-learning,0
https://youtube.com/article/2026/03/technology-update?session_id=983427492&lang=en,0
https://wikipedia.org/download/latest/installer.exe,0
https://weather.com/download/latest/installer.exe,0
http://www.stackoverflow.com/docs/v2/api?q=cybersecurity+best+practices,0
https://mit.edu/support/faq?category=all&page=2&sort=relevance,0
https://api.walmart.com/blog/machine-learning,0
https://walmart.com/blog/machine-learning?session_id=983427492&lang=en,0
https://support.twitch.tv/user/dashboard/overview,0
https://walmart.com/search,0
https://bbc.co.uk,0
https://linkedin.com/feed/trending?session_id=983427492&lang=en,0
https://office.com/resources/whitepapers?utm_source=newsletter&utm_medium=email,0
https://www.google.com/resources/whitepapers?category=all&page=2&sort=relevance,0
https://support.yahoo.com/download/latest/installer.exe?q=cybersecurity+best+practices,0
https://api.twitch.tv/profile/settings,0
https://cnn.com/watch?v=dQw4w9WgXcQ,0
http://blog.mozilla.org/feed/trending,0
https://apple.com/watch?v=dQw4w9WgXcQ?ref=homepage&source=nav,0
https://www.cloudflare.com/search,0
https://docs.ebay.com/pricing/enterprise,0
https://ebay.com/docs/v2/api,0
https://www.amazon.com/products/electronics/deals?ref=homepage&source=nav,0
https://google.com/article/2026/03/technology-update,0
https://nytimes.com/products/electronics/deals,0
https://www.quora.com/feed/trending,0
https://spotify.com/?utm_source=newsletter&utm_medium=email,0
https://blog.bbc.co.uk/products/electronics/deals,0
https://mit.edu/explore,0
https://google.com/profile/settings?category=all&page=2&sort=relevance,0
https://api.google.com/feed/trending?q=cybersecurity+best+practices,0
https://wikipedia.org/feed/trending,0
https://healthline.com/pricing/enterprise?session_id=983427492&lang=en,0
https://github.com/article/2026/03/technology-update,0
https://docs.nih.gov/products/electronics/deals,0
https://linkedin.com/,0
https://docs.stackoverflow.com/products/electronics/deals?utm_source=newsletter&utm_medium=email,0
https://mozilla.org/user/dashboard/overview,0
http://cloudflare.com/profile/settings?category=all&page=2&sort=relevance,0
https://support.healthline.com/watch?v=dQw4w9WgXcQ?utm_source=newsletter&utm_medium=email,0
https://weather.com/search?utm_source=newsletter&utm_medium=email,0
https://docs.twitter.com/user/dashboard/overview,0
http://slack.com/explore,0
https://github.com/download/latest/installer.exe?utm_source=newsletter&utm_medium=email,0
https://imdb.com/pricing/enterprise,0
https://www.google.com/feed/trending?view=compact&filter=active,0
https://healthline.com/user/dashboard/overview?category=all&page=2&sort=relevance,0
https://blog.apple.com/category/news/world,0
https://medium.com/products/electronics/deals,0
https://www.adobe.com/products/electronics/deals?q=cybersecurity+best+practices,0
https://api.instagram.com/resources/whitepapers?view=compact&filter=active,0
https://support.dropbox.com/resources/whitepapers?q=cybersecurity+best+practices,0
https://blog.target.com/watch?v=dQw4w9WgXcQ?utm_source=newsletter&utm_medium=email,0
https://api.dropbox.com/support/faq?category=all&page=2&sort=relevance,0
https://blog.twitch.tv/article/2026/03/technology-update?q=cybersecurity+best+practices,0
https://blog.target.com/pricing/enterprise?category=all&page=2&sort=relevance,0
http://blog.google.com?ref=homepage&source=nav,0
https://adobe.com/support/faq,0
https://api.stanford.edu/category/news/world?utm_source=newsletter&utm_medium=email,0
https://www.microsoft.com/docs/v2/api,0
https://nytimes.com/about/company,0
https://support.facebook.com/support/faq?q=cybersecurity+best+practices,0
https://salesforce.com/?ref=homepage&source=nav,0
https://twitch.tv/article/2026/03/technology-update?view=compact&filter=active,0
https://support.google.com/download/latest/installer.exe,0
https://www.spotify.com/support/faq?q=cybersecurity+best+practices,0
https://docs.adobe.com/docs/v2/api,0
https://api.etsy.com/download/latest/installer.exe,0
https://www.twitch.tv/docs/v2/api,0
https://www.zoom.us/user/dashboard/overview?session_id=983427492&lang=en,0
https://nytimes.com/resources/whitepapers,0
https://wikipedia.org/resources/whitepapers,0
https://spotify.com?q=cybersecurity+best+practices,0
https://docs.weather.com/docs/v2/api,0
https://wikipedia.org/,0
https://blog.netflix.com,0
https://medium.com/support/faq,0
https://blog.facebook.com/user/dashboard/overview,0
https://support.netflix.com,0
https://stanford.edu/blog/machine-learning,0
https://mit.edu/pricing/enterprise,0
https://nih.gov/download/latest/installer.exe?session_id=983427492&lang=en,0
https://api.spotify.com/user/dashboard/overview,0
https://support.mozilla.org,0
https://medium.com/download/latest/installer.exe,0
https://dropbox.com/about/company,0
https://pinterest.com/?category=all&page=2&sort=relevance,0
https://blog.youtube.com/article/2026/03/technology-update,0
https://mit.edu/download/latest/installer.exe?session_id=983427492&lang=en,0
https://docs.healthline.com/article/2026/03/technology-update?category=all&page=2&sort=relevance,0
https://espn.com/user/dashboard/overview,0
https://www.imdb.com/docs/v2/api,0
https://docs.quora.com/docs/v2/api?utm_source=newsletter&utm_medium=email,0
https://spotify.com/user/dashboard/overview,0
https://blog.netflix.com/resources/whitepapers?ref=homepage&source=nav,0
https://blog.healthline.com/docs/v2/api,0
https://api.youtube.com/profile/settings?utm_source=newsletter&utm_medium=email,0
https://adobe.com,0
https://office.com/feed/trending?ref=homepage&source=nav,0
http://www.salesforce.com/watch?v=dQw4w9WgXcQ,0
https://docs.google.com/article/2026/03/technology-update?q=cybersecurity+best+practices,0
https://amazon.com/blog/machine-learning?category=all&page=2&sort=relevance,0
https://docs.mozilla.org/download/latest/installer.exe?utm_source=newsletter&utm_medium=email,0
https://docs.salesforce.com/user/dashboard/overview?session_id=983427492&lang=en,0
https://quora.com/blog/machine-learning,0
https://docs.nytimes.com/?utm_source=newsletter&utm_medium=email,0
https://docs.stackoverflow.com/about/company,0
https://support.netflix.com/blog/machine-learning,0
https://support.instagram.com/user/dashboard/overview,0
https://cloudflare.com/blog/machine-learning?session_id=983427492&lang=en,0
https://mozilla.org/support/faq?session_id=983427492&lang=en,0
https://reddit.com/blog/machine-learning,0
https://api.salesforce.com/watch?v=dQw4w9WgXcQ,0
https://api.yahoo.com/docs/v2/api,0
https://blog.apple.com/blog/machine-learning,0
https://linkedin.com/profile/settings,0
https://hulu.com/feed/trending,0
https://docs.office.com/search,0
http://target.com/user/dashboard/overview?q=cybersecurity+best+practices,0
https://netflix.com/pricing/enterprise,0
https://api.mit.edu/about/company,0
https://www.github.com/watch?v=dQw4w9WgXcQ?utm_source=newsletter&utm_medium=email,0
https://api.stanford.edu/watch?v=dQw4w9WgXcQ?session_id=983427492&lang=en,0
https://microsoft.com/about/company,0
https://api.amazon.com/search,0
https://blog.stanford.edu/category/news/world,0
https://facebook.com/category/news/world?category=all&page=2&sort=relevance,0
https://support.espn.com/about/company,0
https://api.bbc.co.uk/pricing/enterprise?utm_source=newsletter&utm_medium=email,0
https://docs.quora.com/feed/trending?utm_source=newsletter&utm_medium=email,0
https://stackoverflow.com/explore,0
https://www.reddit.com/resources/whitepapers,0
https://www.target.com?session_id=983427492&lang=en,0
http://amazon.com/category/news/world?view=compact&filter=active,0
https://harvard.edu/download/latest/installer.exe?utm_source=newsletter&utm_medium=email,0
https://instagram.com/support/faq?category=all&page=2&sort=relevance,0
https://docs.microsoft.com/docs/v2/api?view=compact&filter=active,0
https://docs.ebay.com/?ref=homepage&source=nav,0
https://blog.ebay.com/search?ref=homepage&source=nav,0
https://support.ebay.com/user/dashboard/overview?utm_source=newsletter&utm_medium=email,0
https://blog.instagram.com/support/faq?ref=homepage&source=nav,0
https://blog.hulu.com/blog/machine-learning?ref=homepage&source=nav,0
https://medium.com/pricing/enterprise?view=compact&filter=active,0
https://wikipedia.org/feed/trending?q=cybersecurity+best+practices,0
https://api.office.com/about/company?q=cybersecurity+best+practices,0
http://api.github.com/docs/v2/api,0
https://api.salesforce.com/explore,0
http://harvard.edu/support/faq,0
https://support.quora.com/about/company,0
https://blog.healthline.com/products/electronics/deals,0
https://support.spotify.com/explore,0
https://reddit.com/user/dashboard/overview?q=cybersecurity+best+practices,0
https://target.com/docs/v2/api?view=compact&filter=active,0
https://nytimes.com/about/company?ref=homepage&source=nav,0
https://apple.com/download/latest/installer.exe,0
https://support.imdb.com/blog/machine-learning?ref=homepage&source=nav,0
https://support.twitter.com/user/dashboard/overview,0
https://docs.nih.gov/feed/trending,0
https://weather.com/pricing/enterprise,0
http://mit.edu/support/faq,0
https://office.com/feed/trending,0
https://www.dropbox.com/category/news/world,0
https://github.com/search?utm_source=newsletter&utm_medium=email,0
https://api.imdb.com/article/2026/03/technology-update?category=all&page=2&sort=relevance,0
https://ebay.com/resources/whitepapers?category=all&page=2&sort=relevance,0
https://www.ebay.com/watch?v=dQw4w9WgXcQ,0
https://etsy.com/blog/machine-learning,0
https://cloudflare.com/download/latest/installer.exe,0
https://docs.espn.com/support/faq,0
https://wikipedia.org/docs/v2/api?view=compact&filter=active,0
https://support.google.com/docs/v2/api,0
https://www.weather.com/products/electronics/deals?ref=homepage&source=nav,0
https://harvard.edu/resources/whitepapers?ref=homepage&source=nav,0
https://imdb.com/category/news/world,0
https://dropbox.com/about/company?q=cybersecurity+best+practices,0
https://imdb.com/support/faq?category=all&page=2&sort=relevance,0
https://walmart.com/watch?v=dQw4w9WgXcQ,0
https://blog.salesforce.com/resources/whitepapers,0
http://mit.edu,0
https://www.hulu.com/search,0
https://support.mozilla.org/resources/whitepapers?category=all&page=2&sort=relevance,0
https://docs.target.com/pricing/enterprise,0
https://support.google.com/article/2026/03/technology-update?ref=homepage&source=nav,0
https://walmart.com/?session_id=983427492&lang=en,0
https://support.imdb.com/search,0
https://cnn.com/category/news/world,0
https://support.healthline.com/search?utm_source=newsletter&utm_medium=email,0
https://blog.medium.com/user/dashboard/overview?category=all&page=2&sort=relevance,0
https://blog.office.com/resources/whitepapers,0
https://stackoverflow.com/?utm_source=newsletter&utm_medium=email,0
https://etsy.com/feed/trending?utm_source=newsletter&utm_medium=email,0
https://api.stackoverflow.com,0
https://pinterest.com/profile/settings,0
https://www.mit.edu/profile/settings?q=cybersecurity+best+practices,0
https://blog.quora.com/search?utm_source=newsletter&utm_medium=email,0
https://docs.netflix.com/download/latest/installer.exe,0
https://healthline.com/pricing/enterprise,0
https://walmart.com/download/latest/installer.exe,0
https://twitch.tv/blog/machine-learning,0
https://quora.com/explore?session_id=983427492&lang=en,0
https://support.twitch.tv/profile/settings,0
https://github.com/download/latest/installer.exe,0
https://api.nytimes.com/products/electronics/deals?session_id=983427492&lang=en,0
https://instagram.com?view=compact&filter=active,0
https://www.espn.com/explore,0
https://espn.com/watch?v=dQw4w9WgXcQ?session_id=983427492&lang=en,0
https://stackoverflow.com/blog/machine-learning?ref=homepage&source=nav,0
https://blog.stanford.edu/profile/settings,0
https://apple.com/support/faq?ref=homepage&source=nav,0
https://weather.com/feed/trending,0
https://twitch.tv/explore?session_id=983427492&lang=en,0
https://microsoft.com/profile/settings,0
https://netflix.com/?ref=homepage&source=nav,0
https://api.ebay.com?view=compact&filter=active,0
https://support.twitch.tv/search,0
https://docs.stanford.edu/explore?ref=homepage&source=nav,0
https://support.medium.com/search,0
https://ebay.com/blog/machine-learning?ref=homepage&source=nav,0
https://docs.instagram.com/products/electronics/deals,0
https://blog.github.com/feed/trending,0
https://twitter.com/products/electronics/deals,0
https://nytimes.com/user/dashboard/overview?category=all&page=2&sort=relevance,0
https://cloudflare.com/,0
https://www.microsoft.com/category/news/world,0
https://walmart.com/article/2026/03/technology-update,0
https://docs.hulu.com/,0
https://google.com/?view=compact&filter=active,0
https://api.mozilla.org/search,0
https://www.espn.com/search?category=all&page=2&sort=relevance,0
https://api.facebook.com/watch?v=dQw4w9WgXcQ,0
https://www.netflix.com/pricing/enterprise?category=all&page=2&sort=relevance,0
https://imdb.com/explore?session_id=983427492&lang=en,0
http://yahoo.com/feed/trending,0
https://api.wikipedia.org/about/company,0
https://www.office.com/docs/v2/api?utm_source=newsletter&utm_medium=email,0
https://api.nytimes.com/?session_id=983427492&lang=en,0
https://blog.wikipedia.org/pricing/enterprise,0
https://twitter.com/category/news/world?utm_source=newsletter&utm_medium=email,0
https://docs.walmart.com/products/electronics/deals,0
https://docs.netflix.com/feed/trending,0
https://microsoft.com/pricing/enterprise,0
https://walmart.com,0
https://api.nytimes.com/support/faq,0
https://docs.slack.com/article/2026/03/technology-update,0
https://www.apple.com/products/electronics/deals?category=all&page=2&sort=relevance,0
https://paypal.com/products/electronics/deals?ref=homepage&source=nav,0
https://www.mozilla.org/support/faq,0
https://support.yahoo.com/watch?v=dQw4w9WgXcQ?utm_source=newsletter&utm_medium=email,0
https://api.wikipedia.org/feed/trending?q=cybersecurity+best+practices,0
https://mozilla.org/resources/whitepapers?q=cybersecurity+best+practices,0
https://api.twitch.tv/docs/v2/api,0
http://microsoft.com/feed/trending?utm_source=newsletter&utm_medium=email,0
https://quora.com/explore,0
https://support.target.com/resources/whitepapers?q=cybersecurity+best+practices,0
https://nytimes.com,0
https://support.mozilla.org?category=all&page=2&sort=relevance,0
https://zoom.us/pricing/enterprise?session_id=983427492&lang=en,0
https://healthline.com/support/faq?ref=homepage&source=nav,0
https://api.cnn.com/user/dashboard/overview?q=cybersecurity+best+practices,0
https://blog.wikipedia.org/?session_id=983427492&lang=en,0
http://apple.com/pricing/enterprise,0
https://paypal.com/user/dashboard/overview?utm_source=newsletter&utm_medium=email,0
https://facebook.com/support/faq,0
https://api.office.com/products/electronics/deals?view=compact&filter=active,0
https://api.dropbox.com/resources/whitepapers,0
https://api.dropbox.com/category/news/world?category=all&page=2&sort=relevance,0
https://blog.harvard.edu/blog/machine-learning?view=compact&filter=active,0
https://stanford.edu/products/electronics/deals?category=all&page=2&sort=relevance,0
https://blog.zoom.us/search,0
https://stanford.edu/docs/v2/api?utm_source=newsletter&utm_medium=email,0
https://youtube.com/user/dashboard/overview?category=all&page=2&sort=relevance,0
http://cloudflare.com/about/company,0
https://api.adobe.com/support/faq,0
https://docs.nih.gov/category/news/world?category=all&page=2&sort=relevance,0
https://office.com/about/company,0
https://www.stackoverflow.com/watch?v=dQw4w9WgXcQ?ref=homepage&source=nav,0
https://support.instagram.com/docs/v2/api,0
https://docs.spotify.com/profile/settings,0
https://blog.microsoft.com/docs/v2/api,0
https://yahoo.com,0
https://blog.netflix.com/docs/v2/api,0
https://api.etsy.com/blog/machine-learning,0
http://www.office.com/user/dashboard/overview,0
https://docs.weather.com/pricing/enterprise,0
https://nih.gov/category/news/world,0
https://cnn.com/search?category=all&page=2&sort=relevance,0
https://docs.wikipedia.org/products/electronics/deals,0
https://support.pinterest.com/pricing/enterprise,0
https://api.medium.com/search,0
https://blog.slack.com/watch?v=dQw4w9WgXcQ?category=all&page=2&sort=relevance,0
https://quora.com/download/latest/installer.exe,0
https://api.cnn.com/blog/machine-learning?view=compact&filter=active,0
https://blog.medium.com/feed/trending?category=all&page=2&sort=relevance,0
https://google.com/about/company?view=compact&filter=active,0
https://blog.reddit.com/resources/whitepapers,0
https://nih.gov/explore?category=all&page=2&sort=relevance,0
https://blog.amazon.com/feed/trending?view=compact&filter=active,0
https://support.harvard.edu/explore,0
https://www.youtube.com/,0
https://blog.healthline.com/,0
https://support.amazon.com/watch?v=dQw4w9WgXcQ?utm_source=newsletter&utm_medium=email,0
https://walmart.com/support/faq?session_id=983427492&lang=en,0
https://support.cnn.com/pricing/enterprise,0
https://netflix.com/category/news/world,0
https://slack.com/watch?v=dQw4w9WgXcQ,0
https://api.adobe.com/category/news/world?session_id=983427492&lang=en,0
https://reddit.com/explore,0
https://ebay.com/about/company,0
https://adobe.com/docs/v2/api?ref=homepage&source=nav,0
https://docs.linkedin.com/explore,0
https://imdb.com/explore,0
https://mit.edu/explore?utm_source=newsletter&utm_medium=email,0
https://twitter.com/pricing/enterprise,0
https://blog.cnn.com/pricing/enterprise,0
https://weather.com/search,0
https://support.google.com/products/electronics/deals?q=cybersecurity+best+practices,0
https://walmart.com/explore?utm_source=newsletter&utm_medium=email,0
https://office.com/watch?v=dQw4w9WgXcQ,0
https://docs.instagram.com/resources/whitepapers,0
https://blog.reddit.com/explore,0
https://support.hulu.com/about/company,0
https://hulu.com/about/company,0
https://docs.harvard.edu/article/2026/03/technology-update?ref=homepage&source=nav,0
https://twitch.tv/search?view=compact&filter=active,0
https://harvard.edu?category=all&page=2&sort=relevance,0
https://support.zoom.us/search,0
https://hulu.com/profile/settings?view=compact&filter=active,0
https://zoom.us/download/latest/installer.exe?utm_source=newsletter&utm_medium=email,0
https://mozilla.org/profile/settings,0
https://linkedin.com/?category=all&page=2&sort=relevance,0
https://instagram.com/support/faq,0
https://support.github.com/category/news/world?view=compact&filter=active,0
https://docs.stackoverflow.com/category/news/world,0
https://walmart.com/resources/whitepapers,0
https://docs.spotify.com/blog/machine-learning,0
https://blog.mit.edu/watch?v=dQw4w9WgXcQ,0
https://salesforce.com/feed/trending?session_id=983427492&lang=en,0
https://www.office.com/category/news/world,0
https://api.imdb.com/pricing/enterprise?ref=homepage&source=nav,0
https://www.youtube.com/pricing/enterprise,0
https://support.youtube.com/support/faq,0
https://imdb.com/search,0
https://youtube.com/blog/machine-learning?category=all&page=2&sort=relevance,0
https://slack.com/feed/trending?ref=homepage&source=nav,0
https://salesforce.com/explore,0
https://facebook.com/category/news/world?session_id=983427492&lang=en,0
https://weather.com/resources/whitepapers,0
http://api.amazon.com/products/electronics/deals,0
https://www.etsy.com/search?utm_source=newsletter&utm_medium=email,0
https://ebay.com/category/news/world,0
https://blog.amazon.com/category/news/world?category=all&page=2&sort=relevance,0
https://spotify.com/download/latest/installer.exe,0
https://www.mit.edu?utm_source=newsletter&utm_medium=email,0
https://support.etsy.com/blog/machine-learning,0
https://docs.weather.com/?ref=homepage&source=nav,0
https://nytimes.com/about/company?category=all&page=2&sort=relevance,0
https://docs.amazon.com/profile/settings?session_id=983427492&lang=en,0
https://docs.harvard.edu/article/2026/03/technology-update,0
https://blog.nytimes.com/blog/machine-learning,0
https://twitch.tv/products/electronics/deals,0
https://blog.bbc.co.uk/user/dashboard/overview,0
https://hulu.com/search,0
https://docs.amazon.com/pricing/enterprise,0
https://linkedin.com/category/news/world?utm_source=newsletter&utm_medium=email,0
https://api.imdb.com/profile/settings,0
https://support.salesforce.com/article/2026/03/technology-update?q=cybersecurity+best+practices,0
https://instagram.com/profile/settings,0
https://docs.spotify.com/article/2026/03/technology-update?view=compact&filter=active,0
https://blog.paypal.com/about/company,0
https://espn.com/?view=compact&filter=active,0
https://blog.bbc.co.uk/pricing/enterprise?session_id=983427492&lang=en,0
https://docs.nytimes.com?category=all&page=2&sort=relevance,0
https://bbc.co.uk/article/2026/03/technology-update,0
https://support.yahoo.com/support/faq?view=compact&filter=active,0
https://microsoft.com/search?category=all&page=2&sort=relevance,0
https://blog.slack.com/resources/whitepapers?view=compact&filter=active,0
https://api.yahoo.com/search,0
https://docs.target.com?session_id=983427492&lang=en,0
https://support.healthline.com/docs/v2/api,0
https://api.nih.gov/resources/whitepapers?ref=homepage&source=nav,0
https://linkedin.com/support/faq?q=cybersecurity+best+practices,0
https://paypal.com/download/latest/installer.exe?utm_source=newsletter&utm_medium=email,0
https://support.youtube.com/article/2026/03/technology-update?category=all&page=2&sort=relevance,0
https://stanford.edu/download/latest/installer.exe?utm_source=newsletter&utm_medium=email,0
https://www.wikipedia.org/explore,0
https://docs.mozilla.org/explore,0
https://cnn.com/feed/trending,0
https://blog.facebook.com/products/electronics/deals,0
https://nytimes.com/blog/machine-learning,0
https://docs.spotify.com/products/electronics/deals?session_id=983427492&lang=en,0
https://espn.com/explore,0
https://blog.nytimes.com/,0
https://salesforce.com/download/latest/installer.exe?q=cybersecurity+best+practices,0
https://target.com/watch?v=dQw4w9WgXcQ,0
https://www.ebay.com/search,0
https://docs.cnn.com/about/company?ref=homepage&source=nav,0
https://docs.bbc.co.uk/watch?v=dQw4w9WgXcQ,0
https://adobe.com/feed/trending,0
https://twitch.tv/feed/trending,0
https://docs.target.com/explore?view=compact&filter=active,0
https://api.pinterest.com/products/electronics/deals,0
https://etsy.com/search,0
https://github.com/about/company?session_id=983427492&lang=en,0
https://support.mit.edu/profile/settings,0
https://docs.microsoft.com/support/faq?session_id=983427492&lang=en,0
https://etsy.com/?ref=homepage&source=nav,0
https://api.apple.com/download/latest/installer.exe,0
https://docs.nytimes.com/search,0
https://blog.salesforce.com/docs/v2/api,0
https://blog.twitch.tv/docs/v2/api,0
https://docs.paypal.com/blog/machine-learning?category=all&page=2&sort=relevance,0
https://docs.espn.com/pricing/enterprise?category=all&page=2&sort=relevance,0
https://wikipedia.org/support/faq?session_id=983427492&lang=en,0
https://docs.harvard.edu/category/news/world?utm_source=newsletter&utm_medium=email,0
https://docs.mozilla.org/about/company,0
http://api.medium.com/resources/whitepapers,0
https://api.amazon.com/explore?category=all&page=2&sort=relevance,0
https://blog.mit.edu/pricing/enterprise,0
https://zoom.us/resources/whitepapers?ref=homepage&source=nav,0
https://docs.mozilla.org/profile/settings,0
https://instagram.com/search?utm_source=newsletter&utm_medium=email,0
https://google.com/feed/trending,0
https://api.mit.edu/feed/trending,0
https://google.com?q=cybersecurity+best+practices,0
https://www.facebook.com/article/2026/03/technology-update,0
https://walmart.com/about/company?q=cybersecurity+best+practices,0
https://youtube.com/docs/v2/api?category=all&page=2&sort=relevance,0
https://office.com/blog/machine-learning?q=cybersecurity+best+practices,0
https://docs.twitch.tv/user/dashboard/overview,0
https://blog.youtube.com/user/dashboard/overview,0
https://slack.com/feed/trending?session_id=983427492&lang=en,0
https://www.stanford.edu/about/company?category=all&page=2&sort=relevance,0
https://api.adobe.com/support/faq?view=compact&filter=active,0
https://blog.mit.edu/download/latest/installer.exe?view=compact&filter=active,0
https://docs.nih.gov/watch?v=dQw4w9WgXcQ?ref=homepage&source=nav,0
https://www.wikipedia.org/watch?v=dQw4w9WgXcQ,0
https://docs.github.com/about/company,0
https://youtube.com/profile/settings,0
https://pinterest.com/search,0
https://adobe.com/article/2026/03/technology-update,0
https://api.dropbox.com/profile/settings?view=compact&filter=active,0
https://api.reddit.com/explore,0
https://www.yahoo.com/pricing/enterprise,0
https://docs.cloudflare.com/explore,0
https://api.netflix.com/resources/whitepapers?q=cybersecurity+best+practices,0
https://docs.slack.com/category/news/world?ref=homepage&source=nav,0
https://cloudflare.com?utm_source=newsletter&utm_medium=email,0
https://wikipedia.org/download/latest/installer.exe?q=cybersecurity+best+practices,0
https://support.zoom.us/docs/v2/api,0
https://blog.mit.edu/resources/whitepapers,0
https://support.target.com/support/faq,0
https://www.quora.com/download/latest/installer.exe,0
https://api.walmart.com/blog/machine-learning?view=compact&filter=active,0
https://api.linkedin.com/about/company,0
https://support.medium.com/watch?v=dQw4w9WgXcQ,0
https://www.walmart.com/about/company?utm_source=newsletter&utm_medium=email,0
http://blog.apple.com/category/news/world,0
https://docs.nih.gov/about/company,0
https://api.nytimes.com/user/dashboard/overview?q=cybersecurity+best+practices,0
https://support.stackoverflow.com/docs/v2/api?utm_source=newsletter&utm_medium=email,0
https://github.com/products/electronics/deals?ref=homepage&source=nav,0
https://docs.netflix.com/search,0
https://docs.linkedin.com/search,0
https://docs.imdb.com/profile/settings?session_id=983427492&lang=en,0
https://docs.cloudflare.com/resources/whitepapers?q=cybersecurity+best+practices,0
https://www.hulu.com/category/news/world,0
https://support.mozilla.org/watch?v=dQw4w9WgXcQ?ref=homepage&source=nav,0
https://docs.reddit.com/explore,0
http://www.stackoverflow.com/docs/v2/api?category=all&page=2&sort=relevance,0
http://www.medium.com/watch?v=dQw4w9WgXcQ?category=all&page=2&sort=relevance,0
https://target.com/,0
https://blog.etsy.com/download/latest/installer.exe,0
https://espn.com/docs/v2/api?category=all&page=2&sort=relevance,0
https://support.mit.edu/support/faq,0
http://www.weather.com/download/latest/installer.exe,0
https://support.mit.edu/profile/settings?view=compact&filter=active,0
https://support.youtube.com/about/company,0
https://quora.com/feed/trending,0
http://api.imdb.com/support/faq,0
https://youtube.com/watch?v=dQw4w9WgXcQ,0
https://spotify.com/search,0
https://yahoo.com/watch?v=dQw4w9WgXcQ,0
https://blog.netflix.com/profile/settings,0
https://reddit.com/article/2026/03/technology-update?utm_source=newsletter&utm_medium=email,0
https://docs.pinterest.com/explore,0
https://docs.target.com,0
https://youtube.com/explore,0
https://linkedin.com/resources/whitepapers,0
https://pinterest.com/docs/v2/api,0
http://docs.nytimes.com/user/dashboard/overview,0
http://api.mozilla.org/about/company?q=cybersecurity+best+practices,0
https://office.com/profile/settings?category=all&page=2&sort=relevance,0
https://healthline.com/category/news/world,0
https://blog.walmart.com/search,0
https://blog.linkedin.com/resources/whitepapers,0
https://blog.spotify.com/profile/settings?session_id=983427492&lang=en,0
https://support.google.com/watch?v=dQw4w9WgXcQ,0
https://api.hulu.com/search?session_id=983427492&lang=en,0
https://walmart.com/blog/machine-learning?ref=homepage&source=nav,0
https://blog.salesforce.com/download/latest/installer.exe,0
https://google.com?session_id=983427492&lang=en,0
https://hulu.com/profile/settings,0
https://espn.com/products/electronics/deals?session_id=983427492&lang=en,0
https://docs.cnn.com/watch?v=dQw4w9WgXcQ?session_id=983427492&lang=en,0
https://api.harvard.edu/watch?v=dQw4w9WgXcQ,0
https://amazon.com/article/2026/03/technology-update?session_id=983427492&lang=en,0
https://twitter.com/user/dashboard/overview?session_id=983427492&lang=en,0
https://mozilla.org/resources/whitepapers?session_id=983427492&lang=en,0
http://hulu.com/?q=cybersecurity+best+practices,0
https://blog.slack.com,0
https://support.etsy.com/article/2026/03/technology-update?category=all&page=2&sort=relevance,0
https://github.com/resources/whitepapers?utm_source=newsletter&utm_medium=email,0
https://www.ebay.com/explore,0
https://api.apple.com/article/2026/03/technology-update?view=compact&filter=active,0
https://microsoft.com/search,0
https://target.com/download/latest/installer.exe,0
https://slack.com,0
http://blog.youtube.com/products/electronics/deals,0
https://www.amazon.com/docs/v2/api?ref=homepage&source=nav,0
https://docs.office.com/watch?v=dQw4w9WgXcQ,0
https://apple.com/resources/whitepapers?session_id=983427492&lang=en,0
https://api.medium.com/docs/v2/api,0
https://ebay.com?session_id=983427492&lang=en,0
https://apple.com/user/dashboard/overview?category=all&page=2&sort=relevance,0
https://www.twitter.com/search,0
https://docs.stanford.edu/support/faq?utm_source=newsletter&utm_medium=email,0
https://microsoft.com/article/2026/03/technology-update?category=all&page=2&sort=relevance,0
https://google.com/search,0
https://netflix.com/products/electronics/deals?view=compact&filter=active,0
https://youtube.com/about/company,0
https://instagram.com/user/dashboard/overview,0
https://instagram.com?q=cybersecurity+best+practices,0
https://reddit.com/products/electronics/deals,0
https://api.paypal.com/resources/whitepapers,0
https://www.linkedin.com/user/dashboard/overview,0
https://support.espn.com/article/2026/03/technology-update?view=compact&filter=active,0
https://blog.twitter.com/docs/v2/api,0
https://api.cnn.com/feed/trending,0
https://api.office.com/search,0
https://blog.nih.gov/feed/trending?q=cybersecurity+best+practices,0
https://docs.paypal.com/feed/trending,0
https://api.healthline.com/,0
https://docs.cloudflare.com/products/electronics/deals,0
https://etsy.com/pricing/enterprise,0
https://wikipedia.org/category/news/world,0
https://blog.mozilla.org/resources/whitepapers,0
https://blog.paypal.com/profile/settings,0
https://support.pinterest.com/search?q=cybersecurity+best+practices,0
https://ebay.com/profile/settings,0
https://support.linkedin.com/user/dashboard/overview,0
https://docs.stackoverflow.com/download/latest/installer.exe?view=compact&filter=active,0
https://www.office.com/download/latest/installer.exe,0
https://api.facebook.com/user/dashboard/overview?session_id=983427492&lang=en,0
https://blog.ebay.com/products/electronics/deals,0
https://blog.etsy.com,0
https://dropbox.com/resources/whitepapers,0
https://blog.stanford.edu,0
https://blog.netflix.com/download/latest/installer.exe?q=cybersecurity+best+practices,0
https://www.amazon.com/feed/trending,0
https://instagram.com/feed/trending,0
https://salesforce.com/article/2026/03/technology-update,0
https://mozilla.org/category/news/world,0
https://amazon.com/products/electronics/deals,0
https://support.twitch.tv/feed/trending,0
http://api.medium.com/blog/machine-learning,0
https://docs.netflix.com/article/2026/03/technology-update?utm_source=newsletter&utm_medium=email,0
https://mozilla.org/search,0
https://mozilla.org/about/company,0
https://www.instagram.com/resources/whitepapers,0
https://instagram.com/download/latest/installer.exe,0
https://yahoo.com/user/dashboard/overview,0
https://www.stanford.edu/feed/trending,0
https://reddit.com/explore?view=compact&filter=active,0
http://cloudflare.com/products/electronics/deals?category=all&page=2&sort=relevance,0
https://support.healthline.com/blog/machine-learning,0
https://twitter.com,0
https://linkedin.com/blog/machine-learning,0
https://support.target.com/blog/machine-learning,0
https://yahoo.com?q=cybersecurity+best+practices,0
https://www.walmart.com/search,0
https://www.netflix.com/products/electronics/deals?session_id=983427492&lang=en,0
https://support.cloudflare.com/category/news/world?session_id=983427492&lang=en,0
https://github.com/about/company,0
https://www.apple.com/article/2026/03/technology-update,0
https://wikipedia.org?ref=homepage&source=nav,0
https://www.harvard.edu/explore?view=compact&filter=active,0
https://api.target.com/products/electronics/deals?category=all&page=2&sort=relevance,0
https://zoom.us/download/latest/installer.exe,0
https://support.mit.edu/pricing/enterprise,0
https://slack.com/feed/trending,0
https://etsy.com/explore?session_id=983427492&lang=en,0
https://support.harvard.edu/docs/v2/api,0
http://stanford.edu/feed/trending,0
https://api.imdb.com/article/2026/03/technology-update?session_id=983427492&lang=en,0
https://adobe.com/explore,0
https://nytimes.com/docs/v2/api,0
https://netflix.com/,0
https://blog.cloudflare.com/docs/v2/api,0
https://docs.microsoft.com/about/company?q=cybersecurity+best+practices,0
https://ebay.com/products/electronics/deals?session_id=983427492&lang=en,0
https://www.harvard.edu/download/latest/installer.exe?q=cybersecurity+best+practices,0
https://www.healthline.com/docs/v2/api,0
https://facebook.com/search,0
https://www.yahoo.com/resources/whitepapers,0
https://support.stackoverflow.com/products/electronics/deals,0
https://blog.wikipedia.org/download/latest/installer.exe,0
https://support.twitch.tv/resources/whitepapers?view=compact&filter=active,0
https://www.medium.com/user/dashboard/overview?ref=homepage&source=nav,0
https://docs.medium.com/user/dashboard/overview,0
https://office.com/products/electronics/deals,0
https://docs.paypal.com/download/latest/installer.exe?ref=homepage&source=nav,0
http://api.medium.com/search,0
https://reddit.com/watch?v=dQw4w9WgXcQ,0
https://support.bbc.co.uk/pricing/enterprise?category=all&page=2&sort=relevance,0
https://support.paypal.com/download/latest/installer.exe?session_id=983427492&lang=en,0
http://office.com/pricing/enterprise?session_id=983427492&lang=en,0
https://blog.mit.edu/blog/machine-learning?q=cybersecurity+best+practices,0
https://support.espn.com/watch?v=dQw4w9WgXcQ,0
https://docs.nih.gov/download/latest/installer.exe,0
https://www.twitter.com/resources/whitepapers,0
https://docs.walmart.com/about/company?view=compact&filter=active,0
https://wikipedia.org/pricing/enterprise?ref=homepage&source=nav,0
https://zoom.us/watch?v=dQw4w9WgXcQ,0
https://docs.stanford.edu/about/company?q=cybersecurity+best+practices,0
https://www.instagram.com/feed/trending,0
https://www.cloudflare.com/watch?v=dQw4w9WgXcQ,0
https://www.github.com/search,0
https://cnn.com?category=all&page=2&sort=relevance,0
https://github.com/profile/settings,0
https://microsoft.com/category/news/world?category=all&page=2&sort=relevance,0
https://docs.cnn.com/support/faq?ref=homepage&source=nav,0
https://www.ebay.com/pricing/enterprise?category=all&page=2&sort=relevance,0
https://dropbox.com,0
https://nytimes.com/feed/trending?session_id=983427492&lang=en,0
http://blog.healthline.com?view=compact&filter=active,0
https://www.spotify.com/feed/trending,0
https://blog.github.com/products/electronics/deals?view=compact&filter=active,0
https://support.etsy.com/category/news/world,0
https://wikipedia.org/user/dashboard/overview?category=all&page=2&sort=relevance,0
https://docs.cloudflare.com/user/dashboard/overview,0
https://mit.edu/resources/whitepapers,0
https://blog.spotify.com/article/2026/03/technology-update?session_id=983427492&lang=en,0
https://mit.edu/docs/v2/api?session_id=983427492&lang=en,0
https://blog.wikipedia.org/article/2026/03/technology-update?view=compact&filter=active,0
https://docs.amazon.com/download/latest/installer.exe?view=compact&filter=active,0
https://www.twitch.tv/profile/settings,0
https://wikipedia.org/products/electronics/deals,0
https://docs.linkedin.com,0
https://docs.twitter.com/support/faq?view=compact&filter=active,0
http://api.linkedin.com/article/2026/03/technology-update,0
https://mozilla.org/about/company?category=all&page=2&sort=relevance,0
https://www.netflix.com/?ref=homepage&source=nav,0
https://stanford.edu/feed/trending?q=cybersecurity+best+practices,0
https://salesforce.com/support/faq,0
https://adobe.com/watch?v=dQw4w9WgXcQ?session_id=983427492&lang=en,0
https://www.mit.edu?ref=homepage&source=nav,0
https://docs.office.com/download/latest/installer.exe,0
https://www.stackoverflow.com/user/dashboard/overview,0
https://imdb.com/about/company,0
https://docs.linkedin.com/about/company?q=cybersecurity+best+practices,0
https://twitter.com/pricing/enterprise?utm_source=newsletter&utm_medium=email,0
https://netflix.com/resources/whitepapers?q=cybersecurity+best+practices,0
https://api.pinterest.com/resources/whitepapers?session_id=983427492&lang=en,0
https://support.espn.com/download/latest/installer.exe?view=compact&filter=active,0
https://support.wikipedia.org/download/latest/installer.exe,0
https://paypal.com/explore,0
https://api.stanford.edu/watch?v=dQw4w9WgXcQ,0
https://api.stanford.edu/docs/v2/api,0
https://api.quora.com/user/dashboard/overview?view=compact&filter=active,0
https://facebook.com/watch?v=dQw4w9WgXcQ?session_id=983427492&lang=en,0
https://blog.target.com/explore,0
https://nih.gov/user/dashboard/overview,0
http://support.twitch.tv,0
https://blog.quora.com/user/dashboard/overview,0
https://stanford.edu/pricing/enterprise?utm_source=newsletter&utm_medium=email,0
https://api.facebook.com/user/dashboard/overview,0
https://docs.linkedin.com/search?ref=homepage&source=nav,0
https://yahoo.com/profile/settings?session_id=983427492&lang=en,0
https://facebook.com/profile/settings?session_id=983427492&lang=en,0
https://support.paypal.com/category/news/world?category=all&page=2&sort=relevance,0
https://docs.spotify.com/download/latest/installer.exe,0
https://cnn.com/article/2026/03/technology-update,0
https://docs.medium.com/explore?session_id=983427492&lang=en,0
https://api.stackoverflow.com/explore?q=cybersecurity+best+practices,0
https://salesforce.com/user/dashboard/overview?view=compact&filter=active,0
https://imdb.com?session_id=983427492&lang=en,0
https://www.paypal.com/resources/whitepapers?q=cybersecurity+best+practices,0
https://api.dropbox.com/about/company,0
https://adobe.com/search?category=all&page=2&sort=relevance,0
https://wikipedia.org/article/2026/03/technology-update?q=cybersecurity+best+practices,0
https://api.wikipedia.org/feed/trending,0
https://support.twitch.tv/docs/v2/api,0
https://support.google.com/user/dashboard/overview?q=cybersecurity+best+practices,0
https://api.mit.edu/?q=cybersecurity+best+practices,0
https://www.quora.com/search,0
https://docs.dropbox.com/feed/trending,0
https://reddit.com/article/2026/03/technology-update?view=compact&filter=active,0
https://reddit.com/feed/trending,0
https://www.healthline.com/about/company?session_id=983427492&lang=en,0
http://api.microsoft.com/feed/trending,0
https://instagram.com/explore,0
https://www.quora.com/resources/whitepapers,0
https://blog.netflix.com/article/2026/03/technology-update,0
https://www.paypal.com/user/dashboard/overview,0
https://www.mit.edu/docs/v2/api,0
https://support.dropbox.com/products/electronics/deals,0
https://blog.office.com/explore,0
https://blog.harvard.edu/download/latest/installer.exe?session_id=983427492&lang=en,0
https://salesforce.com/explore?q=cybersecurity+best+practices,0
https://pinterest.com/article/2026/03/technology-update,0
https://support.twitch.tv,0
https://hulu.com/resources/whitepapers,0
https://pinterest.com/profile/settings?view=compact&filter=active,0
https://api.github.com/watch?v=dQw4w9WgXcQ,0
http://www.healthline.com/explore,0
https://docs.twitter.com,0
https://blog.salesforce.com/article/2026/03/technology-update,0
https://support.apple.com/,0
https://support.cnn.com/resources/whitepapers,0
https://instagram.com/?ref=homepage&source=nav,0
https://www.harvard.edu/support/faq,0
https://blog.imdb.com/article/2026/03/technology-update?q=cybersecurity+best+practices,0
https://www.nih.gov/blog/machine-learning,0
https://weather.com/feed/trending?q=cybersecurity+best+practices,0
https://blog.target.com/blog/machine-learning,0
https://api.amazon.com/category/news/world?q=cybersecurity+best+practices,0
https://blog.stanford.edu/,0
https://stanford.edu/download/latest/installer.exe,0
https://www.pinterest.com/blog/machine-learning?category=all&page=2&sort=relevance,0
https://blog.salesforce.com/products/electronics/deals,0
https://facebook.com/category/news/world,0
http://reddit.com/?ref=homepage&source=nav,0
https://blog.healthline.com/support/faq,0
https://target.com/docs/v2/api,0
https://support.spotify.com?q=cybersecurity+best+practices,0
https://cnn.com?view=compact&filter=active,0
https://imdb.com/download/latest/installer.exe?ref=homepage&source=nav,0
https://www.healthline.com/blog/machine-learning,0
https://docs.imdb.com/docs/v2/api,0
https://www.instagram.com/products/electronics/deals?session_id=983427492&lang=en,0
https://stackoverflow.com/watch?v=dQw4w9WgXcQ?view=compact&filter=active,0
https://docs.google.com/download/latest/installer.exe,0
https://www.nih.gov/article/2026/03/technology-update?ref=homepage&source=nav,0
https://healthline.com/explore?view=compact&filter=active,0
https://wikipedia.org/feed/trending?category=all&page=2&sort=relevance,0
https://medium.com/docs/v2/api,0
https://cnn.com,0
https://docs.github.com/docs/v2/api,0
https://www.adobe.com/pricing/enterprise?q=cybersecurity+best+practices,0
https://harvard.edu/explore,0
https://reddit.com/search?utm_source=newsletter&utm_medium=email,0
https://api.twitch.tv/watch?v=dQw4w9WgXcQ?q=cybersecurity+best+practices,0
https://harvard.edu/about/company,0
https://blog.hulu.com/search?view=compact&filter=active,0
https://www.netflix.com/support/faq,0
https://office.com/resources/whitepapers?ref=homepage&source=nav,0
https://www.spotify.com/download/latest/installer.exe,0
https://docs.office.com/support/faq,0
https://nytimes.com/user/dashboard/overview,0
https://www.walmart.com/download/latest/installer.exe,0
https://support.quora.com/article/2026/03/technology-update?q=cybersecurity+best+practices,0
https://facebook.com/pricing/enterprise?q=cybersecurity+best+practices,0
https://blog.apple.com/docs/v2/api,0
http://linkedin.com/docs/v2/api,0
https://amazon.com/resources/whitepapers,0
https://support.linkedin.com/about/company,0
https://support.cloudflare.com,0
https://nih.gov/watch?v=dQw4w9WgXcQ,0
https://docs.twitch.tv/user/dashboard/overview?ref=homepage&source=nav,0
https://www.wikipedia.org/products/electronics/deals,0
https://support.mozilla.org/download/latest/installer.exe?q=cybersecurity+best+practices,0
https://www.paypal.com/profile/settings,0
https://blog.espn.com,0
https://github.com?ref=homepage&source=nav,0
https://twitter.com/article/2026/03/technology-update,0
https://etsy.com/feed/trending,0
https://medium.com/pricing/enterprise?category=all&page=2&sort=relevance,0
https://support.spotify.com/pricing/enterprise?session_id=983427492&lang=en,0
https://support.ebay.com/category/news/world,0
https://netflix.com/download/latest/installer.exe,0
https://microsoft.com/docs/v2/api,0
https://www.wikipedia.org/products/electronics/deals?session_id=983427492&lang=en,0
https://api.yahoo.com/category/news/world?utm_source=newsletter&utm_medium=email,0
https://www.ebay.com/support/faq,0
https://twitch.tv/download/latest/installer.exe,0
https://docs.wikipedia.org/support/faq,0
https://amazon.com/pricing/enterprise,0
https://mozilla.org/feed/trending?view=compact&filter=active,0
https://nih.gov/feed/trending,0
https://api.zoom.us/docs/v2/api,0
https://blog.weather.com/search?utm_source=newsletter&utm_medium=email,0
https://harvard.edu/?q=cybersecurity+best+practices,0
https://target.com/explore,0
https://www.zoom.us/download/latest/installer.exe?session_id=983427492&lang=en,0
https://api.mozilla.org/blog/machine-learning,0
https://docs.github.com/resources/whitepapers,0
https://spotify.com/feed/trending,0
https://reddit.com/?category=all&page=2&sort=relevance,0
https://facebook.com/?view=compact&filter=active,0
https://docs.paypal.com/products/electronics/deals,0
https://blog.harvard.edu/watch?v=dQw4w9WgXcQ,0
https://zoom.us/blog/machine-learning?utm_source=newsletter&utm_medium=email,0
https://bbc.co.uk/,0
https://blog.ebay.com/watch?v=dQw4w9WgXcQ,0
https://support.office.com/watch?v=dQw4w9WgXcQ?category=all&page=2&sort=relevance,0
https://stanford.edu/user/dashboard/overview?utm_source=newsletter&utm_medium=email,0
https://www.mit.edu/support/faq?view=compact&filter=active,0
https://spotify.com/blog/machine-learning?category=all&page=2&sort=relevance,0
https://support.reddit.com/resources/whitepapers,0
https://www.cloudflare.com/blog/machine-learning?utm_source=newsletter&utm_medium=email,0
https://www.facebook.com/resources/whitepapers?view=compact&filter=active,0
https://salesforce.com/products/electronics/deals?session_id=983427492&lang=en,0
https://pinterest.com/feed/trending?category=all&page=2&sort=relevance,0
https://api.target.com/resources/whitepapers,0
https://support.stanford.edu/about/company?view=compact&filter=active,0
https://wikipedia.org/search?utm_source=newsletter&utm_medium=email,0
https://api.github.com/user/dashboard/overview,0
https://support.imdb.com/about/company?q=cybersecurity+best+practices,0
https://support.mozilla.org/download/latest/installer.exe,0
https://blog.adobe.com/profile/settings,0
http://slack.com/resources/whitepapers,0
https://api.paypal.com/support/faq,0
https://api.apple.com/resources/whitepapers,0
https://blog.instagram.com/category/news/world,0
https://support.linkedin.com/download/latest/installer.exe?session_id=983427492&lang=en,0
https://target.com/support/faq,0
https://wikipedia.org/docs/v2/api?session_id=983427492&lang=en,0
https://docs.nytimes.com/profile/settings?ref=homepage&source=nav,0
https://support.netflix.com/explore,0
https://reddit.com/about/company,0
https://blog.amazon.com/products/electronics/deals,0
https://docs.youtube.com/search,0
http://docs.spotify.com/watch?v=dQw4w9WgXcQ,0
https://support.instagram.com/,0
https://api.dropbox.com/user/dashboard/overview,0
https://www.bbc.co.uk?utm_source=newsletter&utm_medium=email,0
https://spotify.com/search?q=cybersecurity+best+practices,0
https://docs.stackoverflow.com/resources/whitepapers?category=all&page=2&sort=relevance,0
https://imdb.com/products/electronics/deals?category=all&page=2&sort=relevance,0
https://support.cloudflare.com/profile/settings?utm_source=newsletter&utm_medium=email,0
https://api.salesforce.com/pricing/enterprise,0
http://support.espn.com/category/news/world,0
https://docs.instagram.com/watch?v=dQw4w9WgXcQ,0
http://mit.edu/docs/v2/api,0
https://stanford.edu/support/faq,0
https://api.spotify.com/search,0
https://mit.edu/resources/whitepapers?category=all&page=2&sort=relevance,0
http://spotify.com/?category=all&page=2&sort=relevance,0
https://cnn.com/blog/machine-learning,0
https://salesforce.com,0
https://docs.etsy.com/about/company,0
http://api.microsoft.com/,0
http://api.dropbox.com/support/faq,0
https://docs.medium.com/feed/trending,0
http://weather.com/article/2026/03/technology-update,0
https://support.github.com/resources/whitepapers,0
https://api.paypal.com?view=compact&filter=active,0
https://docs.weather.com/profile/settings?q=cybersecurity+best+practices,0
https://reddit.com/docs/v2/api?view=compact&filter=active,0
https://support.slack.com/explore?q=cybersecurity+best+practices,0
https://blog.mit.edu/support/faq?category=all&page=2&sort=relevance,0
https://support.bbc.co.uk/search,0
https://support.nytimes.com/products/electronics/deals,0
https://apple.com/products/electronics/deals,0
https://hulu.com/products/electronics/deals?view=compact&filter=active,0
https://blog.spotify.com/blog/machine-learning?view=compact&filter=active,0
https://linkedin.com/pricing/enterprise,0
https://docs.weather.com/products/electronics/deals,0
http://reddit.com/blog/machine-learning,0
https://blog.mit.edu/profile/settings,0
https://www.dropbox.com/download/latest/installer.exe?utm_source=newsletter&utm_medium=email,0
https://cloudflare.com/explore,0
http://api.quora.com/resources/whitepapers,0
http://www.nytimes.com/explore,0
https://cnn.com/user/dashboard/overview,0
https://stanford.edu/products/electronics/deals,0
https://healthline.com/about/company,0
https://support.stanford.edu/about/company?session_id=983427492&lang=en,0
https://www.spotify.com/watch?v=dQw4w9WgXcQ,0
https://docs.google.com/support/faq,0
https://amazon.com?category=all&page=2&sort=relevance,0
http://docs.hulu.com/explore,0
https://www.harvard.edu/category/news/world?view=compact&filter=active,0
https://walmart.com/feed/trending,0
https://dropbox.com/support/faq?view=compact&filter=active,0
https://blog.espn.com/category/news/world,0
http://support.slack.com/docs/v2/api,0
https://docs.etsy.com/pricing/enterprise,0
https://blog.salesforce.com/user/dashboard/overview?category=all&page=2&sort=relevance,0
https://quora.com/pricing/enterprise?category=all&page=2&sort=relevance,0
https://cnn.com/?session_id=983427492&lang=en,0
https://weather.com/blog/machine-learning?view=compact&filter=active,0
https://stackoverflow.com,0
https://api.mozilla.org/about/company?session_id=983427492&lang=en,0
http://hulu.com/about/company,0
http://stackoverflow.com/,0
https://dropbox.com/,0
https://api.stackoverflow.com/user/dashboard/overview,0
https://stackoverflow.com/feed/trending?q=cybersecurity+best+practices,0
https://www.medium.com/resources/whitepapers?ref=homepage&source=nav,0
https://www.linkedin.com/profile/settings,0
https://medium.com/about/company?session_id=983427492&lang=en,0
https://instagram.com/resources/whitepapers,0
https://stanford.edu/pricing/enterprise,0
https://docs.slack.com,0
https://slack.com/docs/v2/api?ref=homepage&source=nav,0
https://www.imdb.com/user/dashboard/overview?ref=homepage&source=nav,0
https://quora.com/search,0
https://nih.gov/explore?utm_source=newsletter&utm_medium=email,0
https://blog.healthline.com/about/company,0
http://www.reddit.com/products/electronics/deals,0
https://pinterest.com/explore,0
https://api.instagram.com/profile/settings?session_id=983427492&lang=en,0
https://docs.mit.edu/docs/v2/api?q=cybersecurity+best+practices,0
https://mit.edu/category/news/world?utm_source=newsletter&utm_medium=email,0
https://office.com/explore?category=all&page=2&sort=relevance,0
https://cnn.com/explore,0
https://netflix.com/blog/machine-learning,0
https://imdb.com/blog/machine-learning,0
https://support.linkedin.com/blog/machine-learning,0
https://api.dropbox.com/products/electronics/deals,0
https://www.salesforce.com/docs/v2/api,0
https://www.ebay.com/profile/settings?session_id=983427492&lang=en,0
https://zoom.us/feed/trending,0
https://stanford.edu/pricing/enterprise?view=compact&filter=active,0
https://docs.hulu.com/support/faq?view=compact&filter=active,0
https://nytimes.com/watch?v=dQw4w9WgXcQ?category=all&page=2&sort=relevance,0
https://slack.com/profile/settings,0
https://blog.amazon.com?ref=homepage&source=nav,0
https://www.cloudflare.com/products/electronics/deals?category=all&page=2&sort=relevance,0
https://twitter.com?session_id=983427492&lang=en,0
https://microsoft.com/pricing/enterprise?utm_source=newsletter&utm_medium=email,0
https://api.etsy.com/pricing/enterprise,0
https://docs.linkedin.com/resources/whitepapers?view=compact&filter=active,0
https://adobe.com/user/dashboard/overview,0
https://blog.stackoverflow.com/download/latest/installer.exe,0
https://yahoo.com/user/dashboard/overview?view=compact&filter=active,0
https://docs.weather.com/,0
https://bbc.co.uk/support/faq,0
https://apple.com/user/dashboard/overview?ref=homepage&source=nav,0
https://mit.edu/article/2026/03/technology-update,0
https://support.etsy.com/,0
https://api.slack.com/search?category=all&page=2&sort=relevance,0
https://cnn.com/,0
https://blog.dropbox.com/article/2026/03/technology-update,0
https://docs.salesforce.com/resources/whitepapers,0
https://blog.weather.com/pricing/enterprise,0
https://apple.com/search?q=cybersecurity+best+practices,0
https://www.nytimes.com/download/latest/installer.exe,0
https://www.dropbox.com/blog/machine-learning?ref=homepage&source=nav,0
https://www.stackoverflow.com/category/news/world?ref=homepage&source=nav,0
https://pinterest.com/pricing/enterprise?session_id=983427492&lang=en,0
https://netflix.com/article/2026/03/technology-update?session_id=983427492&lang=en,0
https://medium.com/,0
http://hulu.com/download/latest/installer.exe,0
https://facebook.com/resources/whitepapers?session_id=983427492&lang=en,0
https://walmart.com/support/faq?ref=homepage&source=nav,0
https://imdb.com,0
https://support.twitch.tv/?utm_source=newsletter&utm_medium=email,0
https://blog.etsy.com/watch?v=dQw4w9WgXcQ?category=all&page=2&sort=relevance,0
https://cnn.com/article/2026/03/technology-update?ref=homepage&source=nav,0
https://zoom.us/profile/settings,0
https://api.nih.gov,0
https://www.spotify.com/blog/machine-learning,0
https://api.facebook.com/search,0
https://docs.spotify.com/watch?v=dQw4w9WgXcQ,0
https://www.bbc.co.uk/article/2026/03/technology-update?q=cybersecurity+best+practices,0
https://nih.gov/explore?q=cybersecurity+best+practices,0
https://bbc.co.uk/pricing/enterprise,0
https://paypal.com/resources/whitepapers?ref=homepage&source=nav,0
https://imdb.com/products/electronics/deals?utm_source=newsletter&utm_medium=email,0
https://support.pinterest.com/pricing/enterprise?category=all&page=2&sort=relevance,0
https://www.microsoft.com/download/latest/installer.exe?session_id=983427492&lang=en,0
https://www.amazon.com/category/news/world?session_id=983427492&lang=en,0
https://slack.com/category/news/world?utm_source=newsletter&utm_medium=email,0
https://blog.quora.com/profile/settings,0
https://nytimes.com/pricing/enterprise,0
https://docs.reddit.com/resources/whitepapers,0
https://pinterest.com/pricing/enterprise?utm_source=newsletter&utm_medium=email,0
https://slack.com/docs/v2/api?q=cybersecurity+best+practices,0
https://support.slack.com/docs/v2/api?view=compact&filter=active,0
https://spotify.com/resources/whitepapers,0
https://www.etsy.com/watch?v=dQw4w9WgXcQ,0
https://slack.com/user/dashboard/overview?category=all&page=2&sort=relevance,0
https://docs.quora.com/pricing/enterprise,0
https://nytimes.com/support/faq?ref=homepage&source=nav,0
https://support.cloudflare.com/blog/machine-learning?category=all&page=2&sort=relevance,0
https://support.office.com/watch?v=dQw4w9WgXcQ?utm_source=newsletter&utm_medium=email,0
https://pinterest.com?ref=homepage&source=nav,0
https://api.etsy.com/category/news/world?category=all&page=2&sort=relevance,0
https://blog.facebook.com/support/faq,0
https://blog.stackoverflow.com/explore?session_id=983427492&lang=en,0
https://github.com/category/news/world,0
https://api.microsoft.com/user/dashboard/overview,0
https://youtube.com/about/company?utm_source=newsletter&utm_medium=email,0
https://docs.cloudflare.com/about/company?session_id=983427492&lang=en,0
https://docs.reddit.com/feed/trending,0
https://cnn.com/pricing/enterprise?session_id=983427492&lang=en,0
https://pinterest.com/support/faq,0
http://quora.com/user/dashboard/overview?session_id=983427492&lang=en,0
https://www.healthline.com/docs/v2/api?view=compact&filter=active,0
https://harvard.edu/feed/trending,0
https://instagram.com/profile/settings?session_id=983427492&lang=en,0
https://healthline.com/category/news/world?q=cybersecurity+best+practices,0
https://support.adobe.com/feed/trending,0
https://espn.com/feed/trending,0
https://docs.stackoverflow.com/support/faq,0
https://blog.instagram.com/explore,0
https://docs.linkedin.com/feed/trending?session_id=983427492&lang=en,0
https://stackoverflow.com/products/electronics/deals?view=compact&filter=active,0
https://blog.target.com/support/faq,0
https://support.yahoo.com/explore?utm_source=newsletter&utm_medium=email,0
https://linkedin.com,0
https://api.ebay.com/search?utm_source=newsletter&utm_medium=email,0
https://walmart.com/watch?v=dQw4w9WgXcQ?category=all&page=2&sort=relevance,0
https://adobe.com/watch?v=dQw4w9WgXcQ?ref=homepage&source=nav,0
https://target.com/?view=compact&filter=active,0
https://docs.github.com/,0
https://support.adobe.com/article/2026/03/technology-update,0
https://www.salesforce.com/profile/settings,0
https://slack.com/user/dashboard/overview?q=cybersecurity+best+practices,0
https://www.imdb.com/about/company?category=all&page=2&sort=relevance,0
https://youtube.com/blog/machine-learning,0
https://docs.slack.com/about/company?utm_source=newsletter&utm_medium=email,0
https://salesforce.com/feed/trending?ref=homepage&source=nav,0
https://api.github.com,0
https://wikipedia.org/watch?v=dQw4w9WgXcQ,0
https://imdb.com/docs/v2/api,0
https://api.quora.com/article/2026/03/technology-update,0
https://slack.com/support/faq,0
https://etsy.com/profile/settings?view=compact&filter=active,0
https://blog.hulu.com/article/2026/03/technology-update,0
https://support.pinterest.com/search?category=all&page=2&sort=relevance,0
https://yahoo.com/explore,0
https://api.yahoo.com/feed/trending,0
https://slack.com/about/company,0
https://harvard.edu/support/faq?ref=homepage&source=nav,0
https://yahoo.com/category/news/world?view=compact&filter=active,0
https://blog.paypal.com/feed/trending,0
https://linkedin.com/feed/trending,0
https://netflix.com/about/company?q=cybersecurity+best+practices,0
https://walmart.com/?utm_source=newsletter&utm_medium=email,0
https://www.dropbox.com/pricing/enterprise?q=cybersecurity+best+practices,0
https://blog.twitch.tv/pricing/enterprise?category=all&page=2&sort=relevance,0
https://support.target.com/products/electronics/deals,0
https://facebook.com/profile/settings?q=cybersecurity+best+practices,0
https://docs.imdb.com/support/faq?view=compact&filter=active,0
http://support.cnn.com/feed/trending,0
https://google.com/,0
https://blog.twitch.tv/about/company,0
https://zoom.us/download/latest/installer.exe?ref=homepage&source=nav,0
https://quora.com/search?view=compact&filter=active,0
https://blog.yahoo.com/docs/v2/api?utm_source=newsletter&utm_medium=email,0
https://support.stanford.edu/explore?category=all&page=2&sort=relevance,0
https://instagram.com/pricing/enterprise?view=compact&filter=active,0
https://twitch.tv/user/dashboard/overview?q=cybersecurity+best+practices,0
https://instagram.com/products/electronics/deals,0
https://blog.google.com/explore?ref=homepage&source=nav,0
http://google.com/profile/settings?category=all&page=2&sort=relevance,0
http://blog.stanford.edu/?view=compact&filter=active,0
https://support.office.com/blog/machine-learning,0
https://nih.gov/,0
https://www.netflix.com/docs/v2/api,0
https://www.cnn.com,0
https://www.spotify.com/pricing/enterprise?session_id=983427492&lang=en,0
https://mit.edu/products/electronics/deals?utm_source=newsletter&utm_medium=email,0
https://www.stanford.edu,0
https://reddit.com/search?category=all&page=2&sort=relevance,0
https://wikipedia.org/search,0
https://youtube.com/products/electronics/deals?category=all&page=2&sort=relevance,0
https://nytimes.com/products/electronics/deals?session_id=983427492&lang=en,0
https://apple.com/about/company,0
https://www.spotify.com/profile/settings?q=cybersecurity+best+practices,0
https://blog.bbc.co.uk/search,0
https://api.dropbox.com/blog/machine-learning?session_id=983427492&lang=en,0
https://api.microsoft.com/download/latest/installer.exe,0
https://support.stanford.edu/about/company,0
https://support.pinterest.com/profile/settings,0
https://docs.mit.edu/docs/v2/api,0
https://dropbox.com/watch?v=dQw4w9WgXcQ,0
https://www.nih.gov/pricing/enterprise,0
https://docs.instagram.com/blog/machine-learning?session_id=983427492&lang=en,0
https://www.zoom.us/profile/settings?utm_source=newsletter&utm_medium=email,0
https://harvard.edu/article/2026/03/technology-update?utm_source=newsletter&utm_medium=email,0
https://api.twitch.tv/download/latest/installer.exe?q=cybersecurity+best+practices,0
https://support.medium.com/category/news/world,0
https://www.medium.com/pricing/enterprise,0
https://www.google.com/watch?v=dQw4w9WgXcQ,0
https://docs.nytimes.com/search?q=cybersecurity+best+practices,0
https://paypal.com/watch?v=dQw4w9WgXcQ,0
https://harvard.edu/products/electronics/deals?session_id=983427492&lang=en,0
https://mozilla.org/download/latest/installer.exe,0
https://linkedin.com/support/faq?view=compact&filter=active,0
https://api.twitch.tv/search,0
https://imdb.com/watch?v=dQw4w9WgXcQ?ref=homepage&source=nav,0
https://api.pinterest.com/download/latest/installer.exe?session_id=983427492&lang=en,0
https://docs.salesforce.com/docs/v2/api,0
https://office.com/resources/whitepapers,0
https://docs.quora.com/search,0
https://apple.com/profile/settings,0
https://docs.cloudflare.com/support/faq?ref=homepage&source=nav,0
https://api.instagram.com/download/latest/installer.exe,0
https://support.ebay.com/profile/settings,0
http://slack.com/support/faq,0
https://www.wikipedia.org/docs/v2/api?category=all&page=2&sort=relevance,0
https://support.dropbox.com/article/2026/03/technology-update?view=compact&filter=active,0
http://quora.com/search,0
https://support.espn.com/explore,0
http://wikipedia.org/about/company,0
https://support.bbc.co.uk/search?category=all&page=2&sort=relevance,0
https://blog.twitter.com/category/news/world?view=compact&filter=active,0
https://www.cnn.com/profile/settings,0
http://blog.instagram.com,0
https://blog.slack.com/profile/settings,0
https://healthline.com/article/2026/03/technology-update,0
https://adobe.com/about/company?utm_source=newsletter&utm_medium=email,0
https://api.imdb.com/support/faq?category=all&page=2&sort=relevance,0
https://google.com/support/faq,0
https://docs.mozilla.org/products/electronics/deals?q=cybersecurity+best+practices,0
https://support.bbc.co.uk/search?utm_source=newsletter&utm_medium=email,0
https://docs.spotify.com,0
https://docs.stackoverflow.com/article/2026/03/technology-update,0
https://www.reddit.com/watch?v=dQw4w9WgXcQ?session_id=983427492&lang=en,0
https://www.target.com/resources/whitepapers?ref=homepage&source=nav,0
https://support.paypal.com/support/faq?utm_source=newsletter&utm_medium=email,0
https://docs.zoom.us/about/company?category=all&page=2&sort=relevance,0
https://instagram.com/user/dashboard/overview?view=compact&filter=active,0
https://instagram.com/download/latest/installer.exe?category=all&page=2&sort=relevance,0
https://slack.com?q=cybersecurity+best+practices,0
https://api.pinterest.com/resources/whitepapers?ref=homepage&source=nav,0
https://docs.yahoo.com/search,0
https://nih.gov/category/news/world?view=compact&filter=active,0
http://twitter.com/about/company,0
https://www.etsy.com/blog/machine-learning?view=compact&filter=active,0
https://mozilla.org/support/faq?q=cybersecurity+best+practices,0
https://amazon.com/?category=all&page=2&sort=relevance,0
https://office.com/resources/whitepapers?session_id=983427492&lang=en,0
https://api.espn.com,0
https://apple.com/download/latest/installer.exe?session_id=983427492&lang=en,0
https://paypal.com/category/news/world?category=all&page=2&sort=relevance,0
https://reddit.com/profile/settings?utm_source=newsletter&utm_medium=email,0
https://blog.reddit.com/resources/whitepapers?q=cybersecurity+best+practices,0
https://docs.mozilla.org/article/2026/03/technology-update?ref=homepage&source=nav,0
https://cloudflare.com/blog/machine-learning?utm_source=newsletter&utm_medium=email,0
https://support.paypal.com/about/company,0
https://docs.etsy.com/blog/machine-learning?q=cybersecurity+best+practices,0
https://stanford.edu/about/company?ref=homepage&source=nav,0
http://api.youtube.com/about/company,0
https://support.paypal.com/category/news/world,0
https://support.yahoo.com/docs/v2/api?utm_source=newsletter&utm_medium=email,0
https://paypal.com/feed/trending?view=compact&filter=active,0
https://blog.reddit.com/feed/trending,0
https://api.google.com/article/2026/03/technology-update?ref=homepage&source=nav,0
https://blog.zoom.us/category/news/world,0
https://api.walmart.com/search,0
https://quora.com/profile/settings?q=cybersecurity+best+practices,0
https://healthline.com/feed/trending,0
https://twitter.com/products/electronics/deals?ref=homepage&source=nav,0
https://imdb.com/blog/machine-learning?q=cybersecurity+best+practices,0
https://docs.healthline.com,0
https://www.cnn.com/support/faq?utm_source=newsletter&utm_medium=email,0
https://support.amazon.com/about/company,0
https://api.ebay.com/watch?v=dQw4w9WgXcQ,0
https://adobe.com/category/news/world,0
https://office.com/about/company?q=cybersecurity+best+practices,0
https://www.yahoo.com/support/faq?category=all&page=2&sort=relevance,0
https://blog.slack.com/article/2026/03/technology-update?category=all&page=2&sort=relevance,0
https://medium.com/about/company,0
https://zoom.us/resources/whitepapers,0
https://stackoverflow.com/support/faq,0
https://www.target.com/products/electronics/deals?category=all&page=2&sort=relevance,0
https://github.com/watch?v=dQw4w9WgXcQ,0
https://imdb.com/download/latest/installer.exe?session_id=983427492&lang=en,0
https://api.cnn.com/download/latest/installer.exe,0
https://ebay.com/pricing/enterprise,0
https://www.slack.com/about/company?utm_source=newsletter&utm_medium=email,0
https://nytimes.com/user/dashboard/overview?ref=homepage&source=nav,0
https://www.stackoverflow.com/search?session_id=983427492&lang=en,0
https://blog.spotify.com/blog/machine-learning?q=cybersecurity+best+practices,0
https://twitch.tv/feed/trending?view=compact&filter=active,0
https://pinterest.com/resources/whitepapers?utm_source=newsletter&utm_medium=email,0
https://docs.spotify.com/about/company?session_id=983427492&lang=en,0
https://api.amazon.com/explore?view=compact&filter=active,0
https://docs.wikipedia.org/products/electronics/deals?view=compact&filter=active,0
https://support.cnn.com/docs/v2/api,0
https://etsy.com/category/news/world?session_id=983427492&lang=en,0
https://docs.twitch.tv/about/company,0
https://youtube.com/support/faq,0
https://blog.adobe.com/user/dashboard/overview,0
http://medium.com?view=compact&filter=active,0
https://twitter.com/resources/whitepapers?q=cybersecurity+best+practices,0
https://facebook.com/docs/v2/api?category=all&page=2&sort=relevance,0
https://salesforce.com/products/electronics/deals,0
https://api.instagram.com/category/news/world,0
https://support.reddit.com/pricing/enterprise?ref=homepage&source=nav,0
https://api.facebook.com/pricing/enterprise,0
https://mozilla.org/download/latest/installer.exe?category=all&page=2&sort=relevance,0
https://github.com/about/company?category=all&page=2&sort=relevance,0
https://nih.gov/search?view=compact&filter=active,0
http://office.com/profile/settings?ref=homepage&source=nav,0
https://stanford.edu/?q=cybersecurity+best+practices,0
https://support.quora.com/watch?v=dQw4w9WgXcQ,0
https://yahoo.com/products/electronics/deals,0
https://www.microsoft.com/resources/whitepapers,0
https://www.espn.com/watch?v=dQw4w9WgXcQ,0
https://api.slack.com/blog/machine-learning,0
https://support.github.com/products/electronics/deals,0
https://netflix.com/search?session_id=983427492&lang=en,0
https://weather.com/article/2026/03/technology-update,0
https://medium.com/blog/machine-learning?utm_source=newsletter&utm_medium=email,0
https://www.cnn.com/support/faq,0
https://imdb.com/download/latest/installer.exe?view=compact&filter=active,0
https://instagram.com/?q=cybersecurity+best+practices,0
https://api.healthline.com/download/latest/installer.exe,0
https://weather.com/blog/machine-learning,0
https://blog.pinterest.com/watch?v=dQw4w9WgXcQ,0
https://docs.hulu.com/explore?ref=homepage&source=nav,0
http://bbc.co.uk/pricing/enterprise,0
https://walmart.com/article/2026/03/technology-update?view=compact&filter=active,0
https://www.target.com/pricing/enterprise,0
https://api.wikipedia.org/watch?v=dQw4w9WgXcQ,0
https://www.dropbox.com/category/news/world?view=compact&filter=active,0
https://harvard.edu/article/2026/03/technology-update?view=compact&filter=active,0
http://api.walmart.com/resources/whitepapers?ref=homepage&source=nav,0
https://zoom.us/category/news/world?category=all&page=2&sort=relevance,0
https://blog.linkedin.com,0
https://mit.edu/search,0
https://www.netflix.com/article/2026/03/technology-update,0
https://blog.adobe.com/docs/v2/api,0
https://www.imdb.com/products/electronics/deals,0
https://spotify.com/explore?utm_source=newsletter&utm_medium=email,0
https://bbc.co.uk/blog/machine-learning,0
https://docs.stanford.edu/about/company,0
https://blog.espn.com/article/2026/03/technology-update?session_id=983427492&lang=en,0
https://docs.stanford.edu/?view=compact&filter=active,0
https://support.cnn.com/category/news/world,0
https://www.nytimes.com/resources/whitepapers,0
https://api.hulu.com/download/latest/installer.exe?view=compact&filter=active,0
https://salesforce.com/explore?view=compact&filter=active,0
https://docs.espn.com/,0
https://api.mozilla.org/?view=compact&filter=active,0
https://ebay.com/resources/whitepapers?session_id=983427492&lang=en,0
https://cnn.com/support/faq,0
https://www.bbc.co.uk/products/electronics/deals?view=compact&filter=active,0
https://blog.spotify.com/watch?v=dQw4w9WgXcQ?view=compact&filter=active,0
https://support.dropbox.com/article/2026/03/technology-update,0
https://blog.wikipedia.org/feed/trending?view=compact&filter=active,0
https://docs.bbc.co.uk/pricing/enterprise,0
https://www.paypal.com/support/faq,0
https://instagram.com/search,0
https://support.espn.com/download/latest/installer.exe?q=cybersecurity+best+practices,0
https://walmart.com/docs/v2/api,0
https://stackoverflow.com/support/faq?category=all&page=2&sort=relevance,0
https://support.nytimes.com/profile/settings,0
https://www.stanford.edu/article/2026/03/technology-update,0
https://netflix.com/article/2026/03/technology-update?view=compact&filter=active,0
https://api.cloudflare.com/products/electronics/deals,0
https://blog.paypal.com/resources/whitepapers,0
https://support.spotify.com/article/2026/03/technology-update?utm_source=newsletter&utm_medium=email,0
https://api.pinterest.com/support/faq,0
https://support.adobe.com/user/dashboard/overview?q=cybersecurity+best+practices,0
https://yahoo.com/blog/machine-learning,0
https://www.office.com/search,0
https://support.cnn.com?category=all&page=2&sort=relevance,0
https://www.linkedin.com/blog/machine-learning,0
https://medium.com/category/news/world?q=cybersecurity+best+practices,0
https://api.amazon.com/resources/whitepapers?session_id=983427492&lang=en,0
https://reddit.com/explore?utm_source=newsletter&utm_medium=email,0
https://harvard.edu/resources/whitepapers,0
https://www.bbc.co.uk/profile/settings,0
https://blog.nih.gov/blog/machine-learning?utm_source=newsletter&utm_medium=email,0
https://medium.com/pricing/enterprise?q=cybersecurity+best+practices,0
https://api.weather.com/products/electronics/deals,0
https://api.netflix.com/watch?v=dQw4w9WgXcQ?session_id=983427492&lang=en,0
https://docs.instagram.com?utm_source=newsletter&utm_medium=email,0
https://blog.reddit.com/about/company,0
https://imdb.com/feed/trending,0
https://docs.weather.com/user/dashboard/overview?view=compact&filter=active,0
https://reddit.com/support/faq,0
https://hulu.com/download/latest/installer.exe,0
https://support.office.com/explore,0
https://api.spotify.com/user/dashboard/overview?view=compact&filter=active,0
https://twitter.com/docs/v2/api,0
http://docs.healthline.com/download/latest/installer.exe,0
https://github.com/feed/trending?ref=homepage&source=nav,0
https://support.stackoverflow.com/,0
https://walmart.com/resources/whitepapers?utm_source=newsletter&utm_medium=email,0
https://pinterest.com/,0
https://support.instagram.com/support/faq,0
https://api.facebook.com,0
https://docs.ebay.com/article/2026/03/technology-update,0
https://microsoft.com/article/2026/03/technology-update?ref=homepage&source=nav,0
https://support.twitch.tv/about/company,0
https://docs.twitter.com/profile/settings?session_id=983427492&lang=en,0
https://docs.microsoft.com/docs/v2/api?q=cybersecurity+best+practices,0
https://blog.yahoo.com/download/latest/installer.exe,0
https://api.twitter.com/feed/trending,0
https://microsoft.com/explore,0
https://docs.cloudflare.com/?utm_source=newsletter&utm_medium=email,0
http://support.twitter.com/support/faq,0
https://netflix.com/profile/settings?ref=homepage&source=nav,0
https://youtube.com/article/2026/03/technology-update?ref=homepage&source=nav,0
https://blog.netflix.com/,0
https://api.quora.com/watch?v=dQw4w9WgXcQ?ref=homepage&source=nav,0
http://support.netflix.com/article/2026/03/technology-update,0
https://api.apple.com/explore?view=compact&filter=active,0
https://etsy.com/feed/trending?session_id=983427492&lang=en,0
https://docs.harvard.edu/article/2026/03/technology-update?utm_source=newsletter&utm_medium=email,0
https://www.healthline.com/blog/machine-learning?ref=homepage&source=nav,0
https://www.stackoverflow.com/download/latest/installer.exe?q=cybersecurity+best+practices,0
https://blog.youtube.com/docs/v2/api,0
https://docs.walmart.com/docs/v2/api?ref=homepage&source=nav,0
https://docs.zoom.us/blog/machine-learning?category=all&page=2&sort=relevance,0
https://facebook.com/products/electronics/deals?view=compact&filter=active,0
https://www.paypal.com/download/latest/installer.exe,0
https://api.nih.gov/resources/whitepapers,0
https://support.target.com/download/latest/installer.exe?category=all&page=2&sort=relevance,0
https://cloudflare.com/products/electronics/deals,0
https://support.cnn.com/docs/v2/api?utm_source=newsletter&utm_medium=email,0
https://twitter.com/support/faq,0
https://docs.linkedin.com/support/faq?view=compact&filter=active,0
http://support.healthline.com/explore,0
https://apple.com/search,0
https://www.twitter.com/about/company?ref=homepage&source=nav,0
https://docs.spotify.com/feed/trending,0
https://medium.com/user/dashboard/overview,0
https://blog.office.com/article/2026/03/technology-update?session_id=983427492&lang=en,0
https://salesforce.com/pricing/enterprise?utm_source=newsletter&utm_medium=email,0
https://docs.cloudflare.com/pricing/enterprise,0
https://amazon.com/about/company?q=cybersecurity+best+practices,0
https://mit.edu/support/faq,0
https://nih.gov/about/company,0
https://api.linkedin.com,0
https://blog.twitch.tv/docs/v2/api?session_id=983427492&lang=en,0
https://blog.twitter.com/search?session_id=983427492&lang=en,0
https://api.mit.edu/explore,0
https://nytimes.com?session_id=983427492&lang=en,0
https://weather.com/blog/machine-learning?ref=homepage&source=nav,0
https://github.com/docs/v2/api,0
https://www.twitter.com/feed/trending?q=cybersecurity+best+practices,0
http://harvard.edu/blog/machine-learning,0
https://blog.instagram.com/docs/v2/api?utm_source=newsletter&utm_medium=email,0
https://stanford.edu/search,0
https://blog.facebook.com/article/2026/03/technology-update?session_id=983427492&lang=en,0
https://harvard.edu/watch?v=dQw4w9WgXcQ,0
https://cloudflare.com/search,0
https://api.paypal.com/search?session_id=983427492&lang=en,0
https://cloudflare.com/feed/trending,0
https://stanford.edu/blog/machine-learning?ref=homepage&source=nav,0
https://docs.zoom.us/blog/machine-learning,0
https://salesforce.com/docs/v2/api?category=all&page=2&sort=relevance,0
http://www.mit.edu/watch?v=dQw4w9WgXcQ,0
https://docs.espn.com/resources/whitepapers?q=cybersecurity+best+practices,0
https://www.office.com/article/2026/03/technology-update?category=all&page=2&sort=relevance,0
https://blog.slack.com/watch?v=dQw4w9WgXcQ,0
https://weather.com/docs/v2/api?ref=homepage&source=nav,0
https://blog.stanford.edu/feed/trending,0
https://slack.com/support/faq?view=compact&filter=active,0
https://docs.healthline.com/profile/settings?utm_source=newsletter&utm_medium=email,0
https://stanford.edu/docs/v2/api?view=compact&filter=active,0
https://api.adobe.com/article/2026/03/technology-update?q=cybersecurity+best+practices,0
https://blog.office.com/category/news/world?category=all&page=2&sort=relevance,0
https://weather.com/category/news/world,0
https://cnn.com/download/latest/installer.exe?view=compact&filter=active,0
https://google.com/feed/trending?view=compact&filter=active,0
https://blog.spotify.com/user/dashboard/overview,0
https://api.twitter.com/explore,0
https://api.twitter.com/about/company,0
https://youtube.com/resources/whitepapers,0
https://docs.netflix.com/user/dashboard/overview,0
http://www.espn.com/docs/v2/api,0
https://api.apple.com/feed/trending,0
https://support.salesforce.com/resources/whitepapers?category=all&page=2&sort=relevance,0
https://weather.com/about/company,0
https://blog.wikipedia.org/support/faq,0
https://api.amazon.com/?session_id=983427492&lang=en,0
https://stanford.edu/search?category=all&page=2&sort=relevance,0
http://bbc.co.uk/?utm_source=newsletter&utm_medium=email,0
https://www.nih.gov/feed/trending,0
https://www.adobe.com/category/news/world,0
http://healthline.com/category/news/world?category=all&page=2&sort=relevance,0
http://stanford.edu/,0
https://adobe.com/pricing/enterprise?utm_source=newsletter&utm_medium=email,0
https://www.pinterest.com/download/latest/installer.exe,0
https://blog.healthline.com/profile/settings?utm_source=newsletter&utm_medium=email,0
https://blog.twitter.com/support/faq,0
http://docs.nih.gov/products/electronics/deals,0
https://www.github.com/products/electronics/deals?session_id=983427492&lang=en,0
https://api.stanford.edu/about/company,0
http://healthline.com/profile/settings,0
https://google.com/watch?v=dQw4w9WgXcQ?q=cybersecurity+best+practices,0
https://docs.salesforce.com/download/latest/installer.exe?q=cybersecurity+best+practices,0
https://blog.office.com/article/2026/03/technology-update,0
https://api.google.com/?ref=homepage&source=nav,0
https://nih.gov/resources/whitepapers?ref=homepage&source=nav,0
https://blog.slack.com/?ref=homepage&source=nav,0
https://www.mozilla.org/explore?session_id=983427492&lang=en,0
https://docs.youtube.com/watch?v=dQw4w9WgXcQ,0
http://api.nytimes.com/user/dashboard/overview,0
https://salesforce.com/feed/trending,0
https://api.instagram.com/?view=compact&filter=active,0
https://www.stackoverflow.com/profile/settings,0
http://twitter.com/blog/machine-learning?session_id=983427492&lang=en,0
https://docs.etsy.com/user/dashboard/overview?category=all&page=2&sort=relevance,0
https://apple.com/search?category=all&page=2&sort=relevance,0
https://walmart.com/pricing/enterprise?utm_source=newsletter&utm_medium=email,0
https://healthline.com/watch?v=dQw4w9WgXcQ?ref=homepage&source=nav,0
https://www.dropbox.com/feed/trending?category=all&page=2&sort=relevance,0
https://twitch.tv/profile/settings?ref=homepage&source=nav,0
https://api.nih.gov/watch?v=dQw4w9WgXcQ?ref=homepage&source=nav,0
https://healthline.com/support/faq?view=compact&filter=active,0
https://etsy.com/products/electronics/deals?category=all&page=2&sort=relevance,0
https://api.slack.com/user/dashboard/overview,0
https://google.com/user/dashboard/overview?q=cybersecurity+best+practices,0
https://blog.harvard.edu/feed/trending,0
https://docs.paypal.com/category/news/world?category=all&page=2&sort=relevance,0
https://support.dropbox.com/explore,0
https://www.netflix.com?utm_source=newsletter&utm_medium=email,0
https://hulu.com/search?ref=homepage&source=nav,0
https://zoom.us/products/electronics/deals,0
https://harvard.edu/profile/settings,0
http://api.medium.com/feed/trending?utm_source=newsletter&utm_medium=email,0
https://docs.hulu.com/support/faq,0
https://docs.office.com/user/dashboard/overview?category=all&page=2&sort=relevance,0
http://support.weather.com/feed/trending?category=all&page=2&sort=relevance,0
https://support.nytimes.com/explore,0
https://docs.nytimes.com/,0
https://mozilla.org/download/latest/installer.exe?utm_source=newsletter&utm_medium=email,0
https://apple.com/explore?category=all&page=2&sort=relevance,0
https://cloudflare.com/watch?v=dQw4w9WgXcQ,0
https://hulu.com/download/latest/installer.exe?view=compact&filter=active,0
https://docs.harvard.edu/article/2026/03/technology-update?view=compact&filter=active,0
https://reddit.com/docs/v2/api,0
https://docs.espn.com/feed/trending,0
https://support.youtube.com/pricing/enterprise,0
https://microsoft.com/user/dashboard/overview,0
https://support.bbc.co.uk/pricing/enterprise,0
https://www.nytimes.com/explore,0
https://docs.instagram.com/user/dashboard/overview,0
https://support.amazon.com/watch?v=dQw4w9WgXcQ,0
https://cnn.com/about/company?q=cybersecurity+best+practices,0
https://www.nytimes.com/products/electronics/deals?category=all&page=2&sort=relevance,0
https://github.com/user/dashboard/overview?utm_source=newsletter&utm_medium=email,0
https://amazon.com/docs/v2/api?q=cybersecurity+best+practices,0
https://amazon.com/watch?v=dQw4w9WgXcQ,0
https://healthline.com/article/2026/03/technology-update?category=all&page=2&sort=relevance,0
https://twitch.tv/support/faq,0
https://paypal.com/article/2026/03/technology-update?q=cybersecurity+best+practices,0
https://support.pinterest.com/watch?v=dQw4w9WgXcQ,0
https://docs.hulu.com,0
https://blog.nih.gov/about/company?utm_source=newsletter&utm_medium=email,0
https://docs.medium.com/category/news/world,0
https://api.hulu.com/category/news/world,0
https://blog.cnn.com/category/news/world,0
https://docs.ebay.com/profile/settings,0
https://support.harvard.edu/user/dashboard/overview?q=cybersecurity+best+practices,0
https://imdb.com/about/company?q=cybersecurity+best+practices,0
https://www.healthline.com/feed/trending,0
https://docs.cnn.com/user/dashboard/overview,0
http://amazon.com/download/latest/installer.exe?category=all&page=2&sort=relevance,0
https://blog.twitter.com/feed/trending,0
https://api.imdb.com/resources/whitepapers,0
https://docs.twitch.tv/explore,0
https://cnn.com/explore?session_id=983427492&lang=en,0
https://api.microsoft.com/,0
https://blog.weather.com/resources/whitepapers,0
https://blog.espn.com/user/dashboard/overview,0
https://blog.weather.com/feed/trending,0
https://slack.com/blog/machine-learning?q=cybersecurity+best+practices,0
https://cnn.com/article/2026/03/technology-update?category=all&page=2&sort=relevance,0
https://docs.espn.com/products/electronics/deals,0
https://docs.slack.com/docs/v2/api?category=all&page=2&sort=relevance,0
https://salesforce.com/profile/settings,0
https://api.twitch.tv/support/faq,0
https://support.amazon.com/download/latest/installer.exe,0
https://facebook.com/download/latest/installer.exe,0
https://adobe.com/feed/trending?session_id=983427492&lang=en,0
https://twitch.tv/profile/settings,0
https://www.bbc.co.uk/article/2026/03/technology-update?session_id=983427492&lang=en,0
https://www.wikipedia.org/search?utm_source=newsletter&utm_medium=email,0
https://blog.wikipedia.org/blog/machine-learning,0
https://twitch.tv/watch?v=dQw4w9WgXcQ,0
https://quora.com/search?utm_source=newsletter&utm_medium=email,0
https://instagram.com/feed/trending?q=cybersecurity+best+practices,0
https://twitter.com/search?ref=homepage&source=nav,0
https://docs.instagram.com/user/dashboard/overview?session_id=983427492&lang=en,0
https://www.walmart.com,0
https://yahoo.com/docs/v2/api?q=cybersecurity+best+practices,0
https://blog.paypal.com/blog/machine-learning,0
https://www.reddit.com/,0
https://google.com/category/news/world?session_id=983427492&lang=en,0
https://docs.target.com/category/news/world,0
https://quora.com/download/latest/installer.exe?utm_source=newsletter&utm_medium=email,0
https://docs.yahoo.com/docs/v2/api?q=cybersecurity+best+practices,0
https://paypal.com/resources/whitepapers,0
https://youtube.com/products/electronics/deals?q=cybersecurity+best+practices,0
https://docs.healthline.com/docs/v2/api?ref=homepage&source=nav,0
https://netflix.com/article/2026/03/technology-update?ref=homepage&source=nav,0
https://blog.mozilla.org/products/electronics/deals,0
https://apple.com/docs/v2/api,0
https://apple.com/download/latest/installer.exe?view=compact&filter=active,0
https://blog.youtube.com/blog/machine-learning,0
https://twitch.tv/user/dashboard/overview?utm_source=newsletter&utm_medium=email,0
https://docs.netflix.com/support/faq?category=all&page=2&sort=relevance,0
https://healthline.com/docs/v2/api?q=cybersecurity+best+practices,0
http://api.netflix.com/profile/settings?q=cybersecurity+best+practices,0
https://amazon.com/watch?v=dQw4w9WgXcQ?category=all&page=2&sort=relevance,0
https://blog.mit.edu/pricing/enterprise?ref=homepage&source=nav,0
https://support.target.com/support/faq?ref=homepage&source=nav,0
https://support.mit.edu/category/news/world?view=compact&filter=active,0
https://pinterest.com/download/latest/installer.exe,0
https://www.nytimes.com/explore?utm_source=newsletter&utm_medium=email,0
https://blog.zoom.us/about/company,0
https://support.office.com/search,0
https://twitch.tv/feed/trending?ref=homepage&source=nav,0
https://reddit.com/feed/trending?category=all&page=2&sort=relevance,0
https://docs.zoom.us/resources/whitepapers?ref=homepage&source=nav,0
https://yahoo.com/support/faq?view=compact&filter=active,0
https://wikipedia.org,0
https://support.wikipedia.org/docs/v2/api,0
https://microsoft.com/pricing/enterprise?view=compact&filter=active,0
https://mit.edu/watch?v=dQw4w9WgXcQ?ref=homepage&source=nav,0
https://docs.yahoo.com/explore,0
https://quora.com/about/company,0
https://bbc.co.uk/category/news/world,0
https://stanford.edu/download/latest/installer.exe?session_id=983427492&lang=en,0
https://blog.office.com/category/news/world,0
https://www.zoom.us/about/company?q=cybersecurity+best+practices,0
https://netflix.com/search,0
https://support.stackoverflow.com/support/faq?session_id=983427492&lang=en,0
https://slack.com/user/dashboard/overview?ref=homepage&source=nav,0
https://support.facebook.com/,0
https://dropbox.com/?view=compact&filter=active,0
https://docs.instagram.com/download/latest/installer.exe?view=compact&filter=active,0
https://support.linkedin.com/resources/whitepapers?view=compact&filter=active,0
https://stanford.edu/watch?v=dQw4w9WgXcQ?category=all&page=2&sort=relevance,0
https://support.cnn.com/watch?v=dQw4w9WgXcQ,0
https://api.github.com/products/electronics/deals,0
https://api.quora.com/products/electronics/deals,0
https://support.microsoft.com/user/dashboard/overview,0
https://mozilla.org/support/faq,0
https://docs.amazon.com/blog/machine-learning?utm_source=newsletter&utm_medium=email,0
http://support.microsoft.com/profile/settings,0
http://adobe.com/blog/machine-learning,0
https://blog.apple.com/user/dashboard/overview?utm_source=newsletter&utm_medium=email,0
https://support.youtube.com/about/company?session_id=983427492&lang=en,0
https://docs.nytimes.com/user/dashboard/overview?q=cybersecurity+best+practices,0
https://office.com/docs/v2/api?session_id=983427492&lang=en,0
https://mit.edu/profile/settings,0
https://blog.facebook.com/explore?ref=homepage&source=nav,0
https://walmart.com/feed/trending?ref=homepage&source=nav,0
https://blog.dropbox.com/watch?v=dQw4w9WgXcQ,0
https://api.bbc.co.uk/search?q=cybersecurity+best+practices,0
https://support.yahoo.com/user/dashboard/overview,0
https://docs.github.com/products/electronics/deals,0
https://support.office.com/search?session_id=983427492&lang=en,0
https://paypal.com/,0
https://etsy.com/pricing/enterprise?category=all&page=2&sort=relevance,0
https://docs.google.com/search,0
https://quora.com/docs/v2/api,0
https://healthline.com/about/company?category=all&page=2&sort=relevance,0
https://github.com/about/company?q=cybersecurity+best+practices,0
https://blog.salesforce.com/support/faq,0
http://paypal.com/about/company?category=all&page=2&sort=relevance,0
https://stackoverflow.com/search?utm_source=newsletter&utm_medium=email,0
https://github.com/explore?view=compact&filter=active,0
https://cnn.com/user/dashboard/overview?view=compact&filter=active,0
https://docs.office.com/user/dashboard/overview,0
https://www.target.com/search,0
https://etsy.com,0
https://blog.harvard.edu/products/electronics/deals,0
https://dropbox.com/resources/whitepapers?ref=homepage&source=nav,0
https://docs.google.com/products/electronics/deals?session_id=983427492&lang=en,0
https://api.instagram.com/explore?q=cybersecurity+best+practices,0
https://microsoft.com/article/2026/03/technology-update?session_id=983427492&lang=en,0
https://support.google.com/explore,0
https://www.cnn.com/docs/v2/api,0
https://support.mit.edu/article/2026/03/technology-update,0
https://twitch.tv,0
https://api.office.com/search?ref=homepage&source=nav,0
https://support.adobe.com/profile/settings?category=all&page=2&sort=relevance,0
https://office.com/docs/v2/api,0
https://hulu.com/user/dashboard/overview?q=cybersecurity+best+practices,0
https://support.paypal.com/explore,0
https://stackoverflow.com/article/2026/03/technology-update?session_id=983427492&lang=en,0
http://api.weather.com/watch?v=dQw4w9WgXcQ?utm_source=newsletter&utm_medium=email,0
https://youtube.com/user/dashboard/overview,0
https://office.com/explore?session_id=983427492&lang=en,0
https://blog.bbc.co.uk/products/electronics/deals?session_id=983427492&lang=en,0
https://blog.espn.com/explore,0
https://stanford.edu/docs/v2/api,0
https://www.target.com/article/2026/03/technology-update?q=cybersecurity+best+practices,0
https://microsoft.com/resources/whitepapers,0
https://www.imdb.com/search,0
https://nytimes.com/profile/settings?session_id=983427492&lang=en,0
https://docs.google.com/products/electronics/deals?ref=homepage&source=nav,0
https://api.pinterest.com/profile/settings,0
https://api.dropbox.com/watch?v=dQw4w9WgXcQ,0
https://support.healthline.com/profile/settings,0
https://support.adobe.com/watch?v=dQw4w9WgXcQ,0
https://microsoft.com/products/electronics/deals,0
https://docs.medium.com/docs/v2/api?view=compact&filter=active,0
https://docs.harvard.edu/explore,0
https://yahoo.com/category/news/world?session_id=983427492&lang=en,0
https://api.imdb.com/support/faq?q=cybersecurity+best+practices,0
https://api.espn.com/products/electronics/deals?category=all&page=2&sort=relevance,0
https://cloudflare.com/profile/settings?session_id=983427492&lang=en,0
https://wikipedia.org/docs/v2/api?q=cybersecurity+best+practices,0
https://walmart.com/user/dashboard/overview,0
https://www.imdb.com/?utm_source=newsletter&utm_medium=email,0
https://linkedin.com/?utm_source=newsletter&utm_medium=email,0
https://wikipedia.org/support/faq?view=compact&filter=active,0
https://www.twitch.tv/docs/v2/api?q=cybersecurity+best+practices,0
https://api.wikipedia.org/blog/machine-learning,0
https://walmart.com/support/faq,0
https://ebay.com?view=compact&filter=active,0
https://support.youtube.com,0
https://healthline.com/products/electronics/deals,0
https://api.cloudflare.com/pricing/enterprise,0
https://espn.com/docs/v2/api?ref=homepage&source=nav,0
https://api.reddit.com/about/company?ref=homepage&source=nav,0
https://api.walmart.com/user/dashboard/overview,0
http://amazon.com/about/company?view=compact&filter=active,0
http://api.salesforce.com/resources/whitepapers,0
https://apple.com/profile/settings?category=all&page=2&sort=relevance,0
https://www.salesforce.com/resources/whitepapers,0
https://blog.adobe.com/,0
https://www.apple.com/resources/whitepapers?utm_source=newsletter&utm_medium=email,0
https://weather.com?view=compact&filter=active,0
https://blog.reddit.com/category/news/world,0
https://blog.quora.com/profile/settings?session_id=983427492&lang=en,0
https://amazon.com/download/latest/installer.exe?ref=homepage&source=nav,0
https://support.nytimes.com/docs/v2/api,0
https://quora.com/about/company?ref=homepage&source=nav,0
https://blog.microsoft.com/download/latest/installer.exe,0
https://harvard.edu/user/dashboard/overview?ref=homepage&source=nav,0
https://docs.youtube.com/download/latest/installer.exe,0
https://api.stackoverflow.com/category/news/world,0
https://cnn.com/docs/v2/api,0
https://blog.apple.com/,0
https://stackoverflow.com/products/electronics/deals,0
https://docs.github.com/category/news/world,0
https://api.reddit.com/products/electronics/deals,0
https://harvard.edu/products/electronics/deals,0
https://adobe.com/resources/whitepapers?session_id=983427492&lang=en,0
https://api.wikipedia.org/category/news/world,0
https://salesforce.com/category/news/world?view=compact&filter=active,0
http://quora.com/watch?v=dQw4w9WgXcQ,0
https://blog.youtube.com/resources/whitepapers,0
https://espn.com/article/2026/03/technology-update?ref=homepage&source=nav,0
https://support.stanford.edu/about/company?utm_source=newsletter&utm_medium=email,0
https://api.slack.com/products/electronics/deals,0
https://support.reddit.com/about/company,0
http://adobe.com/feed/trending,0
https://docs.linkedin.com/products/electronics/deals,0
https://api.facebook.com/docs/v2/api,0
https://ebay.com/search,0
https://support.microsoft.com?ref=homepage&source=nav,0
https://support.zoom.us/,0
https://linkedin.com/?view=compact&filter=active,0
https://blog.quora.com/download/latest/installer.exe,0
https://facebook.com/watch?v=dQw4w9WgXcQ?ref=homepage&source=nav,0
https://dropbox.com/resources/whitepapers?q=cybersecurity+best+practices,0
https://docs.github.com/resources/whitepapers?session_id=983427492&lang=en,0
https://weather.com/category/news/world?ref=homepage&source=nav,0
https://blog.cloudflare.com/about/company,0
https://api.target.com/docs/v2/api,0
https://nih.gov/explore,0
https://cloudflare.com/?utm_source=newsletter&utm_medium=email,0
https://blog.amazon.com/watch?v=dQw4w9WgXcQ?session_id=983427492&lang=en,0
https://www.bbc.co.uk/download/latest/installer.exe?session_id=983427492&lang=en,0
https://api.healthline.com/download/latest/installer.exe?session_id=983427492&lang=en,0
https://api.target.com/blog/machine-learning,0
https://blog.netflix.com/download/latest/installer.exe?utm_source=newsletter&utm_medium=email,0
https://blog.ebay.com?ref=homepage&source=nav,0
https://www.twitter.com/explore,0
https://adobe.com/docs/v2/api?category=all&page=2&sort=relevance,0
https://target.com/resources/whitepapers,0
https://www.youtube.com/products/electronics/deals,0
https://www.adobe.com/support/faq?utm_source=newsletter&utm_medium=email,0
https://blog.youtube.com?category=all&page=2&sort=relevance,0
https://blog.netflix.com/user/dashboard/overview?category=all&page=2&sort=relevance,0
https://docs.wikipedia.org/download/latest/installer.exe,0
https://www.harvard.edu/category/news/world,0
https://reddit.com/products/electronics/deals?category=all&page=2&sort=relevance,0
https://blog.nytimes.com/category/news/world,0
http://www.youtube.com/feed/trending,0
https://docs.pinterest.com/download/latest/installer.exe,0
https://salesforce.com/search?view=compact&filter=active,0
https://youtube.com/search,0
https://spotify.com/resources/whitepapers?view=compact&filter=active,0
https://docs.twitter.com/resources/whitepapers,0
https://blog.adobe.com?category=all&page=2&sort=relevance,0
https://stackoverflow.com/?category=all&page=2&sort=relevance,0
http://docs.zoom.us/docs/v2/api?ref=homepage&source=nav,0
https://docs.wikipedia.org/feed/trending,0
http://api.etsy.com/search?ref=homepage&source=nav,0
https://blog.quora.com/search?q=cybersecurity+best+practices,0
https://yahoo.com/download/latest/installer.exe,0
https://google.com/article/2026/03/technology-update?q=cybersecurity+best+practices,0
https://mit.edu/blog/machine-learning,0
https://dropbox.com/products/electronics/deals,0
https://blog.mit.edu/profile/settings?session_id=983427492&lang=en,0
https://imdb.com/docs/v2/api?ref=homepage&source=nav,0
https://blog.github.com/,0
https://docs.bbc.co.uk/feed/trending?q=cybersecurity+best+practices,0
https://www.hulu.com/watch?v=dQw4w9WgXcQ,0
https://healthline.com/feed/trending?utm_source=newsletter&utm_medium=email,0
https://www.harvard.edu/resources/whitepapers?q=cybersecurity+best+practices,0
https://walmart.com/explore?q=cybersecurity+best+practices,0
https://blog.spotify.com/article/2026/03/technology-update?category=all&page=2&sort=relevance,0
https://support.youtube.com/user/dashboard/overview?category=all&page=2&sort=relevance,0
https://support.reddit.com/,0
https://api.nytimes.com/docs/v2/api,0
https://google.com/docs/v2/api,0
https://instagram.com/pricing/enterprise,0
https://support.zoom.us/pricing/enterprise,0
https://support.cloudflare.com/profile/settings,0
https://www.amazon.com/search?q=cybersecurity+best+practices,0
https://api.zoom.us/?utm_source=newsletter&utm_medium=email,0
http://www.youtube.com/?view=compact&filter=active,0
https://www.espn.com/user/dashboard/overview,0
https://api.ebay.com/category/news/world,0
https://stackoverflow.com/user/dashboard/overview?view=compact&filter=active,0
https://docs.microsoft.com/search,0
https://docs.walmart.com/feed/trending,0
https://api.salesforce.com/resources/whitepapers?session_id=983427492&lang=en,0
https://support.nih.gov/category/news/world,0
https://www.harvard.edu/pricing/enterprise,0
https://blog.youtube.com/download/latest/installer.exe,0
https://harvard.edu?q=cybersecurity+best+practices,0
https://weather.com/article/2026/03/technology-update?q=cybersecurity+best+practices,0
https://docs.etsy.com/article/2026/03/technology-update?q=cybersecurity+best+practices,0
https://www.harvard.edu/user/dashboard/overview?session_id=983427492&lang=en,0
https://api.yahoo.com/article/2026/03/technology-update?q=cybersecurity+best+practices,0
http://pinterest.com/download/latest/installer.exe,0
https://blog.nih.gov/download/latest/installer.exe?utm_source=newsletter&utm_medium=email,0
https://weather.com/feed/trending?ref=homepage&source=nav,0
https://pinterest.com/explore?utm_source=newsletter&utm_medium=email,0
https://www.wikipedia.org/download/latest/installer.exe,0
https://instagram.com/products/electronics/deals?category=all&page=2&sort=relevance,0
https://quora.com/resources/whitepapers,0
https://blog.youtube.com/docs/v2/api?session_id=983427492&lang=en,0
https://stackoverflow.com/?q=cybersecurity+best+practices,0
https://blog.pinterest.com/download/latest/installer.exe,0
https://docs.ebay.com/resources/whitepapers,0
https://docs.imdb.com/user/dashboard/overview,0
https://yahoo.com/support/faq?session_id=983427492&lang=en,0
https://blog.cnn.com/resources/whitepapers?view=compact&filter=active,0
https://google.com/docs/v2/api?ref=homepage&source=nav,0
https://www.imdb.com/search?q=cybersecurity+best+practices,0
https://blog.reddit.com/search,0
https://office.com/products/electronics/deals?category=all&page=2&sort=relevance,0
https://blog.instagram.com/about/company,0
https://www.stanford.edu/resources/whitepapers,0
http://blog.cloudflare.com/resources/whitepapers,0
https://support.paypal.com/watch?v=dQw4w9WgXcQ?ref=homepage&source=nav,0
https://www.amazon.com/user/dashboard/overview,0
https://www.twitter.com/products/electronics/deals?view=compact&filter=active,0
https://healthline.com/search,0
https://docs.wikipedia.org/profile/settings,0
https://target.com/user/dashboard/overview,0
https://support.quora.com/blog/machine-learning,0
https://blog.dropbox.com/profile/settings?ref=homepage&source=nav,0
https://docs.cnn.com/docs/v2/api,0
https://docs.nytimes.com/?q=cybersecurity+best+practices,0
https://www.reddit.com/search,0
https://support.cloudflare.com/products/electronics/deals?session_id=983427492&lang=en,0
https://www.etsy.com/resources/whitepapers,0
https://api.spotify.com/search?q=cybersecurity+best+practices,0
https://api.nytimes.com/products/electronics/deals,0
https://docs.cnn.com/blog/machine-learning?category=all&page=2&sort=relevance,0
https://zoom.us?ref=homepage&source=nav,0
https://docs.etsy.com/explore,0
https://www.imdb.com/watch?v=dQw4w9WgXcQ,0
https://ebay.com/blog/machine-learning?category=all&page=2&sort=relevance,0
https://blog.facebook.com/docs/v2/api?utm_source=newsletter&utm_medium=email,0
https://github.com/pricing/enterprise,0
https://www.apple.com/?ref=homepage&source=nav,0
https://support.hulu.com/blog/machine-learning?utm_source=newsletter&utm_medium=email,0
https://cloudflare.com/products/electronics/deals?session_id=983427492&lang=en,0
https://support.nytimes.com/search?view=compact&filter=active,0
https://office.com/category/news/world,0
https://api.twitter.com/resources/whitepapers,0
http://api.imdb.com/explore,0
https://docs.stanford.edu/blog/machine-learning?q=cybersecurity+best+practices,0
https://support.espn.com/search,0
https://support.microsoft.com/support/faq?utm_source=newsletter&utm_medium=email,0
https://twitch.tv/products/electronics/deals?session_id=983427492&lang=en,0
https://blog.nih.gov/category/news/world,0
https://stackoverflow.com/search,0
https://harvard.edu/category/news/world,0
https://blog.google.com/docs/v2/api,0
https://linkedin.com/products/electronics/deals?ref=homepage&source=nav,0
https://dropbox.com?q=cybersecurity+best+practices,0
https://www.etsy.com/feed/trending?view=compact&filter=active,0
https://target.com/pricing/enterprise,0
https://netflix.com/feed/trending?category=all&page=2&sort=relevance,0
https://weather.com/article/2026/03/technology-update?ref=homepage&source=nav,0
https://docs.espn.com/search,0
https://www.youtube.com/docs/v2/api?utm_source=newsletter&utm_medium=email,0
https://github.com/profile/settings?q=cybersecurity+best+practices,0
https://nytimes.com?category=all&page=2&sort=relevance,0
https://blog.medium.com/blog/machine-learning?view=compact&filter=active,0
https://paypal.com/watch?v=dQw4w9WgXcQ?ref=homepage&source=nav,0
http://github.com/profile/settings,0
http://docs.wikipedia.org/category/news/world,0
https://support.github.com/pricing/enterprise,0
https://youtube.com/support/faq?category=all&page=2&sort=relevance,0
https://adobe.com/?ref=homepage&source=nav,0
https://docs.quora.com/about/company,0
https://reddit.com?q=cybersecurity+best+practices,0
https://docs.quora.com/resources/whitepapers?utm_source=newsletter&utm_medium=email,0
https://www.mit.edu/download/latest/installer.exe,0
https://api.dropbox.com/article/2026/03/technology-update?session_id=983427492&lang=en,0
https://support.medium.com?view=compact&filter=active,0
https://blog.youtube.com/article/2026/03/technology-update?utm_source=newsletter&utm_medium=email,0
https://support.etsy.com/profile/settings?ref=homepage&source=nav,0
https://pinterest.com/about/company?utm_source=newsletter&utm_medium=email,0
https://api.zoom.us/feed/trending?session_id=983427492&lang=en,0
https://support.mozilla.org/explore?category=all&page=2&sort=relevance,0
https://stackoverflow.com/download/latest/installer.exe?q=cybersecurity+best+practices,0
https://docs.stackoverflow.com/feed/trending?q=cybersecurity+best+practices,0
https://api.pinterest.com/about/company,0
https://cloudflare.com/profile/settings,0
https://mit.edu/products/electronics/deals,0
https://api.weather.com/category/news/world?view=compact&filter=active,0
https://netflix.com/blog/machine-learning?session_id=983427492&lang=en,0
https://blog.pinterest.com/category/news/world,0
https://docs.amazon.com/profile/settings,0
https://blog.reddit.com/category/news/world?q=cybersecurity+best+practices,0
https://blog.cloudflare.com/blog/machine-learning?utm_source=newsletter&utm_medium=email,0
https://mit.edu/watch?v=dQw4w9WgXcQ?category=all&page=2&sort=relevance,0
https://medium.com/search?utm_source=newsletter&utm_medium=email,0
https://blog.harvard.edu/watch?v=dQw4w9WgXcQ?category=all&page=2&sort=relevance,0
https://pinterest.com/download/latest/installer.exe?session_id=983427492&lang=en,0
https://office.com/profile/settings,0
https://support.harvard.edu/user/dashboard/overview?ref=homepage&source=nav,0
https://dropbox.com/blog/machine-learning?view=compact&filter=active,0
https://www.mit.edu/about/company?utm_source=newsletter&utm_medium=email,0
https://api.stanford.edu/download/latest/installer.exe,0
https://docs.bbc.co.uk,0
https://netflix.com,0
https://salesforce.com/pricing/enterprise?q=cybersecurity+best+practices,0
https://www.etsy.com/profile/settings?utm_source=newsletter&utm_medium=email,0
https://docs.adobe.com/docs/v2/api?category=all&page=2&sort=relevance,0
https://api.quora.com/search,0
https://support.imdb.com/article/2026/03/technology-update,0
https://www.espn.com/products/electronics/deals,0
https://blog.medium.com/explore?category=all&page=2&sort=relevance,0
https://support.microsoft.com/about/company,0
https://slack.com/feed/trending?category=all&page=2&sort=relevance,0
https://www.amazon.com/profile/settings?utm_source=newsletter&utm_medium=email,0
http://healthline.com/user/dashboard/overview?session_id=983427492&lang=en,0
https://cnn.com/article/2026/03/technology-update?utm_source=newsletter&utm_medium=email,0
https://blog.zoom.us/user/dashboard/overview,0
https://www.weather.com/download/latest/installer.exe?utm_source=newsletter&utm_medium=email,0
https://pinterest.com/about/company?view=compact&filter=active,0
https://blog.ebay.com/,0
https://espn.com/feed/trending?q=cybersecurity+best+practices,0
https://salesforce.com/pricing/enterprise,0
https://twitch.tv/article/2026/03/technology-update?utm_source=newsletter&utm_medium=email,0
https://www.target.com/resources/whitepapers,0
https://nih.gov/category/news/world?ref=homepage&source=nav,0
https://apple.com,0
https://www.nih.gov/about/company?utm_source=newsletter&utm_medium=email,0
https://docs.target.com/feed/trending,0
https://twitch.tv?ref=homepage&source=nav,0
https://docs.paypal.com/support/faq,0
https://www.medium.com/products/electronics/deals?view=compact&filter=active,0
https://support.salesforce.com/watch?v=dQw4w9WgXcQ?ref=homepage&source=nav,0
https://instagram.com/watch?v=dQw4w9WgXcQ?view=compact&filter=active,0
https://docs.office.com/about/company,0
https://weather.com,0
https://github.com/category/news/world?ref=homepage&source=nav,0
http://quora.com?utm_source=newsletter&utm_medium=email,0
https://docs.office.com/feed/trending?utm_source=newsletter&utm_medium=email,0
https://wikipedia.org/pricing/enterprise,0
https://support.bbc.co.uk/resources/whitepapers,0
https://api.salesforce.com/,0
https://healthline.com/profile/settings?q=cybersecurity+best+practices,0
https://support.reddit.com/article/2026/03/technology-update?ref=homepage&source=nav,0
https://cnn.com/resources/whitepapers,0
https://blog.stackoverflow.com/docs/v2/api?view=compact&filter=active,0
https://cloudflare.com/user/dashboard/overview?session_id=983427492&lang=en,0
https://api.hulu.com/search,0
https://www.zoom.us/about/company?session_id=983427492&lang=en,0
https://hulu.com/products/electronics/deals?utm_source=newsletter&utm_medium=email,0
https://harvard.edu/search?ref=homepage&source=nav,0
http://nih.gov/download/latest/installer.exe?view=compact&filter=active,0
https://www.ebay.com/,0
https://adobe.com/user/dashboard/overview?q=cybersecurity+best+practices,0
http://adobe.com/article/2026/03/technology-update,0
https://support.stanford.edu/explore?session_id=983427492&lang=en,0
https://blog.cloudflare.com/category/news/world?view=compact&filter=active,0
https://instagram.com/profile/settings?ref=homepage&source=nav,0
https://twitch.tv/user/dashboard/overview,0
https://api.netflix.com/category/news/world?view=compact&filter=active,0
https://api.salesforce.com/resources/whitepapers?utm_source=newsletter&utm_medium=email,0
https://support.netflix.com/,0
https://www.office.com/feed/trending,0
https://docs.espn.com/profile/settings,0
https://support.facebook.com/article/2026/03/technology-update?q=cybersecurity+best+practices,0
https://nytimes.com/docs/v2/api?session_id=983427492&lang=en,0
https://hulu.com/watch?v=dQw4w9WgXcQ?utm_source=newsletter&utm_medium=email,0
https://api.instagram.com/?utm_source=newsletter&utm_medium=email,0
https://instagram.com/search?category=all&page=2&sort=relevance,0
https://salesforce.com?session_id=983427492&lang=en,0
http://support.target.com/feed/trending,0
https://www.wikipedia.org/pricing/enterprise,0
https://www.apple.com/user/dashboard/overview,0
https://nytimes.com/category/news/world?view=compact&filter=active,0
https://api.slack.com/docs/v2/api,0
https://support.cnn.com/download/latest/installer.exe,0
https://paypal.com/search?session_id=983427492&lang=en,0
https://adobe.com/blog/machine-learning,0
https://www.paypal.com/resources/whitepapers,0
https://target.com/user/dashboard/overview?utm_source=newsletter&utm_medium=email,0
https://yahoo.com/blog/machine-learning?utm_source=newsletter&utm_medium=email,0
https://api.mit.edu/search,0
https://blog.imdb.com/blog/machine-learning?utm_source=newsletter&utm_medium=email,0
https://support.linkedin.com/pricing/enterprise,0
https://api.target.com/pricing/enterprise,0
https://mozilla.org/search?q=cybersecurity+best+practices,0
https://target.com/search?utm_source=newsletter&utm_medium=email,0
https://www.linkedin.com/watch?v=dQw4w9WgXcQ,0
https://ebay.com/blog/machine-learning,0
https://blog.bbc.co.uk/profile/settings,0
https://blog.dropbox.com/feed/trending,0
https://support.hulu.com,0
https://zoom.us/support/faq,0
https://api.instagram.com/support/faq?view=compact&filter=active,0
https://apple.com/category/news/world?view=compact&filter=active,0
https://support.yahoo.com/blog/machine-learning,0
https://slack.com/user/dashboard/overview?view=compact&filter=active,0
https://google.com/pricing/enterprise?session_id=983427492&lang=en,0
https://apple.com/pricing/enterprise?utm_source=newsletter&utm_medium=email,0
https://www.microsoft.com/blog/machine-learning,0
https://www.spotify.com/docs/v2/api?utm_source=newsletter&utm_medium=email,0
https://docs.pinterest.com/products/electronics/deals?view=compact&filter=active,0
https://support.facebook.com/search,0
https://netflix.com/user/dashboard/overview?category=all&page=2&sort=relevance,0
https://api.paypal.com/article/2026/03/technology-update,0
http://docs.slack.com/profile/settings?category=all&page=2&sort=relevance,0
https://api.twitch.tv/user/dashboard/overview,0
https://api.bbc.co.uk/category/news/world,0
http://blog.healthline.com/download/latest/installer.exe?utm_source=newsletter&utm_medium=email,0
https://ebay.com/blog/machine-learning?session_id=983427492&lang=en,0
https://blog.paypal.com/pricing/enterprise,0
https://blog.walmart.com/explore,0
https://support.medium.com/explore,0
https://api.github.com/download/latest/installer.exe,0
https://youtube.com/about/company?category=all&page=2&sort=relevance,0
https://www.apple.com/watch?v=dQw4w9WgXcQ?category=all&page=2&sort=relevance,0
https://support.github.com/products/electronics/deals?category=all&page=2&sort=relevance,0
https://support.apple.com/pricing/enterprise?q=cybersecurity+best+practices,0
https://amazon.com/download/latest/installer.exe,0
http://reddit.com/pricing/enterprise,0
https://api.facebook.com/about/company,0
https://api.weather.com/pricing/enterprise,0
https://blog.paypal.com/docs/v2/api,0
https://youtube.com/resources/whitepapers?view=compact&filter=active,0
http://support.amazon.com/blog/machine-learning,0
https://docs.stanford.edu/category/news/world,0
https://paypal.com,0
https://google.com/products/electronics/deals?ref=homepage&source=nav,0
https://zoom.us/explore,0
https://imdb.com/watch?v=dQw4w9WgXcQ?utm_source=newsletter&utm_medium=email,0
https://netflix.com/article/2026/03/technology-update,0
https://amazon.com/?session_id=983427492&lang=en,0
https://slack.com/pricing/enterprise,0
http://docs.walmart.com/category/news/world,0
https://reddit.com/download/latest/installer.exe,0
https://blog.weather.com/support/faq?category=all&page=2&sort=relevance,0
https://www.adobe.com/resources/whitepapers?q=cybersecurity+best+practices,0
http://docs.bbc.co.uk?q=cybersecurity+best+practices,0
https://cloudflare.com/pricing/enterprise?q=cybersecurity+best+practices,0
https://target.com/products/electronics/deals,0
https://api.quora.com/feed/trending?session_id=983427492&lang=en,0
https://ebay.com/support/faq?category=all&page=2&sort=relevance,0
https://blog.apple.com/article/2026/03/technology-update,0
https://www.stanford.edu/search?category=all&page=2&sort=relevance,0
https://api.netflix.com/feed/trending?view=compact&filter=active,0
https://blog.ebay.com/?utm_source=newsletter&utm_medium=email,0
https://office.com/,0
https://support.stackoverflow.com/article/2026/03/technology-update,0
https://nih.gov/docs/v2/api?view=compact&filter=active,0
https://reddit.com/pricing/enterprise?session_id=983427492&lang=en,0
https://support.google.com,0
https://www.cloudflare.com/explore,0
https://docs.apple.com/products/electronics/deals,0
https://apple.com/article/2026/03/technology-update?category=all&page=2&sort=relevance,0
https://dropbox.com/explore?q=cybersecurity+best+practices,0
https://zoom.us/search?q=cybersecurity+best+practices,0
https://api.slack.com/,0
https://docs.paypal.com/download/latest/installer.exe,0
https://api.twitter.com/products/electronics/deals?utm_source=newsletter&utm_medium=email,0
https://google.com/download/latest/installer.exe,0
https://blog.nih.gov/profile/settings,0
https://pinterest.com/user/dashboard/overview?utm_source=newsletter&utm_medium=email,0
https://support.medium.com/search?utm_source=newsletter&utm_medium=email,0
https://bbc.co.uk/user/dashboard/overview,0
https://blog.linkedin.com/blog/machine-learning?q=cybersecurity+best+practices,0
https://mit.edu/user/dashboard/overview,0
https://api.paypal.com/feed/trending,0
https://cnn.com/blog/machine-learning?category=all&page=2&sort=relevance,0
https://docs.etsy.com/support/faq?category=all&page=2&sort=relevance,0
https://support.cnn.com/support/faq?ref=homepage&source=nav,0
http://linkedin.com/support/faq,0
https://api.stanford.edu/support/faq?utm_source=newsletter&utm_medium=email,0
https://blog.medium.com/watch?v=dQw4w9WgXcQ?utm_source=newsletter&utm_medium=email,0
https://docs.paypal.com/about/company?q=cybersecurity+best+practices,0
https://blog.imdb.com/watch?v=dQw4w9WgXcQ,0
https://stackoverflow.com/profile/settings?utm_source=newsletter&utm_medium=email,0
https://yahoo.com/about/company?ref=homepage&source=nav,0
https://docs.apple.com/article/2026/03/technology-update?category=all&page=2&sort=relevance,0
https://harvard.edu/user/dashboard/overview?session_id=983427492&lang=en,0
https://www.quora.com/docs/v2/api,0
https://api.target.com/profile/settings,0
https://mit.edu/watch?v=dQw4w9WgXcQ,0
https://mozilla.org/feed/trending,0
https://support.nih.gov?category=all&page=2&sort=relevance,0
https://blog.twitch.tv/resources/whitepapers,0
http://www.healthline.com/blog/machine-learning,0
http://paypal.com/category/news/world,0
https://support.netflix.com/watch?v=dQw4w9WgXcQ,0
https://support.adobe.com/explore?q=cybersecurity+best+practices,0
https://support.quora.com/search,0
https://docs.netflix.com/watch?v=dQw4w9WgXcQ,0
https://support.instagram.com/feed/trending?ref=homepage&source=nav,0
https://blog.paypal.com/products/electronics/deals?q=cybersecurity+best+practices,0
https://docs.healthline.com/article/2026/03/technology-update?q=cybersecurity+best+practices,0
https://www.stanford.edu/pricing/enterprise,0
https://twitch.tv/pricing/enterprise?category=all&page=2&sort=relevance,0
https://docs.apple.com/?category=all&page=2&sort=relevance,0
https://www.reddit.com/products/electronics/deals,0
https://target.com/user/dashboard/overview?session_id=983427492&lang=en,0
https://docs.wikipedia.org/resources/whitepapers?view=compact&filter=active,0
https://docs.bbc.co.uk/products/electronics/deals,0
https://linkedin.com/products/electronics/deals?q=cybersecurity+best+practices,0
https://api.yahoo.com?view=compact&filter=active,0
https://blog.bbc.co.uk/user/dashboard/overview?view=compact&filter=active,0
https://zoom.us/watch?v=dQw4w9WgXcQ?utm_source=newsletter&utm_medium=email,0
https://ebay.com/?q=cybersecurity+best+practices,0
https://docs.healthline.com/article/2026/03/technology-update,0
https://walmart.com/download/latest/installer.exe?category=all&page=2&sort=relevance,0
http://support.medium.com/user/dashboard/overview,0
https://support.pinterest.com/download/latest/installer.exe,0
https://support.instagram.com/search,0
https://etsy.com/download/latest/installer.exe?q=cybersecurity+best+practices,0
https://blog.cloudflare.com/watch?v=dQw4w9WgXcQ,0
https://linkedin.com/watch?v=dQw4w9WgXcQ,0
https://api.twitch.tv/download/latest/installer.exe,0
https://api.mozilla.org/category/news/world,0
https://docs.twitch.tv/article/2026/03/technology-update,0
https://api.ebay.com/user/dashboard/overview?session_id=983427492&lang=en,0
https://dropbox.com/products/electronics/deals?session_id=983427492&lang=en,0
https://www.stanford.edu/explore?session_id=983427492&lang=en,0
http://www.imdb.com/article/2026/03/technology-update,0
https://blog.reddit.com?category=all&page=2&sort=relevance,0
https://api.cnn.com/blog/machine-learning?ref=homepage&source=nav,0
https://blog.imdb.com/search,0
http://dropbox.com/profile/settings,0
http://nytimes.com/article/2026/03/technology-update,0
https://api.salesforce.com/resources/whitepapers?category=all&page=2&sort=relevance,0
https://api.reddit.com/pricing/enterprise,0
https://adobe.com/?utm_source=newsletter&utm_medium=email,0
https://www.mozilla.org/resources/whitepapers,0
https://blog.medium.com/about/company?ref=homepage&source=nav,0
https://blog.amazon.com/explore,0
https://imdb.com/article/2026/03/technology-update?view=compact&filter=active,0
http://www.imdb.com/profile/settings?ref=homepage&source=nav,0
https://support.harvard.edu/user/dashboard/overview,0
https://imdb.com/resources/whitepapers,0
https://support.facebook.com/user/dashboard/overview?utm_source=newsletter&utm_medium=email,0
http://cnn.com/watch?v=dQw4w9WgXcQ,0
https://blog.microsoft.com/category/news/world,0
https://slack.com/feed/trending?q=cybersecurity+best+practices,0
https://blog.ebay.com/category/news/world?category=all&page=2&sort=relevance,0
https://imdb.com/feed/trending?utm_source=newsletter&utm_medium=email,0
https://api.wikipedia.org/products/electronics/deals?ref=homepage&source=nav,0
https://target.com/profile/settings?category=all&page=2&sort=relevance,0
https://www.stackoverflow.com/resources/whitepapers,0
https://linkedin.com/article/2026/03/technology-update,0
https://api.mit.edu/resources/whitepapers?session_id=983427492&lang=en,0
https://nih.gov/docs/v2/api?ref=homepage&source=nav,0
https://www.imdb.com/search?category=all&page=2&sort=relevance,0
http://stackoverflow.com/profile/settings,0
https://facebook.com/docs/v2/api,0
https://www.paypal.com/watch?v=dQw4w9WgXcQ?utm_source=newsletter&utm_medium=email,0
https://github.com,0
https://docs.bbc.co.uk/search,0
https://blog.twitch.tv,0
https://blog.office.com/support/faq,0
https://support.instagram.com/user/dashboard/overview?view=compact&filter=active,0
https://nytimes.com/profile/settings?view=compact&filter=active,0
https://docs.linkedin.com/search?view=compact&filter=active,0
https://youtube.com/watch?v=dQw4w9WgXcQ?session_id=983427492&lang=en,0
https://stackoverflow.com/pricing/enterprise,0
https://blog.slack.com/user/dashboard/overview,0
https://docs.github.com/feed/trending,0
https://api.healthline.com/blog/machine-learning,0
https://api.spotify.com/support/faq,0
https://api.stackoverflow.com/docs/v2/api?category=all&page=2&sort=relevance,0
https://twitter.com/watch?v=dQw4w9WgXcQ,0
https://api.dropbox.com/resources/whitepapers?session_id=983427492&lang=en,0
https://mit.edu/blog/machine-learning?view=compact&filter=active,0
https://support.stackoverflow.com/article/2026/03/technology-update?ref=homepage&source=nav,0
https://www.reddit.com/watch?v=dQw4w9WgXcQ,0
https://www.salesforce.com/article/2026/03/technology-update?q=cybersecurity+best+practices,0
https://www.paypal.com/docs/v2/api,0
https://harvard.edu/profile/settings?session_id=983427492&lang=en,0
https://support.twitter.com?view=compact&filter=active,0
http://stackoverflow.com/blog/machine-learning?view=compact&filter=active,0
http://docs.pinterest.com/category/news/world?ref=homepage&source=nav,0
https://mozilla.org/watch?v=dQw4w9WgXcQ,0
https://spotify.com/blog/machine-learning,0
https://blog.spotify.com/watch?v=dQw4w9WgXcQ,0
https://www.spotify.com/pricing/enterprise,0
https://zoom.us/search,0
https://api.youtube.com/watch?v=dQw4w9WgXcQ,0
https://www.mit.edu/resources/whitepapers,0
https://www.stackoverflow.com/,0
https://mit.edu/category/news/world,0
https://ebay.com/products/electronics/deals?q=cybersecurity+best+practices,0
https://microsoft.com/user/dashboard/overview?q=cybersecurity+best+practices,0
https://yahoo.com/search,0
https://quora.com/user/dashboard/overview?category=all&page=2&sort=relevance,0
https://support.medium.com,0
https://docs.etsy.com/blog/machine-learning?category=all&page=2&sort=relevance,0
https://support.spotify.com/download/latest/installer.exe?ref=homepage&source=nav,0
https://support.zoom.us/explore?session_id=983427492&lang=en,0
https://stackoverflow.com/docs/v2/api?category=all&page=2&sort=relevance,0
https://instagram.com/watch?v=dQw4w9WgXcQ,0
https://microsoft.com/profile/settings?view=compact&filter=active,0
https://api.stackoverflow.com/explore,0
https://cloudflare.com/resources/whitepapers?utm_source=newsletter&utm_medium=email,0
https://api.cnn.com/explore?utm_source=newsletter&utm_medium=email,0
http://slack.com/watch?v=dQw4w9WgXcQ,0
https://api.twitter.com/support/faq,0
https://github.com/,0
https://www.nytimes.com/user/dashboard/overview?ref=homepage&source=nav,0
https://api.yahoo.com/watch?v=dQw4w9WgXcQ?utm_source=newsletter&utm_medium=email,0
https://apple.com/download/latest/installer.exe?category=all&page=2&sort=relevance,0
https://www.mozilla.org/article/2026/03/technology-update,0
https://api.facebook.com/download/latest/installer.exe?q=cybersecurity+best+practices,0
https://docs.healthline.com/watch?v=dQw4w9WgXcQ,0
https://twitch.tv?q=cybersecurity+best+practices,0
https://www.pinterest.com/article/2026/03/technology-update?q=cybersecurity+best+practices,0
https://support.walmart.com/article/2026/03/technology-update,0
https://stanford.edu/feed/trending,0
http://support.microsoft.com/pricing/enterprise?q=cybersecurity+best+practices,0
https://support.walmart.com/profile/settings,0
https://docs.linkedin.com/resources/whitepapers,0
https://stanford.edu/resources/whitepapers?utm_source=newsletter&utm_medium=email,0
https://blog.walmart.com/feed/trending,0
https://docs.netflix.com/pricing/enterprise?view=compact&filter=active,0
https://cloudflare.com/category/news/world?q=cybersecurity+best+practices,0
https://support.adobe.com/resources/whitepapers,0
https://api.medium.com,0
https://docs.netflix.com/resources/whitepapers?ref=homepage&source=nav,0
http://docs.cloudflare.com/feed/trending,0
https://support.espn.com/feed/trending,0
https://blog.weather.com/download/latest/installer.exe,0
https://api.stackoverflow.com/support/faq,0
https://bbc.co.uk/explore,0
https://www.walmart.com/,0
https://api.walmart.com/feed/trending,0
https://docs.github.com/article/2026/03/technology-update,0
http://cloudflare.com/,0
https://support.dropbox.com/download/latest/installer.exe,0
https://espn.com/products/electronics/deals,0
https://dropbox.com/explore?view=compact&filter=active,0
https://support.cloudflare.com/about/company,0
https://support.pinterest.com?utm_source=newsletter&utm_medium=email,0
https://microsoft.com/profile/settings?category=all&page=2&sort=relevance,0
http://blog.zoom.us/watch?v=dQw4w9WgXcQ,0
https://www.netflix.com/explore,0
https://docs.espn.com/docs/v2/api,0
http://instagram.com/watch?v=dQw4w9WgXcQ,0
http://nytimes.com/about/company,0
https://spotify.com/article/2026/03/technology-update?ref=homepage&source=nav,0
https://espn.com/article/2026/03/technology-update,0
https://support.walmart.com/article/2026/03/technology-update?utm_source=newsletter&utm_medium=email,0
https://harvard.edu/support/faq,0
https://api.github.com/support/faq,0
https://cloudflare.com/support/faq?utm_source=newsletter&utm_medium=email,0
https://blog.cnn.com/products/electronics/deals,0
https://mozilla.org/about/company?utm_source=newsletter&utm_medium=email,0
https://docs.espn.com/?utm_source=newsletter&utm_medium=email,0
https://api.instagram.com/search,0
https://walmart.com/about/company?category=all&page=2&sort=relevance,0
https://pinterest.com/category/news/world,0
https://blog.harvard.edu/profile/settings?category=all&page=2&sort=relevance,0
https://docs.office.com/watch?v=dQw4w9WgXcQ?category=all&page=2&sort=relevance,0
https://www.amazon.com/products/electronics/deals?q=cybersecurity+best+practices,0
https://etsy.com/download/latest/installer.exe?category=all&page=2&sort=relevance,0
http://ebay.com,0
https://docs.espn.com/article/2026/03/technology-update?utm_source=newsletter&utm_medium=email,0
https://www.harvard.edu/explore?utm_source=newsletter&utm_medium=email,0
https://blog.mit.edu/watch?v=dQw4w9WgXcQ?category=all&page=2&sort=relevance,0
https://blog.pinterest.com/blog/machine-learning?category=all&page=2&sort=relevance,0
https://docs.paypal.com/support/faq?utm_source=newsletter&utm_medium=email,0
https://quora.com/category/news/world?view=compact&filter=active,0
https://instagram.com/blog/machine-learning?category=all&page=2&sort=relevance,0
https://support.espn.com/search?ref=homepage&source=nav,0
https://docs.twitter.com/search,0
https://blog.imdb.com/support/faq?view=compact&filter=active,0
https://www.facebook.com/category/news/world?utm_source=newsletter&utm_medium=email,0
https://support.instagram.com,0
https://twitch.tv/search?utm_source=newsletter&utm_medium=email,0
https://hulu.com/profile/settings?ref=homepage&source=nav,0
https://api.youtube.com/watch?v=dQw4w9WgXcQ?category=all&page=2&sort=relevance,0
https://apple.com/docs/v2/api?category=all&page=2&sort=relevance,0
https://api.spotify.com?category=all&page=2&sort=relevance,0
https://support.google.com/support/faq,0
https://youtube.com/explore?view=compact&filter=active,0
https://google.com/user/dashboard/overview,0
https://twitch.tv/?ref=homepage&source=nav,0
https://api.ebay.com/feed/trending,0
https://linkedin.com/products/electronics/deals?utm_source=newsletter&utm_medium=email,0
https://www.zoom.us/pricing/enterprise,0
https://api.google.com/support/faq?view=compact&filter=active,0
https://nih.gov/download/latest/installer.exe?q=cybersecurity+best+practices,0
https://stackoverflow.com/?view=compact&filter=active,0
https://www.nytimes.com/blog/machine-learning,0
https://support.espn.com/download/latest/installer.exe,0
https://nytimes.com/category/news/world,0
https://bbc.co.uk/resources/whitepapers,0
https://docs.weather.com/support/faq?q=cybersecurity+best+practices,0
https://docs.healthline.com/profile/settings,0
https://api.cnn.com/article/2026/03/technology-update?view=compact&filter=active,0
https://api.youtube.com/,0
https://support.stanford.edu?q=cybersecurity+best+practices,0
https://dropbox.com/article/2026/03/technology-update?view=compact&filter=active,0
https://twitter.com/resources/whitepapers?utm_source=newsletter&utm_medium=email,0
https://api.imdb.com/search?q=cybersecurity+best+practices,0
https://blog.cloudflare.com/category/news/world,0
https://github.com?utm_source=newsletter&utm_medium=email,0
http://www.amazon.com/article/2026/03/technology-update?utm_source=newsletter&utm_medium=email,0
https://cnn.com/?category=all&page=2&sort=relevance,0
https://support.nytimes.com/search,0
https://api.bbc.co.uk/resources/whitepapers,0
http://blog.wikipedia.org/docs/v2/api,0
https://www.stanford.edu/watch?v=dQw4w9WgXcQ,0
https://weather.com/products/electronics/deals,0
https://www.github.com/,0
https://support.zoom.us/watch?v=dQw4w9WgXcQ,0
https://microsoft.com/support/faq?q=cybersecurity+best+practices,0
https://imdb.com/support/faq,0
https://youtube.com/feed/trending,0
https://docs.facebook.com/?category=all&page=2&sort=relevance,0
http://nih.gov/docs/v2/api,0
https://bbc.co.uk/profile/settings?view=compact&filter=active,0
https://hulu.com/watch?v=dQw4w9WgXcQ,0
https://blog.google.com/article/2026/03/technology-update,0
https://blog.netflix.com/about/company?q=cybersecurity+best+practices,0
https://blog.facebook.com/search,0
https://api.mit.edu/profile/settings,0
https://docs.office.com,0
https://blog.nih.gov/explore,0
https://slack.com/blog/machine-learning?ref=homepage&source=nav,0
https://support.youtube.com/docs/v2/api,0
https://stanford.edu/user/dashboard/overview,0
https://linkedin.com/explore,0
https://stanford.edu/user/dashboard/overview?ref=homepage&source=nav,0
https://api.twitch.tv/resources/whitepapers,0
https://api.apple.com/category/news/world,0
https://www.youtube.com/blog/machine-learning?utm_source=newsletter&utm_medium=email,0
https://etsy.com/resources/whitepapers,0
https://api.etsy.com/products/electronics/deals,0
https://healthline.com/products/electronics/deals?q=cybersecurity+best+practices,0
https://blog.cnn.com/blog/machine-learning,0
https://reddit.com/category/news/world,0
https://docs.twitter.com/docs/v2/api?ref=homepage&source=nav,0
http://www.google.com,0
https://quora.com/about/company?category=all&page=2&sort=relevance,0
https://etsy.com/profile/settings,0
https://youtube.com/download/latest/installer.exe?session_id=983427492&lang=en,0
https://nytimes.com/feed/trending,0
http://api.imdb.com/blog/machine-learning?utm_source=newsletter&utm_medium=email,0
https://api.wikipedia.org/resources/whitepapers,0
https://www.github.com/blog/machine-learning,0
https://wikipedia.org/user/dashboard/overview?session_id=983427492&lang=en,0
http://pinterest.com/about/company,0
https://healthline.com,0
https://blog.etsy.com/about/company?session_id=983427492&lang=en,0
https://www.zoom.us/,0
https://support.cnn.com?session_id=983427492&lang=en,0
https://www.wikipedia.org/docs/v2/api?utm_source=newsletter&utm_medium=email,0
https://www.stackoverflow.com/download/latest/installer.exe,0
https://docs.pinterest.com/profile/settings?q=cybersecurity+best+practices,0
https://www.dropbox.com/resources/whitepapers,0
https://api.yahoo.com/docs/v2/api?ref=homepage&source=nav,0
https://reddit.com/watch?v=dQw4w9WgXcQ?ref=homepage&source=nav,0
http://youtube.com/download/latest/installer.exe,0
https://www.mozilla.org/,0
https://apple.com/user/dashboard/overview,0
https://support.etsy.com/resources/whitepapers,0
https://blog.twitch.tv/article/2026/03/technology-update?view=compact&filter=active,0
https://bbc.co.uk/?ref=homepage&source=nav,0
https://docs.netflix.com/article/2026/03/technology-update?ref=homepage&source=nav,0
http://youtube.com/search,0
https://support.hulu.com/products/electronics/deals?ref=homepage&source=nav,0
https://netflix.com/pricing/enterprise?category=all&page=2&sort=relevance,0
https://www.slack.com/support/faq?session_id=983427492&lang=en,0
http://www.mozilla.org/download/latest/installer.exe,0
https://support.zoom.us/download/latest/installer.exe?session_id=983427492&lang=en,0
https://blog.netflix.com/search?utm_source=newsletter&utm_medium=email,0
https://stackoverflow.com/watch?v=dQw4w9WgXcQ?session_id=983427492&lang=en,0
https://google.com/explore?ref=homepage&source=nav,0
https://www.office.com/docs/v2/api,0
https://facebook.com/about/company?session_id=983427492&lang=en,0
https://blog.healthline.com/pricing/enterprise,0
https://instagram.com/download/latest/installer.exe?ref=homepage&source=nav,0
https://twitter.com/category/news/world,0
https://blog.mit.edu/article/2026/03/technology-update,0
https://api.stackoverflow.com/watch?v=dQw4w9WgXcQ?utm_source=newsletter&utm_medium=email,0
https://api.imdb.com?category=all&page=2&sort=relevance,0
https://blog.yahoo.com/about/company,0
https://www.wikipedia.org/article/2026/03/technology-update,0
https://apple.com/category/news/world,0
https://google.com/feed/trending?q=cybersecurity+best+practices,0
https://stanford.edu/blog/machine-learning?utm_source=newsletter&utm_medium=email,0
https://docs.github.com/docs/v2/api?ref=homepage&source=nav,0
https://support.stackoverflow.com/blog/machine-learning?ref=homepage&source=nav,0
https://docs.target.com/category/news/world?category=all&page=2&sort=relevance,0
https://api.github.com/category/news/world,0
https://salesforce.com/feed/trending?utm_source=newsletter&utm_medium=email,0
https://ebay.com/blog/machine-learning?utm_source=newsletter&utm_medium=email,0
https://google.com/about/company?session_id=983427492&lang=en,0
https://microsoft.com/profile/settings?ref=homepage&source=nav,0
https://linkedin.com/download/latest/installer.exe?q=cybersecurity+best+practices,0
https://docs.salesforce.com/profile/settings,0
https://support.salesforce.com/pricing/enterprise,0
https://reddit.com/pricing/enterprise?q=cybersecurity+best+practices,0
https://docs.apple.com/about/company?category=all&page=2&sort=relevance,0
https://www.office.com/products/electronics/deals,0
https://blog.nih.gov/watch?v=dQw4w9WgXcQ,0
http://api.walmart.com/search,0
https://api.github.com/search?ref=homepage&source=nav,0
https://microsoft.com/pricing/enterprise?category=all&page=2&sort=relevance,0
https://support.paypal.com/user/dashboard/overview?session_id=983427492&lang=en,0
https://wikipedia.org?view=compact&filter=active,0
https://www.hulu.com/feed/trending?view=compact&filter=active,0
https://spotify.com/docs/v2/api,0
https://hulu.com/explore,0
http://docs.paypal.com/blog/machine-learning,0
https://amazon.com/blog/machine-learning,0
https://mozilla.org/download/latest/installer.exe?view=compact&filter=active,0
https://www.walmart.com/feed/trending,0
https://hulu.com/article/2026/03/technology-update?view=compact&filter=active,0
https://cloudflare.com/search?utm_source=newsletter&utm_medium=email,0
https://docs.mozilla.org/,0
https://docs.bbc.co.uk/category/news/world,0
https://cloudflare.com/category/news/world,0
https://harvard.edu/feed/trending?view=compact&filter=active,0
https://www.facebook.com/user/dashboard/overview?category=all&page=2&sort=relevance,0
https://api.pinterest.com/,0
https://api.youtube.com/category/news/world?utm_source=newsletter&utm_medium=email,0
https://instagram.com/support/faq?view=compact&filter=active,0
https://google.com?view=compact&filter=active,0
https://api.netflix.com/resources/whitepapers?ref=homepage&source=nav,0
https://blog.cloudflare.com,0
https://spotify.com/feed/trending?category=all&page=2&sort=relevance,0
https://youtube.com/category/news/world,0
https://office.com/download/latest/installer.exe?q=cybersecurity+best+practices,0
https://facebook.com/watch?v=dQw4w9WgXcQ,0
https://office.com/search?view=compact&filter=active,0
https://api.target.com/article/2026/03/technology-update,0
https://instagram.com/watch?v=dQw4w9WgXcQ?utm_source=newsletter&utm_medium=email,0
https://google.com/profile/settings,0
https://hulu.com/resources/whitepapers?view=compact&filter=active,0
https://cnn.com/article/2026/03/technology-update?view=compact&filter=active,0
http://docs.yahoo.com/resources/whitepapers?utm_source=newsletter&utm_medium=email,0
https://adobe.com/download/latest/installer.exe?ref=homepage&source=nav,0
https://api.yahoo.com/user/dashboard/overview,0
https://www.adobe.com/docs/v2/api,0
https://salesforce.com/,0
https://twitch.tv/resources/whitepapers?category=all&page=2&sort=relevance,0
https://docs.ebay.com/watch?v=dQw4w9WgXcQ?ref=homepage&source=nav,0
https://docs.pinterest.com/about/company?category=all&page=2&sort=relevance,0
http://paypal.com/watch?v=dQw4w9WgXcQ,0
https://blog.paypal.com/article/2026/03/technology-update?ref=homepage&source=nav,0
https://api.etsy.com/article/2026/03/technology-update,0
https://dropbox.com/docs/v2/api?session_id=983427492&lang=en,0
https://ebay.com/,0
https://api.pinterest.com/about/company?q=cybersecurity+best+practices,0
https://www.yahoo.com,0
https://www.walmart.com/explore,0
https://docs.ebay.com/support/faq?utm_source=newsletter&utm_medium=email,0
https://linkedin.com/docs/v2/api,0
https://api.cnn.com/products/electronics/deals?ref=homepage&source=nav,0
https://www.github.com/download/latest/installer.exe,0
https://www.cnn.com/category/news/world?category=all&page=2&sort=relevance,0
https://www.github.com?category=all&page=2&sort=relevance,0
https://adobe.com/watch?v=dQw4w9WgXcQ?utm_source=newsletter&utm_medium=email,0
https://blog.spotify.com/,0
http://amazon.com/article/2026/03/technology-update?ref=homepage&source=nav,0
https://medium.com/?category=all&page=2&sort=relevance,0
https://www.imdb.com/profile/settings,0
https://walmart.com/profile/settings?session_id=983427492&lang=en,0
https://api.walmart.com/watch?v=dQw4w9WgXcQ,0
https://docs.imdb.com/pricing/enterprise,0
https://apple.com/blog/machine-learning?session_id=983427492&lang=en,0
https://twitch.tv/category/news/world,0
https://api.dropbox.com/products/electronics/deals?utm_source=newsletter&utm_medium=email,0
https://support.spotify.com/feed/trending,0
https://yahoo.com/products/electronics/deals?session_id=983427492&lang=en,0
https://paypal.com/download/latest/installer.exe,0
https://instagram.com/explore?ref=homepage&source=nav,0
https://docs.mit.edu/watch?v=dQw4w9WgXcQ?ref=homepage&source=nav,0
http://api.target.com/profile/settings?session_id=983427492&lang=en,0
https://www.yahoo.com/profile/settings,0
https://support.office.com/,0
https://amazon.com/search?q=cybersecurity+best+practices,0
https://www.twitter.com/docs/v2/api,0
http://wikipedia.org/article/2026/03/technology-update,0
https://slack.com/feed/trending?view=compact&filter=active,0
http://stackoverflow.com/category/news/world?ref=homepage&source=nav,0
https://docs.wikipedia.org/docs/v2/api?session_id=983427492&lang=en,0
https://twitter.com?view=compact&filter=active,0
https://github.com/profile/settings?ref=homepage&source=nav,0
https://docs.twitter.com/feed/trending?category=all&page=2&sort=relevance,0
https://office.com/resources/whitepapers?q=cybersecurity+best+practices,0
https://espn.com/?category=all&page=2&sort=relevance,0
https://docs.youtube.com/products/electronics/deals,0
https://blog.microsoft.com/user/dashboard/overview,0
https://www.twitch.tv/category/news/world?utm_source=newsletter&utm_medium=email,0
https://slack.com/profile/settings?q=cybersecurity+best+practices,0
https://blog.twitch.tv/search,0
https://blog.adobe.com/support/faq,0
https://espn.com/?q=cybersecurity+best+practices,0
https://support.nih.gov/explore,0
https://salesforce.com/blog/machine-learning?view=compact&filter=active,0
https://slack.com/resources/whitepapers?q=cybersecurity+best+practices,0
https://docs.salesforce.com/user/dashboard/overview?view=compact&filter=active,0
https://mit.edu/search?view=compact&filter=active,0
https://yahoo.com?ref=homepage&source=nav,0
http://docs.paypal.com/,0
http://docs.nytimes.com/category/news/world,0
https://support.office.com/products/electronics/deals,0
https://stanford.edu/user/dashboard/overview?q=cybersecurity+best+practices,0
http://docs.slack.com/profile/settings?utm_source=newsletter&utm_medium=email,0
https://support.pinterest.com/category/news/world,0
https://slack.com/watch?v=dQw4w9WgXcQ?session_id=983427492&lang=en,0
https://docs.pinterest.com?ref=homepage&source=nav,0
https://healthline.com?session_id=983427492&lang=en,0
https://support.target.com/search?category=all&page=2&sort=relevance,0
https://www.amazon.com,0
https://api.imdb.com/search?utm_source=newsletter&utm_medium=email,0
https://www.facebook.com/blog/machine-learning,0
https://blog.google.com/profile/settings,0
https://yahoo.com/user/dashboard/overview?session_id=983427492&lang=en,0
https://www.wikipedia.org/support/faq,0
https://docs.slack.com/watch?v=dQw4w9WgXcQ,0
https://blog.yahoo.com/article/2026/03/technology-update?utm_source=newsletter&utm_medium=email,0
https://www.cnn.com/?view=compact&filter=active,0
https://blog.adobe.com/category/news/world?view=compact&filter=active,0
https://apple.com/profile/settings?utm_source=newsletter&utm_medium=email,0
http://mit.edu/category/news/world,0
http://blog.netflix.com/,0
https://api.youtube.com/?view=compact&filter=active,0
https://docs.amazon.com/docs/v2/api?utm_source=newsletter&utm_medium=email,0
https://target.com/about/company?view=compact&filter=active,0
https://api.imdb.com/watch?v=dQw4w9WgXcQ?category=all&page=2&sort=relevance,0
https://harvard.edu/download/latest/installer.exe?q=cybersecurity+best+practices,0
https://docs.instagram.com/products/electronics/deals?ref=homepage&source=nav,0
https://facebook.com/download/latest/installer.exe?q=cybersecurity+best+practices,0
https://support.ebay.com/feed/trending,0
https://support.stackoverflow.com/docs/v2/api,0
https://paypal.com?q=cybersecurity+best+practices,0
https://mozilla.org,0
https://cloudflare.com/about/company,0
https://blog.paypal.com?view=compact&filter=active,0
https://stanford.edu/category/news/world,0
https://docs.etsy.com/article/2026/03/technology-update?ref=homepage&source=nav,0
http://www.zoom.us/docs/v2/api,0
https://api.zoom.us/category/news/world,0
https://linkedin.com/about/company?category=all&page=2&sort=relevance,0
https://www.mit.edu/?q=cybersecurity+best+practices,0
http://salesforce.com/resources/whitepapers?q=cybersecurity+best+practices,0
https://slack.com/blog/machine-learning?utm_source=newsletter&utm_medium=email,0
https://docs.target.com/user/dashboard/overview?session_id=983427492&lang=en,0
https://bbc.co.uk/category/news/world?view=compact&filter=active,0
https://api.twitter.com/search,0
http://google.com/search,0
https://docs.mit.edu/docs/v2/api?session_id=983427492&lang=en,0
https://blog.amazon.com/article/2026/03/technology-update?view=compact&filter=active,0
http://www.etsy.com/user/dashboard/overview,0
https://support.weather.com/support/faq?category=all&page=2&sort=relevance,0
https://www.mit.edu/about/company?ref=homepage&source=nav,0
https://adobe.com/feed/trending?category=all&page=2&sort=relevance,0
https://blog.github.com/user/dashboard/overview?category=all&page=2&sort=relevance,0
https://api.etsy.com/?view=compact&filter=active,0
https://nytimes.com/blog/machine-learning?category=all&page=2&sort=relevance,0
https://blog.quora.com/feed/trending,0
https://blog.nih.gov,0
https://mit.edu/,0
https://api.weather.com/search?utm_source=newsletter&utm_medium=email,0
https://www.facebook.com/about/company?view=compact&filter=active,0
https://medium.com/blog/machine-learning,0
https://cnn.com/blog/machine-learning?utm_source=newsletter&utm_medium=email,0
https://blog.linkedin.com/search,0
http://office.com/search?session_id=983427492&lang=en,0
https://blog.stanford.edu/search,0
https://api.target.com,0
https://wikipedia.org/support/faq?category=all&page=2&sort=relevance,0
https://google.com/about/company,0
https://walmart.com?q=cybersecurity+best+practices,0
https://imdb.com/watch?v=dQw4w9WgXcQ?session_id=983427492&lang=en,0
https://api.nytimes.com/user/dashboard/overview,0
https://support.healthline.com?utm_source=newsletter&utm_medium=email,0
https://netflix.com/watch?v=dQw4w9WgXcQ?ref=homepage&source=nav,0
https://salesforce.com/resources/whitepapers?q=cybersecurity+best+practices,0
http://docs.twitter.com/about/company,0
https://docs.pinterest.com/feed/trending,0
https://api.reddit.com/search?session_id=983427492&lang=en,0
https://blog.healthline.com/article/2026/03/technology-update,0
https://docs.netflix.com/explore,0
https://nytimes.com/explore,0
https://microsoft.com/blog/machine-learning?session_id=983427492&lang=en,0
https://netflix.com/article/2026/03/technology-update?category=all&page=2&sort=relevance,0
https://blog.office.com/pricing/enterprise?ref=homepage&source=nav,0
https://stanford.edu/user/dashboard/overview?session_id=983427492&lang=en,0
https://healthline.com/blog/machine-learning?ref=homepage&source=nav,0
https://api.amazon.com/support/faq?utm_source=newsletter&utm_medium=email,0
https://docs.hulu.com/docs/v2/api?q=cybersecurity+best+practices,0
https://docs.stanford.edu,0
http://zoom.us/,0
http://quora.com/resources/whitepapers,0
https://walmart.com/products/electronics/deals?utm_source=newsletter&utm_medium=email,0
https://yahoo.com/article/2026/03/technology-update?q=cybersecurity+best+practices,0
https://blog.youtube.com/watch?v=dQw4w9WgXcQ?view=compact&filter=active,0
https://support.paypal.com/pricing/enterprise,0
https://docs.nih.gov/,0
https://support.hulu.com/support/faq,0
https://www.healthline.com/,0
https://espn.com/about/company?q=cybersecurity+best+practices,0
https://support.reddit.com/user/dashboard/overview,0
https://salesforce.com/pricing/enterprise?ref=homepage&source=nav,0
https://docs.stackoverflow.com/download/latest/installer.exe,0
https://www.github.com/about/company,0
http://support.stackoverflow.com/docs/v2/api?category=all&page=2&sort=relevance,0
https://twitter.com/search,0
https://linkedin.com/about/company,0
https://etsy.com/category/news/world?utm_source=newsletter&utm_medium=email,0
https://docs.medium.com/products/electronics/deals,0
https://www.reddit.com/support/faq?category=all&page=2&sort=relevance,0
https://docs.mit.edu/user/dashboard/overview?ref=homepage&source=nav,0
https://www.apple.com/feed/trending?view=compact&filter=active,0
https://yahoo.com/pricing/enterprise,0
https://docs.facebook.com/about/company,0
https://blog.target.com/article/2026/03/technology-update?view=compact&filter=active,0
https://support.nytimes.com/watch?v=dQw4w9WgXcQ,0
https://medium.com/category/news/world,0
https://blog.harvard.edu/search,0
https://support.spotify.com/search,0
https://netflix.com/resources/whitepapers?session_id=983427492&lang=en,0
https://docs.linkedin.com/blog/machine-learning,0
https://api.slack.com/?category=all&page=2&sort=relevance,0
https://office.com/blog/machine-learning,0
https://blog.weather.com/docs/v2/api,0
https://support.microsoft.com/about/company?q=cybersecurity+best+practices,0
http://docs.google.com/watch?v=dQw4w9WgXcQ,0
https://zoom.us/category/news/world?ref=homepage&source=nav,0
https://blog.zoom.us/resources/whitepapers?ref=homepage&source=nav,0
https://cnn.com/feed/trending?q=cybersecurity+best+practices,0
https://support.facebook.com/feed/trending?view=compact&filter=active,0
https://api.cnn.com/search,0
https://support.espn.com/products/electronics/deals,0
https://api.target.com/search,0
http://blog.stackoverflow.com/article/2026/03/technology-update,0
https://yahoo.com/products/electronics/deals?utm_source=newsletter&utm_medium=email,0
https://blog.medium.com/watch?v=dQw4w9WgXcQ?session_id=983427492&lang=en,0
https://support.zoom.us/category/news/world,0
https://blog.nih.gov/user/dashboard/overview?ref=homepage&source=nav,0
https://quora.com/search?q=cybersecurity+best+practices,0
https://blog.bbc.co.uk/download/latest/installer.exe,0
https://docs.pinterest.com/profile/settings?view=compact&filter=active,0
https://reddit.com/user/dashboard/overview,0
https://slack.com/download/latest/installer.exe,0
https://spotify.com/support/faq?session_id=983427492&lang=en,0
https://cnn.com/category/news/world?ref=homepage&source=nav,0
https://blog.dropbox.com/explore?q=cybersecurity+best+practices,0
https://docs.ebay.com/category/news/world?ref=homepage&source=nav,0
https://dropbox.com/download/latest/installer.exe,0
https://docs.pinterest.com/about/company,0
http://twitter.com/resources/whitepapers?category=all&page=2&sort=relevance,0
http://docs.adobe.com/?category=all&page=2&sort=relevance,0
https://docs.facebook.com/,0
https://api.ebay.com/user/dashboard/overview,0
https://api.twitch.tv/feed/trending?view=compact&filter=active,0
https://www.etsy.com/profile/settings,0
https://docs.salesforce.com/about/company,0
https://www.hulu.com/profile/settings?ref=homepage&source=nav,0
http://healthline.com/docs/v2/api?category=all&page=2&sort=relevance,0
https://weather.com/docs/v2/api?view=compact&filter=active,0
https://quora.com,0
https://netflix.com/explore?category=all&page=2&sort=relevance,0
https://reddit.com/category/news/world?session_id=983427492&lang=en,0
https://www.harvard.edu/products/electronics/deals,0
https://blog.linkedin.com/category/news/world?session_id=983427492&lang=en,0
https://target.com/profile/settings,0
https://quora.com/blog/machine-learning?q=cybersecurity+best+practices,0
https://blog.netflix.com/support/faq?category=all&page=2&sort=relevance,0
https://netflix.com/feed/trending,0
https://imdb.com/docs/v2/api?q=cybersecurity+best+practices,0
https://docs.walmart.com/?utm_source=newsletter&utm_medium=email,0
https://api.mozilla.org/support/faq,0
https://blog.cloudflare.com/support/faq,0
https://support.walmart.com/?session_id=983427492&lang=en,0
https://blog.target.com/category/news/world?view=compact&filter=active,0
https://www.pinterest.com/category/news/world,0
https://harvard.edu/explore?view=compact&filter=active,0
https://blog.youtube.com/search?view=compact&filter=active,0
https://support.netflix.com/user/dashboard/overview?category=all&page=2&sort=relevance,0
http://www.github.com?category=all&page=2&sort=relevance,0
https://linkedin.com/docs/v2/api?q=cybersecurity+best+practices,0
https://www.espn.com/profile/settings?utm_source=newsletter&utm_medium=email,0
https://api.twitch.tv/blog/machine-learning?q=cybersecurity+best+practices,0
https://blog.microsoft.com/blog/machine-learning?category=all&page=2&sort=relevance,0
https://www.adobe.com/support/faq,0
https://support.hulu.com/explore?view=compact&filter=active,0
http://facebook.com/support/faq,0
https://spotify.com/pricing/enterprise,0
https://support.office.com/article/2026/03/technology-update?session_id=983427492&lang=en,0
https://bbc.co.uk/pricing/enterprise?utm_source=newsletter&utm_medium=email,0
https://amazon.com/about/company,0
https://stanford.edu/docs/v2/api?session_id=983427492&lang=en,0
https://api.zoom.us/search?utm_source=newsletter&utm_medium=email,0
https://api.cloudflare.com/?q=cybersecurity+best+practices,0
https://docs.bbc.co.uk/about/company,0
http://docs.adobe.com/resources/whitepapers?view=compact&filter=active,0
https://twitch.tv/docs/v2/api?category=all&page=2&sort=relevance,0
https://www.hulu.com/explore,0
https://www.paypal.com/docs/v2/api?q=cybersecurity+best+practices,0
https://support.zoom.us/products/electronics/deals?q=cybersecurity+best+practices,0
https://wikipedia.org/pricing/enterprise?session_id=983427492&lang=en,0
https://www.yahoo.com/article/2026/03/technology-update,0
https://paypal.com/pricing/enterprise?ref=homepage&source=nav,0
https://docs.imdb.com?q=cybersecurity+best+practices,0
https://support.salesforce.com/profile/settings,0
https://api.dropbox.com/pricing/enterprise?session_id=983427492&lang=en,0
https://support.healthline.com/explore,0
https://support.stanford.edu/profile/settings?q=cybersecurity+best+practices,0
https://cloudflare.com/docs/v2/api?session_id=983427492&lang=en,0
https://support.walmart.com/article/2026/03/technology-update?view=compact&filter=active,0
http://support.netflix.com/pricing/enterprise?session_id=983427492&lang=en,0
https://support.nih.gov/watch?v=dQw4w9WgXcQ,0
https://blog.zoom.us/watch?v=dQw4w9WgXcQ,0
https://microsoft.com/products/electronics/deals?category=all&page=2&sort=relevance,0
https://api.slack.com,0
https://dropbox.com/about/company?ref=homepage&source=nav,0
https://support.dropbox.com/download/latest/installer.exe?session_id=983427492&lang=en,0
https://support.imdb.com/watch?v=dQw4w9WgXcQ,0
https://target.com/watch?v=dQw4w9WgXcQ?ref=homepage&source=nav,0
https://blog.facebook.com/about/company?ref=homepage&source=nav,0
https://www.zoom.us/user/dashboard/overview?q=cybersecurity+best+practices,0
https://www.medium.com/article/2026/03/technology-update,0
https://cnn.com/search,0
https://www.imdb.com/pricing/enterprise,0
https://api.imdb.com/blog/machine-learning?ref=homepage&source=nav,0
https://support.nytimes.com/resources/whitepapers,0
https://www.stanford.edu/search,0
https://support.walmart.com/explore,0
https://blog.zoom.us/resources/whitepapers,0
https://docs.mozilla.org/user/dashboard/overview,0
https://support.twitch.tv/products/electronics/deals,0
https://amazon.com/profile/settings,0
https://google.com/watch?v=dQw4w9WgXcQ,0
https://blog.pinterest.com/support/faq,0
https://docs.youtube.com/,0
https://api.spotify.com/docs/v2/api,0
https://www.zoom.us/products/electronics/deals?utm_source=newsletter&utm_medium=email,0
https://blog.linkedin.com/,0
https://imdb.com/watch?v=dQw4w9WgXcQ,0
https://facebook.com/profile/settings,0
https://zoom.us/about/company?category=all&page=2&sort=relevance,0
https://support.instagram.com/pricing/enterprise,0
https://support.healthline.com/article/2026/03/technology-update,0
https://www.healthline.com/feed/trending?ref=homepage&source=nav,0
https://wikipedia.org/watch?v=dQw4w9WgXcQ?category=all&page=2&sort=relevance,0
https://yahoo.com/article/2026/03/technology-update?utm_source=newsletter&utm_medium=email,0
https://docs.cnn.com/resources/whitepapers?session_id=983427492&lang=en,0
https://support.facebook.com/resources/whitepapers,0
https://blog.etsy.com/article/2026/03/technology-update,0
https://api.salesforce.com/docs/v2/api,0
https://api.twitter.com/article/2026/03/technology-update,0
https://nytimes.com/resources/whitepapers?category=all&page=2&sort=relevance,0
https://netflix.com/feed/trending?q=cybersecurity+best+practices,0
https://docs.hulu.com/docs/v2/api,0
https://support.office.com?q=cybersecurity+best+practices,0
https://cnn.com/docs/v2/api?ref=homepage&source=nav,0
https://blog.twitter.com/blog/machine-learning,0
https://www.dropbox.com/products/electronics/deals?category=all&page=2&sort=relevance,0
https://api.imdb.com/about/company,0
https://docs.slack.com/about/company,0
https://ebay.com/explore,0
https://adobe.com/profile/settings,0
https://support.slack.com/products/electronics/deals?ref=homepage&source=nav,0
https://github.com/user/dashboard/overview?ref=homepage&source=nav,0
https://docs.apple.com/feed/trending,0
https://api.imdb.com/search,0
https://www.nih.gov/,0
https://api.amazon.com/,0
https://support.stanford.edu/explore,0
http://linkedin.com/about/company?view=compact&filter=active,0
https://support.walmart.com/about/company,0
https://target.com/?category=all&page=2&sort=relevance,0
https://docs.reddit.com/explore?ref=homepage&source=nav,0
http://nih.gov/pricing/enterprise,0
https://blog.bbc.co.uk/watch?v=dQw4w9WgXcQ?q=cybersecurity+best+practices,0
https://hulu.com,0
https://hulu.com/blog/machine-learning?utm_source=newsletter&utm_medium=email,0
https://blog.cnn.com/resources/whitepapers,0
https://support.imdb.com/support/faq,0
https://www.mit.edu/pricing/enterprise,0
https://www.netflix.com/blog/machine-learning,0
http://support.salesforce.com/pricing/enterprise,0
https://docs.salesforce.com,0
https://nih.gov/article/2026/03/technology-update,0
https://docs.pinterest.com/watch?v=dQw4w9WgXcQ,0
https://pinterest.com,0
https://api.slack.com/?view=compact&filter=active,0
https://hulu.com/docs/v2/api,0
https://twitter.com/explore,0
https://netflix.com/user/dashboard/overview,0
https://blog.netflix.com/about/company,0
https://api.microsoft.com/profile/settings,0
https://adobe.com/explore?q=cybersecurity+best+practices,0
https://blog.youtube.com/products/electronics/deals,0
http://www.cloudflare.com/category/news/world?view=compact&filter=active,0
https://twitch.tv/pricing/enterprise?utm_source=newsletter&utm_medium=email,0
https://api.espn.com/article/2026/03/technology-update,0
https://ebay.com/search?view=compact&filter=active,0
https://mozilla.org/docs/v2/api?q=cybersecurity+best+practices,0
https://api.pinterest.com/article/2026/03/technology-update,0
https://api.dropbox.com?q=cybersecurity+best+practices,0
https://support.imdb.com/docs/v2/api,0
https://support.weather.com/blog/machine-learning,0
https://docs.nytimes.com,0
https://docs.spotify.com/pricing/enterprise?ref=homepage&source=nav,0
http://blog.youtube.com/watch?v=dQw4w9WgXcQ?session_id=983427492&lang=en,0
https://docs.slack.com/?ref=homepage&source=nav,0
https://api.quora.com/resources/whitepapers,0
https://www.cloudflare.com/resources/whitepapers,0
http://target.com/pricing/enterprise,0
https://cnn.com/download/latest/installer.exe?q=cybersecurity+best+practices,0
https://instagram.com?session_id=983427492&lang=en,0
http://www.netflix.com/products/electronics/deals,0
https://microsoft.com/blog/machine-learning?ref=homepage&source=nav,0
https://ebay.com/download/latest/installer.exe?ref=homepage&source=nav,0
https://api.spotify.com,0
https://blog.ebay.com/pricing/enterprise,0
https://wikipedia.org/user/dashboard/overview?q=cybersecurity+best+practices,0
https://adobe.com?q=cybersecurity+best+practices,0
https://api.stackoverflow.com/docs/v2/api,0
http://google.com/docs/v2/api?view=compact&filter=active,0
http://facebook.com/article/2026/03/technology-update?utm_source=newsletter&utm_medium=email,0
http://blog.walmart.com,0
https://github.com/explore?session_id=983427492&lang=en,0
https://www.apple.com/support/faq,0
https://docs.instagram.com/profile/settings,0
https://www.weather.com/article/2026/03/technology-update,0
https://www.dropbox.com/docs/v2/api,0
https://docs.nih.gov/user/dashboard/overview?ref=homepage&source=nav,0
https://blog.stackoverflow.com/article/2026/03/technology-update,0
https://blog.reddit.com/products/electronics/deals?session_id=983427492&lang=en,0
https://docs.wikipedia.org/resources/whitepapers?session_id=983427492&lang=en,0
https://apple.com/feed/trending?view=compact&filter=active,0
https://linkedin.com/watch?v=dQw4w9WgXcQ?view=compact&filter=active,0
https://apple.com/article/2026/03/technology-update,0
https://www.office.com/support/faq,0
https://api.harvard.edu/pricing/enterprise,0
https://api.salesforce.com/about/company?ref=homepage&source=nav,0
https://hulu.com/about/company?utm_source=newsletter&utm_medium=email,0
https://api.nytimes.com/docs/v2/api?session_id=983427492&lang=en,0
https://facebook.com/resources/whitepapers,0
https://docs.pinterest.com/products/electronics/deals,0
https://walmart.com/feed/trending?q=cybersecurity+best+practices,0
https://api.hulu.com/search?ref=homepage&source=nav,0
https://blog.youtube.com/watch?v=dQw4w9WgXcQ?category=all&page=2&sort=relevance,0
https://www.twitch.tv/pricing/enterprise,0
https://docs.weather.com/profile/settings?utm_source=newsletter&utm_medium=email,0
https://twitch.tv/profile/settings?utm_source=newsletter&utm_medium=email,0
https://api.google.com/docs/v2/api?category=all&page=2&sort=relevance,0
https://docs.linkedin.com/feed/trending,0
https://api.spotify.com/blog/machine-learning?q=cybersecurity+best+practices,0
https://docs.stackoverflow.com/user/dashboard/overview?session_id=983427492&lang=en,0
https://support.stanford.edu,0
https://stackoverflow.com/blog/machine-learning,0
https://www.netflix.com/blog/machine-learning?q=cybersecurity+best+practices,0
https://blog.etsy.com/support/faq,0
https://support.hulu.com/blog/machine-learning,0
https://healthline.com/docs/v2/api?view=compact&filter=active,0
https://blog.stackoverflow.com/docs/v2/api,0
https://walmart.com/products/electronics/deals,0
https://etsy.com/category/news/world,0
http://docs.walmart.com/search?category=all&page=2&sort=relevance,0
https://blog.ebay.com/about/company?utm_source=newsletter&utm_medium=email,0
https://docs.target.com/profile/settings?view=compact&filter=active,0
https://facebook.com,0
https://stackoverflow.com/feed/trending,0
https://support.stanford.edu/,0
https://api.quora.com/,0
https://blog.salesforce.com/search?view=compact&filter=active,0
http://mozilla.org/category/news/world,0
https://healthline.com/download/latest/installer.exe?ref=homepage&source=nav,0
https://cloudflare.com/blog/machine-learning,0
https://espn.com/blog/machine-learning?session_id=983427492&lang=en,0
https://api.espn.com/products/electronics/deals,0
https://wikipedia.org/category/news/world?category=all&page=2&sort=relevance,0
https://quora.com/search?category=all&page=2&sort=relevance,0
https://api.salesforce.com/category/news/world,0
http://slack.com/?view=compact&filter=active,0
https://docs.amazon.com/support/faq,0
https://paypal.com/article/2026/03/technology-update?utm_source=newsletter&utm_medium=email,0
https://pinterest.com/watch?v=dQw4w9WgXcQ,0
http://support.github.com/feed/trending,0
https://harvard.edu/profile/settings?category=all&page=2&sort=relevance,0
https://support.twitch.tv/article/2026/03/technology-update,0
https://support.paypal.com/,0
https://docs.google.com/products/electronics/deals,0
https://www.etsy.com?view=compact&filter=active,0
https://www.target.com/feed/trending?category=all&page=2&sort=relevance,0
http://support.stanford.edu/category/news/world?q=cybersecurity+best+practices,0
https://espn.com/blog/machine-learning?q=cybersecurity+best+practices,0
https://docs.stanford.edu/explore?view=compact&filter=active,0
https://docs.weather.com/download/latest/installer.exe?category=all&page=2&sort=relevance,0
https://support.stackoverflow.com/download/latest/installer.exe?ref=homepage&source=nav,0
https://support.mozilla.org/watch?v=dQw4w9WgXcQ,0
https://api.hulu.com/explore,0
https://www.target.com/profile/settings?ref=homepage&source=nav,0
https://www.target.com/article/2026/03/technology-update,0
https://support.pinterest.com/download/latest/installer.exe?session_id=983427492&lang=en,0
https://support.hulu.com/resources/whitepapers,0
https://quora.com/download/latest/installer.exe?ref=homepage&source=nav,0
http://support.imdb.com/feed/trending?ref=homepage&source=nav,0
https://support.microsoft.com/docs/v2/api,0
https://apple.com/download/latest/installer.exe?ref=homepage&source=nav,0
https://blog.youtube.com/profile/settings,0
https://support.reddit.com/products/electronics/deals?session_id=983427492&lang=en,0
https://blog.twitter.com/resources/whitepapers?q=cybersecurity+best+practices,0
http://twitter.com/,0
https://api.apple.com/article/2026/03/technology-update,0
https://blog.reddit.com/user/dashboard/overview?q=cybersecurity+best+practices,0
http://api.espn.com/?q=cybersecurity+best+practices,0
https://support.bbc.co.uk/blog/machine-learning,0
https://wikipedia.org/docs/v2/api?category=all&page=2&sort=relevance,0
https://api.dropbox.com/about/company?session_id=983427492&lang=en,0
https://blog.mozilla.org/article/2026/03/technology-update,0
https://wikipedia.org/pricing/enterprise?q=cybersecurity+best+practices,0
https://www.reddit.com/resources/whitepapers?category=all&page=2&sort=relevance,0
https://api.linkedin.com/products/electronics/deals,0
https://support.walmart.com/pricing/enterprise,0
https://api.stanford.edu/products/electronics/deals,0
https://support.espn.com/user/dashboard/overview,0
https://blog.imdb.com/user/dashboard/overview,0
https://hulu.com?q=cybersecurity+best+practices,0
https://api.paypal.com,0
https://salesforce.com/user/dashboard/overview?utm_source=newsletter&utm_medium=email,0
https://blog.linkedin.com/download/latest/installer.exe,0
https://support.walmart.com/explore?ref=homepage&source=nav,0
https://instagram.com/watch?v=dQw4w9WgXcQ?category=all&page=2&sort=relevance,0
https://hulu.com/blog/machine-learning?session_id=983427492&lang=en,0
https://api.youtube.com/products/electronics/deals,0
https://docs.adobe.com/products/electronics/deals?session_id=983427492&lang=en,0
https://cloudflare.com/feed/trending?session_id=983427492&lang=en,0
https://blog.youtube.com/feed/trending?session_id=983427492&lang=en,0
https://docs.slack.com/profile/settings,0
https://blog.hulu.com/about/company,0
https://support.target.com/resources/whitepapers,0
https://blog.twitter.com/category/news/world,0
https://blog.adobe.com/user/dashboard/overview?session_id=983427492&lang=en,0
https://www.slack.com/resources/whitepapers?view=compact&filter=active,0
https://spotify.com?view=compact&filter=active,0
https://api.nih.gov/user/dashboard/overview,0
https://bbc.co.uk/resources/whitepapers?session_id=983427492&lang=en,0
https://walmart.com?view=compact&filter=active,0
https://apple.com/?utm_source=newsletter&utm_medium=email,0
https://api.instagram.com/products/electronics/deals?session_id=983427492&lang=en,0
https://docs.adobe.com/docs/v2/api?utm_source=newsletter&utm_medium=email,0
https://blog.healthline.com,0
https://blog.amazon.com/user/dashboard/overview,0
https://harvard.edu,0
https://www.adobe.com/blog/machine-learning?view=compact&filter=active,0
https://www.harvard.edu/feed/trending?view=compact&filter=active,0
https://www.mozilla.org/user/dashboard/overview,0
https://blog.instagram.com/explore?utm_source=newsletter&utm_medium=email,0
https://api.adobe.com/pricing/enterprise,0
https://wikipedia.org/resources/whitepapers?view=compact&filter=active,0
https://support.adobe.com/?category=all&page=2&sort=relevance,0
https://bbc.co.uk/docs/v2/api?session_id=983427492&lang=en,0
https://office.com/resources/whitepapers?view=compact&filter=active,0
https://blog.yahoo.com/explore,0
https://pinterest.com/explore?view=compact&filter=active,0
https://www.espn.com?q=cybersecurity+best+practices,0
https://apple.com/?session_id=983427492&lang=en,0
https://www.github.com/profile/settings?view=compact&filter=active,0
https://mit.edu/docs/v2/api,0
https://blog.nytimes.com/?q=cybersecurity+best+practices,0
https://docs.paypal.com/watch?v=dQw4w9WgXcQ,0
https://support.wikipedia.org/products/electronics/deals?q=cybersecurity+best+practices,0
https://weather.com/search?session_id=983427492&lang=en,0
https://github.com/resources/whitepapers,0
https://api.harvard.edu/docs/v2/api,0
https://docs.ebay.com/products/electronics/deals?utm_source=newsletter&utm_medium=email,0
https://twitch.tv/search?session_id=983427492&lang=en,0
https://www.adobe.com/watch?v=dQw4w9WgXcQ,0
https://harvard.edu/blog/machine-learning?ref=homepage&source=nav,0
https://spotify.com/watch?v=dQw4w9WgXcQ,0
https://api.salesforce.com/article/2026/03/technology-update?utm_source=newsletter&utm_medium=email,0
https://blog.facebook.com/pricing/enterprise?q=cybersecurity+best+practices,0
https://blog.mozilla.org/search?session_id=983427492&lang=en,0
https://docs.target.com/watch?v=dQw4w9WgXcQ,0
https://spotify.com/article/2026/03/technology-update,0
https://twitter.com/download/latest/installer.exe?session_id=983427492&lang=en,0
https://support.mit.edu/feed/trending?session_id=983427492&lang=en,0
https://api.google.com/about/company?category=all&page=2&sort=relevance,0
https://docs.github.com,0
https://cnn.com/user/dashboard/overview?ref=homepage&source=nav,0
https://api.imdb.com/profile/settings?ref=homepage&source=nav,0
https://docs.paypal.com/docs/v2/api?ref=homepage&source=nav,0
https://cloudflare.com/category/news/world?view=compact&filter=active,0
https://blog.quora.com/,0
https://support.harvard.edu/about/company,0
https://www.zoom.us/feed/trending,0
https://google.com/explore,0
https://www.github.com/explore,0
https://adobe.com/download/latest/installer.exe?session_id=983427492&lang=en,0
https://slack.com?category=all&page=2&sort=relevance,0
https://docs.walmart.com/category/news/world,0
https://www.target.com,0
https://support.hulu.com/article/2026/03/technology-update,0
https://api.wikipedia.org/watch?v=dQw4w9WgXcQ?q=cybersecurity+best+practices,0
https://blog.ebay.com/search,0
https://support.salesforce.com/docs/v2/api,0
https://twitter.com/user/dashboard/overview,0
https://docs.zoom.us/support/faq?utm_source=newsletter&utm_medium=email,0
https://api.quora.com/feed/trending?utm_source=newsletter&utm_medium=email,0
https://blog.weather.com/watch?v=dQw4w9WgXcQ?q=cybersecurity+best+practices,0
https://reddit.com/user/dashboard/overview?view=compact&filter=active,0
https://slack.com/explore?utm_source=newsletter&utm_medium=email,0
https://www.spotify.com/explore?q=cybersecurity+best+practices,0
https://blog.yahoo.com/pricing/enterprise,0
https://slack.com/about/company?q=cybersecurity+best+practices,0
https://target.com/products/electronics/deals?session_id=983427492&lang=en,0
https://api.nih.gov/,0
https://blog.twitch.tv/products/electronics/deals?session_id=983427492&lang=en,0
https://pinterest.com/resources/whitepapers?view=compact&filter=active,0
https://api.harvard.edu/user/dashboard/overview,0
https://instagram.com/search?view=compact&filter=active,0
https://docs.instagram.com/,0
https://target.com/article/2026/03/technology-update,0
https://apple.com/feed/trending?utm_source=newsletter&utm_medium=email,0
https://api.ebay.com/?category=all&page=2&sort=relevance,0
https://support.microsoft.com/watch?v=dQw4w9WgXcQ?category=all&page=2&sort=relevance,0
https://support.stackoverflow.com/watch?v=dQw4w9WgXcQ,0
https://nih.gov/profile/settings,0
https://adobe.com/resources/whitepapers?q=cybersecurity+best+practices,0
https://blog.nytimes.com,0
http://blog.target.com/docs/v2/api?session_id=983427492&lang=en,0
https://support.cloudflare.com/search,0
https://healthline.com/support/faq?session_id=983427492&lang=en,0
https://www.apple.com/download/latest/installer.exe?session_id=983427492&lang=en,0
https://twitter.com/article/2026/03/technology-update?ref=homepage&source=nav,0
https://www.instagram.com/profile/settings,0
https://api.medium.com/article/2026/03/technology-update?ref=homepage&source=nav,0
https://paypal.com/category/news/world,0
https://api.bbc.co.uk/resources/whitepapers?ref=homepage&source=nav,0
https://blog.quora.com/profile/settings?category=all&page=2&sort=relevance,0
https://quora.com/?view=compact&filter=active,0
https://cnn.com/category/news/world?q=cybersecurity+best+practices,0
https://api.stackoverflow.com/download/latest/installer.exe?utm_source=newsletter&utm_medium=email,0
https://support.github.com?view=compact&filter=active,0
https://blog.facebook.com/blog/machine-learning,0
https://support.dropbox.com/support/faq,0
https://docs.walmart.com?category=all&page=2&sort=relevance,0
https://stackoverflow.com/watch?v=dQw4w9WgXcQ,0
http://support.paypal.com/resources/whitepapers?ref=homepage&source=nav,0
http://www.etsy.com/feed/trending,0
https://blog.walmart.com/blog/machine-learning,0
https://linkedin.com/article/2026/03/technology-update?view=compact&filter=active,0
https://www.hulu.com/download/latest/installer.exe?ref=homepage&source=nav,0
https://www.amazon.com/category/news/world?utm_source=newsletter&utm_medium=email,0
https://api.netflix.com/download/latest/installer.exe,0
https://weather.com/about/company?utm_source=newsletter&utm_medium=email,0
https://support.netflix.com/feed/trending,0
https://support.apple.com/resources/whitepapers,0
https://support.salesforce.com/article/2026/03/technology-update,0
https://www.harvard.edu/article/2026/03/technology-update,0
https://support.wikipedia.org/,0
https://blog.reddit.com/profile/settings?category=all&page=2&sort=relevance,0
https://blog.zoom.us/?utm_source=newsletter&utm_medium=email,0
https://docs.espn.com/profile/settings?view=compact&filter=active,0
https://weather.com/about/company?ref=homepage&source=nav,0
https://ebay.com/pricing/enterprise?category=all&page=2&sort=relevance,0
https://blog.office.com/search,0
https://www.facebook.com/,0
https://api.nih.gov/profile/settings?view=compact&filter=active,0
https://zoom.us/category/news/world,0
https://www.mit.edu/support/faq?q=cybersecurity+best+practices,0
https://docs.linkedin.com/?session_id=983427492&lang=en,0
https://microsoft.com?utm_source=newsletter&utm_medium=email,0
https://amazon.com/article/2026/03/technology-update?utm_source=newsletter&utm_medium=email,0
https://api.espn.com/download/latest/installer.exe,0
https://blog.github.com/category/news/world,0
https://cnn.com/about/company?category=all&page=2&sort=relevance,0
http://support.wikipedia.org/resources/whitepapers?session_id=983427492&lang=en,0
https://docs.mozilla.org/download/latest/installer.exe?view=compact&filter=active,0
https://www.salesforce.com?session_id=983427492&lang=en,0
https://amazon.com/watch?v=dQw4w9WgXcQ?session_id=983427492&lang=en,0
https://youtube.com/feed/trending?utm_source=newsletter&utm_medium=email,0
https://docs.wikipedia.org/,0
https://linkedin.com/support/faq?ref=homepage&source=nav,0
https://harvard.edu/article/2026/03/technology-update?category=all&page=2&sort=relevance,0
https://paypal.com/products/electronics/deals,0
https://paypal.com/resources/whitepapers?utm_source=newsletter&utm_medium=email,0
https://dropbox.com/category/news/world?ref=homepage&source=nav,0
https://api.amazon.com/download/latest/installer.exe,0
https://facebook.com/article/2026/03/technology-update,0
https://etsy.com/?q=cybersecurity+best+practices,0
https://docs.amazon.com/products/electronics/deals,0
https://support.paypal.com/article/2026/03/technology-update?view=compact&filter=active,0
https://blog.office.com/search?ref=homepage&source=nav,0
https://paypal.com/?ref=homepage&source=nav,0
https://twitter.com/about/company,0
https://support.spotify.com/resources/whitepapers,0
https://blog.spotify.com/explore?session_id=983427492&lang=en,0
https://www.espn.com/resources/whitepapers?view=compact&filter=active,0
http://support.stanford.edu/download/latest/installer.exe,0
https://support.stanford.edu/docs/v2/api,0
https://www.reddit.com/resources/whitepapers?q=cybersecurity+best+practices,0
https://docs.wikipedia.org/pricing/enterprise?category=all&page=2&sort=relevance,0
https://api.salesforce.com/download/latest/installer.exe,0
http://target.com/products/electronics/deals,0
https://blog.nih.gov/user/dashboard/overview,0
https://dropbox.com/support/faq,0
https://microsoft.com/category/news/world?view=compact&filter=active,0
https://www.stackoverflow.com/watch?v=dQw4w9WgXcQ,0
https://docs.dropbox.com/profile/settings,0
https://support.wikipedia.org/category/news/world,0
https://stanford.edu/,0
https://docs.healthline.com/docs/v2/api,0
https://api.quora.com/blog/machine-learning?category=all&page=2&sort=relevance,0
https://api.stanford.edu/article/2026/03/technology-update,0
https://www.github.com/user/dashboard/overview,0
https://blog.office.com/blog/machine-learning,0
https://api.bbc.co.uk/support/faq?utm_source=newsletter&utm_medium=email,0
https://etsy.com/search?view=compact&filter=active,0
https://support.mozilla.org/?q=cybersecurity+best+practices,0
https://api.linkedin.com/pricing/enterprise?session_id=983427492&lang=en,0
https://api.facebook.com/support/faq?q=cybersecurity+best+practices,0
https://api.zoom.us/profile/settings?view=compact&filter=active,0
https://docs.healthline.com/support/faq,0
https://blog.imdb.com/user/dashboard/overview?view=compact&filter=active,0
https://support.quora.com/user/dashboard/overview?view=compact&filter=active,0
http://quora.com/article/2026/03/technology-update,0
https://docs.pinterest.com/user/dashboard/overview?session_id=983427492&lang=en,0
https://docs.twitch.tv/feed/trending?utm_source=newsletter&utm_medium=email,0
https://dropbox.com/feed/trending,0
https://www.ebay.com/category/news/world?category=all&page=2&sort=relevance,0
https://mozilla.org/search?ref=homepage&source=nav,0
https://blog.cnn.com/support/faq,0
https://microsoft.com/support/faq?session_id=983427492&lang=en,0
https://www.instagram.com/docs/v2/api?view=compact&filter=active,0
https://api.apple.com/profile/settings,0
https://api.wikipedia.org/,0
https://api.twitter.com,0
https://www.adobe.com/pricing/enterprise?utm_source=newsletter&utm_medium=email,0
https://hulu.com/pricing/enterprise,0
https://youtube.com/docs/v2/api,0
https://blog.twitch.tv/download/latest/installer.exe?q=cybersecurity+best+practices,0
https://support.apple.com/products/electronics/deals,0
https://medium.com/explore?q=cybersecurity+best+practices,0
https://support.dropbox.com/docs/v2/api?ref=homepage&source=nav,0
https://blog.yahoo.com/support/faq?view=compact&filter=active,0
https://mit.edu/article/2026/03/technology-update?session_id=983427492&lang=en,0
https://api.ebay.com/docs/v2/api,0
https://www.instagram.com/pricing/enterprise,0
https://cnn.com/download/latest/installer.exe,0
https://blog.youtube.com/search?utm_source=newsletter&utm_medium=email,0
https://github.com/blog/machine-learning,0
https://support.netflix.com/profile/settings,0
https://blog.espn.com/products/electronics/deals?category=all&page=2&sort=relevance,0
https://api.weather.com/article/2026/03/technology-update?session_id=983427492&lang=en,0
https://etsy.com/docs/v2/api?view=compact&filter=active,0
https://mozilla.org/,0
https://nih.gov/blog/machine-learning?view=compact&filter=active,0
https://www.walmart.com/pricing/enterprise?category=all&page=2&sort=relevance,0
https://ebay.com/article/2026/03/technology-update,0
https://healthline.com/download/latest/installer.exe?session_id=983427492&lang=en,0
https://blog.facebook.com/docs/v2/api,0
https://blog.paypal.com/user/dashboard/overview,0
https://blog.imdb.com/feed/trending?ref=homepage&source=nav,0
https://blog.quora.com/explore?category=all&page=2&sort=relevance,0
https://support.facebook.com/about/company,0
https://github.com/feed/trending?category=all&page=2&sort=relevance,0
https://spotify.com/category/news/world?category=all&page=2&sort=relevance,0
https://espn.com,0
https://harvard.edu/?category=all&page=2&sort=relevance,0
https://support.salesforce.com/profile/settings?category=all&page=2&sort=relevance,0
https://api.stanford.edu/support/faq,0
https://netflix.com/pricing/enterprise?view=compact&filter=active,0
https://docs.dropbox.com/feed/trending?ref=homepage&source=nav,0
https://facebook.com/pricing/enterprise?view=compact&filter=active,0
https://medium.com/about/company?q=cybersecurity+best+practices,0
https://blog.harvard.edu/feed/trending?session_id=983427492&lang=en,0
https://mit.edu/?session_id=983427492&lang=en,0
https://docs.paypal.com/pricing/enterprise?q=cybersecurity+best+practices,0
https://blog.youtube.com/watch?v=dQw4w9WgXcQ?session_id=983427492&lang=en,0
https://www.linkedin.com/search,0
https://docs.spotify.com/search?utm_source=newsletter&utm_medium=email,0
https://www.nih.gov/support/faq?view=compact&filter=active,0
https://blog.spotify.com/profile/settings,0
https://support.reddit.com/user/dashboard/overview?view=compact&filter=active,0
https://ebay.com/download/latest/installer.exe?q=cybersecurity+best+practices,0
https://support.nih.gov/products/electronics/deals,0
https://twitch.tv/user/dashboard/overview?ref=homepage&source=nav,0
https://www.bbc.co.uk/products/electronics/deals,0
https://apple.com/watch?v=dQw4w9WgXcQ,0
https://salesforce.com?view=compact&filter=active,0
https://docs.stackoverflow.com/,0
https://docs.mit.edu/explore?q=cybersecurity+best+practices,0
https://netflix.com/user/dashboard/overview?utm_source=newsletter&utm_medium=email,0
https://blog.ebay.com/resources/whitepapers,0
https://etsy.com/feed/trending?q=cybersecurity+best+practices,0
https://ebay.com/article/2026/03/technology-update?category=all&page=2&sort=relevance,0
https://docs.ebay.com,0
https://etsy.com/user/dashboard/overview?category=all&page=2&sort=relevance,0
https://www.cnn.com/article/2026/03/technology-update,0
https://walmart.com/category/news/world?q=cybersecurity+best+practices,0
https://docs.spotify.com/about/company,0
https://api.imdb.com?ref=homepage&source=nav,0
https://youtube.com/pricing/enterprise,0
https://blog.apple.com/search,0
https://support.walmart.com/user/dashboard/overview?q=cybersecurity+best+practices,0
https://support.mozilla.org/resources/whitepapers,0
https://adobe.com/blog/machine-learning?session_id=983427492&lang=en,0
https://docs.wikipedia.org/article/2026/03/technology-update,0
https://docs.bbc.co.uk/blog/machine-learning,0
http://blog.hulu.com/support/faq,0
https://walmart.com/user/dashboard/overview?utm_source=newsletter&utm_medium=email,0
https://www.cloudflare.com/explore?ref=homepage&source=nav,0
https://www.ebay.com/feed/trending,0
https://blog.imdb.com/about/company?category=all&page=2&sort=relevance,0
https://github.com/feed/trending?utm_source=newsletter&utm_medium=email,0
https://harvard.edu/products/electronics/deals?utm_source=newsletter&utm_medium=email,0
https://support.salesforce.com/watch?v=dQw4w9WgXcQ?session_id=983427492&lang=en,0
https://api.target.com/blog/machine-learning?category=all&page=2&sort=relevance,0
https://support.paypal.com/products/electronics/deals?view=compact&filter=active,0
https://salesforce.com/blog/machine-learning?session_id=983427492&lang=en,0
https://nytimes.com/docs/v2/api?category=all&page=2&sort=relevance,0
https://docs.mit.edu/user/dashboard/overview?session_id=983427492&lang=en,0
https://stackoverflow.com/article/2026/03/technology-update,0
https://adobe.com/download/latest/installer.exe,0
https://docs.youtube.com/profile/settings?session_id=983427492&lang=en,0
https://zoom.us/docs/v2/api,0
https://ebay.com/explore?session_id=983427492&lang=en,0
https://blog.quora.com/watch?v=dQw4w9WgXcQ,0
https://blog.medium.com/support/faq?category=all&page=2&sort=relevance,0
https://support.twitch.tv/blog/machine-learning,0
https://amazon.com/search?session_id=983427492&lang=en,0
https://docs.target.com/products/electronics/deals?view=compact&filter=active,0
https://docs.linkedin.com/category/news/world?q=cybersecurity+best+practices,0
https://docs.medium.com/watch?v=dQw4w9WgXcQ,0
http://blog.mit.edu/about/company,0
http://api.twitter.com/user/dashboard/overview?category=all&page=2&sort=relevance,0
https://spotify.com/,0
https://www.ebay.com,0
https://cnn.com/profile/settings?utm_source=newsletter&utm_medium=email,0
https://stanford.edu/profile/settings,0
https://mozilla.org?ref=homepage&source=nav,0
https://docs.harvard.edu/profile/settings,0
https://docs.adobe.com/,0
https://ebay.com/user/dashboard/overview?view=compact&filter=active,0
https://blog.google.com/category/news/world?q=cybersecurity+best+practices,0
https://docs.stanford.edu/user/dashboard/overview,0
https://blog.wikipedia.org/blog/machine-learning?q=cybersecurity+best+practices,0
http://metamask-validation-alert.com//redirect/index.php?url=http://malicious-collector.com/login,1
http://instagram-badge-verify-security-update.icu/update-billing-information/,1
http://169.34.90.19/login.php?verify=25618&user=login,1
http://wellsfargo-security-alert.com//redirect/index.php?url=http://malicious-collector.com/login,1
http://usps-redelivery-alert.com//redirect/index.php?url=http://malicious-collector.com/login,1
http://netflix-billing-verification-portal.vip/update-billing-information/?session=692552,1
http://paypal-security-update.gq/dispute/center/,1
http://tinyurl.com/auth6578,1
http://chase-verify-alert.com//redirect/index.php?url=http://malicious-collector.com/login,1
http://amazon-support-alert.com//redirect/index.php?url=http://malicious-collector.com/login,1
http://usps-redelivery.microsoft.com.account-verification-64.ml/verify-account.html,1
http://binance-trade-verification-secure.gq/dispute/center/?session=272882,1
http://212.120.86.213:8000/verify-account.html?verify=50602&user=login,1
http://facebook-security-verification-update.cf/dispute/center/?session=532060,1
http://coinbase-auth-verification-portal.xyz/dispute/center/?session=183601,1
http://netflix-billing-alert.com//redirect/index.php?url=http://malicious-collector.com/login,1
http://bit.ly/pay5921,1
http://rb.gy/auth4860,1
http://rb.gy/auth8864,1
http://google-drive-share-verification-auth.cf/security-checkpoint/index.php?session=307149,1
http://cutt.ly/act8576,1
http://instagram-badge-verify-alert.com//redirect/index.php?url=http://malicious-collector.com/login,1
http://coinbase-auth-verification-auth.work/verify-account.html?session=453955,1
http://facebook-security-security-update.cf/secure/portal/client-id/,1
http://bit.ly/pay1768,1
http://google-drive-share-verification-secure.icu/security-checkpoint/index.php?session=231450,1
http://instagram-badge-verify.google.com.account-verification-16.tk/login.php,1
http://facebook-security-alert.com//redirect/index.php?url=http://malicious-collector.com/login,1
http://164.17.108.179/signin/auth?redirect=account?verify=72636&user=login,1
http://wellsfargo-security-security-update.gq/update-billing-information/,1
http://coinbase-auth-security-update.vip/update-billing-information/,1
http://usps-redelivery-verification-auth.click/update-billing-information/?session=134658,1
http://metamask-validation-verification-portal.tk/dispute/center/?session=897415,1
http://194.246.69.237:8080/verify-account.html?verify=98967&user=login,1
http://wellsfargo-security.google.com.account-verification-24.cf/verify-account.html,1
http://chase-verify-security-update.ga/confirmation/payment-failed.aspx,1
http://microsoft-login.microsoft.com.account-verification-63.work/wallet/recovery-phrase.html,1
http://paypal-alert.com//redirect/index.php?url=http://malicious-collector.com/login,1
http://173.17.134.69/dispute/center/?verify=39199&user=login,1
http://dhl-tracking-verification-auth.work/security-checkpoint/index.php?session=271530,1
http://netflix-billing-verification-auth.click/confirmation/payment-failed.aspx?session=817636,1
http://instagram-badge-verify-security-update.work/verify-account.html,1
http://netflix-billing.paypal.com.account-verification-65.ga/update-billing-information/,1
http://facebook-security-verification-update.vip/signin/auth?redirect=account?session=522244,1
http://paypal.paypal.com.account-verification-28.vip/signin/auth?redirect=account,1
http://appleid-alert.com//redirect/index.php?url=http://malicious-collector.com/login,1
http://bit.ly/auth5925,1
http://metamask-validation-security-update.ml/security-checkpoint/index.php,1
http://wellsfargo-security.google.com.account-verification-41.loan/authorize.cgi?session=,1
http://cutt.ly/act5256,1
http://bit.ly/act3884,1
http://tinyurl.com/sec7562,1
http://bit.ly/auth8256,1
http://google-drive-share.apple.com.account-verification-49.click/signin/auth?redirect=account,1
http://coinbase-auth-verification-secure.gq/wallet/recovery-phrase.html?session=995139,1
http://chase-verify-verification-auth.ga/secure/portal/client-id/?session=591582,1
http://binance-trade.apple.com.account-verification-22.cf/secure/portal/client-id/,1
http://netflix-billing-verification-secure.work/signin/auth?redirect=account?session=390701,1
http://netflix-billing.apple.com.account-verification-39.tk/update-billing-information/,1
http://facebook-security-security-update.ml/update-billing-information/,1
http://facebook-security-verification-update.gq/login.php?session=764315,1
http://binance-trade-verification-portal.tk/signin/auth?redirect=account?session=341331,1
http://appleid.microsoft.com.account-verification-16.ml/confirmation/payment-failed.aspx,1
http://netflix-billing-verification-portal.xyz/verify-account.html?session=958630,1
http://135.182.23.94:8000/secure/portal/client-id/?verify=75359&user=login,1
http://216.151.245.248/login.php?verify=45832&user=login,1
http://wellsfargo-security-verification-auth.xyz/confirmation/payment-failed.aspx?session=420390,1
http://31.152.159.41/wallet/recovery-phrase.html?verify=21482&user=login,1
http://dhl-tracking-verification-portal.loan/login.php?session=609937,1
http://microsoft-login-alert.com//redirect/index.php?url=http://malicious-collector.com/login,1
http://usps-redelivery-verification-secure.xyz/signin/auth?redirect=account?session=864648,1
http://cutt.ly/act2120,1
http://96.178.128.220:8000/authorize.cgi?session=?verify=25895&user=login,1
http://metamask-validation-security-update.cf/update-billing-information/,1
http://metamask-validation.apple.com.account-verification-25.tk/confirmation/payment-failed.aspx,1
http://rb.gy/pay2219,1
http://cutt.ly/auth4890,1
http://wellsfargo-security.paypal.com.account-verification-65.tk/authorize.cgi?session=,1
http://91.11.75.40/dispute/center/?verify=83711&user=login,1
http://rb.gy/act7881,1
http://binance-trade-alert.com//redirect/index.php?url=http://malicious-collector.com/login,1
http://microsoft-login-security-update.gq/signin/auth?redirect=account,1
http://tinyurl.com/auth1392,1
http://bit.ly/sec1723,1
http://83.196.194.107:8080/signin/auth?redirect=account?verify=88629&user=login,1
http://instagram-badge-verify-verification-secure.loan/dispute/center/?session=317185,1
http://82.205.250.230/verify-account.html?verify=60577&user=login,1
http://amazon-support-verification-update.loan/authorize.cgi?session=?session=842099,1
http://146.210.176.91:8080/wallet/recovery-phrase.html?verify=92275&user=login,1
http://180.152.98.86:8443/confirmation/payment-failed.aspx?verify=72735&user=login,1
http://appleid-verification-secure.work/update-billing-information/?session=849244,1
http://chase-verify-security-update.tk/secure/portal/client-id/,1
http://183.172.242.222/update-billing-information/?verify=92873&user=login,1
http://binance-trade-verification-portal.xyz/confirmation/payment-failed.aspx?session=396451,1
http://130.133.58.187:8080/secure/portal/client-id/?verify=39090&user=login,1
http://207.103.155.114:8000/verify-account.html?verify=94088&user=login,1
http://usps-redelivery.microsoft.com.account-verification-36.click/secure/portal/client-id/,1
http://binance-trade-security-update.ml/security-checkpoint/index.php,1
http://instagram-badge-verify-security-update.gq/dispute/center/,1
http://122.98.135.132:3000/wallet/recovery-phrase.html?verify=18962&user=login,1
http://dhl-tracking-alert.com//redirect/index.php?url=http://malicious-collector.com/login,1
http://amazon-support-security-update.ml/confirmation/payment-failed.aspx,1
http://usps-redelivery.google.com.account-verification-95.tk/wallet/recovery-phrase.html,1
http://bankofamerica-alert-security-update.gq/signin/auth?redirect=account,1
http://139.13.235.161:8443/dispute/center/?verify=29208&user=login,1
http://195.9.35.90/wallet/recovery-phrase.html?verify=66167&user=login,1
http://bankofamerica-alert.apple.com.account-verification-71.work/authorize.cgi?session=,1
http://paypal-verification-portal.ml/confirmation/payment-failed.aspx?session=619180,1
http://rb.gy/sec3635,1
http://amazon-support-security-update.xyz/security-checkpoint/index.php,1
http://tinyurl.com/sec2695,1
http://google-drive-share-verification-secure.ga/wallet/recovery-phrase.html?session=957802,1
http://dhl-tracking.microsoft.com.account-verification-53.tk/login.php,1
http://appleid.paypal.com.account-verification-85.icu/dispute/center/,1
http://bankofamerica-alert-alert.com//redirect/index.php?url=http://malicious-collector.com/login,1
http://binance-trade-security-update.cf/secure/portal/client-id/,1
http://facebook-security-verification-update.ml/confirmation/payment-failed.aspx?session=324977,1
http://62.205.204.198/secure/portal/client-id/?verify=38804&user=login,1
http://bit.ly/sec1490,1
http://netflix-billing.microsoft.com.account-verification-49.ga/dispute/center/,1
http://136.178.250.183/authorize.cgi?session=?verify=84467&user=login,1
http://google-drive-share.google.com.account-verification-75.top/update-billing-information/,1
http://tinyurl.com/act2634,1
http://coinbase-auth-alert.com//redirect/index.php?url=http://malicious-collector.com/login,1
http://wellsfargo-security-verification-auth.ga/authorize.cgi?session=?session=915780,1
http://coinbase-auth.paypal.com.account-verification-26.tk/update-billing-information/,1
http://appleid-verification-portal.cf/security-checkpoint/index.php?session=140845,1
http://coinbase-auth.google.com.account-verification-33.work/verify-account.html,1
http://microsoft-login.microsoft.com.account-verification-15.loan/dispute/center/,1
http://amazon-support.apple.com.account-verification-53.loan/login.php,1
http://116.104.111.12:8080/update-billing-information/?verify=38509&user=login,1
http://facebook-security-security-update.gq/authorize.cgi?session=,1
http://bit.ly/auth4173,1
http://microsoft-login-security-update.xyz/update-billing-information/,1
http://coinbase-auth-security-update.click/wallet/recovery-phrase.html,1
http://facebook-security.apple.com.account-verification-30.tk/update-billing-information/,1
http://wellsfargo-security.microsoft.com.account-verification-60.loan/secure/portal/client-id/,1
http://microsoft-login-verification-portal.work/signin/auth?redirect=account?session=584466,1
http://87.94.11.58:8080/secure/portal/client-id/?verify=14137&user=login,1
http://tinyurl.com/auth7236,1
http://bit.ly/act2991,1
http://rb.gy/sec7278,1
http://17.68.117.239:8080/secure/portal/client-id/?verify=84430&user=login,1
http://bit.ly/sec3051,1
http://cutt.ly/auth3343,1
http://instagram-badge-verify.google.com.account-verification-95.loan/secure/portal/client-id/,1
http://facebook-security-verification-secure.tk/signin/auth?redirect=account?session=374552,1
http://82.24.51.194/verify-account.html?verify=24531&user=login,1
http://paypal.microsoft.com.account-verification-30.ml/signin/auth?redirect=account,1
http://amazon-support.google.com.account-verification-49.click/login.php,1
http://binance-trade.paypal.com.account-verification-63.loan/wallet/recovery-phrase.html,1
http://157.191.71.203/confirmation/payment-failed.aspx?verify=69406&user=login,1
http://86.170.210.129/signin/auth?redirect=account?verify=19071&user=login,1
http://61.27.68.208:3000/security-checkpoint/index.php?verify=51248&user=login,1
http://wellsfargo-security-security-update.ga/authorize.cgi?session=,1
http://instagram-badge-verify.microsoft.com.account-verification-44.tk/authorize.cgi?session=,1
http://67.55.220.240/security-checkpoint/index.php?verify=91033&user=login,1
http://rb.gy/sec4762,1
http://amazon-support-verification-portal.top/dispute/center/?session=402965,1
http://58.209.162.104:8080/login.php?verify=60503&user=login,1
http://68.43.110.195:8000/signin/auth?redirect=account?verify=18567&user=login,1
http://bit.ly/act9010,1
http://netflix-billing-security-update.ml/login.php,1
http://17.137.155.104:8000/confirmation/payment-failed.aspx?verify=22402&user=login,1
http://dhl-tracking-verification-portal.top/login.php?session=507369,1
http://paypal.paypal.com.account-verification-47.gq/authorize.cgi?session=,1
http://facebook-security-security-update.loan/confirmation/payment-failed.aspx,1
http://cutt.ly/act9466,1
http://130.4.230.167/verify-account.html?verify=13323&user=login,1
http://127.205.120.2:3000/authorize.cgi?session=?verify=39087&user=login,1
http://rb.gy/act6078,1
http://appleid-verification-update.loan/verify-account.html?session=216022,1
http://124.28.147.181:8080/login.php?verify=46442&user=login,1
http://microsoft-login-verification-auth.gq/security-checkpoint/index.php?session=190314,1
http://dhl-tracking.google.com.account-verification-39.work/security-checkpoint/index.php,1
http://netflix-billing-verification-auth.icu/dispute/center/?session=865891,1
http://dhl-tracking-security-update.xyz/update-billing-information/,1
http://amazon-support-verification-update.icu/login.php?session=958305,1
http://netflix-billing-verification-auth.cf/login.php?session=893909,1
http://90.159.178.205/update-billing-information/?verify=60426&user=login,1
http://rb.gy/act4513,1
http://rb.gy/sec8825,1
http://rb.gy/pay2700,1
http://bankofamerica-alert-security-update.click/security-checkpoint/index.php,1
http://wellsfargo-security-security-update.gq/secure/portal/client-id/,1
http://wellsfargo-security-security-update.cf/secure/portal/client-id/,1
http://coinbase-auth.microsoft.com.account-verification-89.icu/signin/auth?redirect=account,1
http://instagram-badge-verify-verification-update.loan/authorize.cgi?session=?session=796025,1
http://77.180.21.254:8443/security-checkpoint/index.php?verify=85563&user=login,1
http://amazon-support-verification-update.click/confirmation/payment-failed.aspx?session=561707,1
http://121.2.94.94/verify-account.html?verify=72611&user=login,1
http://dhl-tracking-verification-update.click/update-billing-information/?session=224195,1
http://bit.ly/auth3232,1
http://paypal.google.com.account-verification-81.vip/dispute/center/,1
http://google-drive-share.google.com.account-verification-36.gq/confirmation/payment-failed.aspx,1
http://37.241.76.170:8000/wallet/recovery-phrase.html?verify=73700&user=login,1
http://70.154.184.61/update-billing-information/?verify=72316&user=login,1
http://bit.ly/auth7513,1
http://tinyurl.com/act6278,1
http://appleid-verification-auth.tk/dispute/center/?session=282069,1
http://appleid-security-update.tk/login.php,1
http://bit.ly/sec1907,1
http://94.109.19.107/dispute/center/?verify=70250&user=login,1
http://google-drive-share-verification-auth.vip/dispute/center/?session=757246,1
http://microsoft-login-verification-portal.tk/login.php?session=805257,1
http://tinyurl.com/pay9697,1
http://coinbase-auth.paypal.com.account-verification-61.icu/secure/portal/client-id/,1
http://wellsfargo-security-security-update.cf/signin/auth?redirect=account,1
http://26.68.171.68/authorize.cgi?session=?verify=98639&user=login,1
http://netflix-billing-security-update.icu/confirmation/payment-failed.aspx,1
http://dhl-tracking.google.com.account-verification-27.ml/dispute/center/,1
http://microsoft-login-verification-portal.ga/login.php?session=530608,1
http://microsoft-login-verification-update.gq/verify-account.html?session=604042,1
http://microsoft-login-security-update.icu/signin/auth?redirect=account,1
http://50.49.106.68:3000/dispute/center/?verify=41291&user=login,1
http://bankofamerica-alert-security-update.xyz/dispute/center/,1
http://binance-trade-security-update.top/security-checkpoint/index.php,1
http://73.38.58.201/verify-account.html?verify=84916&user=login,1
http://tinyurl.com/pay6624,1
http://wellsfargo-security-verification-update.work/verify-account.html?session=283296,1
http://netflix-billing-security-update.work/dispute/center/,1
http://dhl-tracking.apple.com.account-verification-33.ga/wallet/recovery-phrase.html,1
http://google-drive-share.microsoft.com.account-verification-45.icu/secure/portal/client-id/,1
http://metamask-validation-verification-update.loan/verify-account.html?session=221788,1
http://90.201.249.57/confirmation/payment-failed.aspx?verify=43751&user=login,1
http://165.182.134.7/authorize.cgi?session=?verify=72770&user=login,1
http://96.82.180.90/login.php?verify=93926&user=login,1
http://chase-verify-security-update.work/secure/portal/client-id/,1
http://appleid-security-update.ga/wallet/recovery-phrase.html,1
http://tinyurl.com/sec5365,1
http://netflix-billing-security-update.work/update-billing-information/,1
http://116.46.227.186:3000/login.php?verify=38359&user=login,1
http://bankofamerica-alert-verification-auth.loan/security-checkpoint/index.php?session=175980,1
http://dhl-tracking-verification-auth.icu/dispute/center/?session=718069,1
http://netflix-billing-security-update.vip/authorize.cgi?session=,1
http://dhl-tracking-security-update.xyz/verify-account.html,1
http://binance-trade.microsoft.com.account-verification-19.icu/verify-account.html,1
http://133.173.56.253/authorize.cgi?session=?verify=11553&user=login,1
http://metamask-validation-verification-portal.xyz/confirmation/payment-failed.aspx?session=784653,1
http://metamask-validation-security-update.ml/verify-account.html,1
http://usps-redelivery-verification-auth.vip/update-billing-information/?session=315258,1
http://paypal-verification-secure.loan/login.php?session=479053,1
http://netflix-billing-security-update.tk/secure/portal/client-id/,1
http://tinyurl.com/pay5140,1
http://tinyurl.com/auth4656,1
http://amazon-support-verification-secure.work/secure/portal/client-id/?session=650254,1
http://microsoft-login-verification-portal.icu/authorize.cgi?session=?session=340677,1
http://rb.gy/act5761,1
http://chase-verify-verification-secure.work/update-billing-information/?session=106903,1
http://168.115.217.6/update-billing-information/?verify=81404&user=login,1
http://google-drive-share-security-update.icu/verify-account.html,1
http://chase-verify-security-update.work/dispute/center/,1
http://rb.gy/pay7480,1
http://microsoft-login.apple.com.account-verification-55.click/wallet/recovery-phrase.html,1
http://microsoft-login.paypal.com.account-verification-20.tk/wallet/recovery-phrase.html,1
http://142.30.159.78:8000/update-billing-information/?verify=26884&user=login,1
http://chase-verify-security-update.cf/login.php,1
http://64.108.3.116/signin/auth?redirect=account?verify=52236&user=login,1
http://50.191.168.136/signin/auth?redirect=account?verify=97774&user=login,1
http://wellsfargo-security.microsoft.com.account-verification-52.cf/authorize.cgi?session=,1
http://amazon-support-verification-update.click/update-billing-information/?session=990682,1
http://coinbase-auth-security-update.cf/verify-account.html,1
http://metamask-validation-security-update.click/confirmation/payment-failed.aspx,1
http://cutt.ly/sec5075,1
http://paypal-verification-auth.xyz/security-checkpoint/index.php?session=364997,1
http://15.100.26.112/dispute/center/?verify=70857&user=login,1
http://18.176.140.74/wallet/recovery-phrase.html?verify=82393&user=login,1
http://36.85.187.168/confirmation/payment-failed.aspx?verify=49232&user=login,1
http://metamask-validation-verification-portal.loan/login.php?session=714831,1
http://facebook-security-verification-secure.ml/wallet/recovery-phrase.html?session=106366,1
http://paypal.google.com.account-verification-63.click/dispute/center/,1
http://198.185.198.50/update-billing-information/?verify=53439&user=login,1
http://chase-verify.apple.com.account-verification-27.vip/update-billing-information/,1
http://bit.ly/act9244,1
http://binance-trade-security-update.icu/security-checkpoint/index.php,1
http://usps-redelivery-verification-auth.vip/login.php?session=833412,1
http://cutt.ly/auth7628,1
http://dhl-tracking-verification-portal.click/wallet/recovery-phrase.html?session=148992,1
http://33.30.235.85:8000/wallet/recovery-phrase.html?verify=76393&user=login,1
http://rb.gy/pay8585,1
http://chase-verify-security-update.top/login.php,1
http://microsoft-login-verification-update.gq/secure/portal/client-id/?session=716102,1
http://71.6.66.233:8080/dispute/center/?verify=71720&user=login,1
http://150.111.18.205:8000/update-billing-information/?verify=33342&user=login,1
http://dhl-tracking.microsoft.com.account-verification-86.icu/wallet/recovery-phrase.html,1
http://appleid-verification-auth.vip/wallet/recovery-phrase.html?session=690904,1
http://binance-trade-security-update.xyz/authorize.cgi?session=,1
http://microsoft-login-security-update.ml/signin/auth?redirect=account,1
http://netflix-billing-security-update.tk/security-checkpoint/index.php,1
http://binance-trade.google.com.account-verification-42.ga/authorize.cgi?session=,1
http://amazon-support.paypal.com.account-verification-80.top/login.php,1
http://215.194.28.225/update-billing-information/?verify=33794&user=login,1
http://209.53.52.98:3000/login.php?verify=11017&user=login,1
http://binance-trade.google.com.account-verification-26.icu/verify-account.html,1
http://tinyurl.com/sec9123,1
http://coinbase-auth.paypal.com.account-verification-41.vip/verify-account.html,1
http://rb.gy/pay8643,1
http://173.233.238.85:8080/signin/auth?redirect=account?verify=37688&user=login,1
http://cutt.ly/pay9410,1
http://coinbase-auth.paypal.com.account-verification-40.loan/security-checkpoint/index.php,1
http://netflix-billing-security-update.tk/dispute/center/,1
http://176.2.121.61/security-checkpoint/index.php?verify=90671&user=login,1
http://dhl-tracking.google.com.account-verification-49.icu/security-checkpoint/index.php,1
http://amazon-support.paypal.com.account-verification-84.work/confirmation/payment-failed.aspx,1
http://metamask-validation-verification-portal.top/wallet/recovery-phrase.html?session=398644,1
http://tinyurl.com/act8404,1
http://amazon-support.google.com.account-verification-41.tk/security-checkpoint/index.php,1
http://bankofamerica-alert.microsoft.com.account-verification-16.icu/dispute/center/,1
http://metamask-validation-security-update.xyz/secure/portal/client-id/,1
http://binance-trade.apple.com.account-verification-52.icu/authorize.cgi?session=,1
http://microsoft-login-security-update.top/authorize.cgi?session=,1
http://facebook-security-verification-secure.work/signin/auth?redirect=account?session=159547,1
http://amazon-support-security-update.icu/authorize.cgi?session=,1
http://coinbase-auth-security-update.ml/signin/auth?redirect=account,1
http://paypal.paypal.com.account-verification-78.work/secure/portal/client-id/,1
http://coinbase-auth-verification-portal.ga/signin/auth?redirect=account?session=306958,1
http://cutt.ly/act1223,1
http://bankofamerica-alert-verification-update.click/dispute/center/?session=733355,1
http://wellsfargo-security.microsoft.com.account-verification-33.icu/login.php,1
http://microsoft-login-verification-portal.icu/confirmation/payment-failed.aspx?session=430365,1
http://chase-verify-verification-update.cf/wallet/recovery-phrase.html?session=828084,1
http://cutt.ly/sec5665,1
http://google-drive-share-verification-secure.cf/update-billing-information/?session=234174,1
http://google-drive-share-verification-update.work/verify-account.html?session=406204,1
http://dhl-tracking-security-update.tk/dispute/center/,1
http://usps-redelivery-verification-auth.xyz/wallet/recovery-phrase.html?session=828614,1
http://appleid-security-update.ga/login.php,1
http://116.30.121.65/confirmation/payment-failed.aspx?verify=50523&user=login,1
http://usps-redelivery.microsoft.com.account-verification-24.work/confirmation/payment-failed.aspx,1
http://amazon-support-verification-portal.icu/dispute/center/?session=197773,1
http://tinyurl.com/auth1233,1
http://dhl-tracking-security-update.tk/authorize.cgi?session=,1
http://rb.gy/sec3520,1
http://wellsfargo-security-verification-portal.icu/login.php?session=482392,1
http://facebook-security-security-update.gq/confirmation/payment-failed.aspx,1
http://paypal-verification-auth.xyz/wallet/recovery-phrase.html?session=439572,1
http://dhl-tracking.paypal.com.account-verification-37.ga/confirmation/payment-failed.aspx,1
http://cutt.ly/auth1108,1
http://instagram-badge-verify-security-update.work/secure/portal/client-id/,1
http://netflix-billing-verification-portal.work/confirmation/payment-failed.aspx?session=999495,1
http://appleid-verification-auth.icu/confirmation/payment-failed.aspx?session=137083,1
http://144.46.178.190:3000/dispute/center/?verify=59418&user=login,1
http://tinyurl.com/auth1284,1
http://chase-verify-verification-portal.tk/dispute/center/?session=565696,1
http://dhl-tracking.paypal.com.account-verification-68.top/verify-account.html,1
http://binance-trade-security-update.tk/verify-account.html,1
http://amazon-support.apple.com.account-verification-36.tk/login.php,1
http://facebook-security.paypal.com.account-verification-86.work/confirmation/payment-failed.aspx,1
http://chase-verify-security-update.ml/confirmation/payment-failed.aspx,1
http://microsoft-login-verification-portal.icu/signin/auth?redirect=account?session=891579,1
http://tinyurl.com/sec3581,1
http://tinyurl.com/sec1040,1
http://netflix-billing.paypal.com.account-verification-30.work/verify-account.html,1
http://metamask-validation-verification-secure.tk/secure/portal/client-id/?session=232040,1
http://netflix-billing-verification-update.work/security-checkpoint/index.php?session=290663,1
http://appleid-security-update.xyz/security-checkpoint/index.php,1
http://binance-trade-security-update.ga/secure/portal/client-id/,1
http://appleid-verification-update.cf/update-billing-information/?session=266492,1
http://bit.ly/sec3742,1
http://appleid-security-update.gq/security-checkpoint/index.php,1
http://google-drive-share-verification-update.top/login.php?session=985671,1
http://bit.ly/auth5346,1
http://wellsfargo-security-security-update.vip/security-checkpoint/index.php,1
http://chase-verify.microsoft.com.account-verification-67.work/signin/auth?redirect=account,1
http://cutt.ly/auth9107,1
http://google-drive-share-alert.com//redirect/index.php?url=http://malicious-collector.com/login,1
http://124.1.208.179:8000/confirmation/payment-failed.aspx?verify=51691&user=login,1
http://binance-trade-security-update.work/login.php,1
http://microsoft-login-security-update.ga/dispute/center/,1
http://facebook-security-verification-portal.top/secure/portal/client-id/?session=164274,1
http://microsoft-login-security-update.vip/confirmation/payment-failed.aspx,1
http://amazon-support.google.com.account-verification-53.tk/login.php,1
http://instagram-badge-verify-verification-secure.icu/secure/portal/client-id/?session=544853,1
http://96.100.187.184/secure/portal/client-id/?verify=11386&user=login,1
http://microsoft-login-verification-update.top/security-checkpoint/index.php?session=594875,1
http://bit.ly/pay8638,1
http://55.195.196.68/wallet/recovery-phrase.html?verify=41224&user=login,1
http://google-drive-share.paypal.com.account-verification-20.top/login.php,1
http://190.31.121.1:3000/authorize.cgi?session=?verify=23470&user=login,1
http://chase-verify.paypal.com.account-verification-93.work/authorize.cgi?session=,1
http://196.243.15.121:8080/security-checkpoint/index.php?verify=39633&user=login,1
http://metamask-validation-verification-auth.vip/authorize.cgi?session=?session=726107,1
http://binance-trade-security-update.vip/update-billing-information/,1
http://cutt.ly/auth2363,1
http://bit.ly/act2103,1
http://19.238.213.147:8080/authorize.cgi?session=?verify=16684&user=login,1
http://138.143.189.93/update-billing-information/?verify=11549&user=login,1
http://appleid.apple.com.account-verification-82.xyz/security-checkpoint/index.php,1
http://chase-verify-security-update.icu/signin/auth?redirect=account,1
http://tinyurl.com/sec2341,1
http://183.45.159.231:8000/dispute/center/?verify=89042&user=login,1
http://google-drive-share-security-update.icu/authorize.cgi?session=,1
http://cutt.ly/pay7918,1
http://binance-trade.microsoft.com.account-verification-54.gq/update-billing-information/,1
http://coinbase-auth-verification-auth.icu/update-billing-information/?session=158884,1
http://microsoft-login.google.com.account-verification-54.gq/verify-account.html,1
http://tinyurl.com/auth5779,1
http://214.202.175.218/signin/auth?redirect=account?verify=41241&user=login,1
http://netflix-billing-security-update.work/confirmation/payment-failed.aspx,1
http://binance-trade-security-update.top/secure/portal/client-id/,1
http://201.174.231.97:8080/secure/portal/client-id/?verify=51973&user=login,1
http://instagram-badge-verify.paypal.com.account-verification-86.work/security-checkpoint/index.php,1
http://bit.ly/act9535,1
http://coinbase-auth.paypal.com.account-verification-85.gq/security-checkpoint/index.php,1
http://dhl-tracking-verification-update.ga/security-checkpoint/index.php?session=870149,1
http://183.92.114.66/login.php?verify=84047&user=login,1
http://chase-verify-verification-auth.xyz/signin/auth?redirect=account?session=432752,1
http://binance-trade-verification-secure.ml/verify-account.html?session=194926,1
http://bit.ly/act2160,1
http://metamask-validation-security-update.loan/dispute/center/,1
http://microsoft-login-verification-portal.xyz/dispute/center/?session=532065,1
http://139.171.54.14:3000/signin/auth?redirect=account?verify=95306&user=login,1
http://paypal.paypal.com.account-verification-94.ga/update-billing-information/,1
http://google-drive-share-security-update.ga/wallet/recovery-phrase.html,1
http://tinyurl.com/sec6487,1
http://facebook-security.apple.com.account-verification-71.click/secure/portal/client-id/,1
http://tinyurl.com/sec5618,1
http://google-drive-share-security-update.click/secure/portal/client-id/,1
http://binance-trade.microsoft.com.account-verification-47.top/login.php,1
http://netflix-billing-verification-update.ml/authorize.cgi?session=?session=856084,1
http://rb.gy/pay2320,1
http://metamask-validation.paypal.com.account-verification-73.work/update-billing-information/,1
http://appleid.microsoft.com.account-verification-89.xyz/update-billing-information/,1
http://metamask-validation-verification-update.top/dispute/center/?session=627902,1
http://dhl-tracking-security-update.gq/security-checkpoint/index.php,1
http://google-drive-share.google.com.account-verification-40.gq/verify-account.html,1
http://paypal.paypal.com.account-verification-84.click/update-billing-information/,1
http://tinyurl.com/auth1053,1
http://cutt.ly/auth3981,1
http://rb.gy/act2048,1
http://tinyurl.com/act7174,1
http://paypal-verification-secure.ga/security-checkpoint/index.php?session=982365,1
http://instagram-badge-verify.apple.com.account-verification-62.top/wallet/recovery-phrase.html,1
http://28.252.93.105/confirmation/payment-failed.aspx?verify=27839&user=login,1
http://tinyurl.com/pay2017,1
http://paypal-security-update.icu/confirmation/payment-failed.aspx,1
http://google-drive-share.paypal.com.account-verification-23.xyz/signin/auth?redirect=account,1
http://appleid-security-update.ga/update-billing-information/,1
http://facebook-security-security-update.cf/signin/auth?redirect=account,1
http://65.215.113.246:3000/verify-account.html?verify=80371&user=login,1
http://chase-verify-security-update.gq/security-checkpoint/index.php,1
http://usps-redelivery-security-update.top/signin/auth?redirect=account,1
http://215.207.27.34:8443/secure/portal/client-id/?verify=11879&user=login,1
http://chase-verify-security-update.loan/authorize.cgi?session=,1
http://metamask-validation-security-update.ml/wallet/recovery-phrase.html,1
http://cutt.ly/act9366,1
http://coinbase-auth.google.com.account-verification-65.cf/wallet/recovery-phrase.html,1
http://facebook-security.paypal.com.account-verification-31.loan/login.php,1
http://tinyurl.com/act3285,1
http://54.235.170.134:3000/confirmation/payment-failed.aspx?verify=86546&user=login,1
http://91.214.244.158/dispute/center/?verify=89393&user=login,1
http://chase-verify-verification-auth.work/login.php?session=444287,1
http://appleid-verification-portal.ml/signin/auth?redirect=account?session=980526,1
http://tinyurl.com/auth2493,1
http://tinyurl.com/pay3610,1
http://64.223.111.242/confirmation/payment-failed.aspx?verify=48401&user=login,1
http://binance-trade-verification-update.loan/confirmation/payment-failed.aspx?session=242799,1
http://dhl-tracking-security-update.ga/authorize.cgi?session=,1
http://binance-trade-verification-update.tk/signin/auth?redirect=account?session=256807,1
http://140.234.124.115/security-checkpoint/index.php?verify=67361&user=login,1
http://201.2.105.47:8443/signin/auth?redirect=account?verify=44859&user=login,1
http://cutt.ly/act8869,1
http://dhl-tracking-verification-update.ga/signin/auth?redirect=account?session=781966,1
http://binance-trade-verification-update.icu/login.php?session=158651,1
http://dhl-tracking.apple.com.account-verification-55.xyz/secure/portal/client-id/,1
http://rb.gy/pay1997,1
http://binance-trade-verification-portal.vip/update-billing-information/?session=278483,1
http://paypal-security-update.gq/update-billing-information/,1
http://appleid.apple.com.account-verification-53.xyz/wallet/recovery-phrase.html,1
http://metamask-validation.apple.com.account-verification-68.click/authorize.cgi?session=,1
http://bit.ly/act2708,1
http://117.123.249.143/verify-account.html?verify=57144&user=login,1
http://cutt.ly/auth8540,1
http://coinbase-auth-verification-auth.top/dispute/center/?session=110652,1
http://google-drive-share.microsoft.com.account-verification-73.vip/confirmation/payment-failed.aspx,1
http://tinyurl.com/pay4070,1
http://tinyurl.com/sec3671,1
http://dhl-tracking.microsoft.com.account-verification-98.loan/authorize.cgi?session=,1
http://paypal-security-update.tk/confirmation/payment-failed.aspx,1
http://netflix-billing-verification-auth.xyz/dispute/center/?session=981123,1
http://metamask-validation-verification-auth.tk/authorize.cgi?session=?session=532621,1
http://173.143.153.83/verify-account.html?verify=26878&user=login,1
http://bit.ly/pay5013,1
http://bit.ly/pay9266,1
http://microsoft-login-security-update.top/update-billing-information/,1
http://usps-redelivery-verification-update.loan/dispute/center/?session=155932,1
http://microsoft-login.paypal.com.account-verification-24.loan/login.php,1
http://bankofamerica-alert.apple.com.account-verification-35.work/security-checkpoint/index.php,1
http://coinbase-auth.google.com.account-verification-91.tk/update-billing-information/,1
http://rb.gy/auth3714,1
http://92.238.98.94:8000/authorize.cgi?session=?verify=86200&user=login,1
http://cutt.ly/act9104,1
http://dhl-tracking.microsoft.com.account-verification-53.xyz/login.php,1
http://netflix-billing.google.com.account-verification-90.ga/dispute/center/,1
http://124.30.77.132/security-checkpoint/index.php?verify=19739&user=login,1
http://dhl-tracking-verification-portal.vip/wallet/recovery-phrase.html?session=250378,1
http://127.229.172.199/secure/portal/client-id/?verify=31499&user=login,1
http://111.167.81.25:8443/verify-account.html?verify=49238&user=login,1
http://instagram-badge-verify.microsoft.com.account-verification-50.vip/security-checkpoint/index.php,1
http://appleid-verification-portal.tk/update-billing-information/?session=596589,1
http://rb.gy/act8589,1
http://paypal-verification-portal.gq/login.php?session=297711,1
http://cutt.ly/pay3823,1
http://bit.ly/pay5661,1
http://paypal.apple.com.account-verification-65.click/signin/auth?redirect=account,1
http://facebook-security-verification-secure.click/security-checkpoint/index.php?session=194638,1
http://microsoft-login-verification-secure.xyz/update-billing-information/?session=470757,1
http://dhl-tracking-security-update.click/dispute/center/,1
http://192.7.73.237:8000/verify-account.html?verify=27864&user=login,1
http://tinyurl.com/pay6323,1
http://metamask-validation.paypal.com.account-verification-86.ml/secure/portal/client-id/,1
http://211.30.53.205/signin/auth?redirect=account?verify=44339&user=login,1
http://microsoft-login-security-update.cf/signin/auth?redirect=account,1
http://tinyurl.com/auth8004,1
http://58.127.62.75:8080/verify-account.html?verify=29757&user=login,1
http://208.43.159.23:8443/secure/portal/client-id/?verify=20955&user=login,1
http://appleid-verification-secure.gq/dispute/center/?session=420146,1
http://appleid-verification-secure.click/confirmation/payment-failed.aspx?session=810333,1
http://facebook-security-security-update.xyz/update-billing-information/,1
http://amazon-support-verification-secure.icu/dispute/center/?session=718753,1
http://142.40.18.172/wallet/recovery-phrase.html?verify=61452&user=login,1
http://124.246.39.60:3000/authorize.cgi?session=?verify=17056&user=login,1
http://microsoft-login.google.com.account-verification-93.ml/login.php,1
http://microsoft-login-verification-secure.loan/authorize.cgi?session=?session=404676,1
http://93.209.222.8/signin/auth?redirect=account?verify=30825&user=login,1
http://206.228.253.64/security-checkpoint/index.php?verify=87651&user=login,1
http://metamask-validation.paypal.com.account-verification-42.work/verify-account.html,1
http://usps-redelivery-security-update.tk/authorize.cgi?session=,1
http://usps-redelivery-security-update.vip/update-billing-information/,1
http://binance-trade.apple.com.account-verification-58.cf/verify-account.html,1
http://tinyurl.com/sec7461,1
http://61.170.128.246:8080/verify-account.html?verify=95501&user=login,1
http://bit.ly/act8200,1
http://59.195.220.147:8443/login.php?verify=65643&user=login,1
http://binance-trade-security-update.tk/login.php,1
http://google-drive-share.google.com.account-verification-60.click/confirmation/payment-failed.aspx,1
http://tinyurl.com/pay5060,1
http://binance-trade-verification-secure.tk/authorize.cgi?session=?session=213345,1
http://cutt.ly/sec1432,1
http://81.168.13.144/signin/auth?redirect=account?verify=33934&user=login,1
http://facebook-security-verification-portal.tk/confirmation/payment-failed.aspx?session=454046,1
http://facebook-security.apple.com.account-verification-41.click/update-billing-information/,1
http://dhl-tracking-security-update.click/login.php,1
http://wellsfargo-security-verification-auth.loan/update-billing-information/?session=819214,1
http://dhl-tracking.microsoft.com.account-verification-24.xyz/wallet/recovery-phrase.html,1
http://amazon-support-verification-update.tk/signin/auth?redirect=account?session=425912,1
http://metamask-validation-verification-update.loan/secure/portal/client-id/?session=316207,1
http://coinbase-auth-verification-portal.ga/signin/auth?redirect=account?session=657726,1
http://19.67.178.61/authorize.cgi?session=?verify=57722&user=login,1
http://metamask-validation-security-update.gq/secure/portal/client-id/,1
http://instagram-badge-verify-security-update.vip/security-checkpoint/index.php,1
http://111.60.126.197/login.php?verify=62471&user=login,1
http://amazon-support-verification-update.xyz/wallet/recovery-phrase.html?session=276849,1
http://coinbase-auth-security-update.tk/verify-account.html,1
http://usps-redelivery.microsoft.com.account-verification-23.tk/secure/portal/client-id/,1
http://202.199.69.65:8000/authorize.cgi?session=?verify=33365&user=login,1
http://cutt.ly/pay7213,1
http://29.107.138.98/security-checkpoint/index.php?verify=60686&user=login,1
http://61.225.97.20/dispute/center/?verify=31808&user=login,1
http://paypal-security-update.xyz/wallet/recovery-phrase.html,1
http://google-drive-share.google.com.account-verification-32.xyz/security-checkpoint/index.php,1
http://rb.gy/pay7222,1
http://instagram-badge-verify-verification-update.ml/security-checkpoint/index.php?session=946153,1
http://61.75.225.205:8000/security-checkpoint/index.php?verify=54297&user=login,1
http://rb.gy/auth1469,1
http://70.2.218.23/confirmation/payment-failed.aspx?verify=94348&user=login,1
http://wellsfargo-security-verification-update.ga/signin/auth?redirect=account?session=648048,1
http://instagram-badge-verify-security-update.gq/update-billing-information/,1
http://bit.ly/auth4402,1
http://netflix-billing-security-update.loan/wallet/recovery-phrase.html,1
http://bit.ly/act8388,1
http://213.150.50.67/dispute/center/?verify=85181&user=login,1
http://115.175.236.233/secure/portal/client-id/?verify=24876&user=login,1
http://59.106.206.178:8080/signin/auth?redirect=account?verify=46057&user=login,1
http://instagram-badge-verify-verification-update.tk/login.php?session=824594,1
http://dhl-tracking.paypal.com.account-verification-86.gq/update-billing-information/,1
http://google-drive-share.microsoft.com.account-verification-64.click/confirmation/payment-failed.aspx,1
http://wellsfargo-security.paypal.com.account-verification-99.vip/authorize.cgi?session=,1
http://cutt.ly/auth3136,1
http://dhl-tracking-security-update.ga/secure/portal/client-id/,1
http://14.29.107.248:8080/authorize.cgi?session=?verify=36829&user=login,1
http://facebook-security.google.com.account-verification-99.click/security-checkpoint/index.php,1
http://chase-verify.apple.com.account-verification-62.xyz/verify-account.html,1
http://tinyurl.com/pay3659,1
http://google-drive-share-security-update.vip/secure/portal/client-id/,1
http://bit.ly/sec1868,1
http://124.4.120.143:8080/update-billing-information/?verify=99533&user=login,1
http://cutt.ly/act8347,1
http://microsoft-login-security-update.vip/signin/auth?redirect=account,1
http://80.224.200.243:8000/secure/portal/client-id/?verify=46941&user=login,1
http://189.236.219.74/signin/auth?redirect=account?verify=51075&user=login,1
http://cutt.ly/pay9877,1
http://bankofamerica-alert-verification-update.ga/secure/portal/client-id/?session=949008,1
http://usps-redelivery-security-update.top/authorize.cgi?session=,1
http://tinyurl.com/sec3269,1
http://dhl-tracking-security-update.top/security-checkpoint/index.php,1
http://rb.gy/auth2570,1
http://98.133.144.34:8080/secure/portal/client-id/?verify=71439&user=login,1
http://183.228.134.203/verify-account.html?verify=10265&user=login,1
http://30.77.239.103/confirmation/payment-failed.aspx?verify=95149&user=login,1
http://37.150.220.130/dispute/center/?verify=69962&user=login,1
http://facebook-security.apple.com.account-verification-72.vip/security-checkpoint/index.php,1
http://dhl-tracking-verification-portal.cf/authorize.cgi?session=?session=856665,1
http://rb.gy/act9119,1
http://paypal-security-update.tk/authorize.cgi?session=,1
http://tinyurl.com/act4969,1
http://dhl-tracking-verification-secure.ga/verify-account.html?session=887443,1
http://bit.ly/pay3719,1
http://instagram-badge-verify-security-update.click/dispute/center/,1
http://168.105.171.104/login.php?verify=29451&user=login,1
http://bankofamerica-alert.apple.com.account-verification-68.click/wallet/recovery-phrase.html,1
http://115.79.104.195:8443/verify-account.html?verify=10152&user=login,1
http://59.175.191.121/dispute/center/?verify=12775&user=login,1
http://appleid-security-update.cf/authorize.cgi?session=,1
http://rb.gy/pay3690,1
http://138.205.216.204:8080/dispute/center/?verify=77482&user=login,1
http://google-drive-share-verification-auth.click/update-billing-information/?session=805048,1
http://rb.gy/auth5988,1
http://chase-verify-security-update.click/confirmation/payment-failed.aspx,1
http://appleid.google.com.account-verification-53.gq/security-checkpoint/index.php,1
http://dhl-tracking-security-update.work/update-billing-information/,1
http://instagram-badge-verify-security-update.top/wallet/recovery-phrase.html,1
http://cutt.ly/sec9353,1
http://amazon-support-verification-update.click/security-checkpoint/index.php?session=622622,1
http://usps-redelivery-security-update.tk/login.php,1
http://facebook-security-verification-auth.ga/update-billing-information/?session=163973,1
http://metamask-validation-verification-portal.top/dispute/center/?session=336735,1
http://66.33.217.191/security-checkpoint/index.php?verify=55260&user=login,1
http://usps-redelivery-verification-update.cf/signin/auth?redirect=account?session=110600,1
http://google-drive-share-security-update.tk/confirmation/payment-failed.aspx,1
http://dhl-tracking-verification-secure.top/secure/portal/client-id/?session=459482,1
http://wellsfargo-security-verification-auth.work/confirmation/payment-failed.aspx?session=880802,1
http://usps-redelivery-security-update.ml/update-billing-information/,1
http://bankofamerica-alert.google.com.account-verification-85.icu/dispute/center/,1
http://26.185.205.92:8443/confirmation/payment-failed.aspx?verify=63502&user=login,1
http://wellsfargo-security-verification-update.top/signin/auth?redirect=account?session=327645,1
http://wellsfargo-security.apple.com.account-verification-99.loan/wallet/recovery-phrase.html,1
http://chase-verify-security-update.loan/signin/auth?redirect=account,1
http://wellsfargo-security-security-update.cf/authorize.cgi?session=,1
http://tinyurl.com/pay6521,1
http://20.60.208.59:8080/login.php?verify=81200&user=login,1
http://cutt.ly/pay4401,1
http://appleid.apple.com.account-verification-11.vip/authorize.cgi?session=,1
http://bankofamerica-alert.apple.com.account-verification-97.cf/signin/auth?redirect=account,1
http://172.161.138.228:8443/secure/portal/client-id/?verify=46822&user=login,1
http://coinbase-auth.paypal.com.account-verification-92.ga/wallet/recovery-phrase.html,1
http://paypal-security-update.gq/authorize.cgi?session=,1
http://binance-trade-verification-secure.click/secure/portal/client-id/?session=939853,1
http://cutt.ly/sec8823,1
http://coinbase-auth-security-update.loan/login.php,1
http://rb.gy/act7054,1
http://cutt.ly/act5955,1
http://tinyurl.com/sec7023,1
http://tinyurl.com/auth5740,1
http://93.53.183.38:3000/signin/auth?redirect=account?verify=94894&user=login,1
http://wellsfargo-security.apple.com.account-verification-14.icu/dispute/center/,1
http://binance-trade-verification-update.icu/secure/portal/client-id/?session=328267,1
http://tinyurl.com/sec7099,1
http://71.43.25.153/dispute/center/?verify=98367&user=login,1
http://usps-redelivery-security-update.xyz/verify-account.html,1
http://bit.ly/pay6433,1
http://112.112.112.225:3000/login.php?verify=62857&user=login,1
http://rb.gy/pay5876,1
http://metamask-validation-security-update.work/verify-account.html,1
http://metamask-validation.apple.com.account-verification-84.ga/secure/portal/client-id/,1
http://microsoft-login.paypal.com.account-verification-52.cf/secure/portal/client-id/,1
http://facebook-security-verification-portal.work/confirmation/payment-failed.aspx?session=277100,1
http://amazon-support-verification-auth.xyz/dispute/center/?session=896259,1
http://netflix-billing-security-update.icu/authorize.cgi?session=,1
http://bankofamerica-alert.google.com.account-verification-87.cf/dispute/center/,1
http://dhl-tracking.microsoft.com.account-verification-81.tk/signin/auth?redirect=account,1
http://facebook-security.google.com.account-verification-94.xyz/confirmation/payment-failed.aspx,1
http://cutt.ly/pay2220,1
http://appleid-security-update.loan/authorize.cgi?session=,1
http://appleid-verification-secure.ga/verify-account.html?session=116462,1
http://tinyurl.com/auth4342,1
http://coinbase-auth-security-update.cf/update-billing-information/,1
http://coinbase-auth.google.com.account-verification-31.cf/update-billing-information/,1
http://tinyurl.com/act9273,1
http://google-drive-share-security-update.click/signin/auth?redirect=account,1
http://165.3.78.141/confirmation/payment-failed.aspx?verify=13002&user=login,1
http://rb.gy/pay3527,1
http://rb.gy/act6948,1
http://cutt.ly/sec8935,1
http://appleid-security-update.click/login.php,1
http://amazon-support-security-update.top/security-checkpoint/index.php,1
http://cutt.ly/sec1237,1
http://usps-redelivery.google.com.account-verification-63.cf/security-checkpoint/index.php,1
http://netflix-billing-verification-update.loan/login.php?session=880350,1
http://cutt.ly/pay9211,1
http://cutt.ly/auth8155,1
http://microsoft-login.apple.com.account-verification-48.work/secure/portal/client-id/,1
http://rb.gy/auth2483,1
http://google-drive-share-security-update.cf/security-checkpoint/index.php,1
http://appleid.google.com.account-verification-89.loan/wallet/recovery-phrase.html,1
http://appleid-verification-update.ga/wallet/recovery-phrase.html?session=160563,1
http://netflix-billing-verification-secure.loan/dispute/center/?session=776252,1
http://coinbase-auth.apple.com.account-verification-48.gq/signin/auth?redirect=account,1
http://usps-redelivery-verification-auth.loan/confirmation/payment-failed.aspx?session=723760,1
http://chase-verify.paypal.com.account-verification-97.ga/verify-account.html,1
http://coinbase-auth.paypal.com.account-verification-67.cf/secure/portal/client-id/,1
http://12.134.140.12/security-checkpoint/index.php?verify=64998&user=login,1
http://metamask-validation-security-update.tk/security-checkpoint/index.php,1
http://instagram-badge-verify-verification-update.gq/authorize.cgi?session=?session=389621,1
http://metamask-validation-security-update.vip/dispute/center/,1
http://179.190.226.21/update-billing-information/?verify=33254&user=login,1
http://218.87.12.253:3000/wallet/recovery-phrase.html?verify=56025&user=login,1
http://bit.ly/sec1694,1
http://amazon-support.microsoft.com.account-verification-38.loan/dispute/center/,1
http://bankofamerica-alert-verification-auth.ga/secure/portal/client-id/?session=536190,1
http://rb.gy/sec2645,1
http://dhl-tracking-verification-auth.vip/login.php?session=903649,1
http://53.151.87.202:8443/secure/portal/client-id/?verify=11515&user=login,1
http://18.18.48.220/wallet/recovery-phrase.html?verify=71039&user=login,1
http://149.24.234.96/confirmation/payment-failed.aspx?verify=95730&user=login,1
http://164.76.156.146:8080/signin/auth?redirect=account?verify=62582&user=login,1
http://cutt.ly/sec6836,1
http://amazon-support.paypal.com.account-verification-38.icu/dispute/center/,1
http://139.111.204.170/authorize.cgi?session=?verify=11020&user=login,1
http://cutt.ly/pay4342,1
http://tinyurl.com/act1282,1
http://amazon-support-security-update.click/confirmation/payment-failed.aspx,1
http://50.247.152.57/update-billing-information/?verify=19728&user=login,1
http://google-drive-share-verification-auth.ga/update-billing-information/?session=144135,1
http://181.14.242.254:3000/verify-account.html?verify=71759&user=login,1
http://usps-redelivery-security-update.loan/secure/portal/client-id/,1
http://coinbase-auth.apple.com.account-verification-42.vip/authorize.cgi?session=,1
http://coinbase-auth-security-update.ml/verify-account.html,1
http://tinyurl.com/auth3151,1
http://bit.ly/pay1975,1
http://usps-redelivery-security-update.ml/confirmation/payment-failed.aspx,1
http://instagram-badge-verify.paypal.com.account-verification-25.ga/verify-account.html,1
http://175.17.139.21:8443/signin/auth?redirect=account?verify=99069&user=login,1
http://appleid-verification-portal.xyz/wallet/recovery-phrase.html?session=712071,1
http://rb.gy/pay1975,1
http://wellsfargo-security-security-update.cf/verify-account.html,1
http://dhl-tracking.google.com.account-verification-99.loan/secure/portal/client-id/,1
http://160.181.100.163/confirmation/payment-failed.aspx?verify=81771&user=login,1
http://84.92.8.89/verify-account.html?verify=28478&user=login,1
http://66.203.109.2/confirmation/payment-failed.aspx?verify=45924&user=login,1
http://187.228.143.197/security-checkpoint/index.php?verify=63355&user=login,1
http://149.180.20.178:8080/security-checkpoint/index.php?verify=14999&user=login,1
http://metamask-validation.microsoft.com.account-verification-82.gq/security-checkpoint/index.php,1
http://paypal.google.com.account-verification-97.tk/dispute/center/,1
http://cutt.ly/sec7782,1
http://binance-trade-verification-auth.xyz/confirmation/payment-failed.aspx?session=553192,1
http://cutt.ly/sec8980,1
http://wellsfargo-security.microsoft.com.account-verification-28.ml/security-checkpoint/index.php,1
http://bit.ly/act6883,1
http://binance-trade-security-update.top/update-billing-information/,1
http://bankofamerica-alert.microsoft.com.account-verification-59.work/confirmation/payment-failed.aspx,1
http://appleid-verification-secure.top/security-checkpoint/index.php?session=619432,1
http://coinbase-auth-verification-secure.work/security-checkpoint/index.php?session=804953,1
http://rb.gy/act1234,1
http://coinbase-auth-verification-portal.click/authorize.cgi?session=?session=506936,1
http://41.195.100.100/secure/portal/client-id/?verify=62300&user=login,1
http://paypal-security-update.cf/security-checkpoint/index.php,1
http://coinbase-auth.google.com.account-verification-25.work/login.php,1
http://usps-redelivery-security-update.top/update-billing-information/,1
http://instagram-badge-verify-security-update.icu/security-checkpoint/index.php,1
http://51.17.230.94:3000/update-billing-information/?verify=37037&user=login,1
http://194.241.38.83/update-billing-information/?verify=36617&user=login,1
http://wellsfargo-security.microsoft.com.account-verification-14.vip/confirmation/payment-failed.aspx,1
http://144.83.191.215/dispute/center/?verify=50488&user=login,1
http://126.47.28.93:8080/wallet/recovery-phrase.html?verify=29686&user=login,1
http://171.93.233.188:8000/signin/auth?redirect=account?verify=21489&user=login,1
http://amazon-support-verification-auth.xyz/confirmation/payment-failed.aspx?session=117467,1
http://netflix-billing.microsoft.com.account-verification-41.icu/update-billing-information/,1
http://wellsfargo-security-verification-secure.tk/dispute/center/?session=189335,1
http://google-drive-share-verification-auth.vip/signin/auth?redirect=account?session=860781,1
http://213.209.71.233:8080/security-checkpoint/index.php?verify=14059&user=login,1
http://bankofamerica-alert.google.com.account-verification-79.work/dispute/center/,1
http://facebook-security-verification-secure.ga/verify-account.html?session=220331,1
http://instagram-badge-verify-verification-secure.loan/verify-account.html?session=784870,1
http://21.206.175.146/security-checkpoint/index.php?verify=31315&user=login,1
http://usps-redelivery-security-update.work/secure/portal/client-id/,1
http://dhl-tracking-verification-auth.loan/authorize.cgi?session=?session=573598,1
http://usps-redelivery.apple.com.account-verification-99.top/signin/auth?redirect=account,1
http://wellsfargo-security.apple.com.account-verification-90.vip/authorize.cgi?session=,1
http://dhl-tracking-verification-auth.gq/update-billing-information/?session=234491,1
http://cutt.ly/pay6356,1
http://28.231.120.249/secure/portal/client-id/?verify=34453&user=login,1
http://appleid.apple.com.account-verification-56.gq/wallet/recovery-phrase.html,1
http://chase-verify-verification-update.ga/login.php?session=374722,1
http://coinbase-auth-security-update.work/confirmation/payment-failed.aspx,1
http://coinbase-auth-security-update.vip/login.php,1
http://dhl-tracking.google.com.account-verification-17.ml/update-billing-information/,1
http://rb.gy/act4401,1
http://186.216.211.56:3000/secure/portal/client-id/?verify=57173&user=login,1
http://106.199.193.182/update-billing-information/?verify=22488&user=login,1
http://bit.ly/auth5842,1
http://bit.ly/act5314,1
http://paypal-verification-secure.tk/confirmation/payment-failed.aspx?session=185584,1
http://facebook-security.microsoft.com.account-verification-86.ga/dispute/center/,1
http://facebook-security-security-update.xyz/authorize.cgi?session=,1
http://google-drive-share.apple.com.account-verification-86.cf/verify-account.html,1
http://218.32.175.218/signin/auth?redirect=account?verify=41855&user=login,1
http://binance-trade.apple.com.account-verification-88.click/confirmation/payment-failed.aspx,1
http://paypal-security-update.ml/login.php,1
http://202.53.203.163/security-checkpoint/index.php?verify=49521&user=login,1
http://usps-redelivery.google.com.account-verification-77.icu/verify-account.html,1
http://coinbase-auth-security-update.tk/update-billing-information/,1
http://104.147.152.40/security-checkpoint/index.php?verify=38488&user=login,1
http://metamask-validation-security-update.cf/secure/portal/client-id/,1
http://instagram-badge-verify-verification-auth.click/login.php?session=320888,1
http://amazon-support-verification-portal.ga/update-billing-information/?session=340241,1
http://appleid.google.com.account-verification-67.tk/security-checkpoint/index.php,1
http://amazon-support-verification-auth.vip/secure/portal/client-id/?session=328949,1
http://binance-trade-security-update.gq/authorize.cgi?session=,1
http://instagram-badge-verify-security-update.gq/login.php,1
http://paypal-security-update.cf/confirmation/payment-failed.aspx,1
http://metamask-validation-security-update.xyz/confirmation/payment-failed.aspx,1
http://11.173.248.116/update-billing-information/?verify=31240&user=login,1
http://57.202.176.166/verify-account.html?verify=86156&user=login,1
http://metamask-validation-verification-portal.work/secure/portal/client-id/?session=928517,1
http://binance-trade.apple.com.account-verification-37.top/security-checkpoint/index.php,1
http://paypal-verification-auth.vip/wallet/recovery-phrase.html?session=775122,1
http://bit.ly/auth7568,1
http://rb.gy/sec5475,1
http://amazon-support-verification-portal.cf/security-checkpoint/index.php?session=785172,1
http://bankofamerica-alert.microsoft.com.account-verification-84.loan/security-checkpoint/index.php,1
http://144.169.80.252:3000/wallet/recovery-phrase.html?verify=22855&user=login,1
http://google-drive-share-verification-portal.ml/login.php?session=507684,1
http://tinyurl.com/auth2447,1
http://paypal-security-update.gq/secure/portal/client-id/,1
http://tinyurl.com/auth5135,1
http://bit.ly/sec7730,1
http://cutt.ly/act6921,1
http://cutt.ly/act3734,1
http://170.64.128.147:8080/signin/auth?redirect=account?verify=63754&user=login,1
http://coinbase-auth-verification-auth.click/authorize.cgi?session=?session=285876,1
http://instagram-badge-verify-security-update.xyz/dispute/center/,1
http://usps-redelivery-verification-update.ml/signin/auth?redirect=account?session=973934,1
http://microsoft-login.google.com.account-verification-19.gq/dispute/center/,1
http://paypal-verification-auth.ga/confirmation/payment-failed.aspx?session=924833,1
http://rb.gy/auth2883,1
http://paypal.paypal.com.account-verification-20.ml/verify-account.html,1
http://amazon-support-verification-auth.gq/secure/portal/client-id/?session=100233,1
http://facebook-security.apple.com.account-verification-62.vip/signin/auth?redirect=account,1
http://instagram-badge-verify.apple.com.account-verification-84.ml/security-checkpoint/index.php,1
http://11.222.186.135:8080/confirmation/payment-failed.aspx?verify=42779&user=login,1
http://instagram-badge-verify.apple.com.account-verification-58.loan/login.php,1
http://coinbase-auth-security-update.work/signin/auth?redirect=account,1
http://binance-trade-security-update.ga/login.php,1
http://22.206.47.195/update-billing-information/?verify=66668&user=login,1
http://netflix-billing.apple.com.account-verification-75.tk/wallet/recovery-phrase.html,1
http://binance-trade-security-update.ga/security-checkpoint/index.php,1
http://instagram-badge-verify.paypal.com.account-verification-56.icu/wallet/recovery-phrase.html,1
http://rb.gy/pay3571,1
http://185.86.79.174:3000/authorize.cgi?session=?verify=36948&user=login,1
http://tinyurl.com/auth1075,1
http://metamask-validation-security-update.ml/login.php,1
http://rb.gy/pay6681,1
http://google-drive-share-security-update.gq/authorize.cgi?session=,1
http://54.98.52.39/authorize.cgi?session=?verify=96226&user=login,1
http://usps-redelivery-security-update.click/confirmation/payment-failed.aspx,1
http://dhl-tracking.google.com.account-verification-59.icu/confirmation/payment-failed.aspx,1
http://microsoft-login-security-update.xyz/wallet/recovery-phrase.html,1
http://tinyurl.com/act8263,1
http://dhl-tracking.paypal.com.account-verification-42.vip/update-billing-information/,1
http://209.94.62.114/dispute/center/?verify=94863&user=login,1
http://154.186.70.174:3000/wallet/recovery-phrase.html?verify=39752&user=login,1
http://cutt.ly/act1442,1
http://binance-trade-verification-auth.gq/secure/portal/client-id/?session=134118,1
http://paypal-security-update.xyz/signin/auth?redirect=account,1
http://usps-redelivery-verification-update.click/signin/auth?redirect=account?session=295590,1
http://bit.ly/pay7669,1
http://appleid.microsoft.com.account-verification-38.tk/authorize.cgi?session=,1
http://bankofamerica-alert-security-update.tk/security-checkpoint/index.php,1
http://101.1.185.226/update-billing-information/?verify=43759&user=login,1
http://91.27.12.206:8443/confirmation/payment-failed.aspx?verify=57312&user=login,1
http://rb.gy/pay4311,1
http://coinbase-auth.google.com.account-verification-44.gq/confirmation/payment-failed.aspx,1
http://rb.gy/auth1611,1
http://bankofamerica-alert-verification-portal.work/signin/auth?redirect=account?session=962177,1
http://amazon-support.microsoft.com.account-verification-16.click/update-billing-information/,1
http://cutt.ly/sec1874,1
http://16.46.161.126/authorize.cgi?session=?verify=79903&user=login,1
http://185.224.153.84/security-checkpoint/index.php?verify=77862&user=login,1
http://binance-trade.google.com.account-verification-35.click/authorize.cgi?session=,1
http://paypal-verification-update.ml/security-checkpoint/index.php?session=363833,1
http://dhl-tracking-verification-update.icu/wallet/recovery-phrase.html?session=382687,1
http://rb.gy/pay6593,1
http://217.234.89.172:8443/confirmation/payment-failed.aspx?verify=14155&user=login,1
http://binance-trade-verification-secure.vip/confirmation/payment-failed.aspx?session=653498,1
http://dhl-tracking-security-update.top/authorize.cgi?session=,1
http://134.22.163.217:8080/update-billing-information/?verify=88605&user=login,1
http://netflix-billing-verification-update.ml/signin/auth?redirect=account?session=697672,1
http://43.49.126.119/dispute/center/?verify=94490&user=login,1
http://bit.ly/pay5070,1
http://metamask-validation-security-update.loan/authorize.cgi?session=,1
http://96.235.178.130:8080/authorize.cgi?session=?verify=85861&user=login,1
http://205.12.161.206:8000/verify-account.html?verify=13927&user=login,1
http://google-drive-share-security-update.tk/authorize.cgi?session=,1
http://127.136.53.195/security-checkpoint/index.php?verify=67850&user=login,1
http://69.66.133.216:3000/signin/auth?redirect=account?verify=66735&user=login,1
http://facebook-security.paypal.com.account-verification-89.gq/security-checkpoint/index.php,1
http://instagram-badge-verify-verification-portal.loan/login.php?session=744181,1
http://59.31.222.116/secure/portal/client-id/?verify=42094&user=login,1
http://rb.gy/act5025,1
http://bit.ly/auth9068,1
http://cutt.ly/act5277,1
http://appleid.microsoft.com.account-verification-37.vip/dispute/center/,1
http://62.48.249.161/wallet/recovery-phrase.html?verify=67109&user=login,1
http://193.212.88.40/dispute/center/?verify=17089&user=login,1
http://201.93.41.53:8080/update-billing-information/?verify=89567&user=login,1
http://bankofamerica-alert-security-update.cf/login.php,1
http://usps-redelivery-verification-update.xyz/security-checkpoint/index.php?session=103373,1
http://paypal-verification-update.click/dispute/center/?session=223039,1
http://google-drive-share.paypal.com.account-verification-36.ga/authorize.cgi?session=,1
http://paypal-verification-secure.ga/dispute/center/?session=474637,1
http://microsoft-login-verification-auth.tk/login.php?session=406400,1
http://bankofamerica-alert-verification-secure.icu/secure/portal/client-id/?session=246833,1
http://bit.ly/auth9473,1
http://appleid-verification-auth.loan/verify-account.html?session=919737,1
http://bit.ly/pay1916,1
http://facebook-security.microsoft.com.account-verification-37.vip/authorize.cgi?session=,1
http://instagram-badge-verify-security-update.click/authorize.cgi?session=,1
http://wellsfargo-security-verification-auth.vip/wallet/recovery-phrase.html?session=769080,1
http://cutt.ly/pay9622,1
http://106.220.22.138/update-billing-information/?verify=98931&user=login,1
http://wellsfargo-security-verification-update.gq/update-billing-information/?session=715389,1
http://amazon-support.microsoft.com.account-verification-56.ga/wallet/recovery-phrase.html,1
http://rb.gy/auth9648,1
http://dhl-tracking.paypal.com.account-verification-75.cf/login.php,1
http://158.109.187.187:8000/security-checkpoint/index.php?verify=44314&user=login,1
http://rb.gy/auth2692,1
http://cutt.ly/sec5819,1
http://cutt.ly/sec9362,1
http://cutt.ly/act7671,1
http://cutt.ly/sec4888,1
http://paypal.google.com.account-verification-56.top/dispute/center/,1
http://usps-redelivery.apple.com.account-verification-75.xyz/wallet/recovery-phrase.html,1
http://140.194.183.35:3000/authorize.cgi?session=?verify=53219&user=login,1
http://binance-trade.google.com.account-verification-73.icu/authorize.cgi?session=,1
http://usps-redelivery.apple.com.account-verification-25.xyz/security-checkpoint/index.php,1
http://bankofamerica-alert-verification-update.ga/security-checkpoint/index.php?session=872444,1
http://instagram-badge-verify-security-update.click/login.php,1
http://137.16.182.73:8000/dispute/center/?verify=47251&user=login,1
http://google-drive-share-security-update.vip/verify-account.html,1
http://metamask-validation-security-update.ga/signin/auth?redirect=account,1
http://cutt.ly/auth9004,1
http://50.85.94.151/login.php?verify=32119&user=login,1
http://metamask-validation-security-update.work/security-checkpoint/index.php,1
http://instagram-badge-verify-verification-portal.icu/authorize.cgi?session=?session=516600,1
http://bankofamerica-alert.paypal.com.account-verification-24.gq/wallet/recovery-phrase.html,1
http://tinyurl.com/act2691,1
http://appleid-security-update.tk/wallet/recovery-phrase.html,1
http://usps-redelivery.microsoft.com.account-verification-47.loan/signin/auth?redirect=account,1
http://usps-redelivery.microsoft.com.account-verification-33.xyz/confirmation/payment-failed.aspx,1
http://119.254.143.245:8443/signin/auth?redirect=account?verify=58891&user=login,1
http://rb.gy/auth7795,1
http://88.254.206.191/login.php?verify=75895&user=login,1
http://appleid-security-update.gq/signin/auth?redirect=account,1
http://132.23.95.234/authorize.cgi?session=?verify=83289&user=login,1
http://chase-verify.paypal.com.account-verification-68.icu/dispute/center/,1
http://coinbase-auth-verification-update.tk/dispute/center/?session=814761,1
http://microsoft-login-verification-update.tk/secure/portal/client-id/?session=703721,1
http://bit.ly/sec1547,1
http://usps-redelivery.apple.com.account-verification-21.click/verify-account.html,1
http://105.216.53.45/confirmation/payment-failed.aspx?verify=47360&user=login,1
http://19.157.182.49:8443/signin/auth?redirect=account?verify=84798&user=login,1
http://58.233.1.171:8443/secure/portal/client-id/?verify=83467&user=login,1
http://rb.gy/pay2028,1
http://binance-trade.paypal.com.account-verification-65.top/authorize.cgi?session=,1
http://netflix-billing-security-update.vip/security-checkpoint/index.php,1
http://paypal-verification-portal.gq/secure/portal/client-id/?session=833331,1
http://58.76.48.191:3000/security-checkpoint/index.php?verify=73010&user=login,1
http://wellsfargo-security.google.com.account-verification-13.gq/security-checkpoint/index.php,1
http://binance-trade.apple.com.account-verification-73.icu/update-billing-information/,1
http://cutt.ly/sec8772,1
http://facebook-security-security-update.gq/dispute/center/,1
http://coinbase-auth.google.com.account-verification-49.icu/verify-account.html,1
http://coinbase-auth.apple.com.account-verification-52.click/dispute/center/,1
http://microsoft-login-verification-auth.xyz/confirmation/payment-failed.aspx?session=522969,1
http://wellsfargo-security.apple.com.account-verification-11.click/security-checkpoint/index.php,1
http://coinbase-auth-verification-secure.loan/dispute/center/?session=944317,1
http://google-drive-share-security-update.click/confirmation/payment-failed.aspx,1
http://metamask-validation-security-update.icu/secure/portal/client-id/,1
http://42.170.253.138/update-billing-information/?verify=85568&user=login,1
http://netflix-billing-verification-portal.gq/confirmation/payment-failed.aspx?session=687396,1
http://wellsfargo-security-security-update.ga/login.php,1
http://binance-trade-verification-portal.cf/authorize.cgi?session=?session=841345,1
http://110.173.183.17/confirmation/payment-failed.aspx?verify=74479&user=login,1
http://dhl-tracking.google.com.account-verification-16.loan/signin/auth?redirect=account,1
http://dhl-tracking.microsoft.com.account-verification-97.click/confirmation/payment-failed.aspx,1
http://binance-trade.google.com.account-verification-68.icu/wallet/recovery-phrase.html,1
http://101.87.18.218:3000/authorize.cgi?session=?verify=95414&user=login,1
http://google-drive-share-security-update.icu/security-checkpoint/index.php,1
http://metamask-validation-verification-portal.ga/authorize.cgi?session=?session=138190,1
http://metamask-validation.paypal.com.account-verification-55.gq/confirmation/payment-failed.aspx,1
http://google-drive-share-verification-auth.ga/login.php?session=164436,1
http://wellsfargo-security.paypal.com.account-verification-65.icu/secure/portal/client-id/,1
http://google-drive-share-security-update.work/verify-account.html,1
http://wellsfargo-security.paypal.com.account-verification-20.cf/wallet/recovery-phrase.html,1
http://bit.ly/act1355,1
http://metamask-validation.microsoft.com.account-verification-40.icu/verify-account.html,1
http://dhl-tracking-verification-auth.tk/secure/portal/client-id/?session=191845,1
http://cutt.ly/pay4041,1
http://instagram-badge-verify-verification-update.top/signin/auth?redirect=account?session=295210,1
http://appleid-security-update.gq/update-billing-information/,1
http://bankofamerica-alert-verification-secure.tk/confirmation/payment-failed.aspx?session=142527,1
http://bit.ly/auth1708,1
http://104.39.33.155/security-checkpoint/index.php?verify=55819&user=login,1
http://facebook-security-security-update.click/confirmation/payment-failed.aspx,1
http://paypal.microsoft.com.account-verification-12.ga/authorize.cgi?session=,1
http://tinyurl.com/act8032,1
http://39.206.75.56/secure/portal/client-id/?verify=35393&user=login,1
http://90.242.223.2:3000/wallet/recovery-phrase.html?verify=26187&user=login,1
http://appleid-verification-update.ml/login.php?session=724257,1
http://wellsfargo-security-verification-secure.top/secure/portal/client-id/?session=716220,1
http://facebook-security-security-update.xyz/signin/auth?redirect=account,1
http://amazon-support-security-update.gq/authorize.cgi?session=,1
http://wellsfargo-security-verification-secure.gq/signin/auth?redirect=account?session=186701,1
http://facebook-security-security-update.cf/verify-account.html,1
http://metamask-validation-verification-update.top/wallet/recovery-phrase.html?session=517483,1
http://55.57.52.103/confirmation/payment-failed.aspx?verify=56635&user=login,1
http://paypal.google.com.account-verification-68.ga/security-checkpoint/index.php,1
http://dhl-tracking.microsoft.com.account-verification-68.ga/confirmation/payment-failed.aspx,1
http://appleid-verification-portal.top/authorize.cgi?session=?session=883694,1
http://47.117.186.81/login.php?verify=56693&user=login,1
http://rb.gy/auth1682,1
http://paypal-security-update.xyz/authorize.cgi?session=,1
http://208.19.249.46/secure/portal/client-id/?verify=21968&user=login,1
http://binance-trade-security-update.vip/dispute/center/,1
http://chase-verify-verification-portal.xyz/signin/auth?redirect=account?session=702249,1
http://netflix-billing-verification-secure.icu/wallet/recovery-phrase.html?session=385887,1
http://cutt.ly/sec7858,1
http://instagram-badge-verify.paypal.com.account-verification-47.work/dispute/center/,1
http://wellsfargo-security-verification-secure.vip/secure/portal/client-id/?session=338238,1
http://48.70.46.102:3000/secure/portal/client-id/?verify=53821&user=login,1
http://cutt.ly/sec1402,1
http://appleid-verification-auth.ml/verify-account.html?session=438683,1
http://cutt.ly/sec6178,1
http://23.156.57.49/wallet/recovery-phrase.html?verify=42481&user=login,1
http://metamask-validation-verification-portal.cf/login.php?session=431045,1
http://usps-redelivery-security-update.vip/security-checkpoint/index.php,1
http://binance-trade-verification-secure.tk/dispute/center/?session=959446,1
http://114.198.254.68/authorize.cgi?session=?verify=14326&user=login,1
http://tinyurl.com/sec8576,1
http://202.70.113.16/update-billing-information/?verify=54696&user=login,1
http://tinyurl.com/pay4476,1
http://rb.gy/sec8357,1
http://cutt.ly/auth9670,1
http://127.97.155.114/wallet/recovery-phrase.html?verify=89207&user=login,1
http://137.244.190.61:8443/login.php?verify=19068&user=login,1
http://186.89.185.93:8080/confirmation/payment-failed.aspx?verify=89505&user=login,1
http://microsoft-login-verification-update.click/signin/auth?redirect=account?session=494047,1
http://instagram-badge-verify.paypal.com.account-verification-42.loan/dispute/center/,1
http://cutt.ly/sec7319,1
http://facebook-security.microsoft.com.account-verification-83.ga/wallet/recovery-phrase.html,1
http://usps-redelivery-verification-update.tk/authorize.cgi?session=?session=993902,1
http://usps-redelivery-security-update.tk/dispute/center/,1
http://coinbase-auth.apple.com.account-verification-78.tk/authorize.cgi?session=,1
http://cutt.ly/auth3411,1
http://tinyurl.com/auth2813,1
http://paypal-security-update.ga/confirmation/payment-failed.aspx,1
http://bit.ly/sec8145,1
http://bit.ly/sec4609,1
http://paypal-security-update.click/verify-account.html,1
http://rb.gy/sec1802,1
http://wellsfargo-security-verification-update.vip/confirmation/payment-failed.aspx?session=799160,1
http://paypal-verification-auth.icu/secure/portal/client-id/?session=584266,1
http://instagram-badge-verify-security-update.work/login.php,1
http://82.172.151.119/confirmation/payment-failed.aspx?verify=76390&user=login,1
http://amazon-support-verification-secure.click/wallet/recovery-phrase.html?session=547534,1
http://rb.gy/act8110,1
http://136.116.52.163/dispute/center/?verify=57450&user=login,1
http://amazon-support-security-update.click/update-billing-information/,1
http://appleid-verification-auth.ml/signin/auth?redirect=account?session=486290,1
http://netflix-billing-security-update.vip/dispute/center/,1
http://rb.gy/act9694,1
http://tinyurl.com/act1735,1
http://137.92.28.109/security-checkpoint/index.php?verify=78805&user=login,1
http://instagram-badge-verify-security-update.cf/wallet/recovery-phrase.html,1
http://bit.ly/auth9136,1
http://binance-trade.microsoft.com.account-verification-87.work/authorize.cgi?session=,1
http://usps-redelivery-verification-auth.icu/secure/portal/client-id/?session=421802,1
http://netflix-billing-verification-auth.top/dispute/center/?session=706799,1
http://56.90.38.198/verify-account.html?verify=90168&user=login,1
http://appleid-verification-update.gq/confirmation/payment-failed.aspx?session=771520,1
http://coinbase-auth-verification-update.ml/dispute/center/?session=193372,1
http://usps-redelivery-verification-portal.icu/login.php?session=323228,1
http://bit.ly/pay8837,1
http://93.165.101.136/authorize.cgi?session=?verify=59009&user=login,1
http://netflix-billing-verification-auth.xyz/update-billing-information/?session=544098,1
http://tinyurl.com/sec3224,1
http://instagram-badge-verify.paypal.com.account-verification-81.ml/update-billing-information/,1
http://coinbase-auth-verification-portal.gq/wallet/recovery-phrase.html?session=228157,1
http://netflix-billing-security-update.click/update-billing-information/,1
http://wellsfargo-security-verification-portal.ml/authorize.cgi?session=?session=776110,1
http://metamask-validation-security-update.xyz/login.php,1
http://google-drive-share-verification-update.xyz/login.php?session=431628,1
http://instagram-badge-verify.google.com.account-verification-82.vip/authorize.cgi?session=,1
http://128.77.53.19:8000/signin/auth?redirect=account?verify=49558&user=login,1
http://cutt.ly/pay6730,1
http://microsoft-login-verification-secure.vip/wallet/recovery-phrase.html?session=618996,1
http://appleid.apple.com.account-verification-16.work/update-billing-information/,1
http://tinyurl.com/auth7113,1
http://bankofamerica-alert-verification-secure.top/secure/portal/client-id/?session=495908,1
http://paypal-security-update.loan/secure/portal/client-id/,1
http://dhl-tracking.paypal.com.account-verification-44.top/dispute/center/,1
http://google-drive-share-verification-auth.ml/login.php?session=924022,1
http://bit.ly/sec5912,1
http://instagram-badge-verify-verification-update.gq/dispute/center/?session=302324,1
http://google-drive-share.apple.com.account-verification-23.ml/login.php,1
http://wellsfargo-security-verification-portal.xyz/authorize.cgi?session=?session=436550,1
http://facebook-security-verification-secure.ml/verify-account.html?session=440735,1
http://rb.gy/sec4090,1
http://binance-trade.microsoft.com.account-verification-92.top/login.php,1
http://116.74.216.239:8443/confirmation/payment-failed.aspx?verify=34559&user=login,1
http://dhl-tracking.microsoft.com.account-verification-30.gq/confirmation/payment-failed.aspx,1
http://56.247.32.213/security-checkpoint/index.php?verify=61037&user=login,1
http://netflix-billing-verification-auth.tk/authorize.cgi?session=?session=977168,1
http://203.114.64.171/security-checkpoint/index.php?verify=60452&user=login,1
http://appleid-security-update.click/wallet/recovery-phrase.html,1
http://instagram-badge-verify.paypal.com.account-verification-63.vip/login.php,1
http://214.203.64.238/verify-account.html?verify=16746&user=login,1
http://dhl-tracking-verification-portal.ml/security-checkpoint/index.php?session=763126,1
http://bit.ly/pay1007,1
http://chase-verify-verification-auth.icu/verify-account.html?session=611290,1
http://coinbase-auth.paypal.com.account-verification-15.top/secure/portal/client-id/,1
http://amazon-support.apple.com.account-verification-65.cf/signin/auth?redirect=account,1
http://usps-redelivery-security-update.vip/login.php,1
http://dhl-tracking-verification-secure.xyz/confirmation/payment-failed.aspx?session=830482,1
http://amazon-support.google.com.account-verification-22.icu/dispute/center/,1
http://cutt.ly/auth9991,1
http://appleid-verification-auth.ga/security-checkpoint/index.php?session=721437,1
http://chase-verify-verification-secure.click/verify-account.html?session=774365,1
http://bit.ly/act3621,1
http://amazon-support.microsoft.com.account-verification-37.tk/verify-account.html,1
http://rb.gy/pay2982,1
http://chase-verify.google.com.account-verification-10.xyz/update-billing-information/,1
http://52.211.182.8/security-checkpoint/index.php?verify=15630&user=login,1
http://appleid-verification-auth.vip/security-checkpoint/index.php?session=557011,1
http://usps-redelivery-security-update.click/security-checkpoint/index.php,1
http://tinyurl.com/auth4057,1
http://coinbase-auth-verification-update.icu/wallet/recovery-phrase.html?session=736140,1
http://117.80.245.70:8080/wallet/recovery-phrase.html?verify=35085&user=login,1
http://amazon-support-verification-secure.ml/verify-account.html?session=299950,1
http://143.81.226.36/wallet/recovery-phrase.html?verify=62775&user=login,1
http://facebook-security-verification-portal.loan/security-checkpoint/index.php?session=850010,1
http://197.33.38.226:8000/confirmation/payment-failed.aspx?verify=32826&user=login,1
http://instagram-badge-verify-security-update.ml/signin/auth?redirect=account,1
http://paypal-verification-portal.xyz/signin/auth?redirect=account?session=975595,1
http://chase-verify.apple.com.account-verification-66.loan/confirmation/payment-failed.aspx,1
http://219.115.122.99/update-billing-information/?verify=91143&user=login,1
http://tinyurl.com/auth7989,1
http://rb.gy/auth5954,1
http://149.180.225.230:3000/update-billing-information/?verify=19835&user=login,1
http://125.167.87.46:8080/login.php?verify=41601&user=login,1
http://appleid-verification-auth.ml/login.php?session=821339,1
http://rb.gy/pay5647,1
http://wellsfargo-security-security-update.xyz/security-checkpoint/index.php,1
http://metamask-validation-verification-auth.gq/verify-account.html?session=558089,1
http://tinyurl.com/pay8952,1
http://netflix-billing-security-update.click/secure/portal/client-id/,1
http://chase-verify.apple.com.account-verification-80.loan/verify-account.html,1
http://bankofamerica-alert-verification-update.icu/signin/auth?redirect=account?session=803193,1
http://tinyurl.com/auth9999,1
http://rb.gy/sec8833,1
http://bit.ly/act3959,1
http://tinyurl.com/act8481,1
http://tinyurl.com/sec9537,1
http://31.186.110.175/update-billing-information/?verify=98403&user=login,1
http://177.49.82.64/authorize.cgi?session=?verify=17474&user=login,1
http://paypal.google.com.account-verification-73.icu/login.php,1
http://usps-redelivery-security-update.tk/secure/portal/client-id/,1
http://rb.gy/pay6677,1
http://coinbase-auth-security-update.loan/confirmation/payment-failed.aspx,1
http://rb.gy/pay2158,1
http://paypal-verification-auth.click/wallet/recovery-phrase.html?session=176503,1
http://cutt.ly/act3806,1
http://usps-redelivery-verification-auth.xyz/verify-account.html?session=305672,1
http://appleid-verification-auth.click/verify-account.html?session=468069,1
http://amazon-support.google.com.account-verification-24.cf/wallet/recovery-phrase.html,1
http://bit.ly/sec7729,1
http://facebook-security-security-update.xyz/verify-account.html,1
http://tinyurl.com/auth4758,1
http://usps-redelivery-security-update.vip/dispute/center/,1
http://96.188.8.65/signin/auth?redirect=account?verify=75093&user=login,1
http://wellsfargo-security-verification-portal.gq/update-billing-information/?session=540201,1
http://rb.gy/auth1647,1
http://tinyurl.com/pay4546,1
http://bit.ly/pay9453,1
http://123.17.228.203:8443/wallet/recovery-phrase.html?verify=50266&user=login,1
http://rb.gy/act3277,1
http://29.232.42.113:3000/signin/auth?redirect=account?verify=75279&user=login,1
http://microsoft-login-verification-secure.gq/dispute/center/?session=982127,1
http://netflix-billing-verification-secure.tk/secure/portal/client-id/?session=628344,1
http://dhl-tracking-security-update.click/security-checkpoint/index.php,1
http://bit.ly/sec4848,1
http://metamask-validation-verification-auth.loan/wallet/recovery-phrase.html?session=850007,1
http://184.10.235.12/secure/portal/client-id/?verify=30062&user=login,1
http://microsoft-login.microsoft.com.account-verification-21.tk/secure/portal/client-id/,1
http://appleid-security-update.ga/secure/portal/client-id/,1
http://metamask-validation.paypal.com.account-verification-70.top/secure/portal/client-id/,1
http://tinyurl.com/pay2052,1
http://instagram-badge-verify.paypal.com.account-verification-12.cf/update-billing-information/,1
http://bankofamerica-alert.microsoft.com.account-verification-42.icu/authorize.cgi?session=,1
http://bankofamerica-alert-verification-auth.gq/update-billing-information/?session=209548,1
http://116.93.17.223/login.php?verify=48565&user=login,1
http://cutt.ly/sec4264,1
http://71.87.94.86:3000/dispute/center/?verify=49775&user=login,1
http://appleid-verification-update.ga/update-billing-information/?session=811999,1
http://usps-redelivery-verification-update.vip/authorize.cgi?session=?session=236814,1
http://bit.ly/auth7189,1
http://192.134.205.196/secure/portal/client-id/?verify=86291&user=login,1
http://rb.gy/auth7938,1
http://binance-trade-security-update.xyz/verify-account.html,1
http://instagram-badge-verify-verification-update.icu/verify-account.html?session=235048,1
http://microsoft-login-verification-portal.click/authorize.cgi?session=?session=774468,1
http://tinyurl.com/sec5550,1
http://appleid-verification-auth.xyz/verify-account.html?session=715439,1
http://dhl-tracking.microsoft.com.account-verification-62.vip/secure/portal/client-id/,1
http://rb.gy/pay5596,1
http://148.143.231.176/dispute/center/?verify=96156&user=login,1
http://facebook-security-security-update.vip/login.php,1
http://amazon-support-verification-auth.work/wallet/recovery-phrase.html?session=634772,1
http://bankofamerica-alert.paypal.com.account-verification-40.loan/wallet/recovery-phrase.html,1
http://rb.gy/pay1540,1
http://google-drive-share.microsoft.com.account-verification-40.click/signin/auth?redirect=account,1
http://microsoft-login-security-update.icu/dispute/center/,1
http://google-drive-share.paypal.com.account-verification-76.top/signin/auth?redirect=account,1
http://metamask-validation.google.com.account-verification-16.tk/update-billing-information/,1
http://rb.gy/sec6818,1
http://binance-trade-verification-auth.ga/login.php?session=820144,1
http://usps-redelivery.microsoft.com.account-verification-38.vip/wallet/recovery-phrase.html,1
http://cutt.ly/act5627,1
http://126.195.241.236/dispute/center/?verify=98805&user=login,1
http://binance-trade-security-update.work/secure/portal/client-id/,1
http://tinyurl.com/sec1512,1
http://bit.ly/auth3291,1
http://bit.ly/act1354,1
http://microsoft-login-security-update.ml/update-billing-information/,1
http://coinbase-auth.paypal.com.account-verification-56.vip/authorize.cgi?session=,1
http://rb.gy/sec5579,1
http://16.244.178.253/confirmation/payment-failed.aspx?verify=63589&user=login,1
http://microsoft-login-security-update.loan/confirmation/payment-failed.aspx,1
http://google-drive-share.apple.com.account-verification-47.top/update-billing-information/,1
http://instagram-badge-verify.paypal.com.account-verification-82.vip/security-checkpoint/index.php,1
http://microsoft-login-security-update.ml/login.php,1
http://139.119.120.200/signin/auth?redirect=account?verify=30582&user=login,1
http://binance-trade.paypal.com.account-verification-94.vip/security-checkpoint/index.php,1
http://netflix-billing.paypal.com.account-verification-27.work/signin/auth?redirect=account,1
http://coinbase-auth.google.com.account-verification-88.loan/dispute/center/,1
http://google-drive-share-security-update.click/login.php,1
http://appleid-verification-auth.cf/secure/portal/client-id/?session=206011,1
http://binance-trade-security-update.click/dispute/center/,1
http://tinyurl.com/act7618,1
http://binance-trade.paypal.com.account-verification-25.gq/secure/portal/client-id/,1
http://185.50.16.24/security-checkpoint/index.php?verify=42120&user=login,1
http://netflix-billing-verification-secure.gq/wallet/recovery-phrase.html?session=822825,1
http://usps-redelivery-security-update.ml/secure/portal/client-id/,1
http://53.119.95.153/authorize.cgi?session=?verify=17453&user=login,1
http://73.70.62.232:8000/signin/auth?redirect=account?verify=30258&user=login,1
http://coinbase-auth.google.com.account-verification-98.gq/login.php,1
http://bankofamerica-alert.google.com.account-verification-21.ga/wallet/recovery-phrase.html,1
http://tinyurl.com/pay3022,1
http://97.67.28.164/dispute/center/?verify=13541&user=login,1
http://tinyurl.com/sec7212,1
http://136.27.64.189/dispute/center/?verify=36725&user=login,1
http://211.9.93.224/verify-account.html?verify=98460&user=login,1
http://google-drive-share.apple.com.account-verification-66.icu/confirmation/payment-failed.aspx,1
http://tinyurl.com/act4279,1
http://tinyurl.com/act7953,1
http://42.214.105.28:8000/dispute/center/?verify=84825&user=login,1
http://cutt.ly/act3321,1
http://microsoft-login-security-update.loan/security-checkpoint/index.php,1
http://dhl-tracking.apple.com.account-verification-78.work/wallet/recovery-phrase.html,1
http://coinbase-auth-verification-portal.vip/dispute/center/?session=486656,1
http://147.28.70.218:8000/login.php?verify=33982&user=login,1
http://wellsfargo-security-verification-portal.xyz/secure/portal/client-id/?session=488432,1
http://appleid.apple.com.account-verification-92.icu/wallet/recovery-phrase.html,1
http://paypal-verification-auth.tk/authorize.cgi?session=?session=431509,1
http://138.184.171.131/authorize.cgi?session=?verify=37763&user=login,1
http://google-drive-share.microsoft.com.account-verification-33.ga/wallet/recovery-phrase.html,1
http://instagram-badge-verify.google.com.account-verification-42.work/authorize.cgi?session=,1
http://google-drive-share.google.com.account-verification-41.gq/dispute/center/,1
http://89.110.73.207/confirmation/payment-failed.aspx?verify=11141&user=login,1
http://wellsfargo-security-security-update.top/security-checkpoint/index.php,1
http://binance-trade-verification-auth.xyz/signin/auth?redirect=account?session=620973,1
http://cutt.ly/auth1339,1
http://amazon-support-verification-secure.gq/login.php?session=590511,1
http://usps-redelivery-verification-auth.xyz/signin/auth?redirect=account?session=732346,1
http://appleid-security-update.ml/confirmation/payment-failed.aspx,1
http://157.214.254.158:8443/update-billing-information/?verify=92868&user=login,1
http://cutt.ly/auth1509,1
http://wellsfargo-security-security-update.top/update-billing-information/,1
http://amazon-support.google.com.account-verification-25.gq/signin/auth?redirect=account,1
http://rb.gy/sec4565,1
http://usps-redelivery-verification-secure.icu/signin/auth?redirect=account?session=885928,1
http://cutt.ly/pay9331,1
http://wellsfargo-security.google.com.account-verification-55.loan/dispute/center/,1
http://netflix-billing-verification-update.ml/authorize.cgi?session=?session=720264,1
http://metamask-validation.microsoft.com.account-verification-87.xyz/security-checkpoint/index.php,1
http://cutt.ly/act8477,1
http://bit.ly/pay8350,1
http://tinyurl.com/sec9077,1
http://cutt.ly/pay8199,1
http://bit.ly/pay3174,1
http://google-drive-share-verification-secure.ga/signin/auth?redirect=account?session=728832,1
http://coinbase-auth-verification-portal.work/confirmation/payment-failed.aspx?session=207334,1
http://metamask-validation-security-update.gq/login.php,1
http://cutt.ly/sec5557,1
http://rb.gy/act7006,1
http://31.42.142.97/verify-account.html?verify=26091&user=login,1
http://100.2.241.35:8443/secure/portal/client-id/?verify=89049&user=login,1
http://appleid-verification-update.icu/security-checkpoint/index.php?session=812162,1
http://cutt.ly/act3780,1
http://metamask-validation-security-update.work/authorize.cgi?session=,1
http://chase-verify.apple.com.account-verification-50.click/signin/auth?redirect=account,1
http://cutt.ly/pay4755,1
http://rb.gy/pay3182,1
http://rb.gy/pay7852,1
http://tinyurl.com/sec6647,1
http://21.4.36.98/authorize.cgi?session=?verify=31644&user=login,1
http://76.50.229.161:3000/dispute/center/?verify=97357&user=login,1
http://dhl-tracking-security-update.cf/authorize.cgi?session=,1
http://103.232.92.122/login.php?verify=56674&user=login,1
http://paypal-verification-portal.ml/secure/portal/client-id/?session=575189,1
http://paypal-verification-auth.tk/authorize.cgi?session=?session=752944,1
http://netflix-billing-verification-update.work/signin/auth?redirect=account?session=210572,1
http://instagram-badge-verify-verification-portal.gq/verify-account.html?session=878123,1
http://dhl-tracking.paypal.com.account-verification-95.ga/authorize.cgi?session=,1
http://paypal.apple.com.account-verification-12.top/secure/portal/client-id/,1
http://166.16.121.39/secure/portal/client-id/?verify=95879&user=login,1
http://rb.gy/sec3566,1
http://144.150.217.193:8000/update-billing-information/?verify=42153&user=login,1
http://44.61.54.20:3000/wallet/recovery-phrase.html?verify=25071&user=login,1
http://usps-redelivery-security-update.work/dispute/center/,1
http://61.43.51.4:8080/confirmation/payment-failed.aspx?verify=10396&user=login,1
http://130.87.4.44:8000/verify-account.html?verify=38971&user=login,1
http://23.114.132.161/authorize.cgi?session=?verify=95147&user=login,1
http://instagram-badge-verify.microsoft.com.account-verification-53.xyz/secure/portal/client-id/,1
http://161.87.148.193/wallet/recovery-phrase.html?verify=15648&user=login,1
http://binance-trade.apple.com.account-verification-62.cf/confirmation/payment-failed.aspx,1
http://rb.gy/pay8296,1
http://metamask-validation-verification-auth.ml/secure/portal/client-id/?session=230904,1
http://wellsfargo-security.paypal.com.account-verification-93.gq/signin/auth?redirect=account,1
http://cutt.ly/sec5247,1
http://wellsfargo-security-security-update.ml/authorize.cgi?session=,1
http://google-drive-share-security-update.icu/signin/auth?redirect=account,1
http://bankofamerica-alert.microsoft.com.account-verification-58.ml/confirmation/payment-failed.aspx,1
http://google-drive-share-security-update.click/verify-account.html,1
http://24.102.166.208:3000/update-billing-information/?verify=66202&user=login,1
http://microsoft-login.google.com.account-verification-93.click/signin/auth?redirect=account,1
http://binance-trade-verification-update.tk/verify-account.html?session=267885,1
http://bankofamerica-alert.paypal.com.account-verification-55.top/security-checkpoint/index.php,1
http://tinyurl.com/act5044,1
http://85.11.124.161/confirmation/payment-failed.aspx?verify=55162&user=login,1
http://216.131.215.115/dispute/center/?verify=33387&user=login,1
http://wellsfargo-security-security-update.tk/signin/auth?redirect=account,1
http://tinyurl.com/auth4413,1
http://instagram-badge-verify.paypal.com.account-verification-59.ga/wallet/recovery-phrase.html,1
http://chase-verify-security-update.ml/update-billing-information/,1
http://paypal-verification-secure.loan/wallet/recovery-phrase.html?session=580074,1
http://cutt.ly/sec7019,1
http://wellsfargo-security-verification-auth.ga/wallet/recovery-phrase.html?session=913268,1
http://coinbase-auth-security-update.tk/login.php,1
http://instagram-badge-verify.apple.com.account-verification-15.top/dispute/center/,1
http://tinyurl.com/sec4312,1
http://microsoft-login.apple.com.account-verification-53.icu/confirmation/payment-failed.aspx,1
http://tinyurl.com/pay9447,1
http://metamask-validation.microsoft.com.account-verification-66.click/dispute/center/,1
http://rb.gy/sec9164,1
http://120.12.7.128/confirmation/payment-failed.aspx?verify=23017&user=login,1
http://netflix-billing.apple.com.account-verification-16.work/login.php,1
http://microsoft-login.google.com.account-verification-35.gq/security-checkpoint/index.php,1
http://binance-trade-security-update.ml/confirmation/payment-failed.aspx,1
http://binance-trade-verification-update.ga/verify-account.html?session=475167,1
http://cutt.ly/act7138,1
http://amazon-support-security-update.loan/update-billing-information/,1
http://instagram-badge-verify.microsoft.com.account-verification-31.ml/security-checkpoint/index.php,1
http://usps-redelivery-security-update.cf/verify-account.html,1
http://amazon-support.google.com.account-verification-36.ga/confirmation/payment-failed.aspx,1
http://cutt.ly/pay2346,1
http://tinyurl.com/pay4357,1
http://tinyurl.com/pay3009,1
http://paypal.paypal.com.account-verification-37.work/verify-account.html,1
http://paypal-verification-auth.vip/security-checkpoint/index.php?session=636300,1
http://usps-redelivery.google.com.account-verification-19.work/authorize.cgi?session=,1
http://google-drive-share.paypal.com.account-verification-93.vip/authorize.cgi?session=,1
http://rb.gy/auth1115,1
http://dhl-tracking.google.com.account-verification-39.loan/dispute/center/,1
http://113.176.210.190/authorize.cgi?session=?verify=95577&user=login,1
http://instagram-badge-verify-security-update.icu/authorize.cgi?session=,1
http://usps-redelivery-security-update.work/confirmation/payment-failed.aspx,1
http://coinbase-auth-security-update.gq/authorize.cgi?session=,1
http://appleid-security-update.loan/wallet/recovery-phrase.html,1
http://paypal-verification-auth.icu/update-billing-information/?session=714586,1
http://facebook-security-security-update.xyz/wallet/recovery-phrase.html,1
http://microsoft-login-verification-update.xyz/login.php?session=401484,1
http://binance-trade-verification-auth.gq/security-checkpoint/index.php?session=248628,1
http://paypal-verification-update.ml/secure/portal/client-id/?session=479390,1
http://bit.ly/auth3788,1
http://tinyurl.com/auth5515,1
http://26.98.205.123/confirmation/payment-failed.aspx?verify=66595&user=login,1
http://appleid-verification-portal.ga/verify-account.html?session=369424,1
http://appleid-verification-portal.ml/secure/portal/client-id/?session=830121,1
http://netflix-billing-verification-portal.tk/verify-account.html?session=213764,1
http://216.223.131.68:3000/wallet/recovery-phrase.html?verify=42976&user=login,1
http://instagram-badge-verify.microsoft.com.account-verification-99.xyz/update-billing-information/,1
http://usps-redelivery.apple.com.account-verification-23.click/confirmation/payment-failed.aspx,1
http://microsoft-login.microsoft.com.account-verification-87.cf/confirmation/payment-failed.aspx,1
http://google-drive-share-security-update.xyz/authorize.cgi?session=,1
http://tinyurl.com/act2193,1
http://bankofamerica-alert-security-update.icu/secure/portal/client-id/,1
http://usps-redelivery.google.com.account-verification-65.top/dispute/center/,1
http://bankofamerica-alert-verification-auth.vip/secure/portal/client-id/?session=558608,1
http://cutt.ly/sec8601,1
http://tinyurl.com/act7341,1
http://188.32.154.158:8080/confirmation/payment-failed.aspx?verify=26896&user=login,1
http://metamask-validation.microsoft.com.account-verification-63.icu/authorize.cgi?session=,1
http://tinyurl.com/pay7444,1
http://cutt.ly/pay8071,1
http://135.248.152.118/authorize.cgi?session=?verify=84001&user=login,1
http://bit.ly/sec1064,1
http://instagram-badge-verify-verification-secure.click/login.php?session=812691,1
http://tinyurl.com/sec4078,1
http://amazon-support-verification-portal.ml/wallet/recovery-phrase.html?session=767881,1
http://157.11.163.71:3000/update-billing-information/?verify=49943&user=login,1
http://cutt.ly/auth3996,1
http://appleid-verification-secure.top/wallet/recovery-phrase.html?session=545668,1
http://bankofamerica-alert-security-update.icu/signin/auth?redirect=account,1
http://cutt.ly/sec9551,1
http://facebook-security-verification-portal.vip/update-billing-information/?session=501878,1
http://dhl-tracking-verification-portal.icu/secure/portal/client-id/?session=195780,1
http://paypal.apple.com.account-verification-50.tk/authorize.cgi?session=,1
http://facebook-security.paypal.com.account-verification-30.icu/security-checkpoint/index.php,1
http://47.227.73.136/wallet/recovery-phrase.html?verify=16457&user=login,1
http://google-drive-share-security-update.xyz/login.php,1
http://tinyurl.com/pay4016,1
http://46.68.70.2/signin/auth?redirect=account?verify=21277&user=login,1
http://169.4.120.124/secure/portal/client-id/?verify=32792&user=login,1
http://dhl-tracking-verification-portal.ga/authorize.cgi?session=?session=597774,1
http://tinyurl.com/auth8146,1
http://dhl-tracking.microsoft.com.account-verification-18.work/confirmation/payment-failed.aspx,1
http://wellsfargo-security-security-update.work/wallet/recovery-phrase.html,1
http://netflix-billing-security-update.xyz/wallet/recovery-phrase.html,1
http://amazon-support.microsoft.com.account-verification-33.work/verify-account.html,1
http://metamask-validation-security-update.top/verify-account.html,1
http://netflix-billing.apple.com.account-verification-87.click/update-billing-information/,1
http://chase-verify.google.com.account-verification-27.vip/login.php,1
http://99.16.240.165/security-checkpoint/index.php?verify=39174&user=login,1
http://tinyurl.com/sec8154,1
http://instagram-badge-verify-verification-auth.loan/update-billing-information/?session=402012,1
http://instagram-badge-verify-security-update.cf/signin/auth?redirect=account,1
http://bit.ly/pay1711,1
http://binance-trade-verification-secure.vip/dispute/center/?session=214968,1
http://binance-trade-verification-auth.click/signin/auth?redirect=account?session=694919,1
http://cutt.ly/act8568,1
http://bit.ly/act3961,1
http://213.190.23.108:8443/update-billing-information/?verify=14403&user=login,1
http://rb.gy/act2455,1
http://11.184.71.214/confirmation/payment-failed.aspx?verify=42923&user=login,1
http://coinbase-auth-verification-auth.gq/security-checkpoint/index.php?session=320479,1
http://metamask-validation-verification-secure.gq/update-billing-information/?session=263903,1
http://bit.ly/sec8592,1
http://tinyurl.com/pay8232,1
http://netflix-billing-security-update.xyz/update-billing-information/,1
http://appleid-security-update.icu/secure/portal/client-id/,1
http://dhl-tracking-security-update.icu/authorize.cgi?session=,1
http://25.155.235.56/wallet/recovery-phrase.html?verify=38579&user=login,1
http://14.12.151.12:3000/signin/auth?redirect=account?verify=93117&user=login,1
http://dhl-tracking-verification-update.icu/authorize.cgi?session=?session=567606,1
http://facebook-security.google.com.account-verification-62.xyz/secure/portal/client-id/,1
http://133.43.142.169/authorize.cgi?session=?verify=95750&user=login,1
http://72.75.71.206/signin/auth?redirect=account?verify=38864&user=login,1
http://facebook-security-verification-update.xyz/confirmation/payment-failed.aspx?session=997235,1
http://96.76.192.106:8000/verify-account.html?verify=71019&user=login,1
http://instagram-badge-verify.apple.com.account-verification-75.xyz/verify-account.html,1
http://amazon-support.google.com.account-verification-96.top/dispute/center/,1
http://metamask-validation.microsoft.com.account-verification-15.top/login.php,1
http://tinyurl.com/pay8335,1
http://cutt.ly/pay3987,1
http://cutt.ly/act3288,1
http://13.145.41.48:8443/wallet/recovery-phrase.html?verify=22134&user=login,1
http://cutt.ly/act6785,1
http://usps-redelivery-security-update.vip/signin/auth?redirect=account,1
http://83.37.240.110/login.php?verify=34233&user=login,1
http://150.20.57.203/update-billing-information/?verify=87376&user=login,1
http://15.159.200.52/update-billing-information/?verify=50815&user=login,1
http://tinyurl.com/pay3722,1
http://33.184.254.173:8000/dispute/center/?verify=61658&user=login,1
http://google-drive-share-verification-secure.work/confirmation/payment-failed.aspx?session=809750,1
http://cutt.ly/pay1891,1
http://cutt.ly/auth7600,1
http://facebook-security.google.com.account-verification-58.top/confirmation/payment-failed.aspx,1
http://tinyurl.com/auth1079,1
http://cutt.ly/pay9487,1
http://chase-verify-security-update.icu/wallet/recovery-phrase.html,1
http://bit.ly/act6495,1
http://metamask-validation.apple.com.account-verification-33.click/authorize.cgi?session=,1
http://coinbase-auth-security-update.click/update-billing-information/,1
http://wellsfargo-security-verification-auth.work/update-billing-information/?session=611539,1
http://facebook-security-verification-update.loan/dispute/center/?session=846171,1
http://instagram-badge-verify-verification-secure.vip/security-checkpoint/index.php?session=590235,1
http://bankofamerica-alert-verification-portal.gq/security-checkpoint/index.php?session=551331,1
http://coinbase-auth-security-update.ml/login.php,1
http://amazon-support.microsoft.com.account-verification-21.click/confirmation/payment-failed.aspx,1
http://coinbase-auth-security-update.ga/secure/portal/client-id/,1
http://rb.gy/pay5453,1
http://google-drive-share.paypal.com.account-verification-56.cf/dispute/center/,1
http://144.246.110.160:3000/verify-account.html?verify=40087&user=login,1
http://cutt.ly/act1770,1
http://tinyurl.com/sec9920,1
http://paypal-verification-secure.top/dispute/center/?session=877206,1
http://google-drive-share-verification-update.top/dispute/center/?session=171425,1
http://bankofamerica-alert-verification-update.work/dispute/center/?session=923183,1
http://paypal-verification-secure.icu/update-billing-information/?session=267712,1
http://30.99.56.25/wallet/recovery-phrase.html?verify=33642&user=login,1
http://12.161.40.62/wallet/recovery-phrase.html?verify=29910&user=login,1
http://microsoft-login-verification-portal.cf/confirmation/payment-failed.aspx?session=768110,1
http://tinyurl.com/sec5769,1
http://162.142.46.21/login.php?verify=34063&user=login,1
http://amazon-support-verification-update.work/update-billing-information/?session=136662,1
http://57.160.90.155/signin/auth?redirect=account?verify=22803&user=login,1
http://rb.gy/auth6246,1
http://paypal-security-update.tk/login.php,1
http://bit.ly/sec8584,1
http://dhl-tracking-security-update.cf/update-billing-information/,1
http://facebook-security.apple.com.account-verification-75.gq/signin/auth?redirect=account,1
http://amazon-support-security-update.xyz/verify-account.html,1
http://facebook-security.google.com.account-verification-89.gq/confirmation/payment-failed.aspx,1
http://40.120.250.161/secure/portal/client-id/?verify=69270&user=login,1
http://45.124.37.137:8080/security-checkpoint/index.php?verify=16976&user=login,1
http://170.61.169.254:8080/secure/portal/client-id/?verify=36490&user=login,1
http://amazon-support.apple.com.account-verification-24.cf/update-billing-information/,1
http://paypal-security-update.tk/wallet/recovery-phrase.html,1
http://google-drive-share-verification-secure.loan/signin/auth?redirect=account?session=245576,1
http://cutt.ly/pay8387,1
http://chase-verify-security-update.xyz/update-billing-information/,1
http://bit.ly/pay2446,1
http://amazon-support-verification-secure.top/authorize.cgi?session=?session=691396,1
http://facebook-security.apple.com.account-verification-31.loan/signin/auth?redirect=account,1
http://instagram-badge-verify-security-update.icu/login.php,1
http://202.194.22.103/verify-account.html?verify=24803&user=login,1
http://binance-trade-security-update.vip/secure/portal/client-id/,1
http://wellsfargo-security-security-update.click/login.php,1
http://dhl-tracking-verification-secure.xyz/signin/auth?redirect=account?session=631838,1
http://google-drive-share-security-update.ga/confirmation/payment-failed.aspx,1
http://netflix-billing-security-update.tk/update-billing-information/,1
http://appleid-verification-auth.ml/authorize.cgi?session=?session=819081,1
http://bankofamerica-alert.paypal.com.account-verification-56.gq/login.php,1
http://microsoft-login-verification-auth.ml/login.php?session=797033,1
http://paypal.google.com.account-verification-10.xyz/wallet/recovery-phrase.html,1
http://facebook-security-verification-update.work/authorize.cgi?session=?session=165310,1
http://instagram-badge-verify-verification-auth.top/authorize.cgi?session=?session=739601,1
http://appleid-security-update.vip/login.php,1
http://177.116.101.70:8080/wallet/recovery-phrase.html?verify=76838&user=login,1
http://dhl-tracking-verification-auth.vip/login.php?session=188301,1
http://chase-verify-security-update.work/update-billing-information/,1
http://binance-trade-security-update.cf/update-billing-information/,1
http://187.141.233.61/wallet/recovery-phrase.html?verify=24147&user=login,1
http://203.41.17.212/login.php?verify=65991&user=login,1
http://coinbase-auth-verification-secure.ml/dispute/center/?session=725515,1
http://104.8.46.78/wallet/recovery-phrase.html?verify=18416&user=login,1
http://183.121.164.183:3000/verify-account.html?verify=21628&user=login,1
http://appleid-security-update.icu/confirmation/payment-failed.aspx,1
http://usps-redelivery.google.com.account-verification-75.click/confirmation/payment-failed.aspx,1
http://microsoft-login-verification-portal.gq/login.php?session=569584,1
http://bit.ly/act5878,1
http://amazon-support-verification-secure.ml/verify-account.html?session=889644,1
http://dhl-tracking.google.com.account-verification-69.work/confirmation/payment-failed.aspx,1
http://metamask-validation-security-update.ml/dispute/center/,1
http://wellsfargo-security.microsoft.com.account-verification-13.click/confirmation/payment-failed.aspx,1
http://134.10.146.40:3000/confirmation/payment-failed.aspx?verify=50163&user=login,1
http://microsoft-login.google.com.account-verification-26.work/login.php,1
http://bankofamerica-alert-verification-secure.gq/wallet/recovery-phrase.html?session=341175,1
http://binance-trade.apple.com.account-verification-94.work/authorize.cgi?session=,1
http://dhl-tracking-verification-portal.vip/update-billing-information/?session=162200,1
http://tinyurl.com/act9587,1
http://usps-redelivery-verification-update.ga/authorize.cgi?session=?session=279723,1
http://dhl-tracking-verification-update.icu/login.php?session=271346,1
http://cutt.ly/sec4976,1
http://rb.gy/pay9659,1
http://coinbase-auth.microsoft.com.account-verification-44.loan/security-checkpoint/index.php,1
http://binance-trade-verification-portal.click/secure/portal/client-id/?session=343813,1
http://coinbase-auth.microsoft.com.account-verification-87.ga/signin/auth?redirect=account,1
http://152.188.142.107:3000/update-billing-information/?verify=30384&user=login,1
http://netflix-billing-security-update.xyz/signin/auth?redirect=account,1
http://facebook-security-verification-secure.top/update-billing-information/?session=159266,1
http://116.109.50.63/login.php?verify=25294&user=login,1
http://wellsfargo-security.paypal.com.account-verification-98.xyz/confirmation/payment-failed.aspx,1
http://google-drive-share-verification-auth.ga/confirmation/payment-failed.aspx?session=322067,1
http://chase-verify-security-update.loan/secure/portal/client-id/,1
http://chase-verify-security-update.cf/signin/auth?redirect=account,1
http://binance-trade.paypal.com.account-verification-44.gq/security-checkpoint/index.php,1
http://usps-redelivery.paypal.com.account-verification-36.vip/security-checkpoint/index.php,1
http://facebook-security.apple.com.account-verification-23.ml/verify-account.html,1
http://dhl-tracking-security-update.gq/dispute/center/,1
http://facebook-security.microsoft.com.account-verification-31.work/security-checkpoint/index.php,1
http://172.142.137.184/security-checkpoint/index.php?verify=59619&user=login,1
http://amazon-support-verification-auth.ml/update-billing-information/?session=754353,1
http://42.251.233.105/authorize.cgi?session=?verify=94106&user=login,1
http://coinbase-auth.microsoft.com.account-verification-86.ga/dispute/center/,1
http://google-drive-share-verification-update.vip/signin/auth?redirect=account?session=438908,1
http://instagram-badge-verify-verification-auth.icu/dispute/center/?session=951424,1
http://103.62.219.1/wallet/recovery-phrase.html?verify=25627&user=login,1
http://usps-redelivery.paypal.com.account-verification-45.loan/signin/auth?redirect=account,1
http://97.246.120.209:8443/security-checkpoint/index.php?verify=52504&user=login,1
http://tinyurl.com/sec1421,1
http://bit.ly/pay5112,1
http://facebook-security-security-update.cf/authorize.cgi?session=,1
http://facebook-security-verification-portal.vip/login.php?session=957703,1
http://bit.ly/act7811,1
http://119.108.189.191/verify-account.html?verify=13471&user=login,1
http://metamask-validation-security-update.cf/authorize.cgi?session=,1
http://amazon-support.apple.com.account-verification-72.ml/secure/portal/client-id/,1
http://dhl-tracking-security-update.tk/confirmation/payment-failed.aspx,1
http://208.69.113.22/login.php?verify=23418&user=login,1
http://53.82.1.36:8443/verify-account.html?verify=64436&user=login,1
http://11.233.66.195/authorize.cgi?session=?verify=31634&user=login,1
http://tinyurl.com/sec3828,1
http://152.101.228.21/dispute/center/?verify=81826&user=login,1
http://wellsfargo-security.microsoft.com.account-verification-89.tk/authorize.cgi?session=,1
http://coinbase-auth-security-update.click/dispute/center/,1
http://rb.gy/act3685,1
http://26.166.18.74/security-checkpoint/index.php?verify=27880&user=login,1
http://coinbase-auth.paypal.com.account-verification-38.icu/authorize.cgi?session=,1
http://chase-verify-security-update.cf/secure/portal/client-id/,1
http://microsoft-login-security-update.vip/wallet/recovery-phrase.html,1
http://dhl-tracking-verification-auth.work/wallet/recovery-phrase.html?session=791743,1
http://tinyurl.com/pay1470,1
http://dhl-tracking.google.com.account-verification-70.work/dispute/center/,1
http://tinyurl.com/auth8267,1
http://paypal-security-update.work/security-checkpoint/index.php,1
http://bit.ly/sec7045,1
http://bit.ly/act1072,1
http://netflix-billing.paypal.com.account-verification-65.cf/wallet/recovery-phrase.html,1
http://bit.ly/pay9695,1
http://metamask-validation.google.com.account-verification-89.top/login.php,1
http://bankofamerica-alert-security-update.xyz/security-checkpoint/index.php,1
http://rb.gy/auth1280,1
http://dhl-tracking-security-update.ml/update-billing-information/,1
http://25.23.129.75/update-billing-information/?verify=96938&user=login,1
http://coinbase-auth-verification-auth.icu/security-checkpoint/index.php?session=208824,1
http://google-drive-share-verification-auth.click/security-checkpoint/index.php?session=163842,1
http://coinbase-auth.microsoft.com.account-verification-30.cf/wallet/recovery-phrase.html,1
http://netflix-billing.google.com.account-verification-52.work/dispute/center/,1
http://125.186.229.107:8000/wallet/recovery-phrase.html?verify=70128&user=login,1
http://instagram-badge-verify-verification-auth.loan/wallet/recovery-phrase.html?session=862755,1
http://tinyurl.com/act2245,1
http://chase-verify-verification-auth.vip/secure/portal/client-id/?session=969741,1
http://metamask-validation.google.com.account-verification-20.click/login.php,1
http://rb.gy/act3783,1
http://instagram-badge-verify-verification-portal.click/security-checkpoint/index.php?session=689937,1
http://rb.gy/act3655,1
http://coinbase-auth-verification-update.gq/dispute/center/?session=691123,1
http://appleid-verification-portal.icu/secure/portal/client-id/?session=455906,1
http://appleid.google.com.account-verification-81.tk/login.php,1
http://microsoft-login.microsoft.com.account-verification-26.click/verify-account.html,1
http://wellsfargo-security.google.com.account-verification-70.click/wallet/recovery-phrase.html,1
http://netflix-billing.microsoft.com.account-verification-96.ml/signin/auth?redirect=account,1
http://microsoft-login-security-update.gq/update-billing-information/,1
http://rb.gy/pay1356,1
http://appleid.microsoft.com.account-verification-60.ga/login.php,1
http://bankofamerica-alert-verification-auth.top/verify-account.html?session=172297,1
http://binance-trade-verification-portal.loan/update-billing-information/?session=782315,1
http://usps-redelivery-security-update.click/signin/auth?redirect=account,1
http://tinyurl.com/sec5699,1
http://193.245.157.17/confirmation/payment-failed.aspx?verify=16326&user=login,1
http://bankofamerica-alert-verification-portal.tk/secure/portal/client-id/?session=954801,1
http://facebook-security.microsoft.com.account-verification-93.ml/secure/portal/client-id/,1
http://netflix-billing.google.com.account-verification-16.icu/confirmation/payment-failed.aspx,1
http://tinyurl.com/sec4263,1
http://67.121.234.142/update-billing-information/?verify=99673&user=login,1
http://19.149.62.239/confirmation/payment-failed.aspx?verify=75361&user=login,1
http://binance-trade-security-update.work/signin/auth?redirect=account,1
http://dhl-tracking-security-update.work/confirmation/payment-failed.aspx,1
http://usps-redelivery.microsoft.com.account-verification-89.gq/wallet/recovery-phrase.html,1
http://64.65.231.247/dispute/center/?verify=53361&user=login,1
http://cutt.ly/pay6869,1
http://bit.ly/sec1827,1
http://coinbase-auth-verification-portal.click/wallet/recovery-phrase.html?session=489508,1
http://netflix-billing-verification-secure.loan/dispute/center/?session=867120,1
http://bankofamerica-alert-verification-portal.cf/verify-account.html?session=315770,1
http://microsoft-login.microsoft.com.account-verification-50.icu/secure/portal/client-id/,1
http://paypal.google.com.account-verification-58.tk/update-billing-information/,1
http://paypal.google.com.account-verification-11.ga/confirmation/payment-failed.aspx,1
http://binance-trade-security-update.gq/verify-account.html,1
http://amazon-support.microsoft.com.account-verification-71.gq/secure/portal/client-id/,1
http://netflix-billing.microsoft.com.account-verification-68.icu/update-billing-information/,1
http://rb.gy/pay1893,1
http://facebook-security-verification-secure.top/dispute/center/?session=443085,1
http://bit.ly/pay4750,1
http://cutt.ly/pay8437,1
http://amazon-support-security-update.ga/wallet/recovery-phrase.html,1
http://109.174.186.86:8080/dispute/center/?verify=46214&user=login,1
http://coinbase-auth.microsoft.com.account-verification-42.gq/confirmation/payment-failed.aspx,1
http://wellsfargo-security.apple.com.account-verification-13.click/login.php,1
http://microsoft-login.microsoft.com.account-verification-29.ga/security-checkpoint/index.php,1
http://rb.gy/auth9820,1
http://dhl-tracking.microsoft.com.account-verification-18.work/login.php,1
http://usps-redelivery-security-update.tk/verify-account.html,1
http://cutt.ly/auth8396,1
http://202.239.158.174:3000/authorize.cgi?session=?verify=28776&user=login,1
http://cutt.ly/sec3100,1
http://215.177.80.171/authorize.cgi?session=?verify=14253&user=login,1
http://rb.gy/pay5421,1
http://rb.gy/sec5066,1
http://116.26.57.170/authorize.cgi?session=?verify=86992&user=login,1
http://bit.ly/auth5394,1
http://instagram-badge-verify.microsoft.com.account-verification-54.ga/authorize.cgi?session=,1
http://chase-verify.apple.com.account-verification-61.ga/secure/portal/client-id/,1
http://dhl-tracking-security-update.ml/wallet/recovery-phrase.html,1
http://bit.ly/auth7410,1
http://usps-redelivery.google.com.account-verification-56.ml/wallet/recovery-phrase.html,1
http://metamask-validation-security-update.ml/confirmation/payment-failed.aspx,1
http://facebook-security-security-update.tk/dispute/center/,1
http://metamask-validation-verification-portal.top/security-checkpoint/index.php?session=527118,1
http://bit.ly/act7070,1
http://amazon-support.google.com.account-verification-38.ml/verify-account.html,1
http://dhl-tracking-verification-update.cf/update-billing-information/?session=238096,1
http://usps-redelivery.paypal.com.account-verification-57.loan/update-billing-information/,1
http://coinbase-auth-security-update.ml/dispute/center/,1
http://microsoft-login-verification-portal.icu/confirmation/payment-failed.aspx?session=695075,1
http://tinyurl.com/sec7960,1
http://appleid-verification-auth.ga/authorize.cgi?session=?session=757430,1
http://77.182.53.100/update-billing-information/?verify=33649&user=login,1
http://microsoft-login.google.com.account-verification-40.gq/update-billing-information/,1
http://41.35.124.73/login.php?verify=24496&user=login,1
http://binance-trade-verification-secure.loan/wallet/recovery-phrase.html?session=799774,1
http://netflix-billing.google.com.account-verification-29.tk/confirmation/payment-failed.aspx,1
http://bankofamerica-alert-verification-secure.top/signin/auth?redirect=account?session=465216,1
http://binance-trade-security-update.xyz/confirmation/payment-failed.aspx,1
http://facebook-security-verification-secure.tk/security-checkpoint/index.php?session=108807,1
http://bit.ly/pay3610,1
http://bankofamerica-alert-security-update.tk/signin/auth?redirect=account,1
http://facebook-security-verification-portal.vip/authorize.cgi?session=?session=419402,1
http://rb.gy/pay6322,1
http://netflix-billing-verification-auth.top/verify-account.html?session=221567,1
http://73.214.250.139/confirmation/payment-failed.aspx?verify=98158&user=login,1
http://cutt.ly/auth3273,1
http://bit.ly/act4274,1
http://bit.ly/sec2538,1
http://tinyurl.com/sec8645,1
http://coinbase-auth-security-update.top/signin/auth?redirect=account,1
http://facebook-security-security-update.work/update-billing-information/,1
http://tinyurl.com/pay7785,1
http://google-drive-share.microsoft.com.account-verification-35.tk/signin/auth?redirect=account,1
http://rb.gy/sec3834,1
http://cutt.ly/sec4685,1
http://usps-redelivery-security-update.cf/wallet/recovery-phrase.html,1
http://tinyurl.com/sec4291,1
http://google-drive-share-verification-auth.ga/authorize.cgi?session=?session=822115,1
http://metamask-validation.google.com.account-verification-90.ml/dispute/center/,1
http://appleid.apple.com.account-verification-61.tk/wallet/recovery-phrase.html,1
http://microsoft-login-security-update.ga/confirmation/payment-failed.aspx,1
http://wellsfargo-security.microsoft.com.account-verification-79.click/security-checkpoint/index.php,1
http://netflix-billing-verification-portal.tk/verify-account.html?session=443939,1
http://81.151.120.114/security-checkpoint/index.php?verify=85280&user=login,1
http://73.103.186.22/wallet/recovery-phrase.html?verify=67732&user=login,1
http://usps-redelivery-security-update.ga/secure/portal/client-id/,1
http://wellsfargo-security-verification-update.ml/dispute/center/?session=787354,1
http://google-drive-share.paypal.com.account-verification-49.ga/dispute/center/,1
http://google-drive-share-verification-auth.work/authorize.cgi?session=?session=974151,1
http://dhl-tracking.paypal.com.account-verification-84.vip/login.php,1
http://189.95.153.89:3000/secure/portal/client-id/?verify=34577&user=login,1
http://bankofamerica-alert-verification-auth.click/signin/auth?redirect=account?session=502258,1
http://40.149.200.73/authorize.cgi?session=?verify=14022&user=login,1
http://coinbase-auth-security-update.ml/secure/portal/client-id/,1
http://netflix-billing.google.com.account-verification-73.tk/secure/portal/client-id/,1
http://wellsfargo-security-security-update.tk/update-billing-information/,1
http://68.238.163.183/secure/portal/client-id/?verify=23133&user=login,1
http://51.3.195.234/confirmation/payment-failed.aspx?verify=61906&user=login,1
http://paypal-verification-portal.icu/authorize.cgi?session=?session=334404,1
http://google-drive-share.apple.com.account-verification-63.top/wallet/recovery-phrase.html,1
http://paypal-security-update.work/verify-account.html,1
http://coinbase-auth.microsoft.com.account-verification-34.work/security-checkpoint/index.php,1
http://instagram-badge-verify-security-update.tk/wallet/recovery-phrase.html,1
http://coinbase-auth.google.com.account-verification-41.cf/dispute/center/,1
http://111.65.186.153/wallet/recovery-phrase.html?verify=45461&user=login,1
http://instagram-badge-verify-security-update.vip/signin/auth?redirect=account,1
http://bit.ly/act9478,1
http://52.85.55.252/dispute/center/?verify=33081&user=login,1
http://metamask-validation-security-update.ga/wallet/recovery-phrase.html,1
http://instagram-badge-verify.paypal.com.account-verification-82.icu/login.php,1
http://appleid.microsoft.com.account-verification-47.tk/verify-account.html,1
http://amazon-support-security-update.xyz/dispute/center/,1
http://159.172.15.248:8080/authorize.cgi?session=?verify=37477&user=login,1
http://coinbase-auth.google.com.account-verification-90.vip/signin/auth?redirect=account,1
http://instagram-badge-verify.microsoft.com.account-verification-83.cf/confirmation/payment-failed.aspx,1
http://appleid-verification-auth.ml/signin/auth?redirect=account?session=212525,1
http://microsoft-login-security-update.loan/signin/auth?redirect=account,1
http://amazon-support-verification-portal.tk/wallet/recovery-phrase.html?session=408064,1
http://google-drive-share-verification-portal.xyz/verify-account.html?session=208595,1
http://160.168.11.51:8000/login.php?verify=85736&user=login,1
http://chase-verify.microsoft.com.account-verification-50.ml/update-billing-information/,1
http://tinyurl.com/pay5045,1
http://rb.gy/auth7376,1
http://dhl-tracking-verification-secure.cf/security-checkpoint/index.php?session=117506,1
http://tinyurl.com/auth4569,1
http://facebook-security.apple.com.account-verification-22.tk/secure/portal/client-id/,1
http://netflix-billing-security-update.ga/dispute/center/,1
http://tinyurl.com/auth1139,1
http://coinbase-auth-verification-update.cf/secure/portal/client-id/?session=274948,1
http://131.32.90.239/verify-account.html?verify=82211&user=login,1
http://amazon-support.apple.com.account-verification-19.cf/verify-account.html,1
http://metamask-validation-security-update.tk/wallet/recovery-phrase.html,1
http://binance-trade-security-update.top/authorize.cgi?session=,1
http://microsoft-login-security-update.click/update-billing-information/,1
http://tinyurl.com/sec4730,1
http://50.136.249.252:8000/authorize.cgi?session=?verify=45365&user=login,1
http://102.129.160.193:8443/login.php?verify=37422&user=login,1
http://paypal-security-update.top/authorize.cgi?session=,1
http://instagram-badge-verify-security-update.ml/dispute/center/,1
http://tinyurl.com/act8735,1
http://tinyurl.com/auth6302,1
http://binance-trade.paypal.com.account-verification-46.cf/confirmation/payment-failed.aspx,1
http://google-drive-share-security-update.vip/wallet/recovery-phrase.html,1
http://188.191.80.81/wallet/recovery-phrase.html?verify=33291&user=login,1
http://binance-trade.microsoft.com.account-verification-78.gq/secure/portal/client-id/,1
http://dhl-tracking-verification-portal.vip/confirmation/payment-failed.aspx?session=786497,1
http://bit.ly/act2707,1
http://39.81.189.111/signin/auth?redirect=account?verify=40437&user=login,1
http://92.118.110.74:3000/login.php?verify=95066&user=login,1
http://appleid.google.com.account-verification-87.loan/login.php,1
http://160.58.67.112/login.php?verify=33262&user=login,1
http://dhl-tracking-security-update.loan/confirmation/payment-failed.aspx,1
http://74.236.161.77:8000/confirmation/payment-failed.aspx?verify=36574&user=login,1
http://tinyurl.com/pay9855,1
http://facebook-security-verification-auth.ga/security-checkpoint/index.php?session=906676,1
http://binance-trade.paypal.com.account-verification-50.xyz/verify-account.html,1
http://instagram-badge-verify.apple.com.account-verification-78.top/signin/auth?redirect=account,1
http://tinyurl.com/pay5412,1
http://tinyurl.com/auth2452,1
http://amazon-support-security-update.icu/secure/portal/client-id/,1
http://rb.gy/pay9376,1
http://rb.gy/auth5111,1
http://metamask-validation-security-update.vip/update-billing-information/,1
http://instagram-badge-verify-verification-secure.cf/secure/portal/client-id/?session=461279,1
http://cutt.ly/auth8272,1
http://tinyurl.com/auth9627,1
http://157.254.223.49:8443/update-billing-information/?verify=84961&user=login,1
http://microsoft-login.apple.com.account-verification-27.vip/signin/auth?redirect=account,1
http://chase-verify-security-update.xyz/signin/auth?redirect=account,1
http://cutt.ly/sec9221,1
http://google-drive-share.microsoft.com.account-verification-18.xyz/security-checkpoint/index.php,1
http://netflix-billing.paypal.com.account-verification-16.gq/login.php,1
http://usps-redelivery-verification-update.cf/login.php?session=312887,1
http://wellsfargo-security-verification-update.work/signin/auth?redirect=account?session=442237,1
http://cutt.ly/sec6052,1
http://coinbase-auth-security-update.xyz/authorize.cgi?session=,1
http://120.213.204.129/confirmation/payment-failed.aspx?verify=95753&user=login,1
http://microsoft-login-verification-portal.ga/wallet/recovery-phrase.html?session=162581,1
http://metamask-validation-verification-auth.top/security-checkpoint/index.php?session=755472,1
http://facebook-security-verification-update.top/login.php?session=818507,1
http://tinyurl.com/pay1332,1
http://binance-trade.apple.com.account-verification-93.loan/dispute/center/,1
http://cutt.ly/auth8648,1
http://tinyurl.com/auth4429,1
http://112.52.63.5:8000/confirmation/payment-failed.aspx?verify=15489&user=login,1
http://131.41.191.101:8443/secure/portal/client-id/?verify=11871&user=login,1
http://bankofamerica-alert-verification-update.gq/dispute/center/?session=151486,1
http://rb.gy/act2322,1
http://bit.ly/auth4924,1
http://netflix-billing.paypal.com.account-verification-17.cf/verify-account.html,1
http://bit.ly/auth7751,1
http://coinbase-auth-verification-update.ga/update-billing-information/?session=649623,1
http://usps-redelivery.microsoft.com.account-verification-47.gq/verify-account.html,1
http://147.163.85.117:3000/update-billing-information/?verify=31343&user=login,1
http://206.215.27.163/security-checkpoint/index.php?verify=79081&user=login,1
http://microsoft-login-security-update.tk/confirmation/payment-failed.aspx,1
http://rb.gy/sec1985,1
http://coinbase-auth-verification-secure.gq/confirmation/payment-failed.aspx?session=719852,1
http://174.27.114.68:8000/signin/auth?redirect=account?verify=76992&user=login,1
http://bit.ly/auth3197,1
http://google-drive-share.paypal.com.account-verification-59.tk/confirmation/payment-failed.aspx,1
http://rb.gy/act6233,1
http://netflix-billing-security-update.ga/verify-account.html,1
http://usps-redelivery-security-update.tk/update-billing-information/,1
http://cutt.ly/pay4464,1
http://google-drive-share.microsoft.com.account-verification-19.tk/authorize.cgi?session=,1
http://175.237.4.176/update-billing-information/?verify=90811&user=login,1
http://54.63.170.169/wallet/recovery-phrase.html?verify=93714&user=login,1
http://bit.ly/auth8106,1
http://amazon-support-security-update.gq/secure/portal/client-id/,1
http://netflix-billing.apple.com.account-verification-25.icu/signin/auth?redirect=account,1
http://microsoft-login-security-update.gq/authorize.cgi?session=,1
http://google-drive-share.paypal.com.account-verification-80.ga/dispute/center/,1
http://tinyurl.com/act3912,1
http://paypal-verification-portal.loan/secure/portal/client-id/?session=175733,1
http://chase-verify.paypal.com.account-verification-97.loan/dispute/center/,1
http://wellsfargo-security.paypal.com.account-verification-80.work/confirmation/payment-failed.aspx,1
http://41.249.209.41/confirmation/payment-failed.aspx?verify=31790&user=login,1
http://appleid.microsoft.com.account-verification-39.tk/authorize.cgi?session=,1
http://tinyurl.com/act2038,1
http://facebook-security-verification-portal.tk/signin/auth?redirect=account?session=958087,1
http://tinyurl.com/act1750,1
http://tinyurl.com/auth5105,1
http://netflix-billing-verification-portal.loan/security-checkpoint/index.php?session=410051,1
http://205.234.239.243:8443/authorize.cgi?session=?verify=94195&user=login,1
http://usps-redelivery-security-update.gq/signin/auth?redirect=account,1
http://usps-redelivery-verification-secure.cf/signin/auth?redirect=account?session=127578,1
http://cutt.ly/sec5710,1
http://tinyurl.com/pay1766,1
http://96.250.15.194:3000/verify-account.html?verify=53854&user=login,1
http://amazon-support.apple.com.account-verification-72.cf/authorize.cgi?session=,1
http://amazon-support-verification-secure.click/login.php?session=606779,1
http://facebook-security.microsoft.com.account-verification-98.work/dispute/center/,1
http://amazon-support-verification-secure.work/verify-account.html?session=607956,1
http://paypal.paypal.com.account-verification-55.cf/security-checkpoint/index.php,1
http://google-drive-share-security-update.loan/confirmation/payment-failed.aspx,1
http://instagram-badge-verify.apple.com.account-verification-45.work/security-checkpoint/index.php,1
http://coinbase-auth-security-update.tk/authorize.cgi?session=,1
http://netflix-billing-verification-update.top/login.php?session=904768,1
http://instagram-badge-verify.microsoft.com.account-verification-10.ml/update-billing-information/,1
http://metamask-validation-verification-portal.loan/update-billing-information/?session=472863,1
http://facebook-security-verification-secure.gq/signin/auth?redirect=account?session=709080,1
http://usps-redelivery-verification-secure.top/login.php?session=243374,1
http://dhl-tracking-security-update.work/authorize.cgi?session=,1
http://wellsfargo-security.google.com.account-verification-47.top/secure/portal/client-id/,1
http://amazon-support-verification-update.cf/confirmation/payment-failed.aspx?session=592705,1
http://dhl-tracking-security-update.ga/security-checkpoint/index.php,1
http://bit.ly/pay6542,1
http://instagram-badge-verify-verification-update.gq/update-billing-information/?session=739436,1
http://64.245.160.196:8443/dispute/center/?verify=58063&user=login,1
http://coinbase-auth-verification-secure.loan/secure/portal/client-id/?session=462519,1
http://chase-verify-verification-update.cf/security-checkpoint/index.php?session=839053,1
http://34.22.66.159:3000/security-checkpoint/index.php?verify=69676&user=login,1
http://google-drive-share.google.com.account-verification-69.cf/authorize.cgi?session=,1
http://81.195.151.244:3000/authorize.cgi?session=?verify=79993&user=login,1
http://165.80.94.211:8000/dispute/center/?verify=72819&user=login,1
http://netflix-billing-security-update.click/confirmation/payment-failed.aspx,1
http://210.238.9.170/security-checkpoint/index.php?verify=12783&user=login,1
http://instagram-badge-verify.apple.com.account-verification-84.top/secure/portal/client-id/,1
http://24.133.222.191/verify-account.html?verify=98398&user=login,1
http://dhl-tracking-security-update.top/dispute/center/,1
http://cutt.ly/pay1519,1
http://chase-verify-security-update.ml/secure/portal/client-id/,1
http://rb.gy/auth2119,1
http://rb.gy/sec7343,1
http://binance-trade.apple.com.account-verification-41.cf/confirmation/payment-failed.aspx,1
http://microsoft-login.paypal.com.account-verification-78.tk/security-checkpoint/index.php,1
http://binance-trade.google.com.account-verification-28.work/verify-account.html,1
http://instagram-badge-verify-verification-auth.icu/update-billing-information/?session=370799,1
http://174.136.75.26:8000/secure/portal/client-id/?verify=53874&user=login,1
http://bankofamerica-alert.google.com.account-verification-17.vip/signin/auth?redirect=account,1
http://cutt.ly/pay8466,1
http://bankofamerica-alert-security-update.ml/secure/portal/client-id/,1
http://usps-redelivery.google.com.account-verification-73.work/login.php,1
http://122.193.160.214/secure/portal/client-id/?verify=22514&user=login,1
http://facebook-security.paypal.com.account-verification-44.tk/login.php,1
http://211.114.95.106/signin/auth?redirect=account?verify=26126&user=login,1
http://197.109.80.249:3000/dispute/center/?verify=73736&user=login,1
http://metamask-validation-verification-portal.ga/secure/portal/client-id/?session=627750,1
http://cutt.ly/act3520,1
http://bankofamerica-alert-security-update.vip/security-checkpoint/index.php,1
http://instagram-badge-verify.apple.com.account-verification-92.xyz/verify-account.html,1
http://tinyurl.com/auth7682,1
http://cutt.ly/act8296,1
http://cutt.ly/auth4987,1
http://rb.gy/sec1980,1
http://cutt.ly/pay3340,1
http://appleid.google.com.account-verification-68.vip/authorize.cgi?session=,1
http://153.83.50.183/verify-account.html?verify=72320&user=login,1
http://netflix-billing.paypal.com.account-verification-30.gq/login.php,1
http://coinbase-auth.paypal.com.account-verification-25.tk/security-checkpoint/index.php,1
http://amazon-support-verification-update.icu/confirmation/payment-failed.aspx?session=987852,1
http://binance-trade-security-update.xyz/update-billing-information/,1
http://binance-trade-verification-update.ml/authorize.cgi?session=?session=550860,1
http://dhl-tracking-verification-secure.top/security-checkpoint/index.php?session=287116,1
http://rb.gy/pay1385,1
http://cutt.ly/pay9384,1
http://metamask-validation-security-update.work/confirmation/payment-failed.aspx,1
http://chase-verify-verification-update.tk/update-billing-information/?session=874103,1
http://facebook-security.apple.com.account-verification-91.ml/confirmation/payment-failed.aspx,1
http://microsoft-login-verification-auth.loan/security-checkpoint/index.php?session=541458,1
http://instagram-badge-verify.apple.com.account-verification-16.xyz/confirmation/payment-failed.aspx,1
http://coinbase-auth.google.com.account-verification-93.loan/update-billing-information/,1
http://185.53.112.159/verify-account.html?verify=51978&user=login,1
http://cutt.ly/sec4027,1
http://microsoft-login-security-update.cf/security-checkpoint/index.php,1
http://190.160.223.254/verify-account.html?verify=27703&user=login,1
http://appleid-verification-update.top/authorize.cgi?session=?session=556578,1
http://dhl-tracking-security-update.gq/login.php,1
http://netflix-billing.apple.com.account-verification-90.gq/update-billing-information/,1
http://bit.ly/auth5547,1
http://dhl-tracking-verification-portal.vip/update-billing-information/?session=624895,1
http://rb.gy/sec8640,1
http://microsoft-login.apple.com.account-verification-52.loan/login.php,1
http://coinbase-auth-verification-update.loan/secure/portal/client-id/?session=503543,1
http://usps-redelivery.microsoft.com.account-verification-62.xyz/update-billing-information/,1
http://91.31.8.113/wallet/recovery-phrase.html?verify=97240&user=login,1
http://instagram-badge-verify.paypal.com.account-verification-89.xyz/update-billing-information/,1
http://appleid.google.com.account-verification-44.loan/authorize.cgi?session=,1
http://microsoft-login.apple.com.account-verification-96.cf/wallet/recovery-phrase.html,1
http://tinyurl.com/act7506,1
http://netflix-billing-security-update.xyz/confirmation/payment-failed.aspx,1
http://19.99.166.48/wallet/recovery-phrase.html?verify=18245&user=login,1
http://microsoft-login.google.com.account-verification-98.click/authorize.cgi?session=,1
http://microsoft-login.apple.com.account-verification-42.work/secure/portal/client-id/,1
http://microsoft-login-verification-portal.work/signin/auth?redirect=account?session=380093,1
http://dhl-tracking.paypal.com.account-verification-89.icu/verify-account.html,1
http://61.241.69.107:3000/security-checkpoint/index.php?verify=99554&user=login,1
http://rb.gy/act5067,1
http://wellsfargo-security-verification-portal.icu/security-checkpoint/index.php?session=911367,1
http://appleid-security-update.vip/secure/portal/client-id/,1
http://11.28.70.136:8443/dispute/center/?verify=68029&user=login,1
http://168.143.138.70/secure/portal/client-id/?verify=88786&user=login,1
http://cutt.ly/pay8330,1
http://amazon-support.apple.com.account-verification-24.top/secure/portal/client-id/,1
http://netflix-billing-security-update.tk/login.php,1
http://paypal.microsoft.com.account-verification-15.icu/secure/portal/client-id/,1
http://paypal.apple.com.account-verification-13.cf/security-checkpoint/index.php,1
http://appleid.paypal.com.account-verification-53.vip/login.php,1
http://netflix-billing-security-update.xyz/secure/portal/client-id/,1
http://rb.gy/sec4020,1
http://210.61.18.25/confirmation/payment-failed.aspx?verify=84500&user=login,1
http://metamask-validation.paypal.com.account-verification-30.ga/verify-account.html,1
http://metamask-validation.google.com.account-verification-28.top/security-checkpoint/index.php,1
http://usps-redelivery-verification-portal.top/update-billing-information/?session=154079,1
http://coinbase-auth-verification-secure.click/update-billing-information/?session=100511,1
http://netflix-billing-verification-secure.vip/security-checkpoint/index.php?session=881280,1
http://usps-redelivery-security-update.top/wallet/recovery-phrase.html,1
http://amazon-support-security-update.top/confirmation/payment-failed.aspx,1
http://instagram-badge-verify.paypal.com.account-verification-46.cf/login.php,1
http://88.61.238.129/confirmation/payment-failed.aspx?verify=48102&user=login,1
http://bit.ly/auth5434,1
http://appleid.google.com.account-verification-51.ga/dispute/center/,1
http://wellsfargo-security-verification-portal.cf/login.php?session=594680,1
http://google-drive-share-verification-update.top/security-checkpoint/index.php?session=198592,1
http://metamask-validation-verification-secure.cf/dispute/center/?session=481759,1
http://instagram-badge-verify.microsoft.com.account-verification-60.xyz/secure/portal/client-id/,1
http://140.191.4.177/secure/portal/client-id/?verify=36224&user=login,1
http://appleid.apple.com.account-verification-91.xyz/security-checkpoint/index.php,1
http://wellsfargo-security.google.com.account-verification-55.loan/secure/portal/client-id/,1
http://121.157.99.96/signin/auth?redirect=account?verify=33301&user=login,1
http://metamask-validation.apple.com.account-verification-98.work/confirmation/payment-failed.aspx,1
http://wellsfargo-security-verification-portal.top/secure/portal/client-id/?session=347418,1
http://217.45.121.88/security-checkpoint/index.php?verify=26091&user=login,1
http://instagram-badge-verify.paypal.com.account-verification-75.ga/update-billing-information/,1
http://33.221.117.128/login.php?verify=65115&user=login,1
http://facebook-security-verification-auth.tk/update-billing-information/?session=885278,1
http://usps-redelivery-verification-portal.gq/verify-account.html?session=979691,1
http://cutt.ly/pay2199,1
http://201.56.48.244/verify-account.html?verify=79283&user=login,1
http://metamask-validation-security-update.work/dispute/center/,1
http://bit.ly/auth7914,1
http://rb.gy/act8711,1
http://wellsfargo-security-security-update.tk/verify-account.html,1
http://180.224.16.76/signin/auth?redirect=account?verify=76754&user=login,1
http://netflix-billing.google.com.account-verification-60.loan/update-billing-information/,1
http://213.22.165.140/authorize.cgi?session=?verify=91379&user=login,1
http://netflix-billing.apple.com.account-verification-28.vip/security-checkpoint/index.php,1
http://dhl-tracking-verification-portal.click/signin/auth?redirect=account?session=745886,1
http://wellsfargo-security-verification-auth.ga/wallet/recovery-phrase.html?session=901296,1
http://instagram-badge-verify-security-update.work/update-billing-information/,1
http://binance-trade-security-update.gq/wallet/recovery-phrase.html,1
http://dhl-tracking-security-update.tk/update-billing-information/,1
http://179.206.134.135:8443/verify-account.html?verify=23081&user=login,1
http://facebook-security.google.com.account-verification-58.tk/signin/auth?redirect=account,1
http://netflix-billing-verification-update.vip/secure/portal/client-id/?session=612949,1
http://paypal-verification-auth.work/wallet/recovery-phrase.html?session=821484,1
http://tinyurl.com/act9240,1
http://instagram-badge-verify-security-update.tk/confirmation/payment-failed.aspx,1
http://tinyurl.com/act4954,1
http://appleid-verification-portal.xyz/security-checkpoint/index.php?session=527087,1
http://118.183.171.181:8000/confirmation/payment-failed.aspx?verify=68340&user=login,1
http://rb.gy/sec9516,1
http://metamask-validation-verification-secure.cf/dispute/center/?session=441382,1
http://cutt.ly/pay2059,1
http://193.144.86.192/signin/auth?redirect=account?verify=92910&user=login,1
http://appleid.paypal.com.account-verification-68.click/security-checkpoint/index.php,1
http://instagram-badge-verify-verification-update.click/confirmation/payment-failed.aspx?session=244325,1
http://bankofamerica-alert-security-update.loan/dispute/center/,1
http://usps-redelivery-security-update.gq/dispute/center/,1
http://rb.gy/sec8842,1
http://paypal-verification-secure.loan/verify-account.html?session=124370,1
http://35.191.66.46/confirmation/payment-failed.aspx?verify=97530&user=login,1
http://appleid-security-update.top/update-billing-information/,1
http://microsoft-login.microsoft.com.account-verification-85.work/wallet/recovery-phrase.html,1
http://amazon-support.microsoft.com.account-verification-82.click/login.php,1
http://rb.gy/auth2608,1
http://bit.ly/sec1025,1
http://cutt.ly/act9435,1
http://rb.gy/pay5471,1
http://chase-verify-verification-update.icu/security-checkpoint/index.php?session=855704,1
http://rb.gy/auth6727,1
http://tinyurl.com/act9458,1
http://appleid-verification-auth.ml/authorize.cgi?session=?session=230335,1
http://dhl-tracking-verification-secure.ga/signin/auth?redirect=account?session=368455,1
http://netflix-billing-verification-auth.cf/confirmation/payment-failed.aspx?session=585800,1
http://binance-trade.google.com.account-verification-37.work/authorize.cgi?session=,1
http://wellsfargo-security.google.com.account-verification-71.xyz/secure/portal/client-id/,1
http://appleid.apple.com.account-verification-11.icu/verify-account.html,1
http://binance-trade.paypal.com.account-verification-70.gq/login.php,1
http://microsoft-login-security-update.icu/update-billing-information/,1
http://google-drive-share-security-update.top/confirmation/payment-failed.aspx,1
http://rb.gy/auth5472,1
http://wellsfargo-security-security-update.vip/verify-account.html,1
http://amazon-support-security-update.ga/security-checkpoint/index.php,1
http://usps-redelivery-verification-update.top/secure/portal/client-id/?session=788320,1
http://appleid-verification-portal.ga/wallet/recovery-phrase.html?session=893948,1
http://coinbase-auth-verification-auth.vip/update-billing-information/?session=480011,1
http://binance-trade.google.com.account-verification-50.work/signin/auth?redirect=account,1
http://bit.ly/auth2533,1
http://bit.ly/auth3881,1
http://cutt.ly/auth7324,1
http://metamask-validation.paypal.com.account-verification-21.ga/confirmation/payment-failed.aspx,1
http://bankofamerica-alert.google.com.account-verification-23.icu/signin/auth?redirect=account,1
http://binance-trade-verification-auth.top/security-checkpoint/index.php?session=368085,1
http://appleid-verification-auth.ml/dispute/center/?session=977489,1
http://coinbase-auth.google.com.account-verification-17.cf/login.php,1
http://rb.gy/pay7390,1
http://amazon-support-verification-secure.xyz/verify-account.html?session=507729,1
http://appleid.google.com.account-verification-92.loan/authorize.cgi?session=,1
http://87.215.233.129/signin/auth?redirect=account?verify=95725&user=login,1
http://bankofamerica-alert.google.com.account-verification-87.vip/signin/auth?redirect=account,1
http://usps-redelivery-security-update.ga/authorize.cgi?session=,1
http://tinyurl.com/act9914,1
http://binance-trade-security-update.work/authorize.cgi?session=,1
http://bit.ly/act6907,1
http://appleid.google.com.account-verification-98.ml/update-billing-information/,1
http://facebook-security.apple.com.account-verification-16.work/login.php,1
http://tinyurl.com/pay4553,1
http://bit.ly/pay3108,1
http://bankofamerica-alert-security-update.work/security-checkpoint/index.php,1
http://paypal-security-update.ga/verify-account.html,1
http://metamask-validation-verification-auth.ml/wallet/recovery-phrase.html?session=623996,1
http://microsoft-login-security-update.vip/update-billing-information/,1
http://bit.ly/act3830,1
http://cutt.ly/sec6786,1
http://microsoft-login-security-update.work/confirmation/payment-failed.aspx,1
http://cutt.ly/act3564,1
http://netflix-billing-verification-auth.xyz/update-billing-information/?session=824359,1
http://bit.ly/auth4194,1
http://211.171.39.197/update-billing-information/?verify=89738&user=login,1
http://netflix-billing-verification-auth.ga/secure/portal/client-id/?session=995338,1
http://instagram-badge-verify-security-update.ml/wallet/recovery-phrase.html,1
http://tinyurl.com/act7716,1
http://instagram-badge-verify.apple.com.account-verification-95.top/secure/portal/client-id/,1
http://instagram-badge-verify.microsoft.com.account-verification-96.top/security-checkpoint/index.php,1
http://dhl-tracking.paypal.com.account-verification-76.work/update-billing-information/,1
http://amazon-support-verification-secure.ml/secure/portal/client-id/?session=470590,1
http://bit.ly/sec9844,1
http://paypal.microsoft.com.account-verification-93.loan/verify-account.html,1
http://92.136.3.28/secure/portal/client-id/?verify=99185&user=login,1
http://google-drive-share.google.com.account-verification-85.top/verify-account.html,1
http://binance-trade-verification-update.top/signin/auth?redirect=account?session=970397,1
http://facebook-security-security-update.top/wallet/recovery-phrase.html,1
http://netflix-billing-verification-portal.gq/authorize.cgi?session=?session=564189,1
http://metamask-validation.apple.com.account-verification-83.cf/authorize.cgi?session=,1
http://wellsfargo-security-verification-update.ga/secure/portal/client-id/?session=220002,1
http://paypal.apple.com.account-verification-47.cf/authorize.cgi?session=,1
http://instagram-badge-verify-verification-portal.gq/wallet/recovery-phrase.html?session=152721,1
http://chase-verify.paypal.com.account-verification-11.click/security-checkpoint/index.php,1
http://paypal.microsoft.com.account-verification-63.work/update-billing-information/,1
http://170.123.222.233:3000/update-billing-information/?verify=88010&user=login,1
http://80.91.244.151/signin/auth?redirect=account?verify=63698&user=login,1
http://paypal-security-update.click/secure/portal/client-id/,1
http://cutt.ly/sec2525,1
http://facebook-security-security-update.work/signin/auth?redirect=account,1
http://metamask-validation-security-update.xyz/signin/auth?redirect=account,1
http://cutt.ly/auth5906,1
http://cutt.ly/auth2908,1
http://amazon-support-verification-auth.gq/security-checkpoint/index.php?session=931149,1
http://rb.gy/sec8129,1
http://dhl-tracking-verification-portal.xyz/authorize.cgi?session=?session=363165,1
http://instagram-badge-verify-security-update.work/security-checkpoint/index.php,1
http://binance-trade-verification-portal.ml/update-billing-information/?session=333056,1
http://usps-redelivery-security-update.top/verify-account.html,1
http://usps-redelivery.google.com.account-verification-38.click/secure/portal/client-id/,1
http://chase-verify-verification-secure.icu/login.php?session=162637,1
http://paypal.microsoft.com.account-verification-24.gq/wallet/recovery-phrase.html,1
http://netflix-billing-security-update.top/wallet/recovery-phrase.html,1
http://appleid.microsoft.com.account-verification-18.vip/dispute/center/,1
http://facebook-security.apple.com.account-verification-26.gq/confirmation/payment-failed.aspx,1
http://rb.gy/sec3207,1
http://netflix-billing-verification-portal.tk/confirmation/payment-failed.aspx?session=452567,1
http://bankofamerica-alert-verification-auth.cf/wallet/recovery-phrase.html?session=742286,1
http://dhl-tracking-security-update.click/secure/portal/client-id/,1
http://157.102.208.41/verify-account.html?verify=87910&user=login,1
http://paypal-security-update.loan/authorize.cgi?session=,1
http://cutt.ly/auth9261,1
http://tinyurl.com/auth4118,1
http://metamask-validation-security-update.cf/login.php,1
http://tinyurl.com/auth7304,1
http://paypal-security-update.click/authorize.cgi?session=,1
http://rb.gy/act6488,1
http://213.226.194.15:8000/security-checkpoint/index.php?verify=57683&user=login,1
http://bit.ly/auth3301,1
http://paypal-verification-secure.tk/authorize.cgi?session=?session=741889,1
http://chase-verify-verification-portal.top/wallet/recovery-phrase.html?session=254891,1
http://chase-verify-security-update.xyz/security-checkpoint/index.php,1
http://netflix-billing-security-update.tk/wallet/recovery-phrase.html,1
http://bit.ly/act7969,1
http://amazon-support-security-update.ml/authorize.cgi?session=,1
http://dhl-tracking-security-update.cf/dispute/center/,1
http://google-drive-share-verification-auth.loan/verify-account.html?session=851491,1
http://bit.ly/act1117,1
http://dhl-tracking-security-update.vip/wallet/recovery-phrase.html,1
http://paypal-verification-auth.cf/confirmation/payment-failed.aspx?session=455185,1
http://metamask-validation-verification-portal.click/wallet/recovery-phrase.html?session=134851,1
http://paypal-security-update.xyz/verify-account.html,1
http://appleid-verification-update.click/confirmation/payment-failed.aspx?session=570217,1
http://microsoft-login-verification-portal.loan/verify-account.html?session=432998,1
http://netflix-billing-security-update.loan/authorize.cgi?session=,1
http://57.124.222.242/wallet/recovery-phrase.html?verify=39411&user=login,1
http://wellsfargo-security-security-update.ml/security-checkpoint/index.php,1
http://tinyurl.com/act2383,1
http://instagram-badge-verify-verification-secure.work/signin/auth?redirect=account?session=102644,1
http://bankofamerica-alert-security-update.click/login.php,1
http://115.144.67.175:8443/confirmation/payment-failed.aspx?verify=77618&user=login,1
http://119.114.42.51/confirmation/payment-failed.aspx?verify=54036&user=login,1
http://rb.gy/sec7538,1
http://instagram-badge-verify-security-update.xyz/wallet/recovery-phrase.html,1
http://netflix-billing-security-update.vip/wallet/recovery-phrase.html,1
http://amazon-support.paypal.com.account-verification-71.xyz/authorize.cgi?session=,1
http://tinyurl.com/act1195,1
http://appleid.apple.com.account-verification-93.xyz/secure/portal/client-id/,1
http://171.139.234.82:3000/update-billing-information/?verify=37686&user=login,1
http://instagram-badge-verify.microsoft.com.account-verification-90.xyz/authorize.cgi?session=,1
http://appleid-verification-secure.ga/security-checkpoint/index.php?session=219685,1
http://214.74.22.95/authorize.cgi?session=?verify=49711&user=login,1
http://114.98.4.134:3000/verify-account.html?verify=21270&user=login,1
http://usps-redelivery.google.com.account-verification-39.top/verify-account.html,1
http://cutt.ly/sec5513,1
http://90.86.142.78/secure/portal/client-id/?verify=86960&user=login,1
http://wellsfargo-security-verification-update.tk/confirmation/payment-failed.aspx?session=698400,1
http://rb.gy/act6042,1
http://metamask-validation.microsoft.com.account-verification-15.vip/secure/portal/client-id/,1
http://tinyurl.com/auth4459,1
http://facebook-security-verification-auth.xyz/secure/portal/client-id/?session=879931,1
http://135.10.135.187/wallet/recovery-phrase.html?verify=18470&user=login,1
http://chase-verify.microsoft.com.account-verification-90.gq/dispute/center/,1
http://rb.gy/auth5059,1
http://bit.ly/sec1571,1
http://usps-redelivery.apple.com.account-verification-12.click/secure/portal/client-id/,1
http://metamask-validation.google.com.account-verification-50.icu/update-billing-information/,1
http://88.3.176.148/authorize.cgi?session=?verify=16675&user=login,1
http://microsoft-login-verification-update.tk/dispute/center/?session=625425,1
http://112.249.105.246/secure/portal/client-id/?verify=23454&user=login,1
http://paypal-verification-portal.icu/secure/portal/client-id/?session=408341,1
http://amazon-support-security-update.icu/update-billing-information/,1
http://appleid.paypal.com.account-verification-51.top/security-checkpoint/index.php,1
http://metamask-validation.google.com.account-verification-66.ga/wallet/recovery-phrase.html,1
http://amazon-support-verification-portal.xyz/signin/auth?redirect=account?session=542188,1
http://43.113.104.152/confirmation/payment-failed.aspx?verify=32572&user=login,1
http://usps-redelivery-verification-update.vip/dispute/center/?session=424093,1
http://rb.gy/sec8638,1
http://netflix-billing-verification-secure.xyz/authorize.cgi?session=?session=198616,1
http://microsoft-login-security-update.gq/security-checkpoint/index.php,1
http://microsoft-login-security-update.top/wallet/recovery-phrase.html,1
http://78.68.197.27/confirmation/payment-failed.aspx?verify=44240&user=login,1
http://usps-redelivery.apple.com.account-verification-86.click/confirmation/payment-failed.aspx,1
http://usps-redelivery.microsoft.com.account-verification-24.ml/dispute/center/,1
http://binance-trade-verification-secure.gq/dispute/center/?session=630560,1
http://metamask-validation-security-update.ga/login.php,1
http://chase-verify.microsoft.com.account-verification-95.ga/authorize.cgi?session=,1
http://paypal-security-update.vip/authorize.cgi?session=,1
http://amazon-support.microsoft.com.account-verification-44.top/security-checkpoint/index.php,1
http://214.44.112.178/wallet/recovery-phrase.html?verify=35071&user=login,1
http://wellsfargo-security.microsoft.com.account-verification-59.xyz/wallet/recovery-phrase.html,1
http://153.51.37.210:8443/verify-account.html?verify=37239&user=login,1
http://187.93.89.19:8000/security-checkpoint/index.php?verify=27370&user=login,1
http://cutt.ly/pay8884,1
http://paypal.microsoft.com.account-verification-74.top/secure/portal/client-id/,1
http://bit.ly/act9611,1
http://paypal-verification-update.ga/authorize.cgi?session=?session=175309,1
http://coinbase-auth-verification-portal.cf/security-checkpoint/index.php?session=134203,1
http://tinyurl.com/pay9007,1
http://tinyurl.com/pay7663,1
http://chase-verify-security-update.work/signin/auth?redirect=account,1
http://wellsfargo-security-verification-update.ga/authorize.cgi?session=?session=568877,1
http://rb.gy/auth5774,1
http://dhl-tracking-security-update.loan/secure/portal/client-id/,1
http://159.163.217.75:3000/authorize.cgi?session=?verify=48564&user=login,1
http://bankofamerica-alert.paypal.com.account-verification-72.cf/confirmation/payment-failed.aspx,1
http://instagram-badge-verify.apple.com.account-verification-62.vip/confirmation/payment-failed.aspx,1
http://bit.ly/act4766,1
http://metamask-validation-security-update.work/secure/portal/client-id/,1
http://chase-verify-verification-secure.cf/verify-account.html?session=516109,1
http://193.183.199.53:3000/authorize.cgi?session=?verify=88233&user=login,1
http://98.63.78.11:8443/signin/auth?redirect=account?verify=36175&user=login,1
http://178.82.204.250:8080/secure/portal/client-id/?verify=12060&user=login,1
http://112.104.72.139:8443/signin/auth?redirect=account?verify=65492&user=login,1
http://appleid-verification-secure.click/signin/auth?redirect=account?session=625056,1
http://microsoft-login-verification-secure.xyz/security-checkpoint/index.php?session=912534,1
http://tinyurl.com/auth9915,1
http://103.125.63.67:8000/dispute/center/?verify=21070&user=login,1
http://183.97.199.110/confirmation/payment-failed.aspx?verify=34032&user=login,1
http://coinbase-auth-verification-auth.tk/security-checkpoint/index.php?session=516471,1
http://47.106.234.254:8443/security-checkpoint/index.php?verify=74809&user=login,1
http://dhl-tracking-verification-secure.icu/secure/portal/client-id/?session=830134,1
http://metamask-validation-verification-secure.cf/wallet/recovery-phrase.html?session=145206,1
http://wellsfargo-security-security-update.ml/login.php,1
http://30.83.222.123:3000/login.php?verify=61731&user=login,1
http://microsoft-login-verification-secure.click/dispute/center/?session=600814,1
http://cutt.ly/pay7924,1
http://metamask-validation-verification-secure.top/secure/portal/client-id/?session=948847,1
http://tinyurl.com/sec5766,1
http://124.245.58.121:8080/secure/portal/client-id/?verify=99902&user=login,1
http://paypal-verification-portal.tk/login.php?session=457867,1
http://rb.gy/pay7517,1
http://134.2.162.46:8000/authorize.cgi?session=?verify=47410&user=login,1
http://rb.gy/pay2034,1
http://chase-verify-verification-update.cf/secure/portal/client-id/?session=222897,1
http://chase-verify.apple.com.account-verification-32.click/signin/auth?redirect=account,1
http://binance-trade-verification-portal.xyz/security-checkpoint/index.php?session=138978,1
http://86.152.172.219:8000/authorize.cgi?session=?verify=58211&user=login,1
http://netflix-billing.paypal.com.account-verification-61.loan/secure/portal/client-id/,1
http://usps-redelivery.microsoft.com.account-verification-16.work/secure/portal/client-id/,1
http://132.209.162.213:8443/security-checkpoint/index.php?verify=66164&user=login,1
http://coinbase-auth-verification-update.click/secure/portal/client-id/?session=353946,1
http://usps-redelivery-security-update.xyz/wallet/recovery-phrase.html,1
http://bit.ly/act6508,1
http://appleid.paypal.com.account-verification-69.vip/authorize.cgi?session=,1
http://168.149.14.188/authorize.cgi?session=?verify=28980&user=login,1
http://172.225.20.204/wallet/recovery-phrase.html?verify=87012&user=login,1
http://bit.ly/act4161,1
http://netflix-billing-verification-secure.xyz/confirmation/payment-failed.aspx?session=708893,1
http://google-drive-share-security-update.tk/verify-account.html,1
http://32.80.104.8/dispute/center/?verify=98759&user=login,1
http://bankofamerica-alert-verification-auth.ga/login.php?session=990458,1
http://186.146.54.20:8000/update-billing-information/?verify=60636&user=login,1
http://netflix-billing-security-update.cf/verify-account.html,1
http://amazon-support-security-update.gq/login.php,1
http://amazon-support-verification-secure.ml/authorize.cgi?session=?session=189878,1
http://rb.gy/sec5834,1
http://binance-trade.microsoft.com.account-verification-24.tk/wallet/recovery-phrase.html,1
http://152.19.154.230:8080/wallet/recovery-phrase.html?verify=64141&user=login,1
http://netflix-billing-security-update.icu/wallet/recovery-phrase.html,1
http://metamask-validation-verification-portal.xyz/dispute/center/?session=487008,1
http://131.205.111.62/security-checkpoint/index.php?verify=24342&user=login,1
http://paypal-verification-portal.vip/update-billing-information/?session=945452,1
http://amazon-support-security-update.tk/confirmation/payment-failed.aspx,1
http://dhl-tracking-security-update.vip/confirmation/payment-failed.aspx,1
http://54.76.149.43:8000/authorize.cgi?session=?verify=67711&user=login,1
http://facebook-security-security-update.ml/security-checkpoint/index.php,1
http://instagram-badge-verify.paypal.com.account-verification-34.work/wallet/recovery-phrase.html,1
http://wellsfargo-security-verification-update.icu/dispute/center/?session=748163,1
http://usps-redelivery-security-update.ga/confirmation/payment-failed.aspx,1
http://91.135.119.242:8080/confirmation/payment-failed.aspx?verify=82592&user=login,1
http://amazon-support-verification-update.ml/wallet/recovery-phrase.html?session=218830,1
http://28.67.42.186/update-billing-information/?verify=48372&user=login,1
http://cutt.ly/act6002,1
http://binance-trade-security-update.cf/verify-account.html,1
http://tinyurl.com/auth2218,1
http://rb.gy/act2514,1
http://rb.gy/auth6262,1
http://dhl-tracking.paypal.com.account-verification-70.loan/wallet/recovery-phrase.html,1
http://bit.ly/pay5164,1
http://42.167.252.204/authorize.cgi?session=?verify=62863&user=login,1
http://129.8.100.27/login.php?verify=24857&user=login,1
http://183.33.116.55/verify-account.html?verify=97119&user=login,1
http://chase-verify-security-update.tk/signin/auth?redirect=account,1
http://instagram-badge-verify.google.com.account-verification-43.xyz/confirmation/payment-failed.aspx,1
http://18.17.146.17:8000/security-checkpoint/index.php?verify=27023&user=login,1
http://appleid-security-update.vip/authorize.cgi?session=,1
http://microsoft-login.paypal.com.account-verification-36.top/security-checkpoint/index.php,1
http://chase-verify.microsoft.com.account-verification-25.icu/verify-account.html,1
http://instagram-badge-verify.microsoft.com.account-verification-65.gq/confirmation/payment-failed.aspx,1
http://google-drive-share-verification-portal.ga/signin/auth?redirect=account?session=983906,1
http://175.109.230.226/verify-account.html?verify=20385&user=login,1
http://google-drive-share-security-update.top/login.php,1
http://usps-redelivery-verification-secure.icu/wallet/recovery-phrase.html?session=743177,1
http://netflix-billing-verification-auth.vip/confirmation/payment-failed.aspx?session=509899,1
http://wellsfargo-security.paypal.com.account-verification-64.work/security-checkpoint/index.php,1
http://dhl-tracking.apple.com.account-verification-65.cf/verify-account.html,1
http://dhl-tracking.paypal.com.account-verification-51.top/login.php,1
http://cutt.ly/sec2574,1
http://tinyurl.com/auth2707,1
http://facebook-security-verification-update.vip/signin/auth?redirect=account?session=763472,1
http://204.176.4.243/dispute/center/?verify=99645&user=login,1
http://174.124.138.110/wallet/recovery-phrase.html?verify=69358&user=login,1
http://rb.gy/sec2826,1
http://81.28.179.173/security-checkpoint/index.php?verify=93719&user=login,1
http://instagram-badge-verify.microsoft.com.account-verification-40.work/signin/auth?redirect=account,1
http://netflix-billing.microsoft.com.account-verification-70.icu/dispute/center/,1
http://metamask-validation-verification-update.tk/verify-account.html?session=797149,1
http://usps-redelivery-security-update.ga/wallet/recovery-phrase.html,1
http://microsoft-login-verification-update.xyz/login.php?session=366456,1
http://214.145.55.122/verify-account.html?verify=77939&user=login,1
http://coinbase-auth.google.com.account-verification-89.gq/login.php,1
http://chase-verify.paypal.com.account-verification-14.xyz/wallet/recovery-phrase.html,1
http://wellsfargo-security-security-update.loan/verify-account.html,1
http://wellsfargo-security-security-update.top/confirmation/payment-failed.aspx,1
http://bankofamerica-alert-security-update.vip/dispute/center/,1
http://microsoft-login.google.com.account-verification-21.icu/verify-account.html,1
http://appleid.google.com.account-verification-75.ga/authorize.cgi?session=,1
http://bit.ly/sec7451,1
http://206.32.39.246:8080/authorize.cgi?session=?verify=86358&user=login,1
http://wellsfargo-security.apple.com.account-verification-40.ga/signin/auth?redirect=account,1
http://58.85.100.125/wallet/recovery-phrase.html?verify=10302&user=login,1
http://tinyurl.com/act8027,1
http://119.45.177.118:8000/verify-account.html?verify=34835&user=login,1
http://chase-verify.google.com.account-verification-34.icu/authorize.cgi?session=,1
http://bankofamerica-alert-verification-auth.icu/authorize.cgi?session=?session=343818,1
http://rb.gy/act3947,1
http://184.230.80.185/dispute/center/?verify=43112&user=login,1
http://appleid-verification-update.click/signin/auth?redirect=account?session=604520,1
http://amazon-support.microsoft.com.account-verification-68.icu/secure/portal/client-id/,1
http://169.182.158.74/login.php?verify=96836&user=login,1
http://wellsfargo-security.microsoft.com.account-verification-83.cf/login.php,1
http://usps-redelivery.google.com.account-verification-87.work/dispute/center/,1
http://coinbase-auth-verification-auth.icu/update-billing-information/?session=612295,1
http://binance-trade-verification-auth.work/update-billing-information/?session=333336,1
http://microsoft-login-verification-portal.xyz/verify-account.html?session=206931,1
http://bit.ly/pay4399,1
http://38.8.122.85/login.php?verify=33346&user=login,1
http://coinbase-auth.microsoft.com.account-verification-23.loan/security-checkpoint/index.php,1
http://bankofamerica-alert-verification-portal.vip/update-billing-information/?session=290169,1
http://chase-verify-verification-secure.loan/authorize.cgi?session=?session=923501,1
http://dhl-tracking-verification-update.tk/dispute/center/?session=419193,1
http://amazon-support-verification-portal.work/login.php?session=652381,1
http://binance-trade.apple.com.account-verification-31.work/dispute/center/,1
http://68.244.253.29/secure/portal/client-id/?verify=34353&user=login,1
http://coinbase-auth-verification-secure.loan/login.php?session=747255,1
http://microsoft-login-security-update.xyz/verify-account.html,1
http://125.216.140.78/dispute/center/?verify=81364&user=login,1
http://binance-trade-verification-auth.icu/authorize.cgi?session=?session=876396,1
http://amazon-support-verification-secure.cf/signin/auth?redirect=account?session=567022,1
http://182.65.148.69/security-checkpoint/index.php?verify=58004&user=login,1
http://facebook-security.paypal.com.account-verification-11.work/authorize.cgi?session=,1
http://93.234.60.236/secure/portal/client-id/?verify=77998&user=login,1
http://bankofamerica-alert-verification-auth.loan/verify-account.html?session=799542,1
http://210.131.8.171/update-billing-information/?verify=84009&user=login,1
http://tinyurl.com/act1949,1
http://google-drive-share-verification-update.work/dispute/center/?session=680212,1
http://dhl-tracking-verification-update.vip/wallet/recovery-phrase.html?session=329828,1
http://microsoft-login-security-update.xyz/confirmation/payment-failed.aspx,1
http://amazon-support.microsoft.com.account-verification-14.cf/signin/auth?redirect=account,1
http://paypal-security-update.top/confirmation/payment-failed.aspx,1
http://netflix-billing-verification-secure.ml/dispute/center/?session=927082,1
http://194.111.179.24:8000/wallet/recovery-phrase.html?verify=38864&user=login,1
http://163.63.126.53:8443/security-checkpoint/index.php?verify=99807&user=login,1
http://69.125.127.160/authorize.cgi?session=?verify=11103&user=login,1
http://instagram-badge-verify-verification-portal.tk/confirmation/payment-failed.aspx?session=202259,1
http://14.74.253.236/update-billing-information/?verify=15909&user=login,1
http://wellsfargo-security-security-update.ml/confirmation/payment-failed.aspx,1
http://google-drive-share-verification-update.vip/security-checkpoint/index.php?session=233146,1
http://metamask-validation.microsoft.com.account-verification-28.work/signin/auth?redirect=account,1
http://dhl-tracking.paypal.com.account-verification-27.top/wallet/recovery-phrase.html,1
http://netflix-billing.google.com.account-verification-91.work/dispute/center/,1
http://44.7.209.116:8080/dispute/center/?verify=55296&user=login,1
http://paypal-security-update.cf/wallet/recovery-phrase.html,1
http://cutt.ly/sec9800,1
http://156.155.193.206:3000/secure/portal/client-id/?verify=44478&user=login,1
http://dhl-tracking.google.com.account-verification-99.xyz/authorize.cgi?session=,1
http://bit.ly/auth5317,1
http://chase-verify.paypal.com.account-verification-17.xyz/security-checkpoint/index.php,1
http://cutt.ly/sec7060,1
http://cutt.ly/auth8935,1
http://paypal.apple.com.account-verification-60.tk/verify-account.html,1
http://rb.gy/act4976,1
http://17.19.58.227/verify-account.html?verify=49743&user=login,1
http://100.189.162.138/authorize.cgi?session=?verify=12504&user=login,1
http://google-drive-share.google.com.account-verification-76.xyz/security-checkpoint/index.php,1
http://paypal.paypal.com.account-verification-47.tk/login.php,1
http://16.75.183.106/wallet/recovery-phrase.html?verify=43019&user=login,1
http://bankofamerica-alert-security-update.gq/secure/portal/client-id/,1
http://coinbase-auth.google.com.account-verification-66.ga/wallet/recovery-phrase.html,1
http://appleid-security-update.ml/signin/auth?redirect=account,1
http://rb.gy/act2296,1
http://140.29.44.171:3000/wallet/recovery-phrase.html?verify=33184&user=login,1
http://cutt.ly/sec2925,1
http://dhl-tracking.paypal.com.account-verification-23.gq/signin/auth?redirect=account,1
http://paypal.google.com.account-verification-42.ml/authorize.cgi?session=,1
http://172.111.176.71/authorize.cgi?session=?verify=96678&user=login,1
http://bankofamerica-alert-security-update.ml/login.php,1
http://tinyurl.com/pay5055,1
http://160.118.103.121/wallet/recovery-phrase.html?verify=50277&user=login,1
http://amazon-support-security-update.top/secure/portal/client-id/,1
http://facebook-security.microsoft.com.account-verification-63.top/dispute/center/,1
http://usps-redelivery.apple.com.account-verification-20.gq/security-checkpoint/index.php,1
http://tinyurl.com/pay9331,1
http://33.220.205.204/authorize.cgi?session=?verify=92931&user=login,1
http://google-drive-share-verification-auth.work/dispute/center/?session=956708,1
http://tinyurl.com/auth6318,1
http://cutt.ly/act9687,1
http://12.148.170.80/secure/portal/client-id/?verify=43432&user=login,1
http://cutt.ly/auth1299,1
http://rb.gy/pay8838,1
http://instagram-badge-verify-security-update.top/security-checkpoint/index.php,1
http://binance-trade-verification-secure.xyz/signin/auth?redirect=account?session=387504,1
http://usps-redelivery-verification-secure.click/verify-account.html?session=996535,1
http://119.33.217.138/security-checkpoint/index.php?verify=67873&user=login,1
http://binance-trade-security-update.top/confirmation/payment-failed.aspx,1
http://rb.gy/sec2337,1
http://chase-verify.google.com.account-verification-53.gq/update-billing-information/,1
http://125.112.222.149/login.php?verify=79592&user=login,1
http://metamask-validation.google.com.account-verification-24.xyz/dispute/center/,1
http://171.96.217.168/signin/auth?redirect=account?verify=87491&user=login,1
http://rb.gy/auth1760,1
http://instagram-badge-verify-security-update.ml/security-checkpoint/index.php,1
http://101.207.116.217:8080/update-billing-information/?verify=57866&user=login,1
http://bit.ly/sec6897,1
http://facebook-security.microsoft.com.account-verification-14.click/security-checkpoint/index.php,1
http://cutt.ly/auth6304,1
http://usps-redelivery-verification-update.icu/signin/auth?redirect=account?session=614443,1
http://google-drive-share.microsoft.com.account-verification-53.xyz/wallet/recovery-phrase.html,1
http://rb.gy/auth7717,1
http://netflix-billing-verification-auth.vip/security-checkpoint/index.php?session=292669,1
http://192.232.252.86/dispute/center/?verify=54756&user=login,1
http://paypal-verification-update.ga/authorize.cgi?session=?session=869372,1
http://wellsfargo-security-security-update.loan/update-billing-information/,1
http://rb.gy/sec5467,1
http://metamask-validation-verification-update.tk/signin/auth?redirect=account?session=529652,1
http://paypal-security-update.icu/update-billing-information/,1
http://metamask-validation-security-update.icu/security-checkpoint/index.php,1
http://chase-verify.microsoft.com.account-verification-15.cf/wallet/recovery-phrase.html,1
http://134.155.213.102:3000/wallet/recovery-phrase.html?verify=39351&user=login,1
http://wellsfargo-security.microsoft.com.account-verification-63.work/verify-account.html,1
http://microsoft-login.paypal.com.account-verification-97.top/signin/auth?redirect=account,1
http://dhl-tracking-verification-portal.xyz/login.php?session=203922,1
http://wellsfargo-security-security-update.cf/login.php,1
http://appleid-security-update.tk/secure/portal/client-id/,1
http://61.56.194.218:8080/update-billing-information/?verify=37328&user=login,1
http://facebook-security-security-update.cf/update-billing-information/,1
http://chase-verify-security-update.gq/dispute/center/,1
http://amazon-support.paypal.com.account-verification-96.ml/confirmation/payment-failed.aspx,1
http://176.178.45.147:3000/security-checkpoint/index.php?verify=15167&user=login,1
http://microsoft-login-verification-secure.loan/update-billing-information/?session=680174,1
http://amazon-support-security-update.gq/confirmation/payment-failed.aspx,1
http://usps-redelivery.paypal.com.account-verification-13.ml/update-billing-information/,1
http://netflix-billing-verification-secure.xyz/dispute/center/?session=503462,1
http://metamask-validation-security-update.icu/dispute/center/,1
http://wellsfargo-security.apple.com.account-verification-34.click/security-checkpoint/index.php,1
http://rb.gy/act5702,1
http://facebook-security-verification-update.cf/authorize.cgi?session=?session=854456,1
http://netflix-billing-security-update.gq/secure/portal/client-id/,1
http://cutt.ly/sec4991,1
http://219.252.188.46:3000/update-billing-information/?verify=99624&user=login,1
http://127.148.53.209/update-billing-information/?verify=56891&user=login,1
http://95.91.51.41/dispute/center/?verify=89472&user=login,1
http://google-drive-share-verification-auth.icu/secure/portal/client-id/?session=358034,1
http://rb.gy/pay7464,1
http://rb.gy/pay9359,1
http://cutt.ly/sec3809,1
http://google-drive-share-security-update.work/secure/portal/client-id/,1
http://microsoft-login-security-update.tk/security-checkpoint/index.php,1
http://124.98.181.224:8443/dispute/center/?verify=59434&user=login,1
http://chase-verify.microsoft.com.account-verification-72.ml/wallet/recovery-phrase.html,1
http://microsoft-login-verification-secure.ga/login.php?session=399537,1
http://78.20.181.230/verify-account.html?verify=84288&user=login,1
http://45.153.199.206/signin/auth?redirect=account?verify=69820&user=login,1
http://57.109.94.113/verify-account.html?verify=48155&user=login,1
http://usps-redelivery-verification-auth.tk/verify-account.html?session=710732,1
http://usps-redelivery-verification-portal.ml/verify-account.html?session=131824,1
http://195.83.131.78/authorize.cgi?session=?verify=39523&user=login,1
http://219.57.123.15:8080/authorize.cgi?session=?verify=46075&user=login,1
http://126.93.107.244/authorize.cgi?session=?verify=40568&user=login,1
http://58.242.27.181:3000/signin/auth?redirect=account?verify=69394&user=login,1
http://netflix-billing-verification-update.icu/login.php?session=187479,1
http://36.170.226.242/update-billing-information/?verify=64228&user=login,1
http://microsoft-login-verification-portal.ga/security-checkpoint/index.php?session=116305,1
http://117.20.54.135/security-checkpoint/index.php?verify=87799&user=login,1
http://cutt.ly/sec5437,1
http://dhl-tracking-verification-secure.gq/authorize.cgi?session=?session=187514,1
http://153.183.219.8:8080/security-checkpoint/index.php?verify=54428&user=login,1
http://32.229.81.192/verify-account.html?verify=24746&user=login,1
http://49.124.104.154:8000/authorize.cgi?session=?verify=73535&user=login,1
http://wellsfargo-security-security-update.xyz/authorize.cgi?session=,1
http://paypal.microsoft.com.account-verification-49.ga/update-billing-information/,1
http://rb.gy/sec9061,1
http://google-drive-share.paypal.com.account-verification-30.vip/secure/portal/client-id/,1
http://instagram-badge-verify-security-update.ml/verify-account.html,1
http://amazon-support.google.com.account-verification-81.tk/wallet/recovery-phrase.html,1
http://30.146.128.172:8000/wallet/recovery-phrase.html?verify=74239&user=login,1
http://153.44.103.126:3000/wallet/recovery-phrase.html?verify=16112&user=login,1
http://google-drive-share.microsoft.com.account-verification-45.ml/security-checkpoint/index.php,1
http://tinyurl.com/act3374,1
http://rb.gy/auth1307,1
http://cutt.ly/sec2061,1
http://amazon-support.apple.com.account-verification-94.work/secure/portal/client-id/,1
http://chase-verify-security-update.top/secure/portal/client-id/,1
http://binance-trade.paypal.com.account-verification-42.gq/update-billing-information/,1
http://116.186.145.171/security-checkpoint/index.php?verify=29643&user=login,1
http://124.250.98.169/authorize.cgi?session=?verify=95639&user=login,1
http://22.110.137.20:8443/confirmation/payment-failed.aspx?verify=57179&user=login,1
http://netflix-billing-verification-update.top/confirmation/payment-failed.aspx?session=873008,1
http://185.13.81.65/authorize.cgi?session=?verify=20949&user=login,1
http://appleid.paypal.com.account-verification-11.work/confirmation/payment-failed.aspx,1
http://187.213.223.118/verify-account.html?verify=80370&user=login,1
http://12.231.115.234/security-checkpoint/index.php?verify=33464&user=login,1
http://usps-redelivery.google.com.account-verification-77.top/verify-account.html,1
http://rb.gy/auth8900,1
http://121.110.125.34:8443/update-billing-information/?verify=82513&user=login,1
http://facebook-security-verification-secure.gq/signin/auth?redirect=account?session=111191,1
http://tinyurl.com/sec6937,1
http://binance-trade-verification-portal.vip/wallet/recovery-phrase.html?session=752381,1
http://netflix-billing-security-update.cf/confirmation/payment-failed.aspx,1
http://google-drive-share-security-update.vip/login.php,1
http://appleid-verification-auth.click/dispute/center/?session=947677,1
http://facebook-security.google.com.account-verification-85.icu/confirmation/payment-failed.aspx,1
http://bit.ly/sec3889,1
http://tinyurl.com/act7635,1
http://appleid-verification-portal.top/verify-account.html?session=879079,1
http://154.139.10.39/login.php?verify=19157&user=login,1
http://chase-verify-security-update.vip/login.php,1
http://rb.gy/pay8498,1
http://68.231.96.238/wallet/recovery-phrase.html?verify=91624&user=login,1
http://92.32.101.113:8080/confirmation/payment-failed.aspx?verify=64178&user=login,1
http://coinbase-auth-verification-auth.loan/confirmation/payment-failed.aspx?session=882458,1
http://coinbase-auth-verification-secure.ga/wallet/recovery-phrase.html?session=355296,1
http://instagram-badge-verify-security-update.cf/update-billing-information/,1
http://169.38.46.84:8000/login.php?verify=82034&user=login,1
http://110.158.69.5:3000/signin/auth?redirect=account?verify=95123&user=login,1
http://148.235.52.163:8080/login.php?verify=16670&user=login,1
http://bit.ly/auth7381,1
http://facebook-security.microsoft.com.account-verification-39.cf/dispute/center/,1
http://204.2.71.111/wallet/recovery-phrase.html?verify=95210&user=login,1
http://rb.gy/sec9743,1
http://109.71.145.221:8443/authorize.cgi?session=?verify=58885&user=login,1
http://facebook-security.google.com.account-verification-91.click/login.php,1
http://netflix-billing.paypal.com.account-verification-11.gq/authorize.cgi?session=,1
http://instagram-badge-verify-verification-secure.ga/authorize.cgi?session=?session=546119,1
http://usps-redelivery.paypal.com.account-verification-97.cf/login.php,1
http://93.236.162.204/verify-account.html?verify=91681&user=login,1
http://dhl-tracking-security-update.gq/authorize.cgi?session=,1
http://paypal-verification-auth.ga/authorize.cgi?session=?session=422391,1
http://108.41.131.43/login.php?verify=68250&user=login,1
http://usps-redelivery-verification-auth.cf/update-billing-information/?session=113786,1
http://wellsfargo-security.microsoft.com.account-verification-57.ml/wallet/recovery-phrase.html,1
http://40.49.85.41/verify-account.html?verify=22041&user=login,1
http://instagram-badge-verify-security-update.icu/wallet/recovery-phrase.html,1
http://195.93.32.54:8080/secure/portal/client-id/?verify=93244&user=login,1
http://microsoft-login.paypal.com.account-verification-47.xyz/verify-account.html,1
http://43.6.248.183:8080/authorize.cgi?session=?verify=43854&user=login,1
http://bit.ly/act7122,1
http://95.110.149.155:8443/signin/auth?redirect=account?verify=30188&user=login,1
http://coinbase-auth-verification-auth.work/signin/auth?redirect=account?session=635747,1
http://bankofamerica-alert-security-update.tk/dispute/center/,1
http://usps-redelivery-verification-portal.cf/dispute/center/?session=150789,1
http://appleid-security-update.xyz/confirmation/payment-failed.aspx,1
http://metamask-validation-verification-secure.work/verify-account.html?session=255935,1
http://amazon-support.apple.com.account-verification-88.work/signin/auth?redirect=account,1
http://microsoft-login.apple.com.account-verification-78.icu/wallet/recovery-phrase.html,1
http://156.57.229.111/security-checkpoint/index.php?verify=34863&user=login,1
http://facebook-security-security-update.cf/confirmation/payment-failed.aspx,1
http://bankofamerica-alert.paypal.com.account-verification-50.icu/security-checkpoint/index.php,1
http://cutt.ly/act7892,1
http://appleid.microsoft.com.account-verification-58.ml/security-checkpoint/index.php,1
http://tinyurl.com/sec9750,1
http://instagram-badge-verify-security-update.top/signin/auth?redirect=account,1
http://appleid-verification-portal.cf/login.php?session=394850,1
http://bankofamerica-alert-verification-portal.cf/secure/portal/client-id/?session=650663,1
http://tinyurl.com/sec7333,1
http://207.38.84.7:8443/authorize.cgi?session=?verify=12117&user=login,1
http://paypal.paypal.com.account-verification-79.gq/signin/auth?redirect=account,1
http://coinbase-auth-security-update.top/secure/portal/client-id/,1
http://binance-trade.paypal.com.account-verification-59.work/update-billing-information/,1
http://199.42.119.81/secure/portal/client-id/?verify=89426&user=login,1
http://metamask-validation-security-update.cf/confirmation/payment-failed.aspx,1
http://bankofamerica-alert.google.com.account-verification-17.cf/secure/portal/client-id/,1
http://bankofamerica-alert-verification-secure.click/authorize.cgi?session=?session=130977,1
http://166.205.149.139/authorize.cgi?session=?verify=75534&user=login,1
http://172.176.120.93/confirmation/payment-failed.aspx?verify=28167&user=login,1
http://11.145.130.170:3000/signin/auth?redirect=account?verify=62922&user=login,1
http://chase-verify-security-update.loan/verify-account.html,1
http://coinbase-auth-security-update.loan/secure/portal/client-id/,1
http://51.125.151.13/update-billing-information/?verify=58429&user=login,1
http://google-drive-share-verification-update.xyz/secure/portal/client-id/?session=124366,1
http://microsoft-login-security-update.icu/authorize.cgi?session=,1
http://facebook-security-verification-secure.icu/dispute/center/?session=739258,1
http://binance-trade-security-update.tk/signin/auth?redirect=account,1
http://21.143.16.136/secure/portal/client-id/?verify=10574&user=login,1
http://cutt.ly/act9695,1
http://appleid-security-update.gq/secure/portal/client-id/,1
http://bankofamerica-alert-verification-auth.top/wallet/recovery-phrase.html?session=665377,1
http://appleid-security-update.ga/verify-account.html,1
http://microsoft-login-verification-secure.top/confirmation/payment-failed.aspx?session=884014,1
http://rb.gy/act1919,1
http://instagram-badge-verify.microsoft.com.account-verification-77.cf/login.php,1
http://paypal-security-update.vip/signin/auth?redirect=account,1
http://tinyurl.com/auth2751,1
http://metamask-validation-verification-update.tk/security-checkpoint/index.php?session=184196,1
http://dhl-tracking.google.com.account-verification-40.loan/verify-account.html,1
http://rb.gy/pay2275,1
http://chase-verify.paypal.com.account-verification-59.work/wallet/recovery-phrase.html,1
http://google-drive-share-verification-update.click/dispute/center/?session=388928,1
http://cutt.ly/pay4217,1
http://138.250.140.41/login.php?verify=56118&user=login,1
http://rb.gy/auth8122,1
http://appleid-verification-auth.tk/authorize.cgi?session=?session=646154,1
http://coinbase-auth.microsoft.com.account-verification-52.tk/verify-account.html,1
http://binance-trade-security-update.gq/confirmation/payment-failed.aspx,1
http://wellsfargo-security-security-update.ml/dispute/center/,1
http://dhl-tracking-security-update.icu/update-billing-information/,1
http://dhl-tracking.microsoft.com.account-verification-52.ga/security-checkpoint/index.php,1
http://binance-trade-security-update.ga/dispute/center/,1
http://appleid-verification-update.ga/update-billing-information/?session=853524,1
http://instagram-badge-verify-security-update.click/security-checkpoint/index.php,1
http://121.171.7.26/security-checkpoint/index.php?verify=23659&user=login,1
http://chase-verify-verification-update.vip/signin/auth?redirect=account?session=684159,1
http://bankofamerica-alert-security-update.cf/dispute/center/,1
http://bankofamerica-alert-verification-update.ga/update-billing-information/?session=475549,1
http://cutt.ly/auth9208,1
http://rb.gy/pay7754,1
http://microsoft-login-security-update.tk/signin/auth?redirect=account,1
http://coinbase-auth.microsoft.com.account-verification-92.work/security-checkpoint/index.php,1
http://instagram-badge-verify-verification-secure.vip/security-checkpoint/index.php?session=972869,1
http://wellsfargo-security-security-update.work/signin/auth?redirect=account,1
http://cutt.ly/sec7533,1
http://24.187.20.39:3000/security-checkpoint/index.php?verify=61165&user=login,1
http://bit.ly/auth2236,1
http://appleid.paypal.com.account-verification-86.tk/login.php,1
http://121.101.92.214:8000/security-checkpoint/index.php?verify=54540&user=login,1
http://netflix-billing.paypal.com.account-verification-70.tk/verify-account.html,1
http://wellsfargo-security-security-update.icu/authorize.cgi?session=,1
http://cutt.ly/pay1069,1
http://cutt.ly/pay3138,1
http://binance-trade.apple.com.account-verification-35.tk/authorize.cgi?session=,1
http://amazon-support-verification-update.top/wallet/recovery-phrase.html?session=960837,1
http://amazon-support-security-update.tk/authorize.cgi?session=,1
http://171.137.174.171/verify-account.html?verify=25459&user=login,1
http://174.38.92.9:3000/security-checkpoint/index.php?verify=33087&user=login,1
http://binance-trade-verification-update.gq/signin/auth?redirect=account?session=425175,1
http://rb.gy/act3296,1
http://usps-redelivery-security-update.tk/wallet/recovery-phrase.html,1
http://facebook-security-verification-update.work/security-checkpoint/index.php?session=183395,1
http://116.4.41.131/dispute/center/?verify=56184&user=login,1
http://instagram-badge-verify-verification-auth.xyz/dispute/center/?session=770370,1
http://chase-verify.paypal.com.account-verification-96.gq/verify-account.html,1
http://dhl-tracking.apple.com.account-verification-39.loan/update-billing-information/,1
http://217.221.26.103:8000/signin/auth?redirect=account?verify=12683&user=login,1
http://tinyurl.com/pay9110,1
http://google-drive-share-security-update.gq/security-checkpoint/index.php,1
http://netflix-billing-verification-portal.click/security-checkpoint/index.php?session=461812,1
http://rb.gy/auth9173,1
http://cutt.ly/sec5832,1
http://rb.gy/act8877,1
http://bankofamerica-alert-verification-auth.ml/dispute/center/?session=933709,1
http://115.116.161.230:8080/login.php?verify=14219&user=login,1
http://chase-verify.apple.com.account-verification-41.click/dispute/center/,1
http://108.163.67.34/secure/portal/client-id/?verify=26599&user=login,1
http://usps-redelivery-security-update.loan/wallet/recovery-phrase.html,1
http://207.47.73.133/login.php?verify=54877&user=login,1
http://cutt.ly/auth2451,1
http://google-drive-share.apple.com.account-verification-58.gq/wallet/recovery-phrase.html,1
http://amazon-support.apple.com.account-verification-36.cf/security-checkpoint/index.php,1
http://google-drive-share.paypal.com.account-verification-98.vip/authorize.cgi?session=,1
http://142.198.6.107:8443/verify-account.html?verify=41370&user=login,1
http://dhl-tracking-verification-update.loan/security-checkpoint/index.php?session=998506,1
http://paypal.google.com.account-verification-29.cf/verify-account.html,1
http://174.26.204.19/security-checkpoint/index.php?verify=93543&user=login,1
http://amazon-support-verification-secure.xyz/security-checkpoint/index.php?session=375330,1
http://bankofamerica-alert-security-update.work/authorize.cgi?session=,1
http://135.15.95.220/login.php?verify=91489&user=login,1
http://paypal.google.com.account-verification-95.ga/confirmation/payment-failed.aspx,1
http://chase-verify-verification-update.top/update-billing-information/?session=367775,1
http://tinyurl.com/pay8002,1
http://binance-trade.apple.com.account-verification-87.tk/authorize.cgi?session=,1
http://instagram-badge-verify.paypal.com.account-verification-89.work/secure/portal/client-id/,1
http://tinyurl.com/auth9472,1
http://bankofamerica-alert-verification-update.cf/confirmation/payment-failed.aspx?session=693192,1
http://218.133.77.93/verify-account.html?verify=98979&user=login,1
http://wellsfargo-security-security-update.vip/dispute/center/,1
http://36.108.206.235/wallet/recovery-phrase.html?verify=89072&user=login,1
http://cutt.ly/pay8891,1
http://binance-trade.google.com.account-verification-92.ml/wallet/recovery-phrase.html,1
http://netflix-billing.apple.com.account-verification-92.cf/verify-account.html,1
http://netflix-billing-security-update.ml/signin/auth?redirect=account,1
http://cutt.ly/auth6398,1
http://microsoft-login-security-update.click/confirmation/payment-failed.aspx,1
http://bit.ly/auth7217,1
http://appleid.apple.com.account-verification-12.ml/login.php,1
http://54.128.136.109/dispute/center/?verify=83800&user=login,1
http://binance-trade.paypal.com.account-verification-25.tk/wallet/recovery-phrase.html,1
http://tinyurl.com/act4724,1
http://rb.gy/pay2565,1
http://bankofamerica-alert.google.com.account-verification-36.top/dispute/center/,1
http://binance-trade-verification-portal.vip/authorize.cgi?session=?session=400925,1
http://rb.gy/pay3932,1
http://instagram-badge-verify-security-update.xyz/signin/auth?redirect=account,1
http://30.192.226.90/security-checkpoint/index.php?verify=37054&user=login,1
http://paypal-verification-update.xyz/authorize.cgi?session=?session=731863,1
http://amazon-support-verification-auth.icu/security-checkpoint/index.php?session=363293,1
http://cutt.ly/sec7153,1
http://cutt.ly/act7297,1
http://google-drive-share-verification-portal.loan/security-checkpoint/index.php?session=106650,1
http://binance-trade-security-update.icu/verify-account.html,1
http://binance-trade.apple.com.account-verification-77.icu/confirmation/payment-failed.aspx,1
http://paypal.google.com.account-verification-96.tk/wallet/recovery-phrase.html,1
http://149.40.90.23:8080/login.php?verify=35099&user=login,1
http://178.137.112.116/login.php?verify=72503&user=login,1
http://amazon-support.microsoft.com.account-verification-63.gq/wallet/recovery-phrase.html,1
http://binance-trade-security-update.icu/confirmation/payment-failed.aspx,1
http://34.185.86.14:8443/security-checkpoint/index.php?verify=10192&user=login,1
http://11.253.48.101:8000/authorize.cgi?session=?verify=59609&user=login,1
http://cutt.ly/auth7064,1
http://wellsfargo-security-verification-update.work/security-checkpoint/index.php?session=187649,1
http://97.1.111.134/login.php?verify=29908&user=login,1
http://netflix-billing-verification-secure.click/security-checkpoint/index.php?session=546929,1
http://tinyurl.com/sec6089,1
http://rb.gy/sec7851,1
http://107.244.214.86/authorize.cgi?session=?verify=38800&user=login,1
http://93.53.199.225:8443/secure/portal/client-id/?verify=88172&user=login,1
http://136.182.136.18:3000/update-billing-information/?verify=85862&user=login,1
http://appleid-verification-update.ml/wallet/recovery-phrase.html?session=158895,1
http://amazon-support-security-update.top/dispute/center/,1
http://67.111.217.223/wallet/recovery-phrase.html?verify=85521&user=login,1
http://79.31.31.118:3000/authorize.cgi?session=?verify=89794&user=login,1
http://bankofamerica-alert-security-update.ml/dispute/center/,1
http://binance-trade-security-update.tk/dispute/center/,1
http://bit.ly/auth5442,1
http://49.39.155.221:8443/login.php?verify=77255&user=login,1
http://rb.gy/act8685,1
http://wellsfargo-security-security-update.gq/signin/auth?redirect=account,1
http://binance-trade-verification-auth.loan/update-billing-information/?session=829834,1
http://paypal-verification-secure.click/authorize.cgi?session=?session=167950,1
http://google-drive-share.google.com.account-verification-55.xyz/dispute/center/,1
http://40.208.50.219:8443/confirmation/payment-failed.aspx?verify=69287&user=login,1
http://microsoft-login-verification-secure.xyz/confirmation/payment-failed.aspx?session=567746,1
http://bit.ly/act1291,1
http://coinbase-auth.microsoft.com.account-verification-92.click/verify-account.html,1
http://binance-trade-verification-secure.top/wallet/recovery-phrase.html?session=158653,1
http://tinyurl.com/pay2733,1
http://metamask-validation.apple.com.account-verification-20.work/secure/portal/client-id/,1
http://amazon-support-verification-secure.xyz/verify-account.html?session=637560,1
http://bit.ly/pay7245,1
http://81.232.113.153/confirmation/payment-failed.aspx?verify=50013&user=login,1
http://google-drive-share.paypal.com.account-verification-18.xyz/secure/portal/client-id/,1
http://amazon-support.apple.com.account-verification-29.click/security-checkpoint/index.php,1
http://microsoft-login-security-update.vip/verify-account.html,1
http://appleid-security-update.tk/dispute/center/,1
http://bit.ly/auth9562,1
http://85.79.221.21/confirmation/payment-failed.aspx?verify=60952&user=login,1
http://37.123.195.120:8000/update-billing-information/?verify=10256&user=login,1
http://instagram-badge-verify-security-update.tk/secure/portal/client-id/,1
http://98.190.133.191:8443/security-checkpoint/index.php?verify=98911&user=login,1
http://76.160.166.123/dispute/center/?verify=52244&user=login,1
http://rb.gy/pay5667,1
http://19.60.16.51/verify-account.html?verify=78147&user=login,1
http://microsoft-login-security-update.work/wallet/recovery-phrase.html,1
http://wellsfargo-security-verification-auth.click/security-checkpoint/index.php?session=764448,1
http://metamask-validation-security-update.gq/verify-account.html,1
http://usps-redelivery-verification-secure.click/dispute/center/?session=139739,1
http://13.35.221.221:8443/signin/auth?redirect=account?verify=44387&user=login,1
http://binance-trade-verification-update.vip/authorize.cgi?session=?session=157530,1
http://tinyurl.com/auth9292,1
http://netflix-billing-verification-auth.vip/wallet/recovery-phrase.html?session=376739,1
http://google-drive-share-verification-auth.loan/update-billing-information/?session=195843,1
http://paypal-verification-secure.ml/wallet/recovery-phrase.html?session=779428,1
http://instagram-badge-verify.google.com.account-verification-22.click/security-checkpoint/index.php,1
http://cutt.ly/sec4452,1
http://netflix-billing.apple.com.account-verification-56.cf/authorize.cgi?session=,1
http://140.195.56.157/verify-account.html?verify=70666&user=login,1
http://chase-verify.microsoft.com.account-verification-28.ga/signin/auth?redirect=account,1
http://netflix-billing.microsoft.com.account-verification-22.vip/update-billing-information/,1
http://tinyurl.com/act8906,1
http://metamask-validation.apple.com.account-verification-72.loan/login.php,1
http://netflix-billing-verification-auth.tk/login.php?session=540734,1
http://cutt.ly/act6342,1
http://bit.ly/act9495,1
http://facebook-security-verification-secure.work/secure/portal/client-id/?session=266971,1
http://usps-redelivery-verification-auth.loan/authorize.cgi?session=?session=884856,1
http://bankofamerica-alert-verification-update.tk/confirmation/payment-failed.aspx?session=889238,1
http://usps-redelivery-verification-update.vip/signin/auth?redirect=account?session=499013,1
http://145.16.95.91/update-billing-information/?verify=64796&user=login,1
http://bankofamerica-alert-verification-secure.top/authorize.cgi?session=?session=491407,1
http://27.22.95.51:3000/login.php?verify=38184&user=login,1
http://amazon-support.microsoft.com.account-verification-53.work/authorize.cgi?session=,1
http://71.253.113.253/secure/portal/client-id/?verify=71936&user=login,1
http://145.8.221.208:8000/signin/auth?redirect=account?verify=76306&user=login,1
http://microsoft-login-verification-portal.vip/update-billing-information/?session=786520,1
http://coinbase-auth-verification-auth.work/wallet/recovery-phrase.html?session=986086,1
http://instagram-badge-verify-verification-update.gq/security-checkpoint/index.php?session=448310,1
http://51.161.84.238/update-billing-information/?verify=30079&user=login,1
http://149.247.225.169/security-checkpoint/index.php?verify=63457&user=login,1
http://google-drive-share.apple.com.account-verification-97.click/dispute/center/,1
http://rb.gy/sec4435,1
http://197.111.146.152:8443/dispute/center/?verify=88489&user=login,1
http://dhl-tracking.paypal.com.account-verification-94.tk/confirmation/payment-failed.aspx,1
http://108.38.250.150/confirmation/payment-failed.aspx?verify=11928&user=login,1
http://chase-verify.google.com.account-verification-99.loan/wallet/recovery-phrase.html,1
http://amazon-support-security-update.tk/signin/auth?redirect=account,1
http://bankofamerica-alert-security-update.icu/login.php,1
http://coinbase-auth.microsoft.com.account-verification-32.icu/confirmation/payment-failed.aspx,1
http://appleid.google.com.account-verification-19.click/security-checkpoint/index.php,1
http://bankofamerica-alert-verification-auth.ga/secure/portal/client-id/?session=654380,1
http://rb.gy/sec9606,1
http://34.227.230.1/security-checkpoint/index.php?verify=88097&user=login,1
http://tinyurl.com/pay7557,1
http://73.200.250.106/secure/portal/client-id/?verify=95216&user=login,1
http://facebook-security.microsoft.com.account-verification-72.gq/signin/auth?redirect=account,1
http://amazon-support-verification-portal.ga/confirmation/payment-failed.aspx?session=928671,1
http://rb.gy/auth7826,1
http://netflix-billing-verification-secure.vip/dispute/center/?session=179611,1
http://bit.ly/act4816,1
http://tinyurl.com/sec8683,1
http://coinbase-auth.microsoft.com.account-verification-81.ga/verify-account.html,1
http://153.195.246.9/secure/portal/client-id/?verify=71934&user=login,1
http://binance-trade.apple.com.account-verification-98.click/verify-account.html,1
http://amazon-support-verification-secure.ga/confirmation/payment-failed.aspx?session=474137,1
http://coinbase-auth.paypal.com.account-verification-26.cf/login.php,1
http://tinyurl.com/sec3177,1
http://136.136.30.115:8080/security-checkpoint/index.php?verify=33295&user=login,1
http://tinyurl.com/pay9092,1
http://microsoft-login.paypal.com.account-verification-88.loan/wallet/recovery-phrase.html,1
http://paypal-verification-update.cf/login.php?session=998666,1
http://amazon-support.google.com.account-verification-68.xyz/update-billing-information/,1
http://coinbase-auth-verification-secure.loan/dispute/center/?session=207921,1
http://158.89.58.25:8080/verify-account.html?verify=70251&user=login,1
http://microsoft-login.apple.com.account-verification-29.top/update-billing-information/,1
http://paypal-verification-secure.cf/authorize.cgi?session=?session=133542,1
http://paypal-verification-secure.click/security-checkpoint/index.php?session=105122,1
http://204.71.100.158/signin/auth?redirect=account?verify=62819&user=login,1
http://130.127.37.229/login.php?verify=92938&user=login,1
http://cutt.ly/act1795,1
http://bit.ly/auth4353,1
http://cutt.ly/pay4948,1
http://usps-redelivery-verification-secure.ml/confirmation/payment-failed.aspx?session=844758,1
http://metamask-validation-verification-portal.xyz/verify-account.html?session=137399,1
http://google-drive-share.google.com.account-verification-41.ml/authorize.cgi?session=,1
http://103.171.20.208:8000/verify-account.html?verify=37124&user=login,1
http://wellsfargo-security-verification-secure.click/confirmation/payment-failed.aspx?session=564655,1
http://appleid-verification-portal.gq/login.php?session=600966,1
http://microsoft-login.apple.com.account-verification-90.xyz/dispute/center/,1
http://rb.gy/auth6528,1
http://netflix-billing-verification-secure.cf/confirmation/payment-failed.aspx?session=336231,1
http://cutt.ly/auth5553,1
http://netflix-billing-verification-secure.click/wallet/recovery-phrase.html?session=628870,1
http://190.3.8.204/verify-account.html?verify=61360&user=login,1
http://coinbase-auth-verification-update.xyz/login.php?session=197017,1
http://cutt.ly/auth9511,1
http://amazon-support-verification-auth.top/wallet/recovery-phrase.html?session=105703,1
http://68.148.66.197:8000/wallet/recovery-phrase.html?verify=76960&user=login,1
http://cutt.ly/auth5711,1
http://tinyurl.com/sec2600,1
http://bit.ly/pay4499,1
http://paypal-verification-secure.top/wallet/recovery-phrase.html?session=210268,1
http://amazon-support.apple.com.account-verification-70.top/authorize.cgi?session=,1
http://cutt.ly/sec5596,1
http://amazon-support-security-update.top/update-billing-information/,1
http://tinyurl.com/act4215,1
http://rb.gy/act7962,1
http://paypal-verification-portal.tk/security-checkpoint/index.php?session=986378,1
http://18.213.59.99:8000/signin/auth?redirect=account?verify=47264&user=login,1
http://coinbase-auth-security-update.gq/verify-account.html,1
http://facebook-security.apple.com.account-verification-24.vip/authorize.cgi?session=,1
http://rb.gy/act6523,1
http://microsoft-login-verification-auth.xyz/dispute/center/?session=486088,1
http://paypal.paypal.com.account-verification-90.tk/update-billing-information/,1
http://usps-redelivery-security-update.gq/authorize.cgi?session=,1
http://dhl-tracking-verification-update.gq/update-billing-information/?session=950867,1
http://wellsfargo-security-security-update.click/security-checkpoint/index.php,1
http://metamask-validation-verification-secure.tk/dispute/center/?session=126009,1
http://dhl-tracking.paypal.com.account-verification-24.icu/secure/portal/client-id/,1
http://metamask-validation.microsoft.com.account-verification-29.work/login.php,1
http://metamask-validation-verification-secure.work/security-checkpoint/index.php?session=217803,1
http://appleid-security-update.top/login.php,1
http://chase-verify-verification-auth.ga/wallet/recovery-phrase.html?session=438690,1
http://microsoft-login-verification-portal.gq/verify-account.html?session=571971,1
http://chase-verify-security-update.ga/secure/portal/client-id/,1
http://158.89.77.238/wallet/recovery-phrase.html?verify=44852&user=login,1
http://bit.ly/sec7363,1
http://binance-trade-verification-secure.xyz/secure/portal/client-id/?session=381188,1
http://bankofamerica-alert-security-update.click/signin/auth?redirect=account,1
http://coinbase-auth-verification-secure.tk/secure/portal/client-id/?session=271583,1
http://cutt.ly/auth2787,1
http://appleid-verification-update.gq/confirmation/payment-failed.aspx?session=391269,1
http://rb.gy/auth7160,1
http://binance-trade.microsoft.com.account-verification-52.top/update-billing-information/,1
http://153.67.236.91/verify-account.html?verify=95035&user=login,1
http://netflix-billing.apple.com.account-verification-11.xyz/authorize.cgi?session=,1
http://13.37.134.89:8080/security-checkpoint/index.php?verify=41249&user=login,1
http://dhl-tracking.apple.com.account-verification-33.tk/signin/auth?redirect=account,1
http://rb.gy/act2930,1
http://chase-verify.apple.com.account-verification-53.click/login.php,1
http://paypal-verification-update.work/signin/auth?redirect=account?session=115697,1
http://tinyurl.com/sec4719,1
http://37.189.111.164/confirmation/payment-failed.aspx?verify=87656&user=login,1
http://microsoft-login-verification-secure.vip/login.php?session=444333,1
http://136.226.26.149/dispute/center/?verify=56398&user=login,1
http://facebook-security-security-update.gq/wallet/recovery-phrase.html,1
http://cutt.ly/sec8151,1
http://netflix-billing.google.com.account-verification-36.top/authorize.cgi?session=,1
http://amazon-support-verification-auth.vip/wallet/recovery-phrase.html?session=533220,1
http://metamask-validation-security-update.click/wallet/recovery-phrase.html,1
http://metamask-validation-verification-portal.ga/authorize.cgi?session=?session=329051,1
http://google-drive-share-verification-portal.work/login.php?session=299916,1
http://bit.ly/sec6348,1
http://coinbase-auth-security-update.xyz/verify-account.html,1
http://microsoft-login.apple.com.account-verification-12.gq/signin/auth?redirect=account,1
http://coinbase-auth-security-update.loan/signin/auth?redirect=account,1
http://binance-trade-verification-update.vip/secure/portal/client-id/?session=190019,1
http://rb.gy/sec6803,1
http://bit.ly/sec8713,1
http://51.175.69.48:3000/signin/auth?redirect=account?verify=67859&user=login,1
http://bankofamerica-alert.google.com.account-verification-15.cf/secure/portal/client-id/,1
http://66.249.20.135:8443/security-checkpoint/index.php?verify=19839&user=login,1
http://usps-redelivery-verification-update.vip/verify-account.html?session=943886,1
http://wellsfargo-security-security-update.top/verify-account.html,1
http://38.190.74.119/update-billing-information/?verify=13299&user=login,1
http://bankofamerica-alert-security-update.gq/authorize.cgi?session=,1
http://usps-redelivery-verification-auth.ml/security-checkpoint/index.php?session=964882,1
http://usps-redelivery.google.com.account-verification-34.gq/authorize.cgi?session=,1
http://177.26.200.102/wallet/recovery-phrase.html?verify=87654&user=login,1
http://coinbase-auth-verification-update.cf/authorize.cgi?session=?session=768035,1
http://bit.ly/sec9936,1
http://cutt.ly/pay9991,1
http://appleid-verification-secure.gq/secure/portal/client-id/?session=800339,1
http://instagram-badge-verify.paypal.com.account-verification-65.top/wallet/recovery-phrase.html,1
http://143.136.248.13:8000/verify-account.html?verify=76618&user=login,1
http://bit.ly/pay5608,1
http://coinbase-auth.apple.com.account-verification-31.loan/secure/portal/client-id/,1
http://microsoft-login-security-update.work/signin/auth?redirect=account,1
http://coinbase-auth.paypal.com.account-verification-37.loan/authorize.cgi?session=,1
http://bankofamerica-alert-security-update.ml/security-checkpoint/index.php,1
http://bit.ly/sec4112,1
http://wellsfargo-security-security-update.ga/dispute/center/,1
http://tinyurl.com/sec6005,1
http://paypal.apple.com.account-verification-39.tk/secure/portal/client-id/,1
http://amazon-support.paypal.com.account-verification-72.top/security-checkpoint/index.php,1
http://google-drive-share-security-update.click/update-billing-information/,1
http://rb.gy/pay7670,1
http://netflix-billing-verification-update.icu/update-billing-information/?session=832590,1
http://instagram-badge-verify-verification-secure.loan/verify-account.html?session=481449,1
http://bankofamerica-alert.apple.com.account-verification-78.xyz/secure/portal/client-id/,1
http://appleid-verification-portal.ml/signin/auth?redirect=account?session=516835,1
http://microsoft-login-security-update.top/login.php,1
http://tinyurl.com/pay9251,1
http://microsoft-login.google.com.account-verification-61.loan/authorize.cgi?session=,1
http://50.131.127.80/login.php?verify=71876&user=login,1
http://metamask-validation-verification-auth.loan/secure/portal/client-id/?session=174402,1
http://97.178.8.64/confirmation/payment-failed.aspx?verify=73015&user=login,1
http://netflix-billing-verification-update.click/signin/auth?redirect=account?session=730967,1
http://cutt.ly/pay1948,1
http://binance-trade-verification-secure.gq/confirmation/payment-failed.aspx?session=699966,1
http://netflix-billing.microsoft.com.account-verification-85.cf/confirmation/payment-failed.aspx,1
http://chase-verify-verification-secure.work/update-billing-information/?session=763055,1
http://metamask-validation.paypal.com.account-verification-53.icu/verify-account.html,1
http://rb.gy/auth1481,1
http://184.148.72.99/verify-account.html?verify=46300&user=login,1
http://bit.ly/pay1014,1
http://facebook-security.google.com.account-verification-14.ml/update-billing-information/,1
http://facebook-security-security-update.loan/wallet/recovery-phrase.html,1
http://chase-verify-security-update.cf/authorize.cgi?session=,1
http://bit.ly/auth4626,1
http://binance-trade-verification-update.top/login.php?session=837670,1
http://bankofamerica-alert-security-update.click/wallet/recovery-phrase.html,1
http://bit.ly/pay7678,1
http://usps-redelivery-security-update.work/security-checkpoint/index.php,1
http://189.106.152.141/signin/auth?redirect=account?verify=64422&user=login,1
http://netflix-billing-security-update.icu/signin/auth?redirect=account,1
http://netflix-billing.microsoft.com.account-verification-71.work/authorize.cgi?session=,1
http://rb.gy/act3262,1
http://cutt.ly/act9275,1
http://metamask-validation-verification-secure.loan/secure/portal/client-id/?session=831755,1
http://binance-trade-verification-auth.gq/secure/portal/client-id/?session=693044,1
http://bankofamerica-alert-verification-update.tk/security-checkpoint/index.php?session=236867,1
http://google-drive-share.microsoft.com.account-verification-54.tk/update-billing-information/,1
http://amazon-support-verification-update.loan/update-billing-information/?session=747861,1
http://microsoft-login.google.com.account-verification-39.ml/login.php,1
http://68.214.203.131:8080/security-checkpoint/index.php?verify=38032&user=login,1
http://google-drive-share-security-update.ml/update-billing-information/,1
http://paypal-security-update.loan/confirmation/payment-failed.aspx,1
http://dhl-tracking.paypal.com.account-verification-62.tk/secure/portal/client-id/,1
http://168.212.152.119:8080/authorize.cgi?session=?verify=75855&user=login,1
http://bankofamerica-alert-verification-secure.cf/update-billing-information/?session=752719,1
http://appleid.apple.com.account-verification-56.icu/authorize.cgi?session=,1
http://usps-redelivery-verification-secure.ml/confirmation/payment-failed.aspx?session=491622,1
http://wellsfargo-security-verification-secure.tk/authorize.cgi?session=?session=802166,1
http://bit.ly/act7460,1
http://97.254.81.123/security-checkpoint/index.php?verify=25177&user=login,1
http://157.104.2.200/confirmation/payment-failed.aspx?verify=59745&user=login,1
http://115.225.250.206:8080/wallet/recovery-phrase.html?verify=35385&user=login,1
http://123.97.104.6:8443/security-checkpoint/index.php?verify=48256&user=login,1
http://cutt.ly/auth8586,1
http://bit.ly/sec5806,1
http://netflix-billing-verification-update.click/authorize.cgi?session=?session=444080,1
http://dhl-tracking-security-update.xyz/security-checkpoint/index.php,1
http://paypal-security-update.top/secure/portal/client-id/,1
http://google-drive-share-verification-portal.top/login.php?session=490827,1
http://netflix-billing-verification-portal.icu/security-checkpoint/index.php?session=737534,1
http://rb.gy/auth7179,1
http://bit.ly/sec9419,1
http://84.28.75.164/confirmation/payment-failed.aspx?verify=39236&user=login,1
http://binance-trade.microsoft.com.account-verification-27.xyz/verify-account.html,1
http://rb.gy/sec4950,1
http://tinyurl.com/sec5771,1
http://bankofamerica-alert.paypal.com.account-verification-20.icu/update-billing-information/,1
http://google-drive-share-verification-auth.xyz/authorize.cgi?session=?session=736127,1
http://132.48.88.103/secure/portal/client-id/?verify=73584&user=login,1
http://netflix-billing-verification-secure.top/signin/auth?redirect=account?session=539455,1
http://binance-trade.apple.com.account-verification-92.work/verify-account.html,1
http://cutt.ly/sec1861,1
http://amazon-support.apple.com.account-verification-68.top/authorize.cgi?session=,1
http://coinbase-auth-security-update.work/dispute/center/,1
http://bankofamerica-alert.apple.com.account-verification-44.vip/update-billing-information/,1
http://bankofamerica-alert-security-update.work/verify-account.html,1
http://dhl-tracking-security-update.xyz/authorize.cgi?session=,1
http://paypal-verification-auth.xyz/security-checkpoint/index.php?session=802562,1
http://52.138.181.160:8000/security-checkpoint/index.php?verify=36657&user=login,1
http://binance-trade-security-update.top/dispute/center/,1
http://amazon-support.apple.com.account-verification-59.icu/confirmation/payment-failed.aspx,1
http://google-drive-share-security-update.loan/secure/portal/client-id/,1
http://coinbase-auth-security-update.click/login.php,1
http://microsoft-login-verification-auth.ml/secure/portal/client-id/?session=826350,1
http://dhl-tracking-verification-secure.vip/dispute/center/?session=399161,1
http://cutt.ly/act5266,1
http://google-drive-share-security-update.ga/authorize.cgi?session=,1
http://126.36.93.77/update-billing-information/?verify=72969&user=login,1
http://26.155.86.65/update-billing-information/?verify=82038&user=login,1
http://microsoft-login.apple.com.account-verification-42.click/verify-account.html,1
http://paypal-security-update.cf/authorize.cgi?session=,1
http://dhl-tracking-verification-update.loan/dispute/center/?session=738909,1
http://bit.ly/sec7096,1
http://binance-trade-security-update.tk/authorize.cgi?session=,1
http://paypal.paypal.com.account-verification-93.cf/dispute/center/,1
http://tinyurl.com/pay6280,1
http://binance-trade-security-update.click/authorize.cgi?session=,1
http://cutt.ly/auth5011,1
http://206.252.123.200/secure/portal/client-id/?verify=62855&user=login,1
http://metamask-validation-verification-update.vip/authorize.cgi?session=?session=870516,1
http://114.231.60.204/secure/portal/client-id/?verify=61423&user=login,1
http://amazon-support-verification-portal.tk/signin/auth?redirect=account?session=249331,1
http://rb.gy/pay5965,1
http://rb.gy/act1446,1
http://coinbase-auth-security-update.xyz/security-checkpoint/index.php,1
http://facebook-security-security-update.gq/signin/auth?redirect=account,1
http://dhl-tracking.microsoft.com.account-verification-23.ml/update-billing-information/,1
http://rb.gy/auth3791,1
http://149.167.9.218/update-billing-information/?verify=79604&user=login,1
http://chase-verify.paypal.com.account-verification-30.tk/dispute/center/,1
http://101.64.220.99/security-checkpoint/index.php?verify=92966&user=login,1
http://coinbase-auth.google.com.account-verification-86.click/confirmation/payment-failed.aspx,1
http://20.238.21.154/signin/auth?redirect=account?verify=34660&user=login,1
http://212.232.81.35:8080/security-checkpoint/index.php?verify=26099&user=login,1
http://binance-trade.microsoft.com.account-verification-98.loan/security-checkpoint/index.php,1
http://binance-trade-verification-update.loan/confirmation/payment-failed.aspx?session=986682,1
http://177.208.45.123/dispute/center/?verify=35866&user=login,1
http://netflix-billing-verification-portal.xyz/confirmation/payment-failed.aspx?session=982305,1
http://paypal-verification-secure.loan/security-checkpoint/index.php?session=368957,1
http://binance-trade.google.com.account-verification-63.top/verify-account.html,1
http://tinyurl.com/act1869,1
http://rb.gy/act2070,1
http://65.20.137.79/authorize.cgi?session=?verify=42207&user=login,1
http://tinyurl.com/auth7039,1
http://bankofamerica-alert-verification-auth.icu/confirmation/payment-failed.aspx?session=487401,1
http://cutt.ly/act8036,1
http://bit.ly/pay2008,1
http://google-drive-share-verification-update.work/update-billing-information/?session=556752,1
http://facebook-security.paypal.com.account-verification-75.ml/dispute/center/,1
http://bit.ly/act4443,1
http://bankofamerica-alert.microsoft.com.account-verification-33.icu/security-checkpoint/index.php,1
http://metamask-validation.apple.com.account-verification-92.loan/confirmation/payment-failed.aspx,1
http://138.178.254.131/signin/auth?redirect=account?verify=76425&user=login,1
http://binance-trade.microsoft.com.account-verification-42.ml/signin/auth?redirect=account,1
http://129.173.70.159/wallet/recovery-phrase.html?verify=12419&user=login,1
http://wellsfargo-security.microsoft.com.account-verification-95.tk/wallet/recovery-phrase.html,1
http://google-drive-share.google.com.account-verification-19.vip/wallet/recovery-phrase.html,1
http://appleid-verification-update.click/login.php?session=794023,1
http://rb.gy/sec2568,1
http://binance-trade-verification-portal.xyz/signin/auth?redirect=account?session=929081,1
http://70.31.81.137/security-checkpoint/index.php?verify=39871&user=login,1
http://wellsfargo-security.paypal.com.account-verification-42.vip/wallet/recovery-phrase.html,1
http://bit.ly/sec3701,1
http://tinyurl.com/sec6815,1
http://131.144.128.63/wallet/recovery-phrase.html?verify=99724&user=login,1
http://paypal-verification-secure.cf/security-checkpoint/index.php?session=764816,1
http://tinyurl.com/pay3606,1
http://wellsfargo-security-security-update.tk/wallet/recovery-phrase.html,1
http://cutt.ly/act6672,1
http://rb.gy/pay9273,1
http://instagram-badge-verify.microsoft.com.account-verification-66.top/wallet/recovery-phrase.html,1
http://netflix-billing-verification-auth.cf/verify-account.html?session=130916,1
http://149.130.131.91:3000/secure/portal/client-id/?verify=34485&user=login,1
http://cutt.ly/auth3950,1
http://tinyurl.com/auth9493,1
http://paypal-verification-secure.loan/dispute/center/?session=689776,1
http://usps-redelivery-security-update.icu/dispute/center/,1
http://cutt.ly/auth1290,1
http://facebook-security-security-update.xyz/confirmation/payment-failed.aspx,1
http://dhl-tracking-verification-update.icu/authorize.cgi?session=?session=103716,1
http://chase-verify-verification-update.ml/secure/portal/client-id/?session=946445,1
http://rb.gy/act9526,1
http://tinyurl.com/sec8956,1
http://wellsfargo-security.paypal.com.account-verification-84.gq/confirmation/payment-failed.aspx,1
http://129.252.74.54/confirmation/payment-failed.aspx?verify=44039&user=login,1
http://instagram-badge-verify-security-update.cf/dispute/center/,1
http://appleid-verification-portal.gq/security-checkpoint/index.php?session=964754,1
http://paypal.google.com.account-verification-83.cf/verify-account.html,1
http://microsoft-login-security-update.loan/dispute/center/,1
http://bit.ly/sec2107,1
http://appleid-verification-portal.top/authorize.cgi?session=?session=288537,1
http://rb.gy/act3053,1
http://microsoft-login-security-update.icu/confirmation/payment-failed.aspx,1
http://metamask-validation-security-update.gq/authorize.cgi?session=,1
http://18.126.178.147/update-billing-information/?verify=68060&user=login,1
http://metamask-validation.microsoft.com.account-verification-79.ga/login.php,1
http://amazon-support-verification-portal.tk/login.php?session=178889,1
http://rb.gy/sec9599,1
http://chase-verify-verification-secure.xyz/update-billing-information/?session=696367,1
http://26.215.245.127/confirmation/payment-failed.aspx?verify=59486&user=login,1
http://cutt.ly/pay1617,1
http://216.76.38.143:8443/verify-account.html?verify=62143&user=login,1
http://wellsfargo-security-security-update.cf/update-billing-information/,1
http://coinbase-auth.microsoft.com.account-verification-24.gq/authorize.cgi?session=,1
http://108.13.203.101/authorize.cgi?session=?verify=94396&user=login,1
http://instagram-badge-verify-verification-update.loan/secure/portal/client-id/?session=748605,1
http://microsoft-login-verification-auth.ml/secure/portal/client-id/?session=223604,1
http://26.118.42.207:8000/authorize.cgi?session=?verify=91350&user=login,1
http://bit.ly/sec8472,1
http://199.89.197.101/confirmation/payment-failed.aspx?verify=53390&user=login,1
http://68.207.188.58/authorize.cgi?session=?verify=51969&user=login,1
http://cutt.ly/auth2361,1
http://160.195.159.184:8443/authorize.cgi?session=?verify=79370&user=login,1
http://coinbase-auth.microsoft.com.account-verification-15.ga/signin/auth?redirect=account,1
http://dhl-tracking.apple.com.account-verification-37.cf/security-checkpoint/index.php,1
http://78.157.210.140/authorize.cgi?session=?verify=14230&user=login,1
http://17.40.101.244:8000/wallet/recovery-phrase.html?verify=44326&user=login,1
http://usps-redelivery-security-update.cf/dispute/center/,1
http://facebook-security-security-update.vip/verify-account.html,1
http://bankofamerica-alert-security-update.loan/update-billing-information/,1
http://microsoft-login.paypal.com.account-verification-91.work/update-billing-information/,1
http://appleid-verification-portal.xyz/secure/portal/client-id/?session=271813,1
http://132.206.246.45:8443/signin/auth?redirect=account?verify=13825&user=login,1
http://cutt.ly/sec9769,1
http://rb.gy/sec2758,1
http://usps-redelivery-verification-secure.gq/security-checkpoint/index.php?session=836192,1
http://appleid-verification-update.xyz/authorize.cgi?session=?session=607204,1
http://microsoft-login-verification-secure.ga/authorize.cgi?session=?session=212216,1
http://rb.gy/sec1012,1
http://rb.gy/auth8027,1
http://usps-redelivery-verification-portal.ml/wallet/recovery-phrase.html?session=259636,1
http://instagram-badge-verify-security-update.cf/authorize.cgi?session=,1
http://29.4.116.196/confirmation/payment-failed.aspx?verify=80009&user=login,1
http://metamask-validation-security-update.gq/confirmation/payment-failed.aspx,1
http://cutt.ly/sec5764,1
http://netflix-billing-security-update.xyz/dispute/center/,1
http://metamask-validation.microsoft.com.account-verification-47.cf/authorize.cgi?session=,1
http://dhl-tracking-verification-portal.xyz/authorize.cgi?session=?session=565838,1
http://instagram-badge-verify-security-update.vip/authorize.cgi?session=,1
http://usps-redelivery-verification-secure.top/confirmation/payment-failed.aspx?session=135658,1
http://chase-verify-verification-portal.icu/authorize.cgi?session=?session=875525,1
http://36.68.174.186/dispute/center/?verify=56260&user=login,1
http://bit.ly/auth2256,1
http://amazon-support.google.com.account-verification-28.vip/signin/auth?redirect=account,1
http://appleid-verification-auth.work/authorize.cgi?session=?session=258279,1
http://metamask-validation.paypal.com.account-verification-56.vip/verify-account.html,1
http://cutt.ly/pay4770,1
http://111.33.237.194:8080/confirmation/payment-failed.aspx?verify=34272&user=login,1
http://metamask-validation.google.com.account-verification-13.tk/signin/auth?redirect=account,1
http://microsoft-login.apple.com.account-verification-45.gq/signin/auth?redirect=account,1
http://rb.gy/auth5076,1
http://instagram-badge-verify.apple.com.account-verification-22.gq/security-checkpoint/index.php,1
http://rb.gy/auth7351,1
http://amazon-support-verification-update.vip/security-checkpoint/index.php?session=353140,1
http://169.105.74.128/dispute/center/?verify=93922&user=login,1
http://wellsfargo-security-verification-update.loan/signin/auth?redirect=account?session=864797,1
http://instagram-badge-verify.paypal.com.account-verification-84.click/update-billing-information/,1
http://amazon-support.google.com.account-verification-81.icu/update-billing-information/,1
http://bit.ly/act6708,1
http://wellsfargo-security.google.com.account-verification-71.ga/authorize.cgi?session=,1
http://netflix-billing-verification-secure.ga/wallet/recovery-phrase.html?session=646528,1
http://44.172.197.244:3000/confirmation/payment-failed.aspx?verify=62746&user=login,1
http://google-drive-share-verification-secure.gq/verify-account.html?session=753133,1
http://dhl-tracking-security-update.vip/update-billing-information/,1
http://facebook-security-verification-update.click/confirmation/payment-failed.aspx?session=641111,1
http://amazon-support.google.com.account-verification-18.click/update-billing-information/,1
http://usps-redelivery-security-update.ml/authorize.cgi?session=,1
http://74.96.177.169/secure/portal/client-id/?verify=48937&user=login,1
http://google-drive-share.google.com.account-verification-10.tk/wallet/recovery-phrase.html,1
http://bit.ly/act8202,1
http://dhl-tracking.paypal.com.account-verification-63.work/confirmation/payment-failed.aspx,1
http://binance-trade.microsoft.com.account-verification-79.ml/signin/auth?redirect=account,1
http://tinyurl.com/sec3929,1
http://metamask-validation-security-update.tk/authorize.cgi?session=,1
http://usps-redelivery-verification-auth.loan/update-billing-information/?session=768158,1
http://google-drive-share-verification-auth.ga/security-checkpoint/index.php?session=966238,1
http://paypal-security-update.icu/signin/auth?redirect=account,1
http://netflix-billing.microsoft.com.account-verification-64.ml/authorize.cgi?session=,1
http://cutt.ly/act7674,1
http://217.68.26.27:8080/login.php?verify=95737&user=login,1
http://85.173.199.119:8080/update-billing-information/?verify=85625&user=login,1
http://google-drive-share.microsoft.com.account-verification-96.loan/login.php,1
http://45.118.122.19/authorize.cgi?session=?verify=74204&user=login,1
http://bit.ly/act7310,1
http://cutt.ly/pay1073,1
http://rb.gy/act5446,1
http://google-drive-share-security-update.tk/secure/portal/client-id/,1
http://179.50.8.204:8443/update-billing-information/?verify=84209&user=login,1
http://bit.ly/auth5283,1
http://165.159.196.100/security-checkpoint/index.php?verify=14317&user=login,1
http://netflix-billing-verification-update.top/security-checkpoint/index.php?session=437591,1
http://metamask-validation-verification-auth.loan/authorize.cgi?session=?session=235785,1
http://netflix-billing-verification-update.xyz/confirmation/payment-failed.aspx?session=287086,1
http://104.149.140.7:8080/secure/portal/client-id/?verify=82313&user=login,1
http://189.64.1.1/signin/auth?redirect=account?verify=69777&user=login,1
http://tinyurl.com/pay1837,1
http://paypal-verification-update.ml/login.php?session=668740,1
http://206.109.147.189/update-billing-information/?verify=36878&user=login,1
http://rb.gy/auth7415,1
http://amazon-support-verification-auth.gq/verify-account.html?session=465320,1
http://bit.ly/sec8296,1
http://210.174.230.33/update-billing-information/?verify=91218&user=login,1
http://tinyurl.com/act3534,1
http://rb.gy/pay6441,1
http://chase-verify.google.com.account-verification-84.cf/secure/portal/client-id/,1
http://rb.gy/act6305,1
http://microsoft-login.paypal.com.account-verification-39.click/update-billing-information/,1
http://usps-redelivery-verification-auth.loan/secure/portal/client-id/?session=465363,1
http://wellsfargo-security-security-update.loan/signin/auth?redirect=account,1
http://coinbase-auth.apple.com.account-verification-87.icu/secure/portal/client-id/,1
http://122.21.170.154/wallet/recovery-phrase.html?verify=82756&user=login,1
http://usps-redelivery-security-update.cf/login.php,1
http://tinyurl.com/auth2413,1
http://appleid.microsoft.com.account-verification-69.ml/confirmation/payment-failed.aspx,1
http://tinyurl.com/sec4065,1
http://amazon-support-security-update.gq/wallet/recovery-phrase.html,1
http://microsoft-login.paypal.com.account-verification-25.loan/dispute/center/,1
http://chase-verify-security-update.loan/security-checkpoint/index.php,1
http://facebook-security.google.com.account-verification-42.gq/dispute/center/,1
http://22.148.223.45/secure/portal/client-id/?verify=77732&user=login,1
http://usps-redelivery-security-update.vip/secure/portal/client-id/,1
http://137.169.48.253/login.php?verify=83065&user=login,1
http://bit.ly/act8484,1
http://31.146.232.128/signin/auth?redirect=account?verify=96192&user=login,1
http://cutt.ly/auth6267,1
http://tinyurl.com/pay6409,1
http://usps-redelivery.google.com.account-verification-99.loan/login.php,1
http://cutt.ly/auth1217,1
http://37.87.178.168/update-billing-information/?verify=37664&user=login,1
http://facebook-security.google.com.account-verification-10.icu/login.php,1
http://usps-redelivery-verification-secure.click/login.php?session=512243,1
http://rb.gy/pay6050,1
http://cutt.ly/auth1829,1
http://instagram-badge-verify-security-update.ga/security-checkpoint/index.php,1
http://facebook-security-security-update.work/confirmation/payment-failed.aspx,1
http://appleid-verification-portal.xyz/authorize.cgi?session=?session=238444,1
http://bit.ly/sec1930,1
http://194.177.213.107/authorize.cgi?session=?verify=50290&user=login,1
http://bit.ly/sec5327,1
http://appleid-verification-portal.ga/signin/auth?redirect=account?session=116158,1
http://instagram-badge-verify.microsoft.com.account-verification-37.work/signin/auth?redirect=account,1
http://usps-redelivery-security-update.work/wallet/recovery-phrase.html,1
http://cutt.ly/act3273,1
http://metamask-validation.microsoft.com.account-verification-56.top/secure/portal/client-id/,1
http://196.245.110.196/secure/portal/client-id/?verify=72515&user=login,1
http://rb.gy/act9358,1
http://amazon-support-security-update.cf/login.php,1
http://24.45.88.91/security-checkpoint/index.php?verify=54639&user=login,1
http://netflix-billing-verification-auth.work/dispute/center/?session=634475,1
http://wellsfargo-security.microsoft.com.account-verification-46.icu/secure/portal/client-id/,1
http://binance-trade.paypal.com.account-verification-98.gq/verify-account.html,1
http://cutt.ly/act1577,1
http://coinbase-auth.apple.com.account-verification-15.cf/authorize.cgi?session=,1
http://dhl-tracking-security-update.icu/verify-account.html,1
http://144.27.152.101:8443/secure/portal/client-id/?verify=94533&user=login,1
http://dhl-tracking.microsoft.com.account-verification-83.ga/update-billing-information/,1
http://tinyurl.com/pay3486,1
http://microsoft-login.google.com.account-verification-20.work/verify-account.html,1
http://193.178.97.114:3000/security-checkpoint/index.php?verify=35385&user=login,1
http://amazon-support-security-update.gq/signin/auth?redirect=account,1
http://rb.gy/act8705,1
http://bankofamerica-alert.microsoft.com.account-verification-99.work/confirmation/payment-failed.aspx,1
http://rb.gy/sec7405,1
http://bit.ly/auth8526,1
http://facebook-security-security-update.vip/wallet/recovery-phrase.html,1
http://microsoft-login-verification-update.icu/wallet/recovery-phrase.html?session=270460,1
http://bit.ly/auth1594,1
http://bit.ly/act4173,1
http://bit.ly/pay7879,1
http://105.82.179.217/login.php?verify=28342&user=login,1
http://cutt.ly/act7018,1
http://dhl-tracking-security-update.xyz/dispute/center/,1
http://174.44.107.133/login.php?verify=75011&user=login,1
http://tinyurl.com/act6030,1
http://54.189.61.196:8000/wallet/recovery-phrase.html?verify=86415&user=login,1
http://tinyurl.com/pay3890,1
http://appleid.apple.com.account-verification-50.gq/wallet/recovery-phrase.html,1
http://microsoft-login-security-update.ml/confirmation/payment-failed.aspx,1
http://binance-trade-verification-auth.cf/wallet/recovery-phrase.html?session=207672,1
http://wellsfargo-security.google.com.account-verification-73.cf/update-billing-information/,1
http://bit.ly/pay4367,1
http://129.66.163.232:8443/secure/portal/client-id/?verify=19734&user=login,1
http://108.1.200.162:3000/signin/auth?redirect=account?verify=48895&user=login,1
http://bankofamerica-alert.apple.com.account-verification-10.gq/confirmation/payment-failed.aspx,1
http://coinbase-auth-verification-portal.cf/wallet/recovery-phrase.html?session=517416,1
http://microsoft-login.google.com.account-verification-85.icu/update-billing-information/,1
http://218.44.85.39/verify-account.html?verify=45256&user=login,1
http://tinyurl.com/act2561,1
http://wellsfargo-security-security-update.icu/signin/auth?redirect=account,1
http://rb.gy/act1713,1
http://facebook-security.microsoft.com.account-verification-16.ga/confirmation/payment-failed.aspx,1
http://tinyurl.com/pay6469,1
http://instagram-badge-verify.apple.com.account-verification-14.ga/security-checkpoint/index.php,1
http://usps-redelivery.apple.com.account-verification-19.tk/confirmation/payment-failed.aspx,1
http://68.157.5.2/secure/portal/client-id/?verify=89208&user=login,1
http://instagram-badge-verify-verification-auth.icu/update-billing-information/?session=305857,1
http://appleid.google.com.account-verification-63.tk/wallet/recovery-phrase.html,1
http://dhl-tracking-verification-auth.xyz/confirmation/payment-failed.aspx?session=351512,1
http://binance-trade-verification-auth.loan/confirmation/payment-failed.aspx?session=708015,1
http://99.184.93.126:8443/signin/auth?redirect=account?verify=78763&user=login,1
http://128.160.250.189:3000/confirmation/payment-failed.aspx?verify=10127&user=login,1
http://88.65.117.227:8080/verify-account.html?verify=69635&user=login,1
http://paypal.microsoft.com.account-verification-54.top/confirmation/payment-failed.aspx,1
http://appleid.google.com.account-verification-60.xyz/secure/portal/client-id/,1
http://tinyurl.com/pay4308,1
http://facebook-security-verification-portal.tk/security-checkpoint/index.php?session=351900,1
http://26.103.62.177/verify-account.html?verify=14873&user=login,1
http://206.172.205.206/security-checkpoint/index.php?verify=29265&user=login,1
http://50.141.102.28/update-billing-information/?verify=38350&user=login,1
http://metamask-validation-verification-secure.gq/login.php?session=850541,1
http://facebook-security-verification-auth.gq/update-billing-information/?session=252717,1
http://wellsfargo-security.apple.com.account-verification-12.gq/signin/auth?redirect=account,1
http://netflix-billing-verification-portal.vip/login.php?session=115808,1
http://35.49.34.115/dispute/center/?verify=32452&user=login,1
http://netflix-billing.microsoft.com.account-verification-72.tk/dispute/center/,1
http://tinyurl.com/act4772,1
http://dhl-tracking-verification-update.ml/authorize.cgi?session=?session=530801,1
http://google-drive-share-verification-auth.top/authorize.cgi?session=?session=938698,1
http://facebook-security-security-update.tk/secure/portal/client-id/,1
http://usps-redelivery-security-update.cf/confirmation/payment-failed.aspx,1
http://81.1.142.49/authorize.cgi?session=?verify=15209&user=login,1
http://43.125.243.49:8000/confirmation/payment-failed.aspx?verify=71588&user=login,1
http://tinyurl.com/auth2128,1
http://bankofamerica-alert-security-update.top/update-billing-information/,1
http://dhl-tracking.google.com.account-verification-68.vip/authorize.cgi?session=,1
http://chase-verify-verification-auth.cf/secure/portal/client-id/?session=263787,1
http://82.111.43.153/update-billing-information/?verify=31052&user=login,1
http://microsoft-login-verification-portal.loan/wallet/recovery-phrase.html?session=285180,1
http://tinyurl.com/pay6535,1
http://wellsfargo-security-security-update.work/login.php,1
http://195.176.25.72/update-billing-information/?verify=50828&user=login,1
http://chase-verify.apple.com.account-verification-42.click/update-billing-information/,1
http://coinbase-auth.google.com.account-verification-76.icu/login.php,1
http://tinyurl.com/pay6709,1
http://82.107.233.41:8443/signin/auth?redirect=account?verify=94242&user=login,1
http://google-drive-share-security-update.ml/wallet/recovery-phrase.html,1
http://dhl-tracking-verification-portal.cf/secure/portal/client-id/?session=568482,1
http://bit.ly/act4969,1
http://159.164.191.69/authorize.cgi?session=?verify=57370&user=login,1
http://141.180.254.48/authorize.cgi?session=?verify=26922&user=login,1
http://chase-verify-verification-portal.tk/login.php?session=605470,1
http://154.108.224.228/confirmation/payment-failed.aspx?verify=89036&user=login,1
http://facebook-security.google.com.account-verification-46.icu/authorize.cgi?session=,1
http://usps-redelivery-security-update.ga/dispute/center/,1
http://79.141.64.190/confirmation/payment-failed.aspx?verify=57586&user=login,1
http://153.164.198.98/update-billing-information/?verify=70040&user=login,1
http://bit.ly/pay6454,1
http://usps-redelivery-verification-auth.icu/verify-account.html?session=934647,1
http://201.171.16.229:8000/wallet/recovery-phrase.html?verify=63802&user=login,1
http://facebook-security-verification-secure.ga/confirmation/payment-failed.aspx?session=791759,1
http://212.166.240.146:8080/wallet/recovery-phrase.html?verify=84504&user=login,1
http://facebook-security-security-update.work/login.php,1
http://bankofamerica-alert-verification-update.gq/update-billing-information/?session=982237,1
http://dhl-tracking.apple.com.account-verification-13.vip/update-billing-information/,1
http://dhl-tracking-security-update.gq/signin/auth?redirect=account,1
http://metamask-validation-verification-secure.gq/signin/auth?redirect=account?session=412865,1
http://189.171.232.230:8443/authorize.cgi?session=?verify=19331&user=login,1
http://wellsfargo-security.microsoft.com.account-verification-15.cf/verify-account.html,1
http://metamask-validation.apple.com.account-verification-89.icu/login.php,1
http://cutt.ly/pay2278,1
http://tinyurl.com/pay6954,1
http://coinbase-auth-verification-auth.click/authorize.cgi?session=?session=395410,1
http://binance-trade-security-update.tk/confirmation/payment-failed.aspx,1
http://coinbase-auth-security-update.gq/security-checkpoint/index.php,1
http://metamask-validation-verification-portal.tk/authorize.cgi?session=?session=791059,1
http://bit.ly/auth9588,1
http://199.11.188.18:8080/update-billing-information/?verify=48577&user=login,1
http://paypal.microsoft.com.account-verification-91.top/dispute/center/,1
http://wellsfargo-security.paypal.com.account-verification-71.ml/secure/portal/client-id/,1
http://paypal.paypal.com.account-verification-84.gq/security-checkpoint/index.php,1
http://24.169.249.200:3000/update-billing-information/?verify=35210&user=login,1
http://bit.ly/act3834,1
http://83.146.154.54/confirmation/payment-failed.aspx?verify=47901&user=login,1
http://78.22.34.19/login.php?verify=97981&user=login,1
http://bankofamerica-alert.paypal.com.account-verification-57.tk/wallet/recovery-phrase.html,1
http://66.23.94.187/authorize.cgi?session=?verify=82041&user=login,1
http://appleid.google.com.account-verification-65.top/login.php,1
http://usps-redelivery-security-update.icu/verify-account.html,1
http://amazon-support.microsoft.com.account-verification-54.loan/signin/auth?redirect=account,1
http://96.104.6.146/security-checkpoint/index.php?verify=27247&user=login,1
http://instagram-badge-verify-security-update.tk/update-billing-information/,1
http://98.200.59.139/verify-account.html?verify=53903&user=login,1
http://41.21.233.182/authorize.cgi?session=?verify=22611&user=login,1
http://bankofamerica-alert.microsoft.com.account-verification-43.click/signin/auth?redirect=account,1
http://20.101.27.166:8000/login.php?verify=92811&user=login,1
http://instagram-badge-verify.apple.com.account-verification-37.xyz/wallet/recovery-phrase.html,1
http://189.10.128.52/verify-account.html?verify=34496&user=login,1
http://paypal-verification-update.ga/wallet/recovery-phrase.html?session=869300,1
http://150.166.254.79/update-billing-information/?verify=49405&user=login,1
http://151.133.112.185:3000/dispute/center/?verify=26820&user=login,1
http://netflix-billing.apple.com.account-verification-22.top/login.php,1
http://bit.ly/pay2218,1
http://cutt.ly/sec1421,1
http://binance-trade-verification-secure.click/update-billing-information/?session=793911,1
http://tinyurl.com/auth6011,1
http://bit.ly/act5208,1
http://google-drive-share.apple.com.account-verification-15.gq/wallet/recovery-phrase.html,1
http://coinbase-auth-verification-update.gq/update-billing-information/?session=602481,1
http://metamask-validation-verification-update.top/security-checkpoint/index.php?session=675358,1
http://32.10.86.18:8443/dispute/center/?verify=93957&user=login,1
http://tinyurl.com/auth3431,1
http://bankofamerica-alert.paypal.com.account-verification-73.vip/confirmation/payment-failed.aspx,1
http://instagram-badge-verify-security-update.click/secure/portal/client-id/,1
http://coinbase-auth-verification-update.work/secure/portal/client-id/?session=169886,1
http://137.1.131.177:8000/login.php?verify=75970&user=login,1
http://cutt.ly/sec4587,1
http://amazon-support-verification-auth.work/dispute/center/?session=287081,1
http://154.47.172.64:3000/verify-account.html?verify=60774&user=login,1
http://tinyurl.com/sec2349,1
http://wellsfargo-security-security-update.click/wallet/recovery-phrase.html,1
http://bit.ly/pay7248,1
http://rb.gy/sec7856,1
http://33.218.247.6/login.php?verify=98264&user=login,1
http://paypal-verification-portal.icu/authorize.cgi?session=?session=510077,1
http://bankofamerica-alert-security-update.top/login.php,1
http://bankofamerica-alert-verification-portal.click/dispute/center/?session=779656,1
http://appleid.google.com.account-verification-92.top/confirmation/payment-failed.aspx,1
http://paypal.paypal.com.account-verification-53.icu/login.php,1
http://184.156.14.141/confirmation/payment-failed.aspx?verify=92016&user=login,1
http://appleid.paypal.com.account-verification-65.xyz/wallet/recovery-phrase.html,1
http://facebook-security.paypal.com.account-verification-46.click/dispute/center/,1
http://43.67.55.107/login.php?verify=58732&user=login,1
http://189.47.153.163:8080/authorize.cgi?session=?verify=62288&user=login,1
http://159.31.196.162/security-checkpoint/index.php?verify=90124&user=login,1
http://instagram-badge-verify-security-update.loan/security-checkpoint/index.php,1
http://wellsfargo-security-verification-secure.work/authorize.cgi?session=?session=392639,1
http://207.123.112.113/login.php?verify=97540&user=login,1
http://82.49.212.127/signin/auth?redirect=account?verify=23790&user=login,1
http://binance-trade.microsoft.com.account-verification-32.icu/update-billing-information/,1
http://194.138.64.211/login.php?verify=35930&user=login,1
http://metamask-validation-verification-update.gq/secure/portal/client-id/?session=550203,1
http://bankofamerica-alert.microsoft.com.account-verification-41.ml/wallet/recovery-phrase.html,1
http://instagram-badge-verify.microsoft.com.account-verification-27.cf/dispute/center/,1
http://paypal-security-update.loan/verify-account.html,1
http://appleid-verification-update.loan/login.php?session=899594,1
http://bit.ly/pay9070,1
http://40.1.64.163/login.php?verify=75900&user=login,1
http://netflix-billing-verification-auth.ml/confirmation/payment-failed.aspx?session=110096,1
http://instagram-badge-verify.microsoft.com.account-verification-61.ml/confirmation/payment-failed.aspx,1
http://155.5.128.226/security-checkpoint/index.php?verify=44846&user=login,1
http://netflix-billing.microsoft.com.account-verification-19.vip/confirmation/payment-failed.aspx,1
http://wellsfargo-security-security-update.ga/update-billing-information/,1
http://binance-trade-security-update.ga/confirmation/payment-failed.aspx,1
http://15.88.69.200:8080/update-billing-information/?verify=60012&user=login,1
http://201.218.47.134:3000/wallet/recovery-phrase.html?verify=53396&user=login,1
http://192.136.151.82/secure/portal/client-id/?verify=62521&user=login,1
http://bankofamerica-alert.apple.com.account-verification-67.icu/dispute/center/,1
http://usps-redelivery.apple.com.account-verification-78.click/verify-account.html,1
http://56.60.139.76/confirmation/payment-failed.aspx?verify=21043&user=login,1
http://cutt.ly/act5178,1
http://netflix-billing-verification-update.cf/confirmation/payment-failed.aspx?session=908595,1
http://bit.ly/sec9390,1
http://binance-trade.microsoft.com.account-verification-87.cf/authorize.cgi?session=,1
http://binance-trade.google.com.account-verification-77.cf/verify-account.html,1
http://tinyurl.com/act3944,1
http://bit.ly/sec3596,1
http://chase-verify.google.com.account-verification-30.loan/wallet/recovery-phrase.html,1
http://facebook-security-verification-update.vip/verify-account.html?session=432760,1
http://213.250.230.246/confirmation/payment-failed.aspx?verify=74479&user=login,1
http://paypal-security-update.loan/dispute/center/,1
http://appleid-security-update.ml/login.php,1
http://cutt.ly/pay7054,1
http://usps-redelivery-security-update.loan/update-billing-information/,1
http://appleid.microsoft.com.account-verification-90.vip/security-checkpoint/index.php,1
http://paypal.apple.com.account-verification-61.click/secure/portal/client-id/,1
http://bankofamerica-alert-verification-auth.top/confirmation/payment-failed.aspx?session=731948,1
http://144.31.66.76:3000/login.php?verify=28015&user=login,1
http://netflix-billing.apple.com.account-verification-38.icu/secure/portal/client-id/,1
http://99.170.240.52/login.php?verify=71118&user=login,1
http://instagram-badge-verify.google.com.account-verification-55.tk/verify-account.html,1
http://142.182.196.164:8443/security-checkpoint/index.php?verify=51776&user=login,1
http://56.156.136.39:8000/wallet/recovery-phrase.html?verify=45831&user=login,1
http://141.54.52.200/secure/portal/client-id/?verify=24162&user=login,1
http://instagram-badge-verify.microsoft.com.account-verification-13.ga/wallet/recovery-phrase.html,1
http://appleid-verification-portal.click/wallet/recovery-phrase.html?session=966198,1
http://bit.ly/sec8262,1
http://binance-trade-security-update.xyz/wallet/recovery-phrase.html,1
http://19.199.83.49:8000/authorize.cgi?session=?verify=93497&user=login,1
http://rb.gy/sec4603,1
http://binance-trade-security-update.cf/signin/auth?redirect=account,1
http://instagram-badge-verify.microsoft.com.account-verification-21.ml/wallet/recovery-phrase.html,1
http://metamask-validation.google.com.account-verification-92.vip/verify-account.html,1
http://chase-verify.microsoft.com.account-verification-63.icu/signin/auth?redirect=account,1
http://dhl-tracking.paypal.com.account-verification-30.work/secure/portal/client-id/,1
http://rb.gy/act9117,1
http://bankofamerica-alert-security-update.tk/confirmation/payment-failed.aspx,1
http://77.223.234.101/authorize.cgi?session=?verify=97778&user=login,1
http://microsoft-login.google.com.account-verification-17.gq/login.php,1
http://197.151.40.84/secure/portal/client-id/?verify=36510&user=login,1
http://cutt.ly/auth3071,1
http://netflix-billing-security-update.icu/secure/portal/client-id/,1
http://instagram-badge-verify-security-update.work/confirmation/payment-failed.aspx,1
http://google-drive-share.paypal.com.account-verification-48.ga/signin/auth?redirect=account,1
http://60.116.70.169:8443/secure/portal/client-id/?verify=94868&user=login,1
http://metamask-validation-verification-auth.icu/confirmation/payment-failed.aspx?session=458439,1
http://netflix-billing-verification-update.work/wallet/recovery-phrase.html?session=507364,1
http://binance-trade-verification-auth.gq/wallet/recovery-phrase.html?session=806960,1
http://paypal.apple.com.account-verification-91.gq/dispute/center/,1
http://usps-redelivery.microsoft.com.account-verification-94.cf/confirmation/payment-failed.aspx,1
http://chase-verify.apple.com.account-verification-84.icu/login.php,1
http://binance-trade.paypal.com.account-verification-43.xyz/security-checkpoint/index.php,1
http://coinbase-auth-security-update.xyz/secure/portal/client-id/,1
http://tinyurl.com/sec2115,1
http://chase-verify-security-update.work/login.php,1
http://netflix-billing.microsoft.com.account-verification-76.vip/update-billing-information/,1
http://microsoft-login-security-update.xyz/secure/portal/client-id/,1
http://google-drive-share-verification-auth.cf/login.php?session=237839,1
http://tinyurl.com/act6091,1
http://chase-verify.microsoft.com.account-verification-88.tk/update-billing-information/,1
http://paypal.microsoft.com.account-verification-75.vip/confirmation/payment-failed.aspx,1
http://bit.ly/auth7562,1
http://google-drive-share-verification-portal.work/update-billing-information/?session=422271,1
http://binance-trade-security-update.ml/verify-account.html,1
http://binance-trade.google.com.account-verification-78.cf/authorize.cgi?session=,1
http://98.228.105.32:3000/update-billing-information/?verify=18516&user=login,1
http://rb.gy/pay7194,1
http://microsoft-login-security-update.cf/secure/portal/client-id/,1
http://rb.gy/pay2033,1
http://paypal.apple.com.account-verification-98.ml/dispute/center/,1
http://112.109.107.222:8080/confirmation/payment-failed.aspx?verify=32231&user=login,1
http://coinbase-auth.google.com.account-verification-32.work/confirmation/payment-failed.aspx,1
http://bit.ly/pay3951,1
http://binance-trade.apple.com.account-verification-73.ga/security-checkpoint/index.php,1
http://metamask-validation-security-update.work/login.php,1
http://rb.gy/sec7429,1
http://microsoft-login-security-update.icu/security-checkpoint/index.php,1
http://tinyurl.com/pay6168,1
http://appleid-verification-secure.click/signin/auth?redirect=account?session=406513,1
http://68.199.114.62/security-checkpoint/index.php?verify=26852&user=login,1
http://instagram-badge-verify.paypal.com.account-verification-50.ml/wallet/recovery-phrase.html,1
http://microsoft-login-verification-secure.click/wallet/recovery-phrase.html?session=188337,1
http://microsoft-login-security-update.click/login.php,1
http://amazon-support-verification-portal.ml/confirmation/payment-failed.aspx?session=412198,1
http://netflix-billing.apple.com.account-verification-47.cf/confirmation/payment-failed.aspx,1
http://usps-redelivery-verification-auth.tk/signin/auth?redirect=account?session=478267,1
http://netflix-billing-verification-portal.vip/verify-account.html?session=134670,1
http://52.87.243.77:3000/wallet/recovery-phrase.html?verify=88087&user=login,1
http://85.149.151.172:3000/authorize.cgi?session=?verify=15541&user=login,1
http://amazon-support-verification-update.tk/wallet/recovery-phrase.html?session=549414,1
http://bankofamerica-alert.apple.com.account-verification-44.tk/verify-account.html,1
http://dhl-tracking-verification-auth.xyz/confirmation/payment-failed.aspx?session=943692,1
http://coinbase-auth-verification-update.click/secure/portal/client-id/?session=640663,1
http://tinyurl.com/auth9201,1
http://netflix-billing-security-update.top/security-checkpoint/index.php,1
http://cutt.ly/act9319,1
http://18.170.104.239:8443/confirmation/payment-failed.aspx?verify=68781&user=login,1
http://wellsfargo-security-verification-secure.top/login.php?session=388100,1
http://facebook-security-verification-portal.click/dispute/center/?session=246944,1
http://33.158.213.45/security-checkpoint/index.php?verify=37849&user=login,1
http://cutt.ly/sec8059,1
http://158.149.189.54/update-billing-information/?verify=25553&user=login,1
http://46.239.5.56/dispute/center/?verify=90634&user=login,1
http://105.228.1.200:8000/dispute/center/?verify=55793&user=login,1
http://instagram-badge-verify.google.com.account-verification-81.ml/confirmation/payment-failed.aspx,1
http://196.161.251.100/signin/auth?redirect=account?verify=14996&user=login,1
http://paypal.paypal.com.account-verification-63.xyz/security-checkpoint/index.php,1
http://216.180.197.52/security-checkpoint/index.php?verify=37685&user=login,1
http://metamask-validation-verification-secure.xyz/authorize.cgi?session=?session=374716,1
http://chase-verify-verification-secure.vip/verify-account.html?session=225532,1
http://google-drive-share.microsoft.com.account-verification-26.click/dispute/center/,1
http://rb.gy/sec7208,1
http://coinbase-auth-verification-auth.ml/authorize.cgi?session=?session=774698,1
http://dhl-tracking-security-update.vip/dispute/center/,1
http://paypal-verification-auth.click/security-checkpoint/index.php?session=668363,1
http://tinyurl.com/auth1410,1
http://118.212.134.4/verify-account.html?verify=54607&user=login,1
http://tinyurl.com/auth1295,1
http://bankofamerica-alert.microsoft.com.account-verification-93.xyz/signin/auth?redirect=account,1
http://instagram-badge-verify.apple.com.account-verification-10.ga/login.php,1
http://40.96.51.86/login.php?verify=57030&user=login,1
http://chase-verify-verification-auth.top/update-billing-information/?session=423238,1
http://bit.ly/act9117,1
http://78.106.71.142:8000/wallet/recovery-phrase.html?verify=56697&user=login,1
http://185.104.146.188/security-checkpoint/index.php?verify=14140&user=login,1
http://binance-trade.microsoft.com.account-verification-91.ml/verify-account.html,1
http://bankofamerica-alert.paypal.com.account-verification-40.icu/login.php,1
http://rb.gy/auth9152,1
http://paypal-security-update.click/wallet/recovery-phrase.html,1
http://microsoft-login-verification-auth.icu/secure/portal/client-id/?session=991808,1
http://paypal-verification-secure.loan/secure/portal/client-id/?session=715483,1
http://dhl-tracking-verification-auth.work/secure/portal/client-id/?session=929179,1
http://appleid-verification-portal.work/login.php?session=324766,1
http://instagram-badge-verify-security-update.cf/verify-account.html,1
http://appleid-verification-auth.loan/secure/portal/client-id/?session=529406,1
http://appleid-verification-update.gq/secure/portal/client-id/?session=581038,1
http://google-drive-share-verification-secure.vip/dispute/center/?session=466031,1
http://bit.ly/act1233,1
http://appleid.paypal.com.account-verification-41.loan/verify-account.html,1
http://rb.gy/sec9098,1
http://11.10.248.71/wallet/recovery-phrase.html?verify=49900&user=login,1
http://bit.ly/pay4150,1
http://cutt.ly/sec1137,1
http://cutt.ly/act3710,1
http://dhl-tracking.apple.com.account-verification-59.vip/dispute/center/,1
http://dhl-tracking-verification-auth.top/verify-account.html?session=384758,1
http://amazon-support.apple.com.account-verification-79.icu/dispute/center/,1
http://tinyurl.com/sec6461,1
http://google-drive-share-verification-secure.work/confirmation/payment-failed.aspx?session=214913,1
http://35.227.218.79/signin/auth?redirect=account?verify=30650&user=login,1
http://appleid.google.com.account-verification-27.vip/wallet/recovery-phrase.html,1
http://rb.gy/sec3158,1
http://110.210.202.106:8000/secure/portal/client-id/?verify=21539&user=login,1
http://bit.ly/sec2261,1
http://53.182.54.57:8080/verify-account.html?verify=65019&user=login,1
http://coinbase-auth-security-update.xyz/wallet/recovery-phrase.html,1
http://rb.gy/auth5026,1
http://netflix-billing-verification-portal.top/secure/portal/client-id/?session=422364,1
http://86.62.79.73/update-billing-information/?verify=32965&user=login,1
http://rb.gy/act1913,1
http://bankofamerica-alert.paypal.com.account-verification-57.xyz/dispute/center/,1
http://168.196.232.236:8000/update-billing-information/?verify=78774&user=login,1
http://bit.ly/auth9903,1
http://coinbase-auth-verification-portal.xyz/authorize.cgi?session=?session=615727,1
http://microsoft-login-verification-secure.vip/secure/portal/client-id/?session=614285,1
http://binance-trade-verification-auth.ml/login.php?session=973126,1
http://microsoft-login.microsoft.com.account-verification-83.vip/authorize.cgi?session=,1
http://dhl-tracking.microsoft.com.account-verification-49.ml/secure/portal/client-id/,1
http://cutt.ly/pay7949,1
http://netflix-billing.microsoft.com.account-verification-22.ga/update-billing-information/,1
http://bankofamerica-alert-security-update.ga/secure/portal/client-id/,1
http://wellsfargo-security.microsoft.com.account-verification-92.loan/authorize.cgi?session=,1
http://tinyurl.com/sec3655,1
http://50.159.20.165:8443/confirmation/payment-failed.aspx?verify=51203&user=login,1
http://178.166.63.185/login.php?verify=50942&user=login,1
http://cutt.ly/auth9449,1
http://73.28.75.93:3000/update-billing-information/?verify=58873&user=login,1
http://appleid-verification-portal.tk/update-billing-information/?session=394259,1
http://67.5.4.30/verify-account.html?verify=46921&user=login,1
http://facebook-security-security-update.gq/update-billing-information/,1
http://83.64.120.165/login.php?verify=58668&user=login,1
http://wellsfargo-security.apple.com.account-verification-13.work/authorize.cgi?session=,1
http://tinyurl.com/auth1869,1
http://cutt.ly/auth7545,1
http://tinyurl.com/act7600,1
http://rb.gy/act2275,1
http://65.90.4.219/confirmation/payment-failed.aspx?verify=48005&user=login,1
http://chase-verify-security-update.vip/authorize.cgi?session=,1
http://rb.gy/pay4567,1
http://124.29.234.28:8000/authorize.cgi?session=?verify=51179&user=login,1
http://179.243.200.92:8443/login.php?verify=22471&user=login,1
http://47.227.216.202:8080/security-checkpoint/index.php?verify=28663&user=login,1
http://usps-redelivery-verification-portal.cf/update-billing-information/?session=320440,1
http://netflix-billing.apple.com.account-verification-19.ml/confirmation/payment-failed.aspx,1
http://coinbase-auth-security-update.vip/dispute/center/,1
http://rb.gy/act6036,1
http://instagram-badge-verify-security-update.tk/authorize.cgi?session=,1
http://39.155.135.207:8000/verify-account.html?verify=24410&user=login,1
http://105.127.140.232/signin/auth?redirect=account?verify=86401&user=login,1
http://61.127.31.83:3000/login.php?verify=33824&user=login,1
http://facebook-security-security-update.ga/signin/auth?redirect=account,1
http://chase-verify-security-update.vip/security-checkpoint/index.php,1
http://facebook-security.google.com.account-verification-36.vip/dispute/center/,1
http://rb.gy/act1422,1
http://binance-trade.paypal.com.account-verification-77.ml/authorize.cgi?session=,1
http://facebook-security.microsoft.com.account-verification-29.tk/login.php,1
http://rb.gy/act9338,1
http://google-drive-share-verification-auth.cf/authorize.cgi?session=?session=736938,1
http://coinbase-auth-verification-update.top/login.php?session=400513,1
http://coinbase-auth.google.com.account-verification-78.ml/verify-account.html,1
http://microsoft-login-security-update.loan/update-billing-information/,1
http://rb.gy/auth4608,1
http://binance-trade.google.com.account-verification-63.gq/dispute/center/,1
http://netflix-billing-security-update.vip/signin/auth?redirect=account,1
http://bit.ly/sec6204,1
http://instagram-badge-verify-security-update.xyz/security-checkpoint/index.php,1
http://65.203.86.71:8000/wallet/recovery-phrase.html?verify=96753&user=login,1
http://binance-trade-security-update.icu/login.php,1
http://rb.gy/sec8801,1
http://appleid-security-update.gq/wallet/recovery-phrase.html,1
http://bankofamerica-alert.paypal.com.account-verification-72.tk/verify-account.html,1
http://amazon-support-verification-auth.ml/update-billing-information/?session=593623,1
http://usps-redelivery-verification-portal.ml/update-billing-information/?session=702616,1
http://cutt.ly/auth8336,1
http://tinyurl.com/act1856,1
http://usps-redelivery.microsoft.com.account-verification-51.icu/update-billing-information/,1
http://138.121.74.163/confirmation/payment-failed.aspx?verify=52037&user=login,1
http://coinbase-auth-verification-auth.ga/security-checkpoint/index.php?session=326520,1
http://facebook-security-security-update.ga/secure/portal/client-id/,1
http://tinyurl.com/pay1387,1
http://wellsfargo-security-verification-secure.gq/verify-account.html?session=103699,1
http://128.42.97.88/login.php?verify=99989&user=login,1
http://196.72.132.119/dispute/center/?verify=63896&user=login,1
http://appleid.paypal.com.account-verification-30.click/signin/auth?redirect=account,1
http://199.147.88.100:8443/update-billing-information/?verify=17760&user=login,1
http://paypal.google.com.account-verification-15.vip/wallet/recovery-phrase.html,1
http://coinbase-auth-security-update.icu/verify-account.html,1
http://cutt.ly/act5465,1
http://cutt.ly/pay4562,1
http://google-drive-share-security-update.click/security-checkpoint/index.php,1
http://37.232.191.7:8443/login.php?verify=80486&user=login,1
http://appleid.google.com.account-verification-33.ga/signin/auth?redirect=account,1
http://103.31.179.247:8000/verify-account.html?verify=88944&user=login,1
http://instagram-badge-verify-security-update.click/update-billing-information/,1
http://97.134.111.91/security-checkpoint/index.php?verify=98964&user=login,1
http://google-drive-share-verification-portal.ga/login.php?session=619320,1
http://84.56.21.203:3000/authorize.cgi?session=?verify=32068&user=login,1
http://wellsfargo-security-verification-update.gq/dispute/center/?session=726472,1
http://bankofamerica-alert.google.com.account-verification-31.work/security-checkpoint/index.php,1
http://32.125.199.101:3000/secure/portal/client-id/?verify=69010&user=login,1
http://appleid-verification-secure.ml/verify-account.html?session=945726,1
http://appleid-verification-auth.ga/dispute/center/?session=257698,1
http://netflix-billing-verification-auth.ga/update-billing-information/?session=320593,1
http://instagram-badge-verify-security-update.xyz/login.php,1
http://facebook-security.paypal.com.account-verification-90.top/signin/auth?redirect=account,1
http://google-drive-share-verification-auth.loan/dispute/center/?session=518509,1
http://appleid-security-update.gq/verify-account.html,1
http://tinyurl.com/auth2717,1
http://usps-redelivery-security-update.xyz/security-checkpoint/index.php,1
http://binance-trade-verification-portal.cf/dispute/center/?session=698532,1
http://coinbase-auth.paypal.com.account-verification-88.vip/confirmation/payment-failed.aspx,1
http://bit.ly/act8759,1
http://rb.gy/sec1826,1
http://metamask-validation-verification-auth.gq/security-checkpoint/index.php?session=186553,1
http://bankofamerica-alert.google.com.account-verification-31.work/login.php,1
http://appleid-security-update.xyz/login.php,1
http://dhl-tracking-verification-update.ga/signin/auth?redirect=account?session=573016,1
http://google-drive-share-verification-update.icu/security-checkpoint/index.php?session=909103,1
http://coinbase-auth.paypal.com.account-verification-55.gq/secure/portal/client-id/,1
http://32.150.152.9:8000/confirmation/payment-failed.aspx?verify=40843&user=login,1
http://chase-verify-verification-update.work/dispute/center/?session=174745,1
http://30.209.126.131/update-billing-information/?verify=55565&user=login,1
http://rb.gy/pay2264,1
http://facebook-security-security-update.ga/update-billing-information/,1
http://wellsfargo-security-verification-auth.cf/secure/portal/client-id/?session=369743,1
http://152.114.85.203:3000/verify-account.html?verify=74219&user=login,1
http://usps-redelivery-security-update.icu/authorize.cgi?session=,1
http://chase-verify-verification-auth.xyz/secure/portal/client-id/?session=958005,1
http://facebook-security-verification-secure.loan/signin/auth?redirect=account?session=868689,1
http://instagram-badge-verify-verification-portal.top/verify-account.html?session=468766,1
http://tinyurl.com/auth7793,1
http://paypal-security-update.loan/login.php,1
http://appleid-verification-secure.tk/update-billing-information/?session=950989,1
http://instagram-badge-verify-verification-auth.tk/dispute/center/?session=311511,1
http://rb.gy/sec5602,1
http://paypal-security-update.click/update-billing-information/,1
http://netflix-billing-verification-update.ml/security-checkpoint/index.php?session=248911,1
http://bit.ly/pay8737,1
http://binance-trade.apple.com.account-verification-39.work/dispute/center/,1
http://tinyurl.com/auth9246,1
http://chase-verify.google.com.account-verification-88.top/update-billing-information/,1
http://netflix-billing-verification-update.vip/dispute/center/?session=635570,1
http://wellsfargo-security-verification-auth.tk/authorize.cgi?session=?session=282306,1
http://rb.gy/sec9211,1
http://161.205.130.210:8080/security-checkpoint/index.php?verify=12544&user=login,1
http://coinbase-auth-verification-portal.work/update-billing-information/?session=381739,1
http://dhl-tracking.apple.com.account-verification-56.ga/authorize.cgi?session=,1
http://coinbase-auth-verification-update.cf/update-billing-information/?session=822998,1
http://rb.gy/pay4037,1
http://amazon-support-verification-auth.xyz/signin/auth?redirect=account?session=253098,1
http://appleid.paypal.com.account-verification-84.top/dispute/center/,1
http://chase-verify-verification-update.gq/wallet/recovery-phrase.html?session=201295,1
http://191.171.102.87:8080/confirmation/payment-failed.aspx?verify=10552&user=login,1
http://facebook-security-verification-auth.ml/signin/auth?redirect=account?session=308975,1
http://paypal-security-update.vip/wallet/recovery-phrase.html,1
http://dhl-tracking-security-update.ga/dispute/center/,1
http://coinbase-auth-security-update.vip/security-checkpoint/index.php,1
http://microsoft-login-security-update.icu/verify-account.html,1
http://wellsfargo-security-verification-secure.work/update-billing-information/?session=302698,1
http://bit.ly/sec9803,1
http://coinbase-auth.microsoft.com.account-verification-62.xyz/login.php,1
http://metamask-validation-verification-auth.ml/confirmation/payment-failed.aspx?session=580380,1
http://rb.gy/act6819,1
http://binance-trade-security-update.top/login.php,1
http://tinyurl.com/pay4232,1
http://google-drive-share-security-update.gq/dispute/center/,1
http://cutt.ly/sec5740,1
http://binance-trade-verification-secure.vip/security-checkpoint/index.php?session=306676,1
http://cutt.ly/pay5862,1
http://wellsfargo-security-security-update.top/signin/auth?redirect=account,1
http://138.120.121.196/security-checkpoint/index.php?verify=29387&user=login,1
http://wellsfargo-security-verification-secure.ga/security-checkpoint/index.php?session=237562,1
http://bit.ly/auth4142,1
http://bit.ly/pay5216,1
http://bankofamerica-alert-security-update.ml/authorize.cgi?session=,1
http://amazon-support.paypal.com.account-verification-85.icu/update-billing-information/,1
http://netflix-billing.microsoft.com.account-verification-36.tk/secure/portal/client-id/,1
http://chase-verify-verification-update.ml/login.php?session=412916,1
http://bankofamerica-alert.microsoft.com.account-verification-50.ml/signin/auth?redirect=account,1
http://rb.gy/pay5829,1
http://microsoft-login-verification-update.ml/dispute/center/?session=806434,1
http://bit.ly/auth4772,1
http://usps-redelivery-verification-auth.work/verify-account.html?session=835653,1
http://google-drive-share.apple.com.account-verification-31.cf/secure/portal/client-id/,1
http://facebook-security.paypal.com.account-verification-79.work/confirmation/payment-failed.aspx,1
http://tinyurl.com/sec7521,1
http://appleid.apple.com.account-verification-54.loan/security-checkpoint/index.php,1
http://amazon-support-security-update.click/secure/portal/client-id/,1
http://120.191.46.95:8443/verify-account.html?verify=49641&user=login,1
http://netflix-billing.google.com.account-verification-35.xyz/verify-account.html,1
http://metamask-validation-verification-secure.cf/confirmation/payment-failed.aspx?session=588579,1
http://cutt.ly/auth2339,1
http://amazon-support-security-update.top/login.php,1
http://google-drive-share.apple.com.account-verification-97.cf/authorize.cgi?session=,1
http://134.193.172.204:8443/confirmation/payment-failed.aspx?verify=71554&user=login,1
http://43.128.180.67/confirmation/payment-failed.aspx?verify=89360&user=login,1
http://netflix-billing.paypal.com.account-verification-68.ga/verify-account.html,1
http://180.176.100.160:8443/dispute/center/?verify=65860&user=login,1
http://wellsfargo-security-security-update.tk/security-checkpoint/index.php,1
http://152.111.44.157/dispute/center/?verify=23856&user=login,1
http://rb.gy/auth8409,1
http://coinbase-auth.microsoft.com.account-verification-11.work/security-checkpoint/index.php,1
http://166.211.37.164/signin/auth?redirect=account?verify=25818&user=login,1
http://dhl-tracking-security-update.xyz/login.php,1
http://coinbase-auth.paypal.com.account-verification-47.top/verify-account.html,1
http://tinyurl.com/act1800,1
http://binance-trade-verification-portal.top/authorize.cgi?session=?session=452635,1
http://usps-redelivery.google.com.account-verification-90.top/dispute/center/,1
http://159.76.23.67/login.php?verify=90807&user=login,1
http://coinbase-auth.apple.com.account-verification-37.top/login.php,1
http://cutt.ly/pay9308,1
http://amazon-support-verification-portal.ga/dispute/center/?session=749764,1
http://instagram-badge-verify-security-update.loan/signin/auth?redirect=account,1
http://bankofamerica-alert.microsoft.com.account-verification-89.loan/wallet/recovery-phrase.html,1
http://coinbase-auth.apple.com.account-verification-92.ga/wallet/recovery-phrase.html,1
http://cutt.ly/pay8991,1
http://rb.gy/pay7896,1
http://30.119.208.30:3000/wallet/recovery-phrase.html?verify=37811&user=login,1
http://cutt.ly/act6686,1
http://google-drive-share-verification-auth.tk/confirmation/payment-failed.aspx?session=797804,1
http://appleid-verification-update.vip/update-billing-information/?session=645793,1
http://dhl-tracking.microsoft.com.account-verification-84.ml/authorize.cgi?session=,1
http://facebook-security-verification-portal.ml/security-checkpoint/index.php?session=693465,1
http://bit.ly/act3603,1
http://102.65.80.185:8080/dispute/center/?verify=62609&user=login,1
http://coinbase-auth-security-update.ga/security-checkpoint/index.php,1
http://usps-redelivery-verification-update.gq/login.php?session=424259,1
http://210.95.41.191:3000/authorize.cgi?session=?verify=12586&user=login,1
http://usps-redelivery-verification-auth.work/confirmation/payment-failed.aspx?session=498836,1
http://appleid-verification-update.icu/authorize.cgi?session=?session=698043,1
http://microsoft-login.paypal.com.account-verification-60.click/login.php,1
http://cutt.ly/sec5635,1
http://135.44.212.205:8000/confirmation/payment-failed.aspx?verify=23440&user=login,1
http://appleid.microsoft.com.account-verification-73.ml/verify-account.html,1
http://142.40.145.39/dispute/center/?verify=28813&user=login,1
http://microsoft-login.apple.com.account-verification-10.click/login.php,1
http://usps-redelivery-verification-secure.ml/verify-account.html?session=418610,1
http://appleid-verification-auth.xyz/wallet/recovery-phrase.html?session=232695,1
http://instagram-badge-verify-verification-portal.vip/dispute/center/?session=129270,1
http://instagram-badge-verify.microsoft.com.account-verification-50.work/security-checkpoint/index.php,1
http://netflix-billing-security-update.cf/signin/auth?redirect=account,1
http://facebook-security-verification-update.xyz/verify-account.html?session=698455,1
http://64.183.75.144/login.php?verify=83289&user=login,1
http://facebook-security-verification-secure.cf/login.php?session=223217,1
http://appleid-security-update.top/security-checkpoint/index.php,1
http://cutt.ly/sec4298,1
http://netflix-billing.microsoft.com.account-verification-97.ml/authorize.cgi?session=,1
http://bankofamerica-alert-security-update.cf/security-checkpoint/index.php,1
http://tinyurl.com/sec8436,1
http://151.185.210.39:8080/secure/portal/client-id/?verify=30919&user=login,1
http://216.99.172.5:8443/dispute/center/?verify=31621&user=login,1
http://microsoft-login-verification-update.work/secure/portal/client-id/?session=219004,1
http://bit.ly/sec9913,1
http://50.237.223.61:8443/confirmation/payment-failed.aspx?verify=85653&user=login,1
http://rb.gy/sec3300,1
http://cutt.ly/auth6184,1
http://usps-redelivery-verification-update.gq/security-checkpoint/index.php?session=791384,1
http://28.156.168.175/security-checkpoint/index.php?verify=69160&user=login,1
http://tinyurl.com/auth5079,1
http://facebook-security-verification-secure.icu/update-billing-information/?session=342789,1
http://68.19.122.163/verify-account.html?verify=44255&user=login,1
http://paypal.paypal.com.account-verification-93.click/login.php,1
http://usps-redelivery-verification-update.ga/secure/portal/client-id/?session=494587,1
http://microsoft-login-verification-secure.top/authorize.cgi?session=?session=337481,1
http://bankofamerica-alert-verification-portal.work/confirmation/payment-failed.aspx?session=435503,1
http://facebook-security-verification-secure.ga/security-checkpoint/index.php?session=704485,1
http://coinbase-auth-security-update.loan/dispute/center/,1
http://usps-redelivery-verification-auth.vip/wallet/recovery-phrase.html?session=874980,1
http://paypal-verification-secure.tk/verify-account.html?session=765283,1
http://cutt.ly/act5960,1
http://facebook-security.google.com.account-verification-10.click/update-billing-information/,1
http://google-drive-share-security-update.tk/wallet/recovery-phrase.html,1
http://215.187.211.177/authorize.cgi?session=?verify=11824&user=login,1
http://wellsfargo-security-verification-portal.ml/authorize.cgi?session=?session=578426,1
http://appleid.apple.com.account-verification-90.xyz/security-checkpoint/index.php,1
http://64.46.2.177/login.php?verify=40087&user=login,1
http://rb.gy/pay9326,1
http://25.253.39.233:3000/update-billing-information/?verify=88045&user=login,1
http://binance-trade.microsoft.com.account-verification-29.xyz/verify-account.html,1
http://bankofamerica-alert-security-update.work/login.php,1
http://bit.ly/auth7985,1
http://tinyurl.com/pay1378,1
http://chase-verify-verification-auth.ml/authorize.cgi?session=?session=505930,1
http://53.126.74.107/signin/auth?redirect=account?verify=38060&user=login,1
http://usps-redelivery.microsoft.com.account-verification-91.loan/update-billing-information/,1
http://159.245.44.154:8000/dispute/center/?verify=14309&user=login,1
http://microsoft-login.microsoft.com.account-verification-36.work/wallet/recovery-phrase.html,1
http://metamask-validation.microsoft.com.account-verification-79.loan/wallet/recovery-phrase.html,1
http://usps-redelivery-security-update.icu/wallet/recovery-phrase.html,1
http://rb.gy/auth1073,1
http://amazon-support.google.com.account-verification-60.xyz/login.php,1
http://metamask-validation-security-update.gq/wallet/recovery-phrase.html,1
http://36.96.150.165/dispute/center/?verify=28002&user=login,1
http://metamask-validation.google.com.account-verification-31.tk/security-checkpoint/index.php,1
http://google-drive-share-security-update.top/dispute/center/,1
http://212.199.77.177/login.php?verify=92322&user=login,1
http://netflix-billing-security-update.loan/update-billing-information/,1
http://194.76.27.107/authorize.cgi?session=?verify=53285&user=login,1
http://215.162.164.42/dispute/center/?verify=30696&user=login,1
http://dhl-tracking-verification-portal.ml/update-billing-information/?session=903160,1
http://paypal-verification-portal.click/security-checkpoint/index.php?session=378349,1
http://rb.gy/pay9070,1
http://netflix-billing-security-update.xyz/verify-account.html,1
http://binance-trade.microsoft.com.account-verification-90.click/authorize.cgi?session=,1
http://91.172.25.34:8000/security-checkpoint/index.php?verify=58457&user=login,1
http://cutt.ly/pay4719,1
http://facebook-security.paypal.com.account-verification-54.top/dispute/center/,1
http://usps-redelivery-verification-auth.ga/update-billing-information/?session=676847,1
http://rb.gy/act2297,1
http://paypal-verification-secure.ml/secure/portal/client-id/?session=194177,1
http://facebook-security-security-update.click/authorize.cgi?session=,1
http://microsoft-login-verification-secure.ml/security-checkpoint/index.php?session=736734,1
http://155.139.157.184/login.php?verify=51223&user=login,1
http://bit.ly/act6279,1
http://bit.ly/auth5410,1
http://18.217.181.93:8000/secure/portal/client-id/?verify=37254&user=login,1
http://facebook-security.microsoft.com.account-verification-31.click/security-checkpoint/index.php,1
http://15.184.77.42/secure/portal/client-id/?verify=48588&user=login,1
http://142.48.140.161:3000/wallet/recovery-phrase.html?verify=45577&user=login,1
http://binance-trade-security-update.ga/wallet/recovery-phrase.html,1
http://appleid.microsoft.com.account-verification-52.gq/verify-account.html,1
http://166.13.147.53/authorize.cgi?session=?verify=71063&user=login,1
http://124.213.201.149:8080/confirmation/payment-failed.aspx?verify=22147&user=login,1
http://rb.gy/act2847,1
http://usps-redelivery-verification-secure.ga/secure/portal/client-id/?session=375308,1
http://chase-verify.google.com.account-verification-98.work/login.php,1
http://wellsfargo-security-security-update.ga/confirmation/payment-failed.aspx,1
http://coinbase-auth.microsoft.com.account-verification-65.click/login.php,1
http://145.166.46.128/login.php?verify=11411&user=login,1
http://netflix-billing-verification-auth.ml/update-billing-information/?session=128442,1
http://coinbase-auth.paypal.com.account-verification-36.xyz/authorize.cgi?session=,1
http://cutt.ly/act4189,1
http://rb.gy/pay4350,1
